id,Authors,Title,Year,Source.title,Volume,Issue,Art..No.,Page.start,Page.end,Page.count,DOI,Abstract,Document.Type,Eligible,Tests_interactions,Uses_non_identity_link_function,Explicit_link_function,Incorrect_identity_link_function,Finds_significant_interaction,Response_variable_types,Notes
DS_0001,Zanto T.P.; Giannakopoulou A.; Gallen C.L.; Ostrand A.E.; Younger J.W.; Anguera-Singla R.; Anguera J.A.; Gazzaley A.,Digital rhythm training improves reading fluency in children,2024,Developmental Science,27,3,e13473,,,,https://doi.org/10.1111/desc.13473,"Musical instrument training has been linked to improved academic and cognitive abilities in children, but it remains unclear why this occurs. Moreover, access to instrument training is not always feasible, thereby leaving less fortunate children without opportunity to benefit from such training. Although music-based video games may be more accessible to a broader population, research is lacking regarding their benefits on academic and cognitive performance. To address this gap, we assessed a custom-designed, digital rhythm training game as a proxy for instrument training to evaluate its ability to engender benefits in math and reading abilities. Furthermore, we tested for changes in core cognitive functions related to math and reading to inform how rhythm training may facilitate improved academic abilities. Classrooms of 8?9ˇyear old children were randomized to receive either 6ˇweeks of rhythm training (Nˇ=ˇ32) or classroom instruction as usual (control; Nˇ=ˇ21). Compared to the control group, results showed that rhythm training improved reading, but not math, fluency. Assessments of cognition showed that rhythm training also led to improved rhythmic timing and language-based executive function (Stroop task), but not sustained attention, inhibitory control, or working memory. Interestingly, only the improvements in rhythmic timing correlated with improvements in reading ability. Together, these results provide novel evidence that a digital platform may serve as a proxy for musical instrument training to facilitate reading fluency in children, and that such reading improvements are related to enhanced rhythmic timing ability and not other cognitive functions associated with reading performance. Research Highlights: Digital rhythm training in the classroom can improve reading fluency in 8?9ˇyear old children Improvements in reading fluency were positively correlated with enhanced rhythmic timing ability Alterations in reading fluency were not predicted by changes in other executive functions that support reading A digital platform may be a convenient and cost-effective means to provide musical rhythm training, which in turn, can facilitate academic skills. ∏ 2024 The Authors. Developmental Science published by John Wiley & Sons Ltd.",Article,1,1,0,0,1,1,proportions; standard deviation; span size,
DS_0002,Tan E.; Zeytinoglu S.; Morales S.; Buzzell G.A.; Almas A.N.; Degnan K.A.; Chronis-Tuscano A.; Henderson H.; Pine D.S.; Fox N.A.,Social versus non-social behavioral inhibition: Differential prediction from early childhood of long-term psychosocial outcomes,2024,Developmental Science,27,1,e13427,,,,https://doi.org/10.1111/desc.13427,"Behavioral inhibition (BI) is a temperamental style characterized by cautious and fearful behaviors in novel situations. The present multi-method, longitudinal study examined whether young children's observed and parent-reported BI in social versus non-social contexts predicts different long-term psychosocial outcomes. Participants (N = 279) were drawn from a longitudinal study of socioemotional development. BI in social contexts (?social BI?) was measured via children's observed wariness toward unfamiliar adults and peers at 24 and 36 months and parents? reports of children's social fear/shyness at 24, 36, and 48 months. BI in non-social contexts (?non-social BI?) was measured via children's observed fearful responses to masks and novel toys, and parents? reports of children's distress to non-social novelty at 9 months and non-social fear at 48 months. At 15 years, anxiety was assessed via adolescent- and parent-reports, and global internalizing and externalizing problems were assessed via parent-reports. Confirmatory factor analysis showed that a two-factor model fit the BI data significantly better than a single-factor model, providing evidence for the dissociation of BI in social versus non-social contexts. Social BI was uniquely associated with adolescent social anxiety, whereas non-social BI was specifically associated with adolescent separation anxiety. Neither social BI nor non-social BI predicted global internalizing and externalizing problems, providing evidence for the specific relations between BI and anxiety problems. Together, these results suggest that young children's inhibited responses in social versus non-social situations predict different subtypes of anxiety problems in adolescence, highlighting the multifaceted nature of BI and the divergent trajectories of different anxiety problems. ∏ 2023 The Authors. Developmental Science published by John Wiley & Sons Ltd.",Article,1,0,,,,,,
DS_0003,Ossmy O.; Han D.; MacAlpine P.; Hoch J.; Stone P.; Adolph K.E.,Walking and falling: Using robot simulations to model the role of errors in infant walking,2024,Developmental Science,27,2,e13449,,,,https://doi.org/10.1111/desc.13449,"What is the optimal penalty for errors in infant skill learning? Behavioral analyses indicate that errors are frequent but trivial as infants acquire foundational skills. In learning to walk, for example, falling is commonplace but appears to incur only a negligible penalty. Behavioral data, however, cannot reveal whether a low penalty for falling is beneficial for learning to walk. Here, we used a simulated bipedal robot as an embodied model to test the optimal penalty for errors in learning to walk. We trained the robot to walk using 12,500 independent simulations on walking paths produced by infants during free play and systematically varied the penalty for falling?a level of precision, control, and magnitude impossible with real infants. When trained with lower penalties for falling, the robot learned to walk farther and better on familiar, trained paths and better generalized its learning to novel, untrained paths. Indeed, zero penalty for errors led to the best performance for both learning and generalization. Moreover, the beneficial effects of a low penalty were stronger for generalization than for learning. Robot simulations corroborate prior behavioral data and suggest that a low penalty for errors helps infants learn foundational skills (e.g., walking, talking, and social interactions) that require immense flexibility, creativity, and adaptability. Research Highlights: During infant skill acquisition, errors are commonplace but appear to incur a low penalty; when learning to walk, for example, falls are frequent but trivial. To test the optimal penalty for errors, we trained a simulated robot to walk using real infant paths and systematically manipulated the penalty for falling. Lower penalties in training led to better performance on familiar, trained paths and on novel untrained paths, and zero penalty was most beneficial. Benefits of a low penalty were stronger for untrained than for trained paths, suggesting that discounting errors facilitates acquiring skills that require immense flexibility and generalization. ∏ 2023 The Authors. Developmental Science published by John Wiley & Sons Ltd.",Article,1,1,0,0,1,0,distance; percentage,
DS_0004,Carozza S.; Holmes J.; Akarca D.; Astle D.E.,Global topology of human connectome is insensitive to early life environments ? A prospective longitudinal study of the general population,2024,Developmental Science,27,4,e13490,,,,https://doi.org/10.1111/desc.13490,"The widely acknowledged detrimental impact of early adversity on child development has driven efforts to understand the underlying mechanisms that may mediate these effects within the developing brain. Recent efforts have begun to move beyond associating adversity with the morphology of individual brain regions towards determining if and how adversity might shape their interconnectivity. However, whether adversity effects a global shift in the organisation of whole-brain networks remains unclear. In this study, we assessed this possibility using parental questionnaire and diffusion imaging data from The Avon Longitudinal Study of Parents and Children (ALSPAC, N = 913), a prospective longitudinal study spanning more than 20 years. We tested whether a wide range of adversities?including experiences of abuse, domestic violence, physical and emotional cruelty, poverty, neglect, and parental separation?measured by questionnaire within the first seven years of life were significantly associated with the tractography-derived connectome in young adulthood. We tested this across multiple measures of organisation and using a computational model that simulated the wiring economy of the brain. We found no significant relationships between early exposure to any form of adversity and the global organisation of the structural connectome in young adulthood. We did detect local differences in the medial prefrontal cortex, as well as an association between weaker brain wiring constraints and greater externalising behaviour in adolescence. Our results indicate that further efforts are necessary to delimit the magnitude and functional implications of adversity-related differences in connectomic organization. Research Highlights: Diverse prospective measures of the early-life environment do not predict the organisation of the DTI tractography-derived connectome in young adulthood Wiring economy of the connectome is weakly associated with externalising in adolescence, but not internalising or cognitive ability Further work is needed to establish the scope and significance of global adversity-related differences in the structural connectome. ∏ 2024 The Authors. Developmental Science published by John Wiley & Sons Ltd.",Article,1,0,,,,,,
DS_0005,ôzkan F.E.; Hartwell K.; Kîymen B.,A cross-linguistic approach to children's reasoning: Turkish- and English-speaking children's use of metatalk,2024,Developmental Science,27,5,e13374,,,,https://doi.org/10.1111/desc.13374,"When collaboratively solving problems, children discuss information reliability, for example, whether claims are based on direct or indirect observation, termed as ?metatalk?. Unlike English in which evidential marking is optional, languages with obligatory evidential markingˇsuchˇas Turkish, might provide children some advantages in communicating the reliability of their claims. The current preregistered online study investigated Turkish- and English-speaking 3- and 5-year-old children's (Nˇ=ˇ144) use of metatalk. The child and the experimenter (E) were asked to decide in which of the two houses a toy was hiding. One house had the toy's footprints. When E left the Zoom meeting, an informant told the child that the toy was in the other house without the footprints in three within-subjects conditions. In the direct-observation condition, the child witnessed the informant move the toy. In the indirect-witness condition, the informant checked both houses and said that the toy was in the other house. In the indirect-hearsay condition, the informant simply said that the toy was in the other house. When E returned, the child had to convince E about how they knew the toy was in the other house using metatalk (e.g., ?I saw it move?). Turkish-speaking children used metatalk more often than did English-speaking children, especially in the direct-observation condition. In the two indirect conditions, both groups of 5-year-olds were similar in their use of metatalk, but Turkish speaking 3-year-olds produced metatalk more often than did English-speaking 3-year-olds. Thus, languages with obligatory evidential marking might facilitate children's collaborative reasoning. Research Highlights: Children as young as 3 years of age can produce metatalk. Turkish-speaking children produce metatalk more often than English-speaking children. The difference between the two linguistic groups is more pronounced at age 3. ∏ 2023 The Authors. Developmental Science published by John Wiley & Sons Ltd.",Article,1,1,1,0,0,,binary,
DS_0006,GînÅl B.; Sahin-Acar B.; Killen M.,Perceived contact with friends from lower socioeconomic status reduces exclusion based on social class,2024,Developmental Science,27,5,e13440,,,,https://doi.org/10.1111/desc.13440,"This study investigated children's and adolescents? reasoning about intergroup exclusion based on social class from educational opportunities in TÅrkiye. The role of children's and adolescents? perceived contact with friends from different socioeconomic backgrounds on their evaluations of exclusion and personal solutions to the exclusion was also examined. Participants (N = 270) included 142 children (8?10 years old, Mage = 9.80; SD = 0.82; 53.5% girls) and 128 adolescents (14?16 years old, Mage = 15.46; SD = 0.91, 61.7% girls) from lower (N = 144) and higher (N = 126) socioeconomic backgrounds. Results showed that while most participants viewed social class-based exclusion as wrong, adolescents were more likely to view it as wrong than were children. Adolescents from lower SES approached social class-based exclusion as less acceptable than did adolescents from higher SES who referred to expectations about conformity to authority and the status quo. Moderation analyses showed that for adolescents from higher SES, higher perceived contact with friends from lower SES was associated with decreased acceptability of exclusion and increased motivation to provide equity. Research Highlights: Overall, adolescents living in a country with economic instability evaluated social class-based exclusion from educational opportunities among peers as unfair and wrong. Adolescents from lower SES viewed social class-based exclusion as less acceptable than did adolescents from higher SES. Adolescents from higher SES expected that excluders? intentions were motivated by conforming to authority and supporting the status quo more frequently than did children. For adolescents from higher SES, perceived contact with friends from lower SES was associated with decreased acceptability of exclusion and increased motivation to provide equity. ∏ 2023 The Authors. Developmental Science published by John Wiley & Sons Ltd.",Article,1,1,0,0,1,1,sum scores,
DS_0007,Wang F.H.; Luo M.; Li N.,Four- and six-year-old children track a single meaning with both familiar and unfamiliar referents when the referent is clear: More evidence for propose-but-verify,2024,Developmental Science,27,2,e13441,,,,https://doi.org/10.1111/desc.13441,"In word learning, learners need to identify the referent of words by leveraging the fact that the same word may co-occur with different sets of objects. This raises the question, what do children remember from ?in the moment? that they can use for cross-situational learning? Furthermore, do children represent pictures of familiar animals versus drawings of non-existent novel objects as potential referents differently? This study examined these questions by creating learning scenarios with only two potential referents, requiring the least amount of memory to represent all co-present objects. Across three experiments (nˇ>ˇ250) with 4- and 6-year-old children, children reliably selected the intended referent from learning at test, though the learning of novel objects was better than familiar objects. When asked for a co-present object, children of all ages in the study performed at chance in all of the conditions. We discuss the developmental differences in cross-situational word learning capabilities with regard to representing different stimuli as potential referents. Importantly, all children used a propose-but-verify procedure for learning novel words even in the simplest of the learning scenarios given repeated exposure. ∏ 2023 John Wiley & Sons Ltd.",Article,1,0,,,,,,
DS_0008,Delcenserie A.; Genesee F.; Champoux F.,Exposure to sign language prior and after cochlear implantation increases language and cognitive skills in deaf children,2024,Developmental Science,27,4,e13481,,,,https://doi.org/10.1111/desc.13481,"Recent evidence suggests that deaf children with CIs exposed to nonnative sign language from hearing parents can attain age-appropriate vocabularies in both sign and spoken language. It remains to be explored whether deaf children with CIs who are exposed to early nonnative sign language, but only up to implantation, also benefit from this input and whether these benefits also extend to memory abilities, which are strongly linked to language development. The present study examined the impact of deaf children's early short-term exposure to nonnative sign input on their spoken language and their phonological memory abilities. Deaf children who had been exposed to nonnative sign input before and after cochlear implantation were compared to deaf children who never had any exposure to sign input as well as to children with typical hearing. The children were between 5;1 and 7;1 years of age at the time of testing and were matched on age, sex, and socioeconomic status. The results suggest that even short-term exposure to nonnative sign input has positive effects on general language and phonological memory abilities as well as on nonverbal working memory?with total length of exposure to sign input being the best predictor of deaf children's performance on these measures. The present data suggest that even access to early short-term nonnative visual language input is beneficial for the language and phonological memory abilities of deaf children with cochlear implants, suggesting also that parents should not be discouraged from learning and exposing their child to sign language. Research Highlights: This is the first study to examine the effects of early short-term exposure to nonnative sign input on French-speaking children with cochlear implants? spoken language and memory abilities. Early short-term nonnative exposure to sign input can have positive consequences for the language and phonological memory abilities of deaf children with CIs. Extended exposure to sign input has some additional and important benefits, allowing children to perform on par with children with typical hearing. ∏ 2024 John Wiley & Sons Ltd.",Article,1,0,,,,,,
DS_0009,Mu§oz L.E.; Kartushina N.; Mayor J.,Sustained pacifier use is associated with smaller vocabulary sizes at 1 and 2 years of age: A cross-sectional study,2024,Developmental Science,27,4,e13477,,,,https://doi.org/10.1111/desc.13477,"Pacifier use during childhood has been hypothesized to interfere with language processing, but, to date, there is limited evidence revealing detrimental effects of prolonged pacifier use on infant vocabulary learning. In the present study, parents of 12- and 24-month-old infants were recruited in Oslo (Norway). The sample included 1187 monolingual full-term born (without visual, auditory, or cognitive impairments) infants: 452 (230 girls; 222 boys) 12-month-olds and 735 (345 girls; 390 boys) 24-month-olds. Parents filled out an online Norwegian Communicative Development Inventory (CDI), which assesses the vocabulary in comprehension and production for 12-month-old infants and in production only for 24-month-old infants. CDI scores were transformed into age- and sex-adjusted percentiles using Norwegian norms. Additionally, parents retrospectively reported their child's daytime pacifier use, in hours, at 2-month intervals, from birth to the assessment date. Maternal education was used to control, in the analyses, for the socio-economic status. We found that greater pacifier use in an infant's lifespan was associated with lower vocabulary size. Pacifier use later in life was more negatively associated with vocabulary size than precocious use, and increased the odds of being a low language scorer. In sum, our study moves beyond the findings of momentary effects of experimentally induced ?impairment? in articulators? movement on speech perception and suggests that, from 12 months of age, constraints on the infant's speech articulators (pacifier use) may be negatively associated with word comprehension and production. Research Highlight: We examined the relationship between pacifier use and vocabulary sizes in production at 24 months of age and comprehension and production at 12 months of age. Lifespan Pacifier Use (LPU) was negatively correlated with vocabulary sizes in comprehension and production among 12-month-old infants and negatively correlated with production for 24-month-olds. Later pacifier use was found to be more negatively correlated with vocabulary size in infants, as compared to more precocious use. The amount of pacifier use in the 2 months prior to a child's second birthday was predictive of a higher prevalence of low vocabulary scores in 24-month-olds. ∏ 2024 The Authors. Developmental Science published by John Wiley & Sons Ltd.",Article,1,0,,,,,,
DS_0010,Hu Y.; Chen H.; Li X.; Larsen R.J.; Sutton B.P.; Gao W.; McElwain N.L.,Associations between infant amygdala functional connectivity and social engagement following a stressor: A preliminary investigation,2024,Developmental Science,27,1,e13418,,,,https://doi.org/10.1111/desc.13418,"Functional architecture of the infant brain, especially functional connectivity (FC) within the amygdala network and between the amygdala and other networks (i.e., default-mode [DMN] and salience [SAL] networks), provides a neural basis for infant socioemotional functioning. Yet, little is known about the extent to which early within- and between-network amygdala FC are related to infant stress recovery across the first year of life. In this study, we examined associations between amygdala FC (i.e., within-network amygdala connectivity, and between-network amygdala connectivity with the DMN and SAL) at 3 months and infant recovery from a mild social stressor at 3, 6 and 9 months. At 3 months, thirty-five infants (13 girls) underwent resting-state functional magnetic resonance imaging during natural sleep. Infants and their mothers completed the still-face paradigm at 3, 6, and 9 months, and infant stress recovery was assessed at each time point as the proportion of infant social engagement during the reunion episode. Bivariate correlations indicated that greater positive within-network amygdala FC and greater positive amygdala-SAL FC, but not amygdala-DMN FC, at 3 months predicted lower levels of stress recovery at 3 and 6 months, but were nonsignificant at 9 months. These findings provide preliminary evidence that early functional synchronization within the amygdala network, as well as segregation between the amygdala and the SAL, may contribute to infant stress recovery in the context of infant?mother interaction. ∏ 2023 The Authors. Developmental Science published by John Wiley & Sons Ltd.",Article,1,0,,,,,,
DS_0011,Kong X.; Brook C.A.; Li J.; Li Y.; Schmidt L.A.,Shyness subtypes and associations with social anxiety: A comparison study of Canadian and Chinese children,2024,Developmental Science,27,5,e13369,,,,https://doi.org/10.1111/desc.13369,"Previous research has shown that there are distinct types of children's shyness within eastern and western cultures, with different origins, developmental courses, and outcomes. However, the measures used to examine children's shyness in eastern contexts have been developed almost exclusively in the North American context. Whether shyness subtypes and their predictive associations are conserved between western and eastern cultures on a children's shyness measure developed in an eastern context is an empirical question. Here we examined (a) whether two subtypes from the Chinese Shyness Scale (i.e., anxious and regulated) were identified in a western context, and (b) whether cultural context moderated the relation between the two subtypes of shy behavior and a widely used western characterized social anxiety measure. The participants were children aged 3?5 years from China (Mageˇ=ˇ4.46 years, SDˇ=ˇ0.64, nˇ=ˇ182, 53.8% boys) and Canada (Mageˇ=ˇ3.99 years, SDˇ=ˇ0.82, nˇ=ˇ201, 42.3% boys). The results indicated that the two shyness subtypes and the one-factor social anxiety construct were identified in both cultures. Subsequently, latent moderation structural equation modelling revealed that anxious shyness was significantly and positively related to social anxiety in children from both countries, but more strongly in Canada. Conversely, regulated shyness was significantly and positively related to social anxiety in Canadian children, but not in Chinese children. Findings are discussed regarding possible cultural explanations for why the relations between two Chinese shyness subtypes and social anxiety are different in Chinese and Canadian contexts and their implications to understanding cross-cultural differences in developmental shyness. Research Highlights: Two subtypes of shyness (anxious and regulated shyness) reported in China were identified in both China and Canada Country/culture moderated the relation between shyness subtypes and social anxiety Anxious shyness was positively related to social anxiety in both countries Regulated shyness was positively related to social anxiety in Canadian children, but not in Chinese children. ∏ 2023 John Wiley & Sons Ltd.",Article,0,,,,,,,
DS_0012,Bowman L.C.; Brandone A.C.,Neural correlates of preschoolers? passive-viewing false belief: Insights into continuity and change and the function of right temporoparietal activity in theory of mind development,2024,Developmental Science,27,6,e13530,,,,https://doi.org/10.1111/desc.13530,"Behavioral research demonstrates a critical transition in preschooler's mental-state understanding (i.e., theory of mind; ToM), revealed most starkly in performance on tasks about a character's false belief (e.g., about an object's location). Questions remain regarding the neural and cognitive processes differentiating children who pass versus fail behavioral false-belief tasks and the extent to which there is continuity versus change in the ToM neural network. To address these questions, we analyzed event-related spectral power in the electroencephalogram (EEG) to investigate how preschoolers? neural activity during passive viewing of false-belief scenarios related to their explicit behavioral ToM performance. We found that neural activity during passive viewing of false-belief events (6?9ˇHz EEG ?alpha? suppression in right temporoparietal [RTP] electrodes) strongly related to children's explicit ToM. However, children's RTP alpha suppression differed depending on their explicit behavioral ToM performance: Children who did better on a broad battery of standard ToM tasks and who passed explicit behavioral false-belief tasks showed greater RTP alpha suppression when the character's belief first became false (during the ?location-change? event); whereas children who did worse on the ToM battery and who failed explicit behavioral false-belief tasks showed greater RTP alpha suppression only later when they could evaluate the character's behavior in the context of prior events (during the ?active-search? event). Findings shed light on what differentiates preschoolers who pass versus fail explicit false-belief tasks and raise questions about how to interpret existing neuroscience data from ToM tasks across infancy to adulthood. Research Highlights: Preschool children's neural activity (EEG 6?9ˇHz suppression in right temporoparietal [RTP] electrodes) during passive-viewing of false-belief events was related to their explicit behavioral theory-of-mind performance. Children who did better on a theory-of-mind (ToM) battery and passed explicit false-belief tasks showed greater RTP alpha suppression when the character's belief first became false. Children who performed worse on the ToM battery and failed explicit false-belief tasks showed greater RTP alpha suppression later when observing the character's search behavior. Findings reveal change in preschoolers? ToM neural correlates and suggest that the presence of RTP activity does not necessarily indicate ?mature? theory of mind. ∏ 2024 The Author(s). Developmental Science published by John Wiley & Sons Ltd.",Article,1,1,0,0,0,,amplitude,
DS_0013,Hassan R.; Schmidt L.A.,A dyadic investigation of shy children's behavioral and affective responses to delivering a speech,2024,Developmental Science,27,6,e13558,,,,https://doi.org/10.1111/desc.13558,"Shyness is typically associated with avoidant social behavior and restricted affect in new social situations. However, we know considerably less about how one child's shyness influences another child's behavior and affect in new social situations. Children's shyness was parent-reported when children were age 3 (Nˇ=ˇ105, 52 girls, Mage=ˇ3.50 years), and children were tested approximately 1 year later (Mage=ˇ4.76 years) in same-gender dyads where they were asked to give an impromptu speech about their most recent birthday in front of an experimenter and the other member of the dyad. We examined whether children's shyness and speech order influenced their own and their social partner's observed behavior and affect during the speech. Regardless of speech order, children's own shyness was positively associated with their own avoidant social behavior and gaze aversion. Regardless of shyness, children who gave their speech second averted their gaze more than children who gave their speech first. We also found that children who gave their speech second displayed less positive affect if their social partner who they watched give the speech first was shyer. We speculate that some 4-year-old children may be sensitive to the avoidant behaviors of their shy peers and, in turn, respond with less animation when it is their turn to participate in the same activity. Research Highlights: We examined whether preschool children's shyness and speech order influenced their own and their social partner's observed behavior and affect during a dyadic speech task Children's own shyness was positively associated with their own avoidant social behavior and gaze aversion Children who gave their speech second averted their gaze more than children who gave their speech first. Children who gave their speech second displayed less positive affect if their social partner who they watched give a speech first was shyer These findings suggest that preschool-aged children are sensitive to learning about their environment indirectly through social observation. ∏ 2024 John Wiley & Sons Ltd.",Article,1,1,0,0,1,1,times; count,
DS_0014,Keshavarzi M.; Di Liberto G.M.; Gabrielczyk F.; Wilson A.; Macfarlane A.; Goswami U.,Atypical speech production of multisyllabic words and phrases by children with developmental dyslexia,2024,Developmental Science,27,1,e13428,,,,https://doi.org/10.1111/desc.13428,"The prevalent ""core phonological deficit"" model of dyslexia proposes that the reading and spelling difficulties characterizing affected children stem from prior developmental difficulties in processing speech sound structure, for example, perceiving and identifying syllable stress patterns, syllables, rhymes and phonemes. Yet spoken word production appears normal. This suggests an unexpected disconnect between speech input and speech output processes. Here we investigated the output side of this disconnect from a speech rhythm perspective by measuring the speech amplitude envelope (AE) of multisyllabic spoken phrases. The speech AE contains crucial information regarding stress patterns, speech rate, tonal contrasts and intonational information. We created a novel computerized speech copying task in which participants copied aloud familiar spoken targets like ?Aladdin.? Seventy-five children with and without dyslexia were tested, some of whom were also receiving an oral intervention designed to enhance multi-syllabic processing. Similarity of the child's productions to the target AE was computed using correlation and mutual information metrics. Similarity of pitch contour, another acoustic cue to speech rhythm, was used for control analyses. Children with dyslexia were significantly worse at producing the multi-syllabic targets as indexed by both similarity metrics for computing the AE. However, children with dyslexia were not different from control children in producing pitch contours. Accordingly, the spoken production of multisyllabic phrases by children with dyslexia is atypical regarding the AE. Children with dyslexia may not appear to listeners to exhibit speech production difficulties because their pitch contours are intact. Research Highlights: Speech production of syllable stress patterns is atypical in children with dyslexia. Children with dyslexia are significantly worse at producing the amplitude envelope of multi-syllabic targets compared to both age-matched and reading-level-matched control children. No group differences were found for pitch contour production between children with dyslexia and age-matched control children. It may be difficult to detect speech output problems in dyslexia as pitch contours are relatively accurate. ∏ 2023 The Authors. Developmental Science published by John Wiley & Sons Ltd.",Article,1,1,0,0,1,0,cor,
DS_0015,Milosavljevic B.; Cook C.J.; Fadera T.; Ghillia G.; Howard S.J.; Makaula H.; Mbye E.; McCann S.; Merkley R.; Mshudulu M.; Saidykhan M.; Touray E.; Tshetu N.; Elwell C.; Moore S.E.; Scerif G.; Draper C.E.; Lloyd-Fox S.,Executive functioning skills and their environmental predictors among pre-school aged children in South Africa and The Gambia,2024,Developmental Science,27,5,e13407,,,,https://doi.org/10.1111/desc.13407,"Executive functions (EFs) in early childhood are predictors of later developmental outcomes and school readiness. Much of the research on EFs and their psychosocial correlates has been conducted in high-income, minority world countries, which represent a small and biased portion of children globally. The aim of this study is to examine EFs among children aged 3?5 years in two African countries, South Africa (SA) and The Gambia (GM), and to explore shared and distinct predictors of EFs in these settings. The SA sample (N = 243, 51.9% female) was recruited from low-income communities within the Cape Town Metropolitan area. In GM, participants (N = 171, 49.7% female) were recruited from the rural West Kiang region. EFs, working memory (WM), inhibitory control (IC) and cognitive flexibility (CF), were measured using tablet-based tasks. Associations between EF task performance and indicators of socioeconomic status (household assets, caregiver education) and family enrichment factors (enrichment activities, diversity of caregivers) were assessed. Participants in SA scored higher on all EF tasks, but children in both sites predominantly scored within the expected range for their age. There were no associations between EFs and household or familial variables in SA, except for a trend-level association between caregiver education and CF. Patterns were similar in GM, where there was a trend-level association between WM and enrichment activities but no other relationships. We challenge the postulation that children in low-income settings have poorer EFs, simply due to lower socioeconomic status, but highlight the need to identify predictors of EFs in diverse, global settings. Research Highlights: Assessed Executive Functioning (EF) skills and their psychosocial predictors among pre-school aged children (aged 3?5 years) in two African settings (The Gambia and South Africa). On average, children within each setting performed within the expected range for their age, although children in South Africa had higher scores across tasks. There was little evidence of any association between socioeconomic variables and EFs in either site. Enrichment activities were marginally associated with better working memory in The Gambia, and caregiver education with cognitive flexibility in South Africa, both associations were trend-level significance. ∏ 2023 The Authors. Developmental Science published by John Wiley & Sons Ltd.",Article,1,0,,,,,,
DS_0016,Murray-Perdue S.A.; Nowak A.L.; O'Neill M.J.; Wang L.; Cummings E.M.; Braungart-Rieker J.M.,Postpartum romantic attachment and constructiveness: The protective effects of a conflict communication intervention for parents? relationship functioning over one year,2024,Developmental Science,27,3,e13470,,,,https://doi.org/10.1111/desc.13470,"Parent relationship functioning has a well-documented influence on children's early socioemotional development as early as infancy. Postpartum parenting is also a critically vulnerable period for relationships and often results in relationship decline. We investigated the effects of a rigorous, psycho-educational conflict communication intervention for supporting parents? relationship functioning in terms of self-reported romantic attachment and observed conflict constructiveness. Using latent growth curve models, we evaluated the change in romantic attachment and constructiveness among 202 mother-father couples from 6 to 18 months postpartum. We further tested a comparison of the effects of the Conflict Intervention (CI) versus the control group and the Conflict Intervention paired with an additional parent sensitivity intervention (anyCI) versus the control group. Results indicated romantic attachment and observed constructiveness decreased over the 1-year period; this decline was partially mitigated for fathers participating in the intervention(s), wherein fathers who received the Conflict Intervention showed less decline in observed conflict constructiveness over time. Moreover, compared with those in the control condition, mothers who received the Conflict Intervention reported lower attachment security at 18 months postpartum. These results underscore the importance of including perspectives from both mothers and fathers when investigating intervention effects and considering the impact of combining interventions for parents. Research Highlights: A randomized control trial of a conflict intervention including mothers and fathers demonstrates protective effects for fathers? constructiveness between 6 and 18 months postpartum but was not protective for mothers. Parenting experience, whether parents were transitioning to parenthood or had older children, did not significantly predict romantic attachment or behavioral constructiveness trajectories. Interparental romantic attachment and constructiveness declined only slightly postpartum. Effects of the intervention were reduced when the intervention was combined with a second intervention. ∏ 2023 The Authors. Developmental Science published by John Wiley & Sons Ltd.",Article,1,0,,,,,,
DS_0017,Symeonidou M.; Mizokawa A.; Kabaya S.; Doherty M.J.; Ross J.,Contrasting one's share of the shared life space: Comparing the roles of metacognition and inhibitory control in the development of theory of mind among Scottish and Japanese children,2024,Developmental Science,27,5,e13417,,,,https://doi.org/10.1111/desc.13417,"Cultural comparisons suggest that an understanding of other minds may develop sooner in independent versus interdependent settings, and vice versa for inhibitory control. From a western lens, this pattern might be considered paradoxical, since there is a robust positive relationship between theory of mind (ToM) and inhibitory control in western samples. In independent cultures, an emphasis on one's own mind offers a clear route to ?simulate? other minds, and inhibitory control may be required to set aside one's own perspective to represent the perspective of others. However, in interdependent cultures, social norms are considered the key catalyst for behaviour, and metacognitive reflection and/or suppression of one's own perspective may not be necessary. The cross-cultural generalizability of the western developmental route to ToM is therefore questionable. The current study used an age-matched cross-sectional sample to contrast 56 Japanese and 56 Scottish 3?6-year-old's metacognition, ToM and inhibitory control skills. We replicated the expected cultural patterns for ToM (Scotlandˇ>ˇJapan) and inhibitory control (Japanˇ>ˇScotland). Supporting western developmental enrichment theories, we find that inhibitory control and metacognition predict theory of mind competence in Scotland. However, these variables cannot be used to predict Japanese ToM. This confirms that individualistic mechanisms do not capture the developmental mechanism underlying ToM in Japan, highlighting a bias in our understanding of ToM development. Research Highlights: We replicate an independent cultural advantage for theory of mind (Scotlandˇ>ˇJapan) and interdependent advantage for inhibitory control (Japanˇ>ˇScotland). From a western lens, this pattern might be considered paradoxical, since there is a robust positive relationship between theory of mind and inhibitory control. Supporting western developmental enrichment theories, we find that the development of inhibitory control mediates the link between metacognition and theory of mind in Scotland. However, this model does not predict Japanese theory of mind, highlighting an individualistic bias in our mechanistic understanding of theory of mind development. ∏ 2023 The Authors. Developmental Science published by John Wiley & Sons Ltd.",Article,1,1,0,0,1,1,binary,
DS_0018,Tang Y.; Gonzalez M.R.; De†k G.O.,The slow emergence of gaze- and point-following: A longitudinal study of infants from 4 to 12 months,2024,Developmental Science,27,3,e13457,,,,https://doi.org/10.1111/desc.13457,"Acquisition of visual attention-following skills, notably gaze- and point-following, contributes to infants' ability to share attention with caregivers, which in turn contributes to social learning and communication. However, the development of gaze- and point-following in the first 18 months remains controversial, in part because of different testing protocols and standards. To address this, we longitudinally tested Nˇ=ˇ43 low-risk, North American middle-class infants' tendency to follow gaze direction, pointing gestures, and gaze-and-point combinations. Infants were tested monthly from 4 to 12 months of age. To control motivational differences, infants were taught to expect contingent reward videos in the target locations. No-cue trials were included to estimate spontaneous target fixation rates. A comparison sample (Nˇ=ˇ23) was tested at 9 and 12 months to estimate practice effects. Results showed gradual increases in both gaze- and point-following starting around 7 months, and modest month-to-month individual stability from 8 to 12 months. However, attention-following did not exceed chance levels until after 6 months. Infants rarely followed cues to locations behind them, even at 12 months. Infants followed combined gaze-and-point cues more than gaze alone, and followed points at intermediate levels (not reliably different from the other cues). The comparison group's results showed that practice effects did not explain the age-related increase in attention-following. The results corroborate and extend previous findings that North American middle-class infants' attention-following in controlled laboratory settings increases slowly and incrementally between 6 and 12 months of age. Research Highlights: A longitudinal experimental study documented the emergence and developmental trajectories of North American middle-class infants' visual attention-following skills, including gaze-following, point-following, and gaze-and-point-following. A new paradigm controlled for factors including motivation, attentiveness, and visual-search baserates. Motor development was ruled out as a predictor or limiter of the emergence of attention-following. Infants did not follow attention reliably until after 6 months, and following increased slowly from 7 to 12 months. Infants' individual trajectories showed modest month-to-month stability from 8 to 12 months of age. ∏ 2023 The Authors. Developmental Science published by John Wiley & Sons Ltd.",Article,1,1,0,0,1,1,binary,
DS_0019,Alonso K.W.; Dahhan N.Z.A.; Riggs L.; Tseng J.; de Medeiros C.; Scott M.; Laughlin S.; Bouffet E.; Mabbott D.J.,Network connectivity underlying episodic memory in children: Application of a pediatric brain tumor survivor injury model,2024,Developmental Science,27,1,e13413,,,,https://doi.org/10.1111/desc.13413,"Episodic memory involves personal experiences paired with their context. The Medial Temporal, Posterior Medial, Anterior Temporal, and Medial Prefrontal networks have been found to support the hippocampus in episodic memory in adults. However, there lacks a model that captures how the structural and functional connections of these networks interact to support episodic memory processing in children. Using diffusion-weighted imaging, magnetoencephalography, and memory tests, we quantified differences in white matter microstructure, neural communication, and episodic memory performance, respectively, of healthy children (nˇ=ˇ23) and children with reduced memory performance. Pediatric brain tumor survivors (PBTS; nˇ=ˇ24) were used as a model, as they exhibit reduced episodic memory and perturbations in white matter and neural communication. We observed that PBTS, compared to healthy controls, showed significantly (pˇ<ˇ0.05) (1) disrupted white matter microstructure between these episodic memory networks through lower fractional anisotropy and higher mean and axial diffusivity, (2) perturbed theta band (4?7ˇHz) oscillatory synchronization in these same networks through higher weighted phase lag indices (wPLI), and (3) lower episodic memory performance in the Transverse Patterning and Children's Memory Scale (CMS) tasks. Using partial-least squares path modeling, we found that brain tumor treatment predicted network white matter damage, which predicted inter-network theta hypersynchrony and lower verbal learning (directly) and lower verbal recall (indirectly via theta hypersynchrony). Novel to the literature, our findings suggest that white matter modulates episodic memory through effect on oscillatory synchronization within relevant brain networks. Research Highlights: Investigates the relationship between structural and functional connectivity of episodic memory networks in healthy children and pediatric brain tumor survivors Pediatric brain tumor survivors demonstrate disrupted episodic memory, white matter microstructure and theta oscillatory synchronization compared to healthy children Findings suggest white matter microstructure modulates episodic memory through effects on oscillatory synchronization within relevant episodic memory networks. ∏ 2023 The Authors. Developmental Science published by John Wiley & Sons Ltd.",Article,1,0,,,,,,
DS_0020,J¢nsd¢ttir L.K.; Forslund T.; Frick M.A.; Frick A.; Heeman E.J.; Brocki K.C.,"A challenge to the expected: Lack of longitudinal associations between the early caregiving environment, executive functions in toddlerhood, and self-regulation at 6 years",2024,Developmental Science,27,5,e13526,,,,https://doi.org/10.1111/desc.13526,"Previous research and theory indicate an importance of the quality of the early caregiving environment in the development of self-regulation. However, it is unclear how attachment security and maternal sensitivity, two related but distinct aspects of the early caregiving environment, may differentially predict self-regulation at school start and whether a distinction between hot and cool executive function is informative in characterizing such predictions through mediation. In a 5-year longitudinal study (nˇ=ˇ108), we examined these associations using measures of maternal sensitivity and attachment security at 10?12 months, executive function at 4 years, and self-regulation at 6 years. Surprisingly, and despite methodological rigor, we found few significant bivariate associations between the study variables. We found no credible evidence of a longitudinal association between maternal sensitivity or attachment security in infancy and self-regulation at 6 years, or between executive function at 4 years and self-regulation at 6 years. The lack of bivariate longitudinal associations precluded us from building mediation models as intended. We discuss our null findings in terms of their potential theoretical implications, as well as how measurement type, reliability, and validity, may play a key role in determining longitudinal associations between early caregiving factors and later self-regulation and related abilities. Research Highlights: The early caregiving environment has been implicated in the development of later self-regulation, which includes more basic skills, such as hot and cool executive functions (EF). In a 5-year longitudinal study, with a sample of 108 children, we rigorously measured aspects of early caregiving, EF, and self-regulation. We found no significant longitudinal associations between early caregiving and self-regulation at 6 years, nor between EF at 4 years and self-regulation at 6 years. These null results highlight the complexity of modeling self-regulation development and raise critical questions about general methodological conventions within self-regulation development research. ∏ 2024 The Authors. Developmental Science published by John Wiley & Sons Ltd.",Article,1,0,,,,,,
DS_0021,Tyborowska A.; Volman I.; Niermann H.C.M.; Dapprich A.L.; Smeekens S.; Cillessen A.H.N.; Toni I.; Roelofs K.,Developmental shift in testosterone influence on prefrontal emotion control,2024,Developmental Science,27,1,e13415,,,,https://doi.org/10.1111/desc.13415,"A paradox of testosterone effects is seen in adolescents versus adults in social emotional approach-avoidance behavior. During adolescence, high testosterone levels are associated with increased anterior prefrontal (aPFC) involvement in emotion control, whereas during adulthood this neuro-endocrine relation is reversed. Rodent work shows that, during puberty, testosterone transitions from a neuro-developmental to a social-sexual activating hormone. In this study, we explored whether this functional transition is also present in human adolescents and young adults. Using a prospective longitudinal design, we investigated the role of testosterone on neural control of social emotional behavior during the transitions from middle to late adolescence and into young adulthood. Seventy-one individuals (tested at ages 14, 17, and 20 years) performed an fMRI-adapted approach-avoidance (AA) task involving automatic and controlled actions in response to social emotional stimuli. In line with predictions from animal models, the effect of testosterone on aPFC engagement decreased between middle and late adolescence, and shifted into an activational role by young adulthood?impeding neural control of emotions. This change in testosterone function was accompanied by increased testosterone-modulated amygdala reactivity. These findings qualify the testosterone-dependent maturation of the prefrontal-amygdala circuit supporting emotion control during the transition from middle adolescence into young adulthood. ∏ 2023 The Authors. Developmental Science published by John Wiley & Sons Ltd.",Article,1,1,0,0,0,,RT; amplitude,
DS_0022,Bains A.; Barber A.; Nell T.; RipollÇs P.; Krishnan S.,The role of intrinsic reward in adolescent word learning,2024,Developmental Science,27,5,e13513,,,,https://doi.org/10.1111/desc.13513,"Relatively little work has focused on why we are motivated to learn words. In adults, recent experiments have shown that intrinsic reward signals accompany successful word learning from context. In addition, the experience of reward facilitated long-term memory for words. In adolescence, developmental changes are seen in reward and motivation systems as well as in reading and language systems. Here, in the face of this developmental change, we ask whether adolescents experience reward from word learning, and how the reward and memory benefit seen in adults is modulated by age. We used a naturalistic reading paradigm, which involved extracting novel word meanings from sentence context without the need for explicit feedback. By exploring ratings of enjoyment during the learning phase, as well as recognition memory for words a day later, we assessed whether adolescents show the same reward and learning patterns as adults. We tested 345 children between the ages of 10?18 (Nˇ>ˇ84 in each 2-year age-band) using this paradigm. We found evidence for our first prediction: children aged 10?18 report greater enjoyment for successful word learning. However, we did not find evidence for age-related change in this developmental period, or memory benefits. This work gives us greater insight into the process of language acquisition and sets the stage for further investigations of intrinsic reward in typical and atypical development. Research Highlights: We constantly learn words from context, even in the absence of explicit rewards or feedback. In adults, intrinsic reward experienced during word learning is linked to a dopaminergic circuit in the brain, which also fuels enhancements in memory for words. We find adolescents also report enhanced reward or enjoyment when they successfully learn words from sentence context. The relationship between reward and learning is maintained between the ages of 10 and 18. Unlike in adults, we did not observe ensuing memory benefits. ∏ 2024 The Authors. Developmental Science published by John Wiley & Sons Ltd.",Article,1,1,0,0,1,1,sum scores,
DS_0023,Zhou X.; Wang L.; Hong X.; Wong P.C.M.,Infant-directed speech facilitates word learning through attentional mechanisms: An fNIRS study of toddlers,2024,Developmental Science,27,1,e13424,,,,https://doi.org/10.1111/desc.13424,"The speech register that adults especially caregivers use when interacting with infants and toddlers, that is, infant-directed speech (IDS) or baby talk, has been reported to facilitate language development throughout the early years. However, the neural mechanisms as well as why IDS results in such a developmental faciliatory effect remain to be investigated. The current study uses functional near-infrared spectroscopy (fNIRS) to evaluate two alternative hypotheses of such a facilitative effect, that IDS serves to enhance linguistic contrastiveness or to attract the child's attention. Behavioral and fNIRS data were acquired from twenty-seven Cantonese-learning toddlers 15?20 months of age when their parents spoke to them in either an IDS or adult-directed speech (ADS) register in a naturalistic task in which the child learned four disyllabic pseudowords. fNIRS results showed significantly greater neural responses to IDS than ADS register in the left dorsolateral prefrontal cortex (L-dlPFC), but opposite response patterns in the bilateral inferior frontal gyrus (IFG). The differences in fNIRS responses to IDS and to ADS in the L-dlPFC and the left parietal cortex (L-PC) showed significantly positive correlations with the differences in the behavioral word-learning performance of toddlers. The same fNIRS measures in the L-dlPFC and right PC (R-PC) of toddlers were significantly correlated with pitch range differences of parents between the two speech conditions. Together, our results suggest that the dynamic prosody in IDS increased toddlers? attention through greater involvement of the left frontoparietal network that facilitated word learning, compared to ADS. Research Highlights: This study for the first time examined the neural mechanisms of how infant-directed speech (IDS) facilitates word learning in toddlers. Using fNIRS, we identified the cortical regions that were directly involved in IDS processing. Our results suggest that IDS facilitates word learning by engaging a right-lateralized prosody processing and top-down attentional mechanisms in the left frontoparietal networks. The language network including the inferior frontal gyrus and temporal cortex was not directly involved in IDS processing to support word learning. ∏ 2023 The Authors. Developmental Science published by John Wiley & Sons Ltd.",Article,1,1,0,0,0,,amplitude,
DS_0024,Bradshaw J.; Fu X.; Richards J.E.,Infant sustained attention differs by context and social content in the first 2 years of life,2024,Developmental Science,27,4,e13500,,,,https://doi.org/10.1111/desc.13500,"Sustained attention (SA) is an endogenous form of attention that emerges in infancy and reflects cognitive engagement and processing. SA is critical for learning and has been measured using different methods during screen-based and interactive contexts involving social and nonsocial stimuli. How SA differs by measurement method, context, and stimuli across development in infancy is not fully understood. This 2-year longitudinal study examines attention using one measure of overall looking behavior and three measures of SA?mean look duration, percent time in heart rate-defined SA, and heart rate change during SA?in Nˇ=ˇ53 infants from 1 to 24 months across four unique task conditions: social videos, nonsocial videos, social interactions (face-to-face play), and nonsocial interactions (toy engagement). Results suggest that developmental changes in attention differ by measurement method, task context (screen or interaction), and task stimulus (social or nonsocial). During social interactions, overall looking and look durations declined after age 3?4 months, whereas heart rate-defined attention measures remained stable. All SA measures were greater for videos than for live interaction conditions throughout the first 6 months, but SA to social and nonsocial stimuli within each task context were equivalent. In the second year of life, SA measured with look durations was greater for social videos compared to other conditions, heart rate-defined SA was greater for social videos compared to nonsocial interactions, and heart rate change during SA was similar across conditions. Together, these results suggest that different measures of attention to social and nonsocial stimuli may reflect unique developmental processes and are important to compare and consider together, particularly when using infant attention as a marker of typical or atypical development. Research Highlights: Attention measure, context, and social content uniquely differentiate developmental trajectories of attention in the first 2 years of life. Overall looking to caregivers during dyadic social interactions declines significantly from 4 to 6 months of age while sustained attention (SA) to caregivers remains stable. Heart rate-defined SA generally differentiates stimulus context where infants show greater SA while watching videos than while engaging with toys. ∏ 2024 The Authors. Developmental Science published by John Wiley & Sons Ltd.",Article,1,1,0,0,1,1,logRT; times; proportions; hr,
DS_0025,Hoid D.; Guo Z.; He Z.; Wu J.; Wu Z.,To risk or not: The impact of socioeconomic status on preschoolers? risky decision-making for gains and losses,2024,Developmental Science,27,4,e13485,,,,https://doi.org/10.1111/desc.13485,"Disparities in socioeconomic status (SES) may affect individuals? risk preferences, which have important developmental consequences across the lifespan. Yet, previous research has shown inconsistent associations between SES and risky decision-making, and little is known about how this link develops from a young age. The current research is among the first to examine how SES influences preschoolers? risky decisions in both gain and loss frames. Across two studies, children aged 5 to 6 years (total Nˇ=ˇ309, 154 boys) were asked to choose between certain and risky options. The risky option was more advantageous, equal to, or less advantageous than the certain option. Study 1 revealed that in the loss frame, high-SES children (nˇ=ˇ84, 44 boys) chose more risky options and were more sensitive to the expected value compared to low-SES children (nˇ=ˇ78, 42 boys), especially when the risk was more advantageous. However, this SES difference was not significant in the gain frame. Supporting the potential causal link between SES and risky decision-making, Study 2 further found that experimentally increasing low-SES children's (nˇ=ˇ68, 30 boys) status by providing additional resources increased their risk-seeking behavior in the loss frame. Overall, our findings suggest an interaction between environmental cues (gain vs. loss) and early life circumstances (SES) in shaping children's risk preferences. Research Highlights: This research is among the first to examine how school backgrounds and experimentally manipulated SES influence preschoolers? risk preferences in gain and loss frames. Children were more risk-seeking for losses than for gains; this framing effect was stronger in higher-SES than lower-SES children. Lower-SES children exhibited fewer risk-seeking behaviors and decreased sensitivity to the expected value of options for losses, but not for gains. A temporary boost in SES increased children's risk-seeking behavior, but not sensitivity to expected values. ∏ 2024 John Wiley & Sons Ltd.",Article,1,1,1,1,0,,binary,
DS_0026,Jenifer J.B.; Jaxon J.; Levine S.C.; Cimpian A.,?You need to be super smart to do well in math!? Young children's field-specific ability beliefs,2024,Developmental Science,27,1,e13429,,,,https://doi.org/10.1111/desc.13429,"Success in science, technology, engineering, and mathematics (STEM) fields is often believed to require intellectual talent (?brilliance?). Given that many cultures associate men more than women with brilliance, this belief poses an obstacle to women's STEM pursuits. Here, we investigated the developmental roots of this phenomenon, focusing specifically on young children's beliefs about math (Nˇ=ˇ174 U.S. students in Grades 1?4; 93 girls, 81 boys; 52% White, 17% Asian, 13% Hispanic/Latinx). We found that field-specific ability beliefs (FABs) that associate success in math (vs. reading/writing) with brilliance are already present in early elementary school. We also found that brilliance-oriented FABs about math are negatively associated with elementary school students? (and particularly girls?) math motivation?specifically, their math self-efficacy and interest. The early emergence of brilliance-oriented FABs about math and the negative relation between FABs and math motivation underscore the need to understand the sources and long-term effects of these beliefs. Research Highlights: Field-specific ability beliefs (FABs) are beliefs about the extent to which intellectual talent (or ?brilliance?) is required for success in a particular field or context. Among adults, brilliance-oriented FABs are an obstacle to diversity in science and technology, but the childhood antecedents of these beliefs are not well understood. The present study (Nˇ=ˇ174) found that FABs that associate success in math (vs. reading/writing) with brilliance were already present in Grades 1?4. Brilliance-oriented FABs about math were negatively associated with elementary school students? (and particularly girls?) math motivation?specifically, their math self-efficacy and interest. ∏ 2023 John Wiley & Sons Ltd.",Article,1,1,0,0,1,1,sum scores ,
DS_0027,Zinszer B.D.; Hannon J.; Hu A.; Kouadio A.ê.; AkpÇ H.; Tanoh F.; Wang M.; Qi Z.; Jasi?ska K.,Statistical learning and children's emergent literacy in rural Cìte d'Ivoire,2024,Developmental Science,27,5,e13448,,,,https://doi.org/10.1111/desc.13448,"Studies of non-linguistic statistical learning (SL) have often linked performance in SL tasks with differences in language outcomes. Most of these studies have focused on Western and high-income educational contexts, but children worldwide learn in radically different educational systems and communities, and often in a second language. In the west African nation of Cìte d'Ivoire, children enter fifth grade (CM-1) with widely varying ages and literacy skills. Across three iteratively-developed experiments, 157 children, age 8?15 years, in rural communities in the greater-Adz¢pe region of Cìte d'Ivoire watched sequences of cartoon images with embedded triplet patterns on touchscreen tablets, while performing a target-detection task. We assessed these tablet-based adaptations of non-linguistic visual SL and asked whether the children's individual differences in performance on the SL tasks were related to their first and second language and literacy skills. We found group-level evidence that children used the statistical regularities in the image sequence to gradually decrease their response times, but their responses on post-test discrimination did not reflect this learning. When evaluating the correlation between SL and language skills, individual differences related to other task demands predicted oral language skills shared by first and second languages, while SL better predicted second language print skills. These findings suggest that non-linguistic SL paradigms can measure similar skills in Ivorian children as previous samples, but they also echo recent calls for further cross-cultural validation, greater internal reliability, and tests for confounding variables (such as processing speed) in studies of individual differences in statistical learning. Research Highlights: We iteratively adapted three visual statistical learning studies for children in rural Cìte d'Ivoire. Group-level analyses indicates that the children learn the underlying statistical regularities. Individual-differences analyses reveal some evidence that the statistical learning measure is also correlated with task demands that may be driven by cross-cultural differences. Like previous research, statistical learning is correlated with second language literacy, but we did not find a relationship between SL and oral language skills in first and second languages. ∏ 2023 John Wiley & Sons Ltd.",Article,1,1,0,0,1,1,RT,
DS_0028,Gijbels L.; Lee A.K.C.; Yeatman J.D.,Children with developmental dyslexia have equivalent audiovisual speech perception performance but their perceptual weights differ,2024,Developmental Science,27,1,e13431,,,,https://doi.org/10.1111/desc.13431,"As reading is inherently a multisensory, audiovisual (AV) process where visual symbols (i.e., letters) are connected to speech sounds, the question has been raised whether individuals with reading difficulties, like children with developmental dyslexia (DD), have broader impairments in multisensory processing. This question has been posed before, yet it remains unanswered due to (a) the complexity and contentious etiology of DD along with (b) lack of consensus on developmentally appropriate AV processing tasks. We created an ecologically valid task for measuring multisensory AV processing by leveraging the natural phenomenon that speech perception improves when listeners are provided visual information from mouth movements (particularly when the auditory signal is degraded). We designed this AV processing task with low cognitive and linguistic demands such that children with and without DD would have equal unimodal (auditory and visual) performance. We then collected data in a group of 135 children (age 6.5?15) with an AV speech perception task to answer the following questions: (1) How do AV speech perception benefits manifest in children, with and without DD? (2) Do children all use the same perceptual weights to create AV speech perception benefits, and (3) what is the role of phonological processing in AV speech perception? We show that children with and without DD have equal AV speech perception benefits on this task, but that children with DD rely less on auditory processing in more difficult listening situations to create these benefits and weigh both incoming information streams differently. Lastly, any reported differences in speech perception in children with DD might be better explained by differences in phonological processing than differences in reading skills. Research Highlights: Children with versus without developmental dyslexia have equal audiovisual speech perception benefits, regardless of their phonological awareness or reading skills. Children with developmental dyslexia rely less on auditory performance to create audiovisual speech perception benefits. Individual differences in speech perception in children might be better explained by differences in phonological processing than differences in reading skills. ∏ 2023 John Wiley & Sons Ltd.",Article,1,1,0,0,1,1,proportions; binary; differences,
DS_0029,Fernandes T.; Velasco S.; Leite I.,Letters away from the looking glass: Developmental trajectory of mirrored and rotated letter processing within words,2024,Developmental Science,27,2,e13447,,,,https://doi.org/10.1111/desc.13447,"Discrimination of reversible mirrored letters (e.g., d and b) poses a challenge when learning to read as it requires overcoming mirror invariance, an evolutionary-old perceptual tendency of processing mirror images as equivalent. The present study investigated when, in reading development, mirror-image discrimination becomes automatic during visual word recognition. The developmental trajectory of masked priming effects was investigated from 2nd to 6th grade and in adults, by manipulating letter type (nonreversible; reversible) and prime condition (control; identity; mirrored; rotated). Standardized identity priming increased along reading development. Beginning readers showed mirror invariance during reversible and nonreversible letter processing. A mirror cost (slower word recognition in mirrored-letter than identity prime condition) was found by 5th-grade but only for reversible letters. By 6th grade, orthographic processing was no longer captive of mirror invariance. A multiple linear regression showed that letter representations, but not phonological processes or age, were a reliable predictor of the rise of mirror-image discrimination in 2nd?4th-graders. The present results suggest a protracted development of automatic mirror-image discrimination during orthographic processing, contingent upon the quality of abstract letter representations. Research Highlights: We traced the developmental trajectory of mirrored-letter and rotated-letter priming effects (e.g., ibea and ipea as primes of IDEA) in visual word recognition. Beginning readers (2nd?4th-graders) showed mirror invariance and plane-rotation sensitivity in orthographic processing, thus still being susceptible to the perceptual biases in charge in object recognition. A mirror cost was found in 5th-graders but only for reversible letters; orthographic processing was no longer captive of mirror invariance by 6th-grade. The automation of mirror-image discrimination during orthographic processing depends on the quality of letter representations but not on phonological processes or age. ∏ 2023 John Wiley & Sons Ltd.",Article,1,1,1,0,0,,logRT; binary; differences,
DS_0030,Unger L.; Chang T.; Savic O.; Bergen B.K.; Sloutsky V.M.,When is a word in good company for learning?,2024,Developmental Science,27,5,e13510,,,,https://doi.org/10.1111/desc.13510,"Although identifying the referents of single words is often cited as a key challenge for getting word learning off the ground, it overlooks the fact that young learners consistently encounter words in the context of other words. How does this company help or hinder word learning? Prior investigations into early word learning from children's real-world language input have yielded conflicting results, with some influential findings suggesting an advantage for words that keep a diverse company of other words, and others suggesting the opposite. Here, we sought to triangulate the source of this conflict, comparing different measures of diversity and approaches to controlling for correlated effects of word frequency across multiple languages. The results were striking: while different diversity measures on their own yielded conflicting results, once nonlinear relationships with word frequency were controlled, we found convergent evidence that contextual consistency supports early word learning. Research Highlights: The words children learn occur in a sea of other words. The company words keep ranges from highly variable to highly consistent and circumscribed. Prior findings conflict over whether variability versus consistency helps early word learning. Accounting for correlated effects of word frequency resolved the conflict across multiple languages. Results reveal convergent evidence that consistency helps early word learning. ∏ 2024 The Authors. Developmental Science published by John Wiley & Sons Ltd.",Article,1,0,,,,,,
DS_0031,Lu H.-H.; Liu H.-H.; Tsao F.-M.,Event-related potentials of familiar monosyllabic words with unexpected lexical tones: A picture-word study of Mandarin-speaking preschoolers with and without a history of late talking,2024,Developmental Science,27,6,e13553,,,,https://doi.org/10.1111/desc.13553,"This study examined how Mandarin-speaking preschoolers with and without a history of late talking (LT) process familiar monosyllabic words with unexpected lexical tones, focusing on both phonological and semantic violations. This study initially enrolled 64 Mandarin-speaking toddlers: 31 with a history of LT (mean age: 27.67 months) and 33 without a history of LT (non-LT) (mean age: 27.85 months). Event-related potentials were recorded at the age of 4 years during a picture-word mismatch task (LT mean age: 51.36 months; non-LT mean age: 51.20 months); in this task, the participants were presented with auditory words either matching (Tone 3) or mismatching with images in terms of their lexical tones; the mismatches encompassed acoustically dissimilar (Tone 1) and similar (Tone 2) mismatches. A significant difference in the phonological mapping negativity (PMN) responses to Tones 1 and 3 was observed only in the non-LT group. However, differences in the N400 responses to Tones 1 and 3 remained consistent across both groups. In addition, greater differences in the PMN responses between Tones 1 and 3 were associated with higher language proficiency during the preschool period. The PMN response serves as an indicator of neural correlates in lexical tone processing, reflecting challenges encountered by preschoolers with a history of LT when processing the lexical tones of familiar words. Furthermore, the PMN response was correlated with concurrent language abilities. These findings indicate the importance of early tonal perception development for Mandarin speakers with a history of LT. Research Highlights: Preschoolers with a history of late talking (LT), similar to preschoolers without such a history, can establish word expectations and detect the lexical tone violation in real time. However, those with a history of LT require additional time to process acoustic cues and differentiate between word semantics based on lexical tone information. The phonological mapping negativity response serves as an indicator of neural correlates in lexical tone processing, reflecting challenges encountered by preschoolers with a history of LT when processing the lexical tones of familiar words. The present findings indicate the importance of early intervention for Mandarin speakers with a history of LT, with an emphasis on lexical tone processing from toddlerhood. ∏ 2024 The Author(s). Developmental Science published by John Wiley & Sons Ltd.",Article,1,1,0,0,0,,amplitude,
DS_0032,Seidl A.H.; Indarjit M.; Borovsky A.,Touch to learn: Multisensory input supports word learning and processing,2024,Developmental Science,27,1,e13419,,,,https://doi.org/10.1111/desc.13419,"Infants experience language in rich multisensory environments. For example, they may first be exposed to the word applesauce while touching, tasting, smelling, and seeing applesauce. In three experiments using different methods we asked whether the number of distinct senses linked with the semantic features of objects would impact word recognition and learning. Specifically, in Experiment 1 we asked whether words linked with more multisensory experiences were learned earlier than words linked fewer multisensory experiences. In Experiment 2, we asked whether 2-year-olds? known words linked with more multisensory experiences were better recognized than those linked with fewer. Finally, in Experiment 3, we taught 2-year-olds labels for novel objects that were linked with either just visual or visual and tactile experiences and asked whether this impacted their ability to learn the new label-to-object mappings. Results converge to support an account in which richer multisensory experiences better support word learning. We discuss two pathways through which rich multisensory experiences might support word learning. ∏ 2023 The Authors. Developmental Science published by John Wiley & Sons Ltd.",Article,1,1,0,0,0,,logProportion,
DS_0033,Karada? D.; Bazhydai M.; Westermann G.,Toddlers do not preferentially transmit generalizable information to others,2024,Developmental Science,27,4,e13479,,,,https://doi.org/10.1111/desc.13479,"Children actively and selectively transmit information to others based on the type of information and the context during learning. Four- to 7-year-old children preferentially transmit generalizable information in teaching-like contexts. Although 2-year-old children are able to distinguish between generalizable and non-generalizable information, it is not known whether they likewise transmit generalizable information selectively. We designed a behavioral study to address this question. Two-year-old children were presented with three novel boxes, identical except for their color. In each box, one of two equally salient actions led to a generalizable outcome (e.g., playing a [different] tune in each box), whereas the other led to a non-generalizable outcome (e.g., turning on a light, vibrating the box, or making a noise). In the discovery phase, children had a chance to discover the functions of each box presented one-by-one. Then, in the exploration phase, they were given the opportunity to independently explore all three boxes presented together. Finally, in the transmission phase, an ignorant recipient entered the room and asked the child to show them how these toys work. We measured whether children preferentially transmitted either generalizable or non-generalizable information when they were asked to demonstrate the function of the toys to a naãve adult. We found that children did not display any preference for transmitting generalizable information. These findings are discussed with respect to toddlers? selectivity in transmitting information but also the development of sensitivity to information generalizability. Research Highlight: Young children transmit information to others and do so with some degree of selectivity to a variety of factors. Generalizability is an important factor affecting information transmission, and older children tend to associate generalizable information with teaching-like interactions. We tested whether toddlers selectively transmitted it to others over non-generalizable information. We found that toddlers do not show a preference to transmit generalizable over non-generalizable information. ∏ 2024 The Authors. Developmental Science published by John Wiley & Sons Ltd.",Article,1,0,,,,,,
DS_0034,Sia M.Y.; Mather E.; Crocker M.W.; Mani N.,The role of systematicity in early referent selection,2024,Developmental Science,27,2,e13444,,,,https://doi.org/10.1111/desc.13444,"Previous studies showed that word learning is affected by children's existing knowledge. For instance, knowledge of semantic category aids word learning, whereas a dense phonological neighbourhood impedes learning of similar-sounding words. Here, we examined to what extent children associate similar-sounding words (e.g., rat and cat) with objects of the same semantic category (e.g., both are animals), that is, to what extent children assume meaning overlap given form overlap between two words. We tested this by first presenting children (N = 93, Mage = 22.4ˇmonths) with novel word-object associations. Then, we examined the extent to which children assume that a similar sounding novel label, that is, a phonological neighbour, refers to a similar looking object, that is, a likely semantic neighbour, as opposed to a dissimilar looking object. Were children to preferentially fixate the similar-looking novel object, it would suggest that systematic word form-meaning relations aid referent selection in young children. While we did not find any evidence for such word form-meaning systematicity, we demonstrated that children showed robust learning for the trained novel word-object associations, and were able to discriminate between similar-sounding labels and also similar-looking objects. Thus, we argue that unlike iconicity which appears early in vocabulary development, we find no evidence for systematicity in early referent selection. ∏ 2023 The Authors. Developmental Science published by John Wiley & Sons Ltd.",Article,1,1,1,1,0,,proportions,
DS_0035,Wei R.; Sullivan E.F.; Begum F.; Rahman N.; Tofail F.; Haque R.; Nelson C.A.,Parental communicative input as a protective factor in Bangladeshi families living in poverty: A multi-dimensional perspective,2024,Developmental Science,27,6,e13494,,,,https://doi.org/10.1111/desc.13494,"Studies from high-income populations have shown that stimulating, supportive communicative input from parents promote children's cognitive and language development. However, fewer studies have identified specific features of input supporting the healthy development of children growing up in low- or middle-income countries. The current study proposes and tests a multi-dimensional framework for understanding whether and how caregiver communicative input mediates the associations between socio-economic conditions and early development. We also examine how caregiver conceptual scaffolding and autonomy support uniquely and synergistically explain variation in child outcomes. Participants were 71 Bangladeshi families with five-year-olds who were exposed to a range of biological and psychosocial hazards from birth. Caregiver-child interactions during snack sharing and semi-structured play were coded for caregiver conceptual scaffolding, autonomy support, and child engagement. Findings indicate that the two dimensions of input were correlated, suggesting that caregivers who provided richer conceptual scaffolds were simultaneously more supportive of children's autonomy. Notably, conceptual scaffolding and autonomy support each mediated associations between maternal education and child verbal intelligence quotient (IQ) scores. Further, caregivers who supported greater autonomy in their children had children who participated in conversations more actively, and these children in turn had higher performance IQ scores. When considered simultaneously, conceptual scaffolding was associated with verbal IQ over and above autonomy support, whereas autonomy support related to child engagement, controlling for conceptual scaffolding. These findings shed new light on how environmental factors may support early development, contributing to the design of family-centered, culturally authentic interventions. A video abstract of this article can be viewed at https://youtu.be/9v_8sIv7ako. Research Highlights: Studies from high-income countries have identified factors mitigating the impacts of socio-economic risks on development. Such research is scarce in low- and middle-income countries. The present study conceptualized and evaluated caregiver communicative input in Bangladeshi families along two interrelated yet distinct dimensions: conceptual scaffolding and autonomy support. Conceptual scaffolding and autonomy support individually mediated associations between maternal education and child verbal IQ, shedding light on protective factors in families living in poverty. Parents providing richer conceptual scaffolds were simultaneously more supportive of children's autonomy. However, the two dimensions each related to cognition and language through unique pathways. ∏ 2024 The Authors. Developmental Science published by John Wiley & Sons Ltd.",Article,1,0,,,,,,
DS_0036,Paz Y.; Frenkel T.I.,Infant sensitivity to social contingency moderates the predictive link between early maternal reciprocity and infants' emerging social behavior,2024,Developmental Science,27,6,e13563,,,,https://doi.org/10.1111/desc.13563,"The scientific study of love underscores the importance of dyadic reciprocity in laying the foundation for infants? social development. While research establishes links between early reciprocity and children's social capacities, some infants appear to benefit from reciprocity more than others. A central feature of reciprocity is its contingent structure, that is, the extent to which maternal behaviors are temporally associated with and contingent upon infants? dynamically changing cues. As such, infants? sensitivity to social contingencies may define the extent to which an infant benefits from maternal reciprocity. The current study examined the role of infants? sensitivity to social contingency (SC) in moderating associations between early maternal reciprocity and subsequent infants? social behavior. The study followed 157 children (47% females), across the first year of life (4, 10, and 12 months) and at preschool age (48 months). Infants' SC at 4 and 10 months moderated the link between early maternal reciprocity and infants' prosocial behavior observed at 12 months. SC at 10 months moderated the link between early reciprocity and reported peer problems at 48 months. Maternal reciprocity predicted more helping behavior in infancy and fewer peer problems at preschool, but only for infants who displayed high SC. Findings highlight the contingent nature of reciprocal mother-infant interactions revealing that an infant's sensitivity to breaks in social-contingency moderates the developmental benefit of reciprocity. Future research is necessary to directly test the underlying mechanisms of these processes and better understand the individual characteristics of infants? sensitivity to social contingency and its? role in typical and atypical development. Research Highlights: Individual differences in infants? sensitivity to breaks in social contingencies may moderate the extent to which infants benefit from contingent reciprocal maternal behavior (i.e., maternal reciprocity). Maternal reciprocity predicted more helping behavior in infancy and fewer peer problems at preschool, but only for infants who displayed high sensitivity to breaks in social contingency. Findings highlight the contingent nature of reciprocal mother-infant interactions revealing that infants? sensitivity to breaks in social-contingency moderates the developmental benefit of reciprocity. Findings emphasize the need to develop measurement methods and direct empirical attention to the important yet understudied individual characteristic of infants? sensitivity to social contingency and its role in shaping social development. ∏ 2024 The Author(s). Developmental Science published by John Wiley & Sons Ltd.",Article,1,1,0,0,1,1,sum scores; square root sum scores; ordinal,
DS_0037,Gauduel T.; Blondet C.; Gonzalez-Monge S.; Bonaiuto J.; Gomez A.,Alteration of body representation in typical and atypical motor development,2024,Developmental Science,27,3,e13455,,,,https://doi.org/10.1111/desc.13455,"Developmental coordination disorder (DCD) impacts the quality of life and ability to perform coordinated actions in 5% of school-aged children. The quality of body representations of individuals with DCD has been questioned, but never assessed. We hypothesize that children with DCD have imprecise body representations in the sensory and motor domains. Twenty neurotypical children, seventeen children with DCD (8?12 years old) and twenty neurotypical adults (25?45 years old) performed both sensory and motor body representation tasks: a limb identification and a limb movement task. We observed lower accuracy in the sensory task but not in the motor task. In both tasks, we observe a larger amplitude of errors, or synkinesis, in children with DCD than in neurotypical children. In neurotypical children, accuracy was lower than in neurotypical adults in the motor and sensory task, and the amplitude of sensory errors and synkinesis was higher than in neurotypical adults. Using a linear regression model, we showed that sensory accuracy is a good predictor of synkinesis production, and that synkinesis production is a good predictor of sensory accuracy, as can be expected by the perception-action loop. Results support the hypothesis of an imprecision of body representation in DCD. We suggest that this imprecision arises from noise in the body representation used at the level of internal models of action. Future studies may assess whether slower plasticity of body representations, initial imprecision, or both may account for this observation. At the clinical level, prevention strategies targeting body representation in early childhood are strategically important to limit such impairments. Research Highlights: Body representation is impaired in children with DCD and has a significant cost in terms of the accuracy of sensory identification of body parts and associated movements. Inaccuracies in the body representation measured in perception and in action (error amplitude and synkinesis) are related in both NT children and adults. In typical development, we provide evidence of a strong link between body schema and body image. ∏ 2023 The Authors. Developmental Science published by John Wiley & Sons Ltd.",Article,1,0,,,,,,
DS_0038,Rocha S.; Attaheri A.; N° Choisdealbha µ.; Brusini P.; Mead N.; Olawole-Scott H.; Boutris P.; Gibbon S.; Williams I.; Grey C.; Alfaro e Oliveira M.; Brough C.; Flanagan S.; Ahmed H.; Macrae E.; Goswami U.,Precursors to infant sensorimotor synchronization to speech and non-speech rhythms: A longitudinal study,2024,Developmental Science,27,4,e13483,,,,https://doi.org/10.1111/desc.13483,"Impaired sensorimotor synchronization (SMS) to acoustic rhythm may be a marker of atypical language development. Here, Motion Capture was used to assess gross motor rhythmic movement at six time points between 5- and 11 months of age. Infants were recorded drumming to acoustic stimuli of varying linguistic and temporal complexity: drumbeats, repeated syllables and nursery rhymes. Here we show, for the first time, developmental change in infants? movement timing in response to auditory stimuli over the first year of life. Longitudinal analyses revealed that whilst infants could not yet reliably synchronize their movement to auditory rhythms, infant spontaneous motor tempo became faster with age, and by 11 months, a subset of infants decelerate from their spontaneous motor tempo, which better accords with the incoming tempo. Further, infants became more regular drummers with age, with marked decreases in the variability of spontaneous motor tempo and variability in response to drumbeats. This latter effect was subdued in response to linguistic stimuli. The current work lays the foundation for using individual differences in precursors of SMS in infancy to predict later language outcomes. Research Highlight: We present the first longitudinal investigation of infant rhythmic movement over the first year of life Whilst infants generally move more quickly and with higher regularity over their first year, by 11 months infants begin to counter this pattern when hearing slower infant-directed song Infant movement is more variable to speech than non-speech stimuli In the context of the larger Cambridge UK BabyRhythm Project, we lay the foundation for rhythmic movement in infancy to predict later language outcomes. ∏ 2024 The Authors. Developmental Science published by John Wiley & Sons Ltd.",Article,1,1,0,0,1,1,times; differences; cor,
DS_0039,Haskaraca F.N.; Ilgaz H.,Culturally constituted universals: Evidential basis of belief matters,2024,Developmental Science,27,5,e13398,,,,https://doi.org/10.1111/desc.13398,"Differences in the sequence with which children pass the tasks in Wellman and Liu's (2004) theory of mind (ToM) battery is increasingly bringing into question the universal and cultural specifics of children's developing understanding of others' minds. Children from China, Iran, and Turkey pass the knowledge access (KA) task of the battery earlier than they pass the diverse beliefs (DB) task (e.g., Selcuk etˇal., 2018). This pattern is the reverse of what has been documented with children from Australia and the US (e.g., Peterson etˇal., 2005). This paper presents three studies with Turkish samples that explore the possible reasons for developmental sequence and performance differences in the ToM battery. Study 1 investigated Turkish-speaking adults' judgments of appropriateness for different epistemic verbs as used in the DB and false belief (FB) tasks. Study 2 investigated whether adults' performance (i.e., accuracy, reaction time) on FB tasks were affected by culturally preferred uses of these verbs. Collectively these studies showed that adults found different epistemic language (?guess,? ?think,? and the Turkish-specific ?falsely think?) to be appropriate for different belief-based tasks. However, there was no difference in adults' performance based on epistemic language. In Study 3, Turkish-speaking preschoolers' performance in belief-related tasks based on variations in epistemic language and epistemic features (i.e., presence of evidence) was investigated. Among five modifications, Turkish children benefited only from a modification that involved the manipulation of the epistemological basis for ambiguous beliefs (i.e., visual evidence for belief). Research Highlights: Turkish adults find different epistemic language (?guess,? ?think,? and the Turkish-specific ?falsely-think?) to be appropriate for different belief-based tasks (diverse and false belief tasks). Turkish adults? performance on false belief (FB) tasks is not affected by epistemic language. Turkish children perform better in diverse beliefs (DB) task if an epistemological basis for ambiguous beliefs (i.e., visual evidence for either belief) is provided. ∏ 2023 The Authors. Developmental Science published by John Wiley & Sons Ltd.",Article,1,0,,,,,,
DS_0040,Beck M.M.; Kristensen F.T.; Abrahamsen G.; Spedden M.E.; Christensen M.S.; Lundbye-Jensen J.,Distinct mechanisms for online and offline motor skill learning across human development,2024,Developmental Science,27,6,e13536,,,,https://doi.org/10.1111/desc.13536,"The human central nervous system (CNS) undergoes tremendous changes from childhood to adulthood and this may affect how individuals at different stages of development learn new skills. Here, we studied motor skill learning in children, adolescents, and young adults to test the prediction that differences in the maturation of different learning mechanisms lead to distinct temporal patterns of motor learning during practice and overnight. We found that overall learning did not differ between children, adolescents, and young adults. However, we demonstrate that adult-like skill learning is characterized by rapid and large improvements in motor performance during practice (i.e., online) that are susceptible to forgetting and decay over time (i.e., offline). On the other hand, child-like learning exhibits slower and less pronounced improvements in performance during practice, but these improvements are robust against forgetting and lead to gains in performance overnight without further practice. The different temporal dynamics of motor skill learning suggest an engagement of distinct learning mechanisms in the human CNS during development. In conclusion, adult-like skill learning mechanisms favor online improvements in motor performance whereas child-like learning mechanisms favors offline behavioral gains. Research Highlights: Many essential motor skills, like walking, talking, and writing, are acquired during childhood, and it is colloquially thought that children learn better than adults. We investigated dynamics of motor skill learning in children, adolescents, and young adults. Adults displayed substantial improvements during practice that was susceptible to forgetting over time. Children displayed smaller improvements during practice that were resilient against forgetting. The distinct age-related characteristics of these processes of acquisition and consolidation suggest that skill learning relies on different mechanisms in the immature and mature central nervous system. ∏ 2024 The Author(s). Developmental Science published by John Wiley & Sons Ltd.",Article,1,1,0,0,1,1,proportions,%time on task
DS_0041,Chai Q.; Yin J.; Shen M.; He J.,Act generously when others do so: Majority influence on young children's sharing behavior,2024,Developmental Science,27,3,e13472,,,,https://doi.org/10.1111/desc.13472,"Children's sharing behavior is profoundly shaped by social norms within their society, and they can learn these norms by directly observing how most others share in their immediate environment. Here we systematically investigated the impact of majority influence on the sharing behavior of young Chinese children through three studies (N = 336, 168 girls). Four- and 6-year-olds were allowed to choose 10 favorite stickers and had an opportunity to engage in anonymous sharing. Before making the sharing decision, children were assigned to one of two conditions: watching a video in which three peers all shared 8 out of 10 stickers (i.e., the majority sharing condition) or making their decisions without watching the video (i.e., the control condition). Results showed that both the 4- and 6-year-old children shared more stickers in the majority sharing condition than in the control condition (Studies 1 & 2). Moreover, the influence of the majority had a stronger effect compared to the influence of a single role model. Children shared more stickers after observing three peers sharing, compared to watching one peer sharing three times (Study 2). Furthermore, children were less likely to copy the majority's non-sharing behavior when it came to giving away stickers without prosocial outcomes, which was particularly evident among 4-year-olds (Study 3). The results reveal that majority influence uniquely shapes children's sharing behavior and that children selectively follow the majority based on whether the behavior exhibits prosocial attributes. A video abstract of this article can be viewed at https://youtu.be/8qNNhf9754I?si=7YfpaFpcD_IjlXjJ. Research Highlights: Observing a majority of three peers? unanimous generous sharing promoted sharing behavior in both 4- and 6-year-olds. The influence of three peers on children's sharing was stronger than that of one peer sharing three times. Four-year-olds, but not 6-year-olds, did not copy the non-sharing behavior of the majority as it did not lead to prosocial outcomes. ∏ 2024 John Wiley & Sons Ltd.",Article,1,1,0,0,1,1,binary,"sticker shared could be Count, but since it's 10, it's coded as Binary"
DS_0042,Shu Y.; Li H.; Ma S.; Bian L.,The impact of sufferers? wealth status on pain perceptions: Its development and relation to allocation of healthcare resources,2024,Developmental Science,27,3,e13467,,,,https://doi.org/10.1111/desc.13467,"Wealth-based disparities in health care wherein the poor receive undertreatment in painful conditions are a prominent issue that requires immediate attention. Research with adults suggests that these disparities are partly rooted in stereotypes associating poor individuals with pain insensitivity. However, whether and how children consider a sufferer's wealth status in their pain perceptions remains unknown. The present work addressed this question by testing 4- to 9-year-olds from the US and China. In Study 1 (Nˇ=ˇ108, 56 girls, 79% White), US participants saw rich and poor White children experiencing identical injuries and indicated who they thought felt more pain. Although 4- to 6-year-olds responded at chance, children aged seven and above attributed more pain to the poor than to the rich. Study 2 with a new sample of US children (Nˇ=ˇ111, 56 girls, 69% White) extended this effect to judgments of White adults? pain. Pain judgments also informed children's prosocial behaviors, leading them to provide medical resources to the poor. Studies 3 (Nˇ=ˇ118, 59 girls, 100% Asian) and 4 (Nˇ=ˇ80, 40 girls, 100% Asian) found that, when evaluating White and Asian people's suffering, Chinese children began to attribute more pain to the poor than to the rich earlier than US children. Thus, unlike US adults, US children and Chinese children recognize the poor's pain from early on. These findings add to our knowledge of group-based beliefs about pain sensitivity and have broad implications on ways to promote equitable health care. Research Highlights: Four studies examined whether 4- to 9-year-old children's pain perceptions were influenced by sufferers? wealth status. US children attributed more pain to White individuals of low wealth status than those of high wealth status by age seven. Chinese children demonstrated an earlier tendency to attribute more pain to the poor (versus the rich) compared to US children. Children's wealth-based pain judgments underlied their tendency to provide healthcare resources to people of low wealth status. ∏ 2023 The Authors. Developmental Science published by John Wiley & Sons Ltd.",Article,1,1,1,1,1,0,binary,
DS_0043,Gross E.B.; Fine R.D.; GÅlgîz S.; Olson K.R.; Gelman S.A.,Children's gender essentialism and prejudice: Testing causal links via an experimental manipulation,2024,Developmental Science,27,5,e13532,,,,https://doi.org/10.1111/desc.13532,"Despite increases in visibility, gender-nonconforming young people continue to be at risk for bullying and discrimination. Prior work has established that gender essentialism in children correlates with prejudice against people who do not conform to gender norms, but to date no causal link has been established. The present study investigated this link more directly by testing whether children's gender essentialism and prejudice against gender nonconformity can be reduced by exposure to anti-essentialist messaging. Children ages 6?10 years of age (Nˇ=ˇ102) in the experimental condition viewed a short video describing similarities between boys and girls and variation within each gender; children in the control condition (Nˇ=ˇ102) viewed a corresponding video describing similarities between two types of climate and variation within each. Children then received measures of gender essentialism and prejudice against gender nonconformity. Finally, to ask whether manipulating children's gender essentialism extends to another domain, we included assessments of racial essentialism and prejudice. We found positive correlations between gender essentialism and prejudice against gender nonconformity; both also correlated negatively with participant age. However, we observed no differences between children in the experimental versus control conditions in overall essentialism or prejudice, indicating that our video was largely ineffective in manipulating essentialism. Accordingly, we were unable to provide evidence of a causal relationship between essentialism and prejudice. We did, however, see a difference between conditions on the discreteness measure, which is most closely linked to the wording in the video. This finding suggests that specific aspects of essentialism in young children may be modifiable. Research Highlights: Consistent with prior research, we found that greater gender essentialism was associated with greater prejudice against gender-nonconforming children; both decreased with age. We randomly assigned children to view either an anti-essentialist video manipulation or a control video to test if this relation was causal in nature. The anti-essentialist video did not reduce overall essentialism as compared to the control, so we did not find support for a causal link. We observed a reduction in the dimension of essentialism most closely linked to the anti-essentialist video language, suggesting the potential utility of anti-essentialist messaging. ∏ 2024 The Author(s). Developmental Science published by John Wiley & Sons Ltd.",Article,1,1,0,0,1,0,sum scores; binary,
DS_0044,Riggs A.E.; Gonzalez A.M.,Similarity or stereotypes? An investigation of how exemplar gender guides children's math learning,2024,Developmental Science,27,6,e13542,,,,https://doi.org/10.1111/desc.13542,"How does the representation of boy and girl exemplars in curricular materials affect students? learning? We tested two competing hypotheses about the impact of gender exemplar on learning: First, in line with Social Learning Theory, children might exhibit a same-gender bias such that they prefer to learn from exemplars that match their gender (H1). Second, consistent with research on children's stereotypes about gender and math (e.g., associating boys with math competence), children might prefer to learn from exemplars who match their stereotypes about who is good at math (H2). We tested these hypotheses with children in middle school (Nˇ=ˇ166), a time of development in which stereotypes are well-engrained, but before gender differences in math achievement appear. Children viewed two distinct math strategies, each presented by a boy or girl exemplar. We then examined which strategy children employed on a subsequent math test as well as their perceived similarity to the exemplars and their awareness or endorsement of gender-math stereotypes. Children did not preferentially learn from same-gender exemplars. However, children with stereotypes associating boys with math were more likely to learn the more difficult strategy when it was presented by a boy exemplar than children who did not associate boys with math. The results of this study provide valuable insight into how children's stereotypes impact their real-world learning. Research Highlights: How does the representation of boy and girl exemplars in children's curricular materials affect their learning? Past research demonstrates that children prefer to learn from same-gender exemplars, but also hold a stereotype that boys are better at math. In the current study, we test whether children preferentially adopt a math strategy presented by a boy or girl exemplar. Children who held the belief that boys are better at math were more likely to learn a difficult strategy from boy exemplars than children who did not endorse this stereotype. ∏ 2024 John Wiley & Sons Ltd.",Article,1,1,1,1,0,,binary,
DS_0045,Wade M.; Parker V.; Tang A.; Fox N.A.; Zeanah C.H.; Nelson C.A.,Linking caregiving quality during infancy to brain activity in early childhood and later executive function,2024,Developmental Science,27,6,e13517,,,,https://doi.org/10.1111/desc.13517,"There is no relationship more vital than the one a child shares with their primary caregivers early in development. Yet many children worldwide are raised in settings that lack the warmth, connection, and stimulation provided by a responsive primary caregiver. In this study, we used data from the Bucharest Early Intervention Project (BEIP), a longitudinal study of institutionally-reared and family-reared children, to test how caregiving quality during infancy is associated with average EEG power over the first 3.5 years of life in alpha, beta, and theta frequency bands, and associations with later executive function (EF) at age 8 years. The sample comprised 189 children (129 institutionally-reared; 60 family-reared) who contributed data on observed caregiving quality during infancy (baseline; average age of 22 months), resting EEG power at baseline, 30, and 42 months, and performance-based data on a series of EF tasks at 8 years. Using Bayesian estimation, observed caregiving quality at baseline was marginally linked with higher average alpha and beta power, and lower theta power, from baseline to 42 months. In turn, higher average beta power and lower average theta power were marginally associated with higher EF at 8 years. In indirect effects models, higher caregiving quality at baseline was associated with higher EF at 8 years, with a marginal indirect effect through average theta power from baseline to 42 months. Variation in the quality of the early caregiving environment may be associated with later executive function, which is partially underpinned by individual differences in brain activity during early childhood. Research Highlights: Examined associations between caregiving quality during infancy, brain activity during early childhood, and executive function during mid-childhood in sample of never-institutionalized and institutionally-reared children. Significant associations between higher quality caregiving during infancy and higher executive function during middle childhood. Marginal associations between caregiving quality during infancy and brain activity during early childhood. Marginal associations between brain activity during early childhood and executive function during mid-childhood. ∏ 2024 The Authors. Developmental Science published by John Wiley & Sons Ltd.",Article,1,1,0,0,0,,logAmplitude,
DS_0046,Carolus A.E.; McLaughlin K.A.; Lengua L.J.; Rowe M.L.; Sheridan M.A.; Zalewski M.; Moran L.; Romeo R.R.,Conversation disruptions in early childhood predict executive functioning development: A longitudinal study,2024,Developmental Science,27,1,e13414,,,,https://doi.org/10.1111/desc.13414,"Abstract: Conversational turn-taking is a complex communicative skill that requires both linguistic and executive functioning (EF) skills, including processing input while simultaneously forming and inhibiting responses until one's turn. Adult-child turn-taking predicts children's linguistic, cognitive, and socioemotional development. However, little is understood about how disruptions to temporal contingency in turn-taking, such as interruptions and overlapping speech, relate to cognitive outcomes, and how these relationships may vary across developmental contexts. In a longitudinal sample of 275 socioeconomically diverse mother-child dyads (children 50% male, 65% White), we conducted pre-registered examinations of whether the frequency of dyads? conversational disruption during free play when children were 3 years old related to children's executive functioning (EF; 9 months later), self-regulation skills (18 months later), and externalizing psychopathology in early adolescence (age 10?12 years). Contrary to hypotheses, more conversational disruptions significantly predicted higher inhibition skills, controlling for sex, age, income-to-needs (ITN), and language ability. Results were driven by maternal disruptions of the child's speech, and could not be explained by measures of overall talkativeness or interactiveness. Exploratory analyses revealed that ITN moderated these relationships, such that the positive effect of disruptions on inhibition was strongest for children from lower ITN backgrounds. We discuss how adult-driven ?cooperative overlap? may serve as a form of engaged participation that supports cognition and behavior in certain cultural contexts. ∏ 2023 John Wiley & Sons Ltd.",Article,1,1,0,0,1,1,sum scores; binary,
DS_0047,de la Cruz-Pav°a I.; Hegde M.; Cabrera L.; Nazzi T.,Infants? abilities to segment word forms from spectrally degraded speech in the first year of life,2024,Developmental Science,27,5,e13533,,,,https://doi.org/10.1111/desc.13533,"Infants begin to segment word forms from fluent speech?a crucial task in lexical processing?between 4 and 7 months of age. Prior work has established that infants rely on a variety of cues available in the speech signal (i.e., prosodic, statistical, acoustic-segmental, and lexical) to accomplish this task. In two experiments with French-learning 6- and 10-month-olds, we use a psychoacoustic approach to examine if and how degradation of the two fundamental acoustic components extracted from speech by the auditory system, namely, temporal (both frequency and amplitude modulation) and spectral information, impact word form segmentation. Infants were familiarized with passages containing target words, in which frequency modulation (FM) information was replaced with pure tones using a vocoder, while amplitude modulation (AM) was preserved in either 8 or 16 spectral bands. Infants were then tested on their recognition of the target versus novel control words. While the 6-month-olds were unable to segment in either condition, the 10-month-olds succeeded, although only in the 16 spectral band condition. These findings suggest that 6-month-olds need FM temporal cues for speech segmentation while 10-month-olds do not, although they need the AM cues to be presented in enough spectral bands (i.e., 16). This developmental change observed in infants? sensitivity to spectrotemporal cues likely results from an increase in the range of available segmentation procedures, and/or shift from a vowel to a consonant bias in lexical processing between the two ages, as vowels are more affected by our acoustic manipulations. Research Highlights: Although segmenting speech into word forms is crucial for lexical acquisition, the acoustic information that infants? auditory system extracts to process continuous speech remains unknown. We examined infants? sensitivity to spectrotemporal cues in speech segmentation using vocoded speech, and revealed a developmental change between 6 and 10 months of age. We showed that FM information, that is, the fast temporal modulations of speech, is necessary for 6- but not 10-month-old infants to segment word forms. Moreover, reducing the number of spectral bands impacts 10-month-olds? segmentation abilities, who succeed when 16 bands are preserved, but fail with 8 bands. ∏ 2024 The Author(s). Developmental Science published by John Wiley & Sons Ltd.",Article,1,1,0,0,0,,logRT,
DS_0048,Li Y.; Halleck T.Q.; Evans L.; Bassuk P.B.; de la Paz L.; Demir-Lira ô.E.,Eye of the beholder: Neural synchrony of dynamically changing relations between parent praise and child affect,2024,Developmental Science,27,6,e13541,,,,https://doi.org/10.1111/desc.13541,"In this study, we aimed to determine the role of parental praise and child affect in the neural processes underlying parent-child interactions, utilizing functional near-infrared spectroscopy (fNIRS) hyperscanning. We characterized the dynamic changes in interpersonal neural synchrony (INS) between parents and children (4?6 years old, nˇ=ˇ40 dyads) during a cognitively challenging task. We then examined how changes in parent-child INS are influenced by parental feedback and child affect. Parent-child INS showed a quadratic change over time, indicating a decelerated decline during the interaction period. The relationship of parental praise, in the form of positive feedback, to change in INS was contingent upon the child's positive affect during the task. The highest levels of INS were observed when praise was present and child affect was positive. The left temporo-parietal regions of the child and the right dorsolateral prefrontal and right temporo-parietal regions of the parent demonstrated the strongest INS. The dynamic change in INS during the interaction was associated with children's independent performance on a standardized test of visuospatial processing. This research, leveraging fNIRS hyperscanning, elucidates the neural dynamics underlying the interaction between parent praise and child positive affect, thereby contributing to our broader understanding of parent-child dynamics. Research Highlights: The level of interpersonal neural synchrony between parents and children dynamically varies during a cognitively challenging (tangram) task. The left temporo-parietal regions of the child and the right dorsolateral prefrontal and right temporo-parietal regions of the parent demonstrate the strongest parent-child neural synchrony. The relationship between parental praise (positive feedback) and parent-child neural synchrony is contingent upon child positive affect during the task. Change in parent-child neural synchrony relates to children's performance on an independent visuospatial processing measure. ∏ 2024 The Author(s). Developmental Science published by John Wiley & Sons Ltd.",Article,1,1,0,0,0,,zcor,
DS_0049,Berger S.; Batterink L.J.,Children extract a new linguistic rule more quickly than adults,2024,Developmental Science,27,4,e13498,,,,https://doi.org/10.1111/desc.13498,"Children achieve better long-term language outcomes than adults. However, it remains unclear whether children actually learn language more quickly than adults during real-time exposure to input?indicative of true superior language learning abilities?or whether this advantage stems from other factors. To examine this issue, we compared the rate at which children (8?10 years) and adults extracted a novel, hidden linguistic rule, in which novel articles probabilistically predicted the animacy of associated nouns (e.g., ?gi lion?). Participants categorized these two-word phrases according to a second, explicitly instructed rule over two sessions, separated by an overnight delay. Both children and adults successfully learned the hidden animacy rule through mere exposure to the phrases, showing slower response times and decreased accuracy to occasional phrases that violated the rule. Critically, sensitivity to the hidden rule emerged much more quickly in children than adults; children showed a processing cost for violation trials from very early on in learning, whereas adults did not show reliable sensitivity to the rule until the second session. Children also showed superior generalization of the hidden animacy rule when asked to classify nonword trials (e.g., ?gi badupi?) according to the hidden animacy rule. Children and adults showed similar retention of the hidden rule over the delay period. These results provide insight into the nature of the critical period for language, suggesting that children have a true advantage over adults in the rate of implicit language learning. Relative to adults, children more rapidly extract hidden linguistic structures during real-time language exposure. Research Highlights: Children and adults both succeeded in implicitly learning a novel, uninstructed linguistic rule, based solely on exposure to input. Children learned the novel linguistic rules much more quickly than adults. Children showed better generalization performance than adults when asked to apply the novel rule to nonsense words without semantic content. Results provide insight into the nature of critical period effects in language, indicating that children have an advantage over adults in real-time language learning. ∏ 2024 The Authors. Developmental Science published by John Wiley & Sons Ltd.",Article,1,1,1,1,0,,zRT; binary,
DS_0050,ôzáal’?kan ?.; Lucero C.; Goldin-Meadow S.,Is vision necessary for the timely acquisition of language-specific patterns in co-speech gesture and their lack in silent gesture?,2024,Developmental Science,27,5,e13507,,,,https://doi.org/10.1111/desc.13507,"Blind adults display language-specificity in their packaging and ordering of events in speech. These differences affect the representation of events in co-speech gesture?gesturing with speech?but not in silent gesture?gesturing without speech. Here we examine when in development blind children begin to show adult-like patterns in co-speech and silent gesture. We studied speech and gestures produced by 30 blind and 30 sighted children learning Turkish, equally divided into 3 age groups: 5?6, 7?8, 9?10 years. The children were asked to describe three-dimensional spatial event scenes (e.g., running out of a house) first with speech, and then without speech using only their hands. We focused on physical motion events, which, in blind adults, elicit cross-linguistic differences in speech and co-speech gesture, but cross-linguistic similarities in silent gesture. Our results showed an effect of language on gesture when it was accompanied by speech (co-speech gesture), but not when it was used without speech (silent gesture) across both blind and sighted learners. The language-specific co-speech gesture pattern for both packaging and ordering semantic elements was present at the earliest ages we tested the blind and sighted children. The silent gesture pattern appeared later for blind children than sighted children for both packaging and ordering. Our findings highlight gesture as a robust and integral aspect of the language acquisition process at the early ages and provide insight into when language does and does not have an effect on gesture, even in blind children who lack visual access to gesture. Research Highlights: Gestures, when produced with speech (i.e., co-speech gesture), follow language-specific patterns in event representation in both blind and sighted children. Gestures, when produced without speech (i.e., silent gesture), do not follow the language-specific patterns in event representation in both blind and sighted children. Language-specific patterns in speech and co-speech gestures are observable at the same time in blind and sighted children. The cross-linguistic similarities in silent gestures begin slightly later in blind children than in sighted children. ∏ 2024 John Wiley & Sons Ltd.",Article,1,1,1,0,0,,binary,
DS_0051,Sawyer H.; Bannard C.; Pine J.,Gradually increasing context-sensitivity shapes the development of children's verb marking: A corpus study,2024,Developmental Science,27,6,e13543,,,,https://doi.org/10.1111/desc.13543,"There is substantial evidence that children's apparent omission of grammatical morphemes in utterances such as ?She play tennis? and ?Mummy eating? is in fact errors of commission in which contextually licensed unmarked forms encountered in the input are reproduced in a context-blind fashion. So how do children stop making such errors? In this study, we test the assumption that children's ability to recover from error is related to their developing sensitivity to longer-range dependencies. We use a pre-registered corpus analysis to explore the predictive value of different cues with regards to children's verb-marking errors and observe a developmental pattern consistent with this account. We look at context-independent cues (the identity of the specific verb being used) and at the relative value of context-dependent cues (the identity of the specific subject+verb sequence being used). We find that the only consistent effect across a group of 2- to 3-year-olds and a group of 3- to 4-year-olds is the relative frequency of unmarked forms of specific subject+verb sequences being used. The relative frequency of unmarked forms of the verb alone is predictive only in the younger age group. This is consistent with an account in which children recover from making errors by becoming progressively more sensitive to context, at first the immediately preceding lexical contexts (e.g., the subject that precedes the verb) and eventually more distant grammatical markers (e.g., the fronted auxiliary that precedes the subject in questions). Research Highlights: We provide a corpus analysis investigating input effects on young children's verb-marking errors (e.g., Mummy go) across development (between 2 and 4 years of age). We find evidence that these apparent errors of omission are in fact input-driven errors of commission that persist into the third year of life. We compare the relative effect on error rates of context-independent (e.g., verb) and context-dependent (e.g., subject+verb sequence) cues across developmental time. Our findings support the proposal that children recover from making verb-marking errors by becoming progressively more sensitive to preceding context. ∏ 2024 The Author(s). Developmental Science published by John Wiley & Sons Ltd.",Article,1,1,1,1,0,,binary,
DS_0052,Ramamurthy M.; White A.L.; Yeatman J.D.,Children with dyslexia show no deficit in exogenous spatial attention but show differences in visual encoding,2024,Developmental Science,27,3,e13458,,,,https://doi.org/10.1111/desc.13458,"In the search for mechanisms that contribute to dyslexia, the term ?attention? has been invoked to explain performance in a variety of tasks, creating confusion since all tasks do, indeed, demand ?attention.? Many studies lack an experimental manipulation of attention that would be necessary to determine its influence on task performance. Nonetheless, an emerging view is that children with dyslexia have an impairment in the exogenous (automatic/reflexive) orienting of spatial attention. Here we investigated the link between exogenous attention and reading ability by presenting exogenous spatial cues in the multi-letter processing task?a task relevant for reading. The task was gamified and administered online to a large sample of children (Nˇ=ˇ187) between 6 and 17 years. Children with dyslexia performed worse overall at rapidly recognizing and reporting strings of letters. However, we found no evidence for a difference in the utilization of exogenous spatial cues, resolving two decades of ambiguity in the field. Previous studies that claimed otherwise may have failed to distinguish attention effects from overall task performance or found spurious group differences in small samples. Research Highlights: We manipulated exogenous visual spatial attention using pre-cues in a task that is relevant for reading and we see robust task effects of exogenous attention. We found no evidence for a deficit in utilizing exogenous spatial pre-cues in children with dyslexia. However, children with dyslexia showed reduced recognition ability for all letter positions. Children with dyslexia were just as likely to make letter transposition errors as typical readers. ∏ 2023 John Wiley & Sons Ltd.",Article,1,1,0,0,1,1,dprime; proportions; differences,
DS_0053,Stanaland A.; Gaither S.; Gassman-Pines A.; Galvez-Cepeda D.; Cimpian A.,Adolescent boys? aggressive responses to perceived threats to their gender typicality,2024,Developmental Science,27,6,e13544,,,,https://doi.org/10.1111/desc.13544,"When adult men are made to feel gender-atypical, they often lash out with aggression, particularly when they are pressured (vs. autonomously motivated) to be gender-typical. Here, we examined the development of this phenomenon. Specifically, we provided a first experimental test of whether threatening adolescent boys? perceived gender typicality elicits aggression as a function of their pressured (vs. autonomous) motivation to be gender-typical. We also investigated whether this causal link emerges as a function of boys? chronological age versus pubertal development. Participants were a geographically diverse sample of 207 adolescent US boys (ages 10?14; 23.2% boys of color) and one of their parents. Boys played a ?game? and received randomly-assigned feedback that their score was atypical versus typical of their gender. For boys in mid-to-late puberty (but not before), feedback that they are gender-atypical predicted an aggressive reaction, particularly among boys whose motivation to be gender-typical was pressured (vs. autonomous). Next, we explored which aspects of boys? social environments predicted their pressured motivation to be gender-typical. Boys? pressured motivation was positively correlated with their perceptions that their parents and peers would be ?upset? if they deviated from gender norms, as well as with their parents? endorsement of so-called hegemonic beliefs about masculinity (i.e., that men should hold power over women). Parents with these beliefs resided in more conservative areas, had less formal education, and had lower incomes. Our results inform theorizing on gender identity development and lay the foundation for mitigating the harmful effects of gender typicality threat among adult men. Research Highlights: Similar to young adult men, adolescent boys in mid-to-late puberty (but not before) responded with aggression to perceived threats to their gender typicality. Aggression was heightened among boys whose motivation to be gender-typical was pressured (i.e., driven by social expectations) rather than autonomous. Which boys showed pressured motivation? Those whose parents endorsed hegemonic beliefs about masculinity (e.g., that men should have more power than people of other genders). Hegemonic beliefs about masculinity were strongest among parents who resided in more conservative US counties, had less formal education, and had lower incomes. ∏ 2024 John Wiley & Sons Ltd.",Article,1,1,0,0,1,1,proportions,
DS_0054,Yang R.; Gu Y.; Cui L.; Li X.; Way N.; Yoshikawa H.; Chen X.; Okazaki S.; Zhang G.; Liang Z.; Waters T.E.A.,A cognitive script perspective on how early caregiving experiences inform adolescent peer relationships and loneliness: A 14-year longitudinal study of Chinese families,2024,Developmental Science,27,6,e13522,,,,https://doi.org/10.1111/desc.13522,"Leveraging data from a longitudinal study of Chinese families (nˇ=ˇ364), this research aims to understand the role of secure base script knowledge as a cognitive mechanism by which early caregiving experiences inform adolescents? friendship quality and feelings of loneliness. Results showed that observed maternal sensitivity at 14 and 24 months old was negatively associated with adolescents? self-reported conflicts with close friends (?ˇ=ˇ?0.17, pˇ=ˇ0.044) at 15 years old, and this association was partially mediated by their secure base script knowledge assessed at 10 years old. Further, secure base script knowledge moderated the link between adolescents? friend conflict and feelings of loneliness (?ˇ=ˇ?0.15, pˇ=ˇ0.037). The results support a cognitive script perspective on the association between early caregiving experiences and later socio-emotional adjustment. Furthermore, this study adds to the developmental literature that has previously focused on more stringent and authoritarian aspects of parenting in Chinese families, thereby contributing to our understanding of how sensitive and supportive parenting practices contribute to socio-emotional development outside of Western contexts. Research Highlights: Maternal sensitivity during infancy and toddlerhood has a long-term association with adolescents? friendship quality and adolescents' secure base script partially explains the association. First evidence to demonstrate that the secure base script in attachment relationships mediates the association between early maternal caregiving and socio-emotional development in Chinese adolescents. Adolescents lacking secure base script knowledge are particularly vulnerable to feelings of loneliness when facing high levels of conflict in close friendships. ∏ 2024 John Wiley & Sons Ltd.",Article,1,1,0,0,1,1,sum scores,
DS_0055,Marks R.A.; Pollack C.; Meisler S.L.; D'Mello A.M.; Centanni T.M.; Romeo R.R.; Wade K.; Matejko A.A.; Ansari D.; Gabrieli J.D.E.; Christodoulou J.A.,Neurocognitive mechanisms of co-occurring math difficulties in dyslexia: Differences in executive function and visuospatial processing,2024,Developmental Science,27,2,e13443,,,,https://doi.org/10.1111/desc.13443,"Children with dyslexia frequently also struggle with math. However, studies of reading disability (RD) rarely assess math skill, and the neurocognitive mechanisms underlying co-occurring reading and math disability (RD+MD) are not clear. The current study aimed to identify behavioral and neurocognitive factors associated with co-occurring MD among 86 children with RD. Within this sample, 43% had co-occurring RD+MD and 22% demonstrated a possible vulnerability in math, while 35% had no math difficulties (RD-Only). We investigated whether RD-Only and RD+MD students differed behaviorally in their phonological awareness, reading skills, or executive functions, as well as in the brain mechanisms underlying word reading and visuospatial working memory using functional magnetic resonance imaging (fMRI). The RD+MD group did not differ from RD-Only on behavioral or brain measures of phonological awareness related to speech or print. However, the RD+MD group demonstrated significantly worse working memory and processing speed performance than the RD-Only group. The RD+MD group also exhibited reduced brain activations for visuospatial working memory relative to RD-Only. Exploratory brain-behavior correlations along a broad spectrum of math ability revealed that stronger math skills were associated with greater activation in bilateral visual cortex. These converging neuro-behavioral findings suggest that poor executive functions in general, including differences in visuospatial working memory, are specifically associated with co-occurring MD in the context of RD. Research Highlights: Children with reading disabilities (RD) frequently have a co-occurring math disability (MD), but the mechanisms behind this high comorbidity are not well understood. We examined differences in phonological awareness, reading skills, and executive function between children with RD only versus co-occurring RD+MD using behavioral and fMRI measures. Children with RD only versus RD+MD did not differ in their phonological processing, either behaviorally or in the brain. RD+MD was associated with additional behavioral difficulties in working memory, and reduced visual cortex activation during a visuospatial working memory task. ∏ 2023 The Authors. Developmental Science published by John Wiley & Sons Ltd.",Article,1,0,,,,,,
DS_0056,Hoyniak C.P.; Whalen D.J.; Luby J.L.; Barch D.M.; Miller J.P.; Zhao P.; Triplett R.L.; Ju Y.-E.; Smyser C.D.; Warner B.; Rogers C.E.; Herzog E.D.; England S.K.,"Sleep and circadian rhythms during pregnancy, social disadvantage, and alterations in brain development in neonates",2024,Developmental Science,27,3,e13456,,,,https://doi.org/10.1111/desc.13456,"Pregnant women in poverty may be especially likely to experience sleep and circadian rhythm disturbances, which may have downstream effects on fetal neurodevelopment. However, the associations between sleep and circadian rhythm disturbances, social disadvantage during pregnancy, and neonatal brain structure remains poorly understood. The current study explored the association between maternal sleep and circadian rhythm disturbances during pregnancy and neonatal brain outcomes, examining sleep and circadian rhythm disturbances as a mediator of the effect of social disadvantage during pregnancy on infant structural brain outcomes. The study included 148 mother-infant dyads, recruited during early pregnancy, who had both actigraphy and neuroimaging data. Mothers? sleep was assessed throughout their pregnancy using actigraphy, and neonates underwent brain magnetic resonance imaging in the first weeks of life. Neonatal structural brain outcomes included cortical gray matter, subcortical gray matter, and white matter volumes along with a measure of the total surface area of the cortex. Neonates of mothers who experienced greater inter-daily deviations in sleep duration had smaller total cortical gray and white matter volumes and reduced cortical surface areas. Neonates of mothers who had higher levels of circadian misalignment and later sleep timing during pregnancy showed smaller subcortical gray matter volumes. Inter-daily deviations in sleep duration during pregnancy mediated the association between maternal social disadvantage and neonatal structural brain outcomes. Findings highlight the importance of regularity and rhythmicity in sleep schedules during pregnancy and bring to light the role of chronodisruption as a potential mechanism underlying the deleterious neurodevelopmental effects of prenatal adversity. Research Highlights: Social disadvantage was associated with sleep and circadian rhythm disturbances during pregnancy, including later sleep schedules, increased variability in sleep duration, circadian misalignment, and a higher proportion of the sleep period spent awake. Maternal sleep and circadian rhythm disturbances during pregnancy were associated with decreased brain volume and reduced cortical surface area in neonates. Maternal inter-daily deviations in sleep duration during pregnancy mediated the association between social disadvantage and neonatal brain volume and cortical surface area. ∏ 2023 John Wiley & Sons Ltd.",Article,1,0,,,,,,
DS_0057,Woo B.M.; Liu S.; Spelke E.S.,Infants rationally infer the goals of other people's reaches in the absence of first-person experience with reaching actions,2024,Developmental Science,27,3,e13453,,,,https://doi.org/10.1111/desc.13453,"Does knowledge of other people's minds grow from concrete experience to abstract concepts? Cognitive scientists have hypothesized that infants? first-person experience, acting on their own goals, leads them to understand others? actions and goals. Indeed, classic developmental research suggests that before infants reach for objects, they do not see others? reaches as goal-directed. In five experiments (Nˇ=ˇ117), we test an alternative hypothesis: Young infants view reaching as undertaken for a purpose but are open-minded about the specific goals that reaching actions are aimed to achieve. We first show that 3-month-old infants, who cannot reach for objects, lack the expectation that observed acts of reaching will be directed to objects rather than to places. Infants at the same age learned rapidly, however, that a specific agent's reaching action was directed either to an object or to a place, after seeing the agent reach for the same object regardless of where it was, or to the same place regardless of what was there. In a further experiment, 3-month-old infants did not demonstrate such inferences when they observed an actor engaging in passive movements. Thus, before infants have learned to reach and manipulate objects themselves, they infer that reaching actions are goal-directed, and they are open to learning that the goal of an action is either an object or a place. Research Highlights: In the present experiments, 3-month-old prereaching infants learned to attribute either object goals or place goals to other people's reaching actions. Prereaching infants view agents? actions as goal-directed, but do not expect these acts to be directed to specific objects, rather than to specific places. Prereaching infants are open-minded about the specific goal states that reaching actions aim to achieve. ∏ 2023 John Wiley & Sons Ltd.",Article,1,0,,,,,,
DS_0058,Kosie J.E.; Lew-Williams C.,Infant-directed communication: Examining the many dimensions of everyday caregiver-infant interactions,2024,Developmental Science,27,5,e13515,,,,https://doi.org/10.1111/desc.13515,"Everyday caregiver-infant interactions are dynamic and multidimensional. However, existing research underestimates the dimensionality of infants? experiences, often focusing on one or two communicative signals (e.g., speech alone, or speech and gesture together). Here, we introduce ?infant-directed communication? (IDC): the suite of communicative signals from caregivers to infants including speech, action, gesture, emotion, and touch. We recorded 10ˇmin of at-home play between 44 caregivers and their 18- to 24-month-old infants from predominantly white, middle-class, English-speaking families in the United States. Interactions were coded for five dimensions of IDC as well as infants? gestures and vocalizations. Most caregivers used all five dimensions of IDC throughout the interaction, and these dimensions frequently overlapped. For example, over 60% of the speech that infants heard was accompanied by one or more non-verbal communicative cues. However, we saw marked variation across caregivers in their use of IDC, likely reflecting tailored communication to the behaviors and abilities of their infant. Moreover, caregivers systematically increased the dimensionality of IDC, using more overlapping cues in response to infant gestures and vocalizations, and more IDC with infants who had smaller vocabularies. Understanding how and when caregivers use all five signals?together and separately?in interactions with infants has the potential to redefine how developmental scientists conceive of infants? communicative environments, and enhance our understanding of the relations between caregiver input and early learning. Research Highlights: Infants? everyday interactions with caregivers are dynamic and multimodal, but existing research has underestimated the multidimensionality (i.e., the diversity of simultaneously occurring communicative cues) inherent in infant-directed communication. Over 60% of the speech that infants encounter during at-home, free play interactions overlap with one or more of a variety of non-speech communicative cues. The multidimensionality of caregivers? communicative cues increases in response to infants? gestures and vocalizations, providing new information about how infants? own behaviors shape their input. These findings emphasize the importance of understanding how caregivers use a diverse set of communicative behaviors?both separately and together?during everyday interactions with infants. ∏ 2024 The Authors. Developmental Science published by John Wiley & Sons Ltd.",Article,1,0,,,,,,
DS_0059,Garcia-Sanchez N.L.; Dick A.S.; Hayes T.; Pruden S.M.,Direct and indirect effects of mother's spatial ability on child's spatial ability: What role does the home environment play?,2024,Developmental Science,27,4,e13480,,,,https://doi.org/10.1111/desc.13480,"Individual differences in spatial thinking are predictive of children's math and science achievement and later entry into Science, Technology, Engineering, and Mathematics (STEM) disciplines. Little is known about whether parent characteristics predict individual differences in children's spatial thinking. This study aims to understand whether, and to what extent, mother's intrinsic (i.e., mental rotation) and extrinsic (i.e., spatial scaling) spatial ability directly and indirectly, via the variation in home spatial environment, predicts children's intrinsic and extrinsic spatial ability. A total of 165 mothers and their 4?6-year-old children were recruited to participate in a remote video session with an experimenter. Mothers were administered a forced-choice Intrinsic Spatial Toy Preference Task gauging their preference for highly spatial versus less spatial toys and asked questions with the Home Intrinsic Spatial Environmental Questionnaire about the frequency with which they engage their child in spatial activities at home. Mothers completed a Mental Rotations Test and a Spatial Scaling Task adapted for adults. Children were administered the Picture Rotation Task, the Spatial Scaling Task, and the Peabody Picture Vocabulary Test. Structural equation modeling was used to examine direct and indirect, via home spatial environment and toy choices, influences of mother spatial ability on child spatial ability. Contrary to our predictions, we did not find direct, nor indirect, relations between mother and child spatial ability. These findings suggest that researchers should consider alternative conceptualizations of the early home spatial environment beyond the frequency of spatial play in the home. Research Highlights: The identification of factors that predict individual differences in children's spatial ability is important in order to maximize STEM learning outcomes. Data collection was conducted remotely rather than in traditional preschool or laboratory settings. Contrary to our pre-registered hypotheses, no significant relations between mother spatial ability, the early home spatial environment, and children's development of spatial skills were found. Future research should consider examining the amount of spatial language used in the home or the quality of parent?child interactions during spatial play as potential explanations for individual differences in children's spatial ability. ∏ 2024 John Wiley & Sons Ltd.",Article,1,0,,,,,,
DS_0060,Ahmed S.P.; Piera Pi-Sunyer B.; Moses-Payne M.E.; Goddings A.-L.; Speyer L.G.; Kuyken W.; Dalgleish T.; Blakemore S.-J.,The role of self-referential and social processing in the relationship between pubertal status and difficulties in mental health and emotion regulation in adolescent girls in the UK,2024,Developmental Science,27,4,e13503,,,,https://doi.org/10.1111/desc.13503,"Adolescence is marked by the onset of puberty, which is associated with an increase in mental health difficulties, particularly in girls. Social and self-referential processes also develop during this period: adolescents become more aware of others? perspectives, and judgements about themselves become less favourable. In the current study, data from 119 girls (from London, UK) aged 9?16 years were collected at two-time points (between 2019 and 2021) to investigate the relationship between puberty and difficulties in mental health and emotion regulation, as well as the role of self-referential and social processing in this relationship. Structural equation modelling showed that advanced pubertal status predicted greater mental health and emotion regulation difficulties, including depression and anxiety, rumination and overall difficulties in emotion regulation, and in mental health and behaviour. Advanced pubertal status also predicted greater perspective-taking abilities and negative self-schemas. Exploratory analyses showed that negative self-schemas mediated the relationships between puberty and rumination, overall emotion regulation difficulties, and depression (although these effects were small and would not survive correction for multiple comparisons). The results suggest that advanced pubertal status is associated with higher mental health and emotion regulation problems during adolescence and that negative self-schemas may play a role in this association. Research Highlights: This study investigates the relationship between puberty, mental health, emotion regulation difficulties, and social and self-referential processing in girls aged 9?16 years. Advanced pubertal status was associated with worse mental health and greater emotion regulation difficulties, better perspective-taking abilities and negative self-schemas. Negative self-schemas may play a role in the relationships between advanced pubertal status and depression, and advanced pubertal status and emotion regulation difficulties, including rumination. ∏ 2024 The Authors. Developmental Science published by John Wiley & Sons Ltd.",Article,1,0,,,,,,
DS_0061,McDermott C.L.; Taylor K.; Sharp S.D.S.; Lydon-Staley D.; Leonard J.A.; Mackey A.P.,Sensitivity to psychosocial influences at age 3 predicts mental health in middle childhood,2024,Developmental Science,27,5,e13531,,,,https://doi.org/10.1111/desc.13531,"Children vary in how sensitive they are to experiences, with consequences for their developmental outcomes. In the current study, we investigated how behavioral sensitivity at age 3 years predicts mental health in middle childhood. Using a novel repeated measures design, we calculated child sensitivity to multiple psychological and social influences: parent praise, parent stress, child mood, and child sleep. We conceptualized sensitivity as the strength and direction of the relationship between psychosocial influences and child behavior, operationalized as toothbrushing time, at age 3 years. When children were 5?7 years old (nˇ=ˇ60), parents reported on children's internalizing and externalizing problems. Children who were more sensitive to their parents? praise at age 3 had fewer internalizing (rˇ=ˇ?0.37, pˇ=ˇ0.016, pFDRˇ=ˇ0.042) and externalizing (rˇ=ˇ?0.35, pˇ=ˇ0.021, pFDRˇ=ˇ0.042) problems in middle childhood. Higher average parent praise also marginally predicted fewer externalizing problems (rˇ=ˇ?0.33, pˇ=ˇ0.006, pFDRˇ=ˇ0.057). Child sensitivity to mood predicted fewer internalizing (rˇ=ˇ?0.32, pˇ=ˇ0.013, pFDRˇ=ˇ0.042) and externalizing (rˇ=ˇ?0.38, pˇ=ˇ0.003, pFDRˇ=ˇ0.026) problems. By capturing variability in how children respond to daily fluctuations in their environment, we can contribute to the early prediction of mental health problems and improve access to early intervention services for children and families who need them most. Research Highlights: Children differ in how strongly their behavior depends on psychosocial factors including parent praise, child mood, child sleep, and parent stress. Children who are more sensitive to their parents? praise at age 3 have fewer internalizing and externalizing problems at age 5?7 years. Child sensitivity to mood also predicts fewer internalizing and externalizing problems. ∏ 2024 The Author(s). Developmental Science published by John Wiley & Sons Ltd.",Article,1,0,,,,,,
DS_0062,Zhang Y.; Wang Z.,The interplay of dopaminergic genotype and parent?child relationship in relation to intra-individual response time variability in preschoolers: A replication study,2024,Developmental Science,27,6,e13561,,,,https://doi.org/10.1111/desc.13561,"Intra-individual response time variability (IIRTV) during cognitive performance is increasingly recognized as an important indicator of attentional control (AC) and related brain region function. However, what determinants contribute to preschoolers? IIRTV received little attention. The present study explored the interaction of dopaminergic polygenic composite score (DPCS) and the parent?child relationship in relation to preschoolers? IIRTV. In the initial sample, 452 preschoolers (M ageˇ=ˇ5.17, SDˇ=ˇ0.92) participated in the study. The modified Flanker task was used to evaluate children's IIRTV and their parents were requested to complete the Parent?Child Relationship Scale to assess the parent?child relationship (closeness/conflict). DNA data were extracted from children's saliva samples, and a DPCS was created by the number of COMT, DAT1, and DRD2 alleles associated with lower dopamine levels. Results showed that DPCS significantly interacted with the parent?child closeness to impact preschoolers? IIRTV. Specifically, preschoolers with higher DPCS exhibited lower IIRTV under higher levels of the parent?child closeness, and greater IIRTV under lower levels of the parent?child closeness compared to those with lower DPCS, which supported the differential susceptibility theory (DST). A direct replication attempt with 280 preschoolers (M ageˇ=ˇ4.80, SDˇ=ˇ0.86) was conducted to investigate whether the results were in accordance with our exploratory outcomes. The interactive effect of DPCS and the parent?child closeness on IIRTV was confirmed. Additionally, the significant interactive effect of DPCS and the parent?child conflict on IIRTV was found in the replication study. The findings indicate that preschoolers? IIRTV, as an indicator of AC and related brain region function, is influenced by the interactions of dopaminergic genotypes and the parent?child relationship. Research Highlights: We investigated the Gene û Environment mechanism to underline the intra-individual response time variability as an indicator of attentional control (AC) in Chinese preschoolers. Dopaminergic polygenic composite score (COMT, DAT1, and DRD2) interacted with the parent?child relationship to predict preschoolers? intra-individual reaction time variability. A direct replication attempt has been conducted, and the results were in accordance with our exploratory outcomes, which increased the credibility of the present findings. The findings highlight the importance of considering precursors, including polygenic and environmental factors, which contribute to the development of early cognitive performance such as AC. ∏ 2024 John Wiley & Sons Ltd.",Article,0,,,,,,,
DS_0063,Hippe L.; Hennessy V.; Ramirez N.F.; Zhao T.C.,Comparison of speech and music input in North American infants? home environment over the first 2 years of life,2024,Developmental Science,27,5,e13528,,,,https://doi.org/10.1111/desc.13528,"Infants are immersed in a world of sounds from the moment their auditory system becomes functional, and experience with the auditory world shapes how their brain processes sounds in their environment. Across cultures, speech and music are two dominant auditory signals in infants? daily lives. Decades of research have repeatedly shown that both quantity and quality of speech input play critical roles in infant language development. Less is known about the music input infants receive in their environment. This study is the first to compare music input to speech input across infancy by analyzing a longitudinal dataset of daylong audio recordings collected in English-learning infants? home environments, at 6, 10, 14, 18, and 24 months of age. Using a crowdsourcing approach, 643 naãve listeners annotated 12,000 short snippets (10 s) randomly sampled from the recordings using Zooniverse, an online citizen-science platform. Results show that infants overall receive significantly more speech input than music input and the gap widens as the infants get older. At every age point, infants were exposed to more music from an electronic device than an in-person source; this pattern was reversed for speech. The percentage of input intended for infants remained the same over time for music while that percentage significantly increased for speech. We propose possible explanations for the limited music input compared to speech input observed in the present (North American) dataset and discuss future directions. We also discuss the opportunities and caveats in using a crowdsourcing approach to analyze large audio datasets. A video abstract of this article can be viewed at https://youtu.be/lFj_sEaBMN4. Research Highlights: This study is the first to compare music input to speech input in infants? natural home environment across infancy. We utilized a crowdsourcing approach to annotate a longitudinal dataset of daylong audio recordings collected in North American home environments. Our main results show that infants overall receive significantly more speech input than music input. This gap widens as the infants get older. Our results also showed that the music input was largely from electronic devices and not intended for the infants, a pattern opposite to speech input. ∏ 2024 John Wiley & Sons Ltd.",Article,1,1,0,0,1,1,binary,
DS_0064,Hagihara H.; Ishibashi M.; Moriguchi Y.; Shinya Y.,Large-scale data decipher children's scale errors: A meta-analytic approach using the zero-inflated Poisson models,2024,Developmental Science,27,4,e13499,,,,https://doi.org/10.1111/desc.13499,"Scale errors are intriguing phenomena in which a child tries to perform an object-specific action on a tiny object. Several viewpoints explaining the developmental mechanisms underlying scale errors exist; however, there is no unified account of how different factors interact and affect scale errors, and the statistical approaches used in the previous research do not adequately capture the structure of the data. By conducting a secondary analysis of aggregated datasets across nine different studies (nˇ=ˇ528) and using more appropriate statistical methods, this study provides a more accurate description of the development of scale errors. We implemented the zero-inflated Poisson (ZIP) regression that could directly handle the count data with a stack of zero observations and regarded developmental indices as continuous variables. The results suggested that the developmental trend of scale errors was well documented by an inverted U-shaped curve rather than a simple linear function, although nonlinearity captured different aspects of the scale errors between the laboratory and classroom data. We also found that repeated experiences with scale error tasks reduced the number of scale errors, whereas girls made more scale errors than boys. Furthermore, a model comparison approach revealed that predicate vocabulary size (e.g., adjectives or verbs), predicted developmental changes in scale errors better than noun vocabulary size, particularly in terms of the presence or absence of scale errors. The application of the ZIP model enables researchers to discern how different factors affect scale error production, thereby providing new insights into demystifying the mechanisms underlying these phenomena. A video abstract of this article can be viewed at https://youtu.be/1v1U6CjDZ1Q. Research Highlights: We fit a large dataset by aggregating the existing scale error data to the zero?inflated Poisson (ZIP) model. Scale errors peaked along the different developmental indices, but the underlying statistical structure differed between the in-lab and classroom datasets. Repeated experiences with scale error tasks and the children's gender affected the number of scale errors produced per session. Predicate vocabulary size (e.g., adjectives or verbs) better predicts developmental changes in scale errors than noun vocabulary size. ∏ 2024 The Authors. Developmental Science published by John Wiley & Sons Ltd.",Article,1,0,,,,,,
DS_0065,Benton D.T.; Kamper D.; Beaton R.M.; Sobel D.M.,Don't throw the associative baby out with the Bayesian bathwater: Children are more associative when reasoning retrospectively under information processing demands,2024,Developmental Science,27,3,e13464,,,,https://doi.org/10.1111/desc.13464,"Causal reasoning is a fundamental cognitive ability that enables individualsˇto learn about the complex interactions in the world around them. However, the mechanisms that underpin causal reasoning are not well understood. For example, it remains unresolved whether children's causal inferences are best explained by Bayesian inference or associative learning. The two experiments and computational models reported here were designed to examine whether 5- and 6-year-olds will retrospectively reevaluate objects?that is, adjust their beliefs about the causal status of some objects presented at an earlier point in time based on the observed causal status of other objects presented at a later point in time?when asked to reason about 3 and 4 objects and under varying degrees of information processing demands. Additionally, the experiments and models were designed to determine whether children's retrospective reevaluations were best explained by associative learning, Bayesian inference, or some combination of both. The results indicated that participants retrospectively reevaluated causal inferences under minimal information-processing demands (Experiment 1) but failed to do so under greater information processing demands (Experiment 2) and that their performance was better captured by an associative learning mechanism, with less support for descriptions that rely on Bayesian inference. Research Highlights: Five- and 6-year-old children engage in retrospective reevaluation under minimal information-processing demands (Experiment 1). Five- and 6-year-old children do not engage in retrospective reevaluation under more extensive information-processing demands (Experiment 2). Across both experiments, children's retrospective reevaluations were better explained by a simple associative learning model, with only minimal support for a simple Bayesian model. These data contribute to our understanding of the cognitive mechanisms by which children make causal judgements. ∏ 2023 John Wiley & Sons Ltd.",Article,1,1,1,1,0,,binary,
JEPG_0001,Yehuda M.B.; Murphy R.A.; Le Pelley M.E.; Navarro D.J.; Yeung N.,Confidence Regulates Feedback Processing During Human Probabilistic Learning,2024,Journal of Experimental Psychology: General,154,1,,80,95,15,https://doi.org/10.1037/xge0001669,"Uncertainty presents a key challenge when learning how best to act to attain a desired outcome. People can report uncertainty in the form of confidence judgments, but how such judgments contribute to learning and subsequent decisions remains unclear. In a series of three experiments employing an operant learning task, we tested the hypothesis that confidence plays a central role in learning by regulating resource allocation to the seeking and processing of feedback. We predicted that, as participants? confidence in their task knowledge grew, they would discount feedback when it was provided and be correspondingly less willing to pay for it when it was costly. Consistent with these predictions, we found that higher confidence was associated with reduced electrophysiological markers of feedback processing and decreased updating of beliefs following feedback receipt. Bayesian modeling suggests that this decrease in processing was due to a drop in the expected informative value of novel information when participants were highly confident. Thus, when choosing whether to pay a fee to receive further feedback, participants? subjective confidence, rather than the objective accuracy of their decisions, guided their choices. Overall, our results suggest that confidence regulates learning and subsequent decision making. ∏ 2024 The Author(s)",Article,1,1,0,0,1,1,amplitude; binary (proportion); ,"mi sembra facciano l'anova, e poi usano dei modelli per predire il comportamento ma mi sembra che non fittino i dati"
JEPG_0002,Strueder J.D.; Windschitl P.D.,Combining Forecasts From Advisors: The Impact of Advice Independence and Verbal Versus Numeric Format,2024,Journal of Experimental Psychology: General,153,8,,2088,2099,11,https://doi.org/10.1037/xge0001611,"Past research on advice-taking has suggested that people are often insensitive to the level of advice independence when combining forecasts from advisors. However, this has primarily been tested for cases in which people receive numeric forecasts. Recent work by Mislavsky and Gaertig (2022) shows that people sometimes employ different strategies when combining verbal versus numeric forecasts about the likelihood of future events. Specifically, likelihood judgments based on two verbal forecasts (e.g., ?rather likely?) are more often extreme (relative to the forecasts) than are likelihood judgments based on two numeric forecasts (e.g., ?70% probability?). The goal of the present research was to investigate whether advice-takers? use of combination strategies can be sensitive to advice independence when differences in independence are highly salient and whether sensitivity to advice independence depends on the format in which advice is given. In two studies, we found that advice-takers became more extreme with their own likelihood estimate when combining forecasts from advisors who use separate evidence, as opposed to the same evidence. We also found that two verbal forecasts generally resulted in more extreme combined likelihood estimates than two numeric forecasts. However, the results did not suggest that sensitivity to advice independence depends on the format of advice. ∏ 2024 American Psychological Association",Article,1,1,1,1,1,1,binary; difference scores,controllare likelihood adj
JEPG_0003,Schotter E.R.; Stringer C.; Saunders E.; Cooley F.G.; Sinclair G.; Emmorey K.,The role of perceptual and word identification spans in reading efficiency: Evidence from hearing and deaf readers,2024,Journal of experimental psychology. General,153,10,,2359,2377,18,https://doi.org/10.1037/xge0001633,"Theories of reading posit that decisions about ""where"" and ""when"" to move the eyes are driven by visual and linguistic factors, extracted from the perceptual span and word identification span, respectively. We tested this hypothesized dissociation by masking, outside of a visible window, either the spaces between the words (to assess the perceptual span, Experiment 1) or the letters within the words (to assess the word identification span, Experiment 2). We also investigated whether deaf readers' previously reported larger reading span was specifically linked to one of these spans. We analyzed reading rate to test overall reading efficiency, as well as average saccade length to test ""where"" decisions and average fixation duration to test ""when"" decisions. Both hearing and deaf readers' perceptual spans extended between 10 and 14 characters, and their word identification spans extended to eight characters to the right of fixation. Despite similar sized rightward spans, deaf readers read more efficiently overall and showed a larger increase in reading rate when leftward text was available, suggesting they attend more to leftward information. Neither rightward span was specifically related to where or when decisions for either group. Our results challenge the assumed dissociation between type of reading span and type of saccade decision and indicate that reading efficiency requires access to both perceptual and linguistic information in the parafovea. (PsycInfo Database Record (c) 2024 APA, all rights reserved).",Article,1,1,1,0,1,1,rate; times; count,"trattano bene i count espliciatando familiy e poi sbagliano con i tempi, con i rate non so se sbaglino perchÇ la distibuzione dovrebbe essere una normale con bound"
JEPG_0004,Atwood S.; Gibson D.J.; Ram°rez S.B.; Olson K.R.,Flexibility in Continuous Judgments of Gender/Sex and Race,2024,Journal of Experimental Psychology: General,153,12,,2931,2950,19,https://doi.org/10.1037/xge0001512,"Across six preregistered studies (N = 1,292; recruited from university subject pools and Prolific Academic), we investigate how face perception along the dimensions of gender/sex and race can vary based on immediate contextual information as well as personal experience. In Studies 1a and 1b, we find that when placing stimuli along a continuum from male to female, cisgender participants sort prototypical gender/sex faces in a bimodal fashion and show less consensus and greater error when placing faces of intermediate gender/sex. We replicate and extend these findings to race in Study 2. In Study 3, we test whether sorting patterns can be influenced by preexisting experiences, and find evidence that transgender/nonbinary participants show less error than cisgender heterosexual participants when sorting intermediary faces. Finally, in Studies 4 and 5, we test whether cisgender participants? judgments of intermediary faces along the continuum are influenced by the specific circumstances under which they are asked to sort. Here, we find that changing the sorting framework to include a third category resulted in less error when placing intermediary faces along the continuum than when participants were provided with only two category labels or two categories and a line at the midpoint, suggesting that new perceptual categories introduced with minimal training can be adopted quickly and successfully in a perceptual task. These data suggest that both long-term life experiences and quick experimental interventions can shape how we think about gender/sex and race. ∏ 2024 American Psychological Association",Article,1,1,0,0,1,1,times; difference scores (slider),"nel supplementary: Model: latency ~ androgyny_level*response_window*participant_group +
(androgyny_level*response_window | subjectID) + (1|face_pair)"
JEPG_0005,Cusimano C.; Zorrilla N.; Danks D.; Lombrozo T.,"Psychological Freedom, Rationality, and the Naive Theory of Reasoning",2024,Journal of Experimental Psychology: General,153,3,,837,863,26,https://doi.org/10.1037/xge0001540,"To make sense of the social world, people reason about others? mental states, including whether and in what ways others can form new mental states. We propose that people?s judgments concerning the dynamics of mental state change invoke a ?naive theory of reasoning.? On this theory, people conceptualize reasoning as a rational, semi-autonomous process that individuals can leverage, but not override, to form new rational mental states. Across six experiments, we show that this account of people?s naive theory of reasoning predicts judgments about others? ability to form rational and irrational beliefs, desires, and intentions, as well as others? ability to act rationally and irrationally. This account predicts when, and explains why, people judge others as psychologically constrained by coercion and other forms of situational pressure. ∏ 2024 American Psychological Association",Article,1,1,0,0,1,1,ordinal,
JEPG_0006,Mart°nez E.; Mollica F.; Gibson E.,So Much for Plain Language: An Analysis of the Accessibility of U.S. Federal Laws Over Time,2024,Journal of Experimental Psychology: General,153,5,,1153,1164,11,https://doi.org/10.1037/xge0001572,"Over the last 50 years, there have been efforts on behalf of the U.S. government to simplify legal documents for society at large. However, there has been no systematic evaluation of how effective these efforts? collectively referred to as the ?plain-language movement??have been. Here we report the results of a large-scale longitudinal corpus analysis (n ? 225 million words), in which we compared every law passed by congress with a comparably sized sample of English texts from four different baseline genres published during approximately the same time period. We also compared the entirety of the U.S. Code (the official compilation of all federal legislation currently in force) with a large sample of recently published texts from six baseline genres of English. We found that laws remain laden with features associated with psycholinguistic complexity?including center-embedding, passive voice, low-frequency jargon, capitalization, and sentence length?relative to the baseline genres of English, and that the prevalence of most of these features has not meaningfully declined since the initial onset of the plain-language efforts. These findings suggest top-down efforts to simplify legal texts have thus far remained largely ineffectual, despite the apparent tractability of these changes, and call into question the coherence and legitimacy of legal doctrines whose validity rests on the notion of laws being easily interpretable by laypeople. ∏ 2024 American Psychological Association",Article,1,1,1,1,0,0,frequency (count) ;binary,controllare
JEPG_0007,Swire-Thompson B.; Kilgallen K.; Dobbs M.; Bodenger J.; Wihbey J.; Johnson S.,Discrediting Health Disinformation Sources: Advantages of Highlighting Low Expertise,2024,Journal of Experimental Psychology: General,153,9,,2299,2313,14,https://doi.org/10.1037/xge0001627,"Disinformation is false information spread intentionally, and it is particularly harmful for public health. We conducted three preregistered experiments (N = 1,568) investigating how to discredit dubious health sources and disinformation attributed to them. Experiments 1 and 2 used cancer information and recruited representative U.S. samples. Participants read a vignette about a seemingly reputable source and rated their credibility. Participants were randomly assigned to a control condition or interventions that (a) corrected the source?s disinformation, (b) highlighted the source?s low expertise, or (c) corrected disinformation and highlighted low expertise (Experiment 2). Next, participants rated their belief in the source?s disinformation claims and rerated their credibility. We found that highlighting low expertise was equivalent to (or more effective than) other interventions for reducing belief in disinformation. Highlighting low expertise was also more effective than correcting disinformation for reducing source credibility, although combining it with correcting disinformation outperformed low expertise alone (Experiment 2). Experiment 3 extended this paradigm to vaccine information in vaccinated and unvaccinated subgroups. A conflict-of-interest intervention and 1 week retention interval were also added. Highlighting low expertise was the most effective intervention in both vaccinated and unvaccinated participants for reducing belief in disinformation and source credibility. It was also the only condition where belief change was sustained over 1 week, but only in the vaccinated subgroup. In sum, highlighting a source?s lack of expertise is a promising option for fact-checkers and health practitioners to reduce belief in disinformation and perceived credibility. ∏ 2024 The Author(s)",Article,1,1,0,0,1,1,sum scores (ordinal),
JEPG_0008,Bailey A.H.; Dembroff R.; Wodak D.; Ikizer E.G.; Cimpian A.,People?s Beliefs About Pronouns Reflect Both the Language They Speak and Their Ideologies,2024,Journal of Experimental Psychology: General,153,5,,1388,1406,18,https://doi.org/10.1037/xge0001565,"Pronouns often convey information about a person?s social identity (e.g., gender). Consequently, pronouns have become a focal point in academic and public debates about whether pronouns should be changed to be more inclusive, such as for people whose identities do not fit current pronoun conventions (e.g., gender nonbinary individuals). Here, we make an empirical contribution to these debates by investigating which social identities lay speakers think that pronouns should encode (if any) and why. Across four studies, participants were asked to evaluate different types of real and hypothetical pronouns, including binary gender pronouns, race pronouns, and identity-neutral pronouns. We sampled speakers of two languages with different pronoun systems: English (N = 1,120) and Turkish (N = 260). English pronouns commonly denote binary gender (e.g., ?he? for men), whereas Turkish pronouns are identity-neutral (e.g., ?o? for anyone). Participants? reasoning about pronouns reflected both a familiarity preference (i.e., participants preferred the pronoun type used in their language) and?critically?participants? social ideologies. In both language contexts, participants? ideological beliefs that social groups are inherently distinct (essentialism) and should be hierarchal (social dominance orientation) predicted relatively greater endorsement of binary gender pronouns and race pronouns. A preregistered experimental study with an English-speaking sample showed that the relationship between ideology and pronoun endorsement is causal: Ideologies shape attitudes toward pronouns. Together, the present research contributes to linguistic and psychological theories concerning how people reason about language and informs policy-relevant questions about whether and how to implement language changes for social purposes. ∏ 2024 American Psychological Association",Article,1,1,0,0,1,1,sum scores (ordinal),ma hanno standardazzinato la DV?
JEPG_0009,Flanagan T.; Zhao X.; Xu F.; Kushnir T.,Is It Personal or Is It Social? The Interaction of Knowledge Domain and Statistical Evidence in U.S. and Chinese Preschoolers? Social Generalizations,2024,Journal of Experimental Psychology: General,153,7,,1887,1903,16,https://doi.org/10.1037/xge0001605,"Children make inferences about the social world by observing human actions. However, human actions can be ambiguous: They can be sources of information about personal, idiosyncratic characteristics of individuals or socially shared knowledge. In two cross-cultural studies (N = 420; Mage = 4.05 years, SD =0.77, 47% female), we ask if U.S. and Chinese children?s inferences about whether an action is personal or social vary by domain, statistical evidence, and culture. We did this with a generalization method: Preschoolers learn about one agent?s actions and then are asked what they think a new agent will do. Low rates of generalization suggest children inferred something unique to an individual, while high rates suggest that children inferred that the action represented socially shared knowledge. In a mixed between- and within-participant design, children observed agents demonstrate sequences of statistically random (or nonrandom, between participants) actions that were verbally framed as relevant to a particular domain (agent?s personal preferences, labels, object functions, or game rules). We found that children?s social generalizations about actions were on a continuum: with linguistic conventions (e.g., labels) being the most social, preferences being the most personal, and nonlinguistic conventions (i.e., object functions, game rules) falling somewhere in between. Furthermore, the influence of statistical evidence and cultural variation varied for each domain. These findings highlight how children combine knowledge and evidence to infer social meaning from actions and have implications for rational constructivist accounts of cultural learning. ∏ 2024 American Psychological Association",Article,1,1,1,0,0,0,binary,binomial?
JEPG_0010,Bustos B.; Mordkoff J.T.; Hazeltine E.; Jiang J.,Task Switch Costs Scale With Dissimilarity Between Task Rules,2024,Journal of Experimental Psychology: General,153,7,,1873,1886,13,https://doi.org/10.1037/xge0001598,"Cognitive flexibility enables humans to voluntarily switch tasks. Task switching requires replacing the previously active task representation with a new one, an operation that typically results in a switch cost. Thus, understanding cognitive flexibility requires understanding how tasks are represented in the brain. We hypothesize that task representations are cognitive map-like, such that the magnitude of the difference between task representations reflects their conceptual differences: The greater the distinction between the two task representations, the more updating is required. This hypothesis predicts that switch costs should increase with between task dissimilarity. To test this hypothesis, we use an experimental design that parametrically manipulates the similarity between task rules.We observe that response time scales with the dissimilarity between the task rules. The findings shed light on the organizational principles of task representations and extend the conventional binary task-switch effect (task repeat vs. switch) to a theoretical framework with parametric task switches. ∏ 2024 American Psychological Association",Article,1,1,0,0,1,1,times;binary (proportions),
JEPG_0011,Ragland K.P.; Sommers S.R.,Can I See Myself There? How Black Potential Applicants Use Diversity Cues to Learn About Graduate Program Climate,2024,Journal of Experimental Psychology: General,153,11,,2742,2750,8,https://doi.org/10.1037/xge0001571,"In academia, showcasing diversity, equity, and inclusion (DEI) values has become increasingly prominent in efforts to recruit students and faculty with marginalized identities, yet little work has examined the empirical effects that such DEI practices and identity safety cues have on the perceptions of these institutions. In the present study, we examine the contextual factors that shape how Black science, technology, engineering, and mathematics (STEM) students learn and draw inferences about diversity and cultural climate in the graduate programs to which they consider applying. A sample of 217 Black participants with background in a STEM discipline viewed a mock academic department website which presented varied combinations of expressed diversity cues (diversity vs. neutral mission statement) and/or evidence-based diversity cues (racially diverse vs. all-White faculty). Participants reported perceptions of the department?s DEI culture, their own perceived fit within the program, and belief of future personal success within that institution. Results indicated a significant main effect of evidence-based cue, in the form of faculty diversity, on all examined outcomes, with Black participants more positively assessing a program exhibiting this cue. An expressed cue, in the form of diversity statement, did not have significant effects. These results indicate that in higher education, as in other settings, evidence-based cues may be more effective means to cue identity safety. This study provides a foundation for future research to help guide efforts of academic programs seeking to create a welcoming and supportive climate for all potential applicants. ∏ 2024 American Psychological Association",Article,1,1,0,0,1,0,sum scores (ordinal),
JEPG_0012,Bernhard R.M.; Cushman F.; Cameron A.; Phillips J.,The Neural Instantiation of Spontaneous Counterfactual Thought,2024,Journal of Experimental Psychology: General,154,1,,96,110,14,https://doi.org/10.1037/xge0001676,"Many of the most interesting cognitive feats that humans perform require us to consider not just the things that actually occur but also alternative possibilities. We often do this explicitly (e.g., when imagining precisely how a first date could have gone better), but other times we do it spontaneously and implicitly (e.g., when thinking, ?I have to catch this bus,? implying bad alternatives if the bus is not caught). A growing body of research has identified a core set of neural processes involved in explicit, episodic counterfactual thinking. Little is known, however, about the processes supporting the spontaneous, possibly implicit representation of alternatives. To make progress on this question, we induced participants to spontaneously generate counterfactual alternatives by asking them to judge whether agents were forced to make a particular choice or chose freely?a judgment that implicitly depends on their alternative options. Using functional magnetic resonance imaging, we found 14 clusters that were preferentially engaged when participants were making force judgments (which elicit the spontaneous consideration of alternatives) compared to judgments of what actually occurred (which do not elicit alternatives). These clusters were widely distributed throughout the brain, including in the bilateral prefrontal cortex, bilateral inferior parietal lobule, bilateral middle and inferior temporal gyri, bilateral posterior cingulate, and bilateral caudate. In many of these regions, we additionally show that variability in the neural signal correlates with trial-by-trial variability in participants? force judgments. Our findings provide a first characterization of the neural substrates of the spontaneous representation of counterfactual alternatives. ∏ 2024 American Psychological Association",Article,1,0,,,,,,
JEPG_0013,Bhatia S.,Exploring Variability in Risk Taking With Large Language Models,2024,Journal of Experimental Psychology: General,153,7,,1838,1860,22,https://doi.org/10.1037/xge0001607,"What are the sources of individual-level differences in risk taking, and how do they depend on the domain or situation in which the decision is being made? Psychologists currently answer such questions with psychometric methods, which analyze correlations across participant responses in survey data sets. In this article, we analyze the preferences that give rise to these correlations. Our approach uses (a) large language models (LLMs) to quantify everyday risky behaviors in terms of the attributes or reasons that may describe those behaviors, and (b) decision models to map these attributes and reasons onto participant responses. We show that LLM-based decision models can explain observed correlations between behaviors in terms of the reasons different behaviors elicit and explain observed correlations between individuals in terms of the weights different individuals place on reasons, thereby providing a decision theoretic foundation for psychometric findings. Since LLMs can generate quantitative representations for nearly any naturalistic decision, they can be used to make accurate out-of-sample predictions for hundreds of everyday behaviors, predict the reasons why people may or may not want to engage in these behaviors, and interpret these reasons in terms of core psychological constructs. Our approach has important theoretical and practical implications for the study of heterogeneity in everyday behavior. ∏ 2024 American Psychological Association",Article,1,0,,,,,,
JEPG_0014,Gaither S.E.; Wu R.,How Diversity in Contexts and Experiences Shape Perception and Learning Across the Lifespan,2024,Journal of Experimental Psychology: General,153,11,,2627,2630,3,https://doi.org/10.1037/xge0001671,"The field of psychology has a long history of studying how diversity influences various outcomes such as identity development, social behaviors, perceptions, and decision making. However, considering the ways that diversity science research has expanded in recent years, the goal of this special issue is to provide space to highlight work that centers on identifying and testing new pathways from which we learn about diversity broadly defined. Specifically, this set of articles across the November and December 2024 issues stresses the need for us as a field to consider one?s context, one?s social identities or group memberships, and other various individual difference factors that all shape how we experience different forms of diversity across the lifespan (infancy through early adulthood). We also discuss areas of research not reflected through the submissions and push the field to fill those gaps in future work. ∏ 2024 American Psychological Association",Article,0,,,,,,,
JEPG_0015,De Freitas J.; Rips L.J.,Is Personal Identity Intransitive?,2024,Journal of Experimental Psychology: General,154,3,,775,786,11,https://doi.org/10.1037/xge0001711,"There has been a call for a potentially revolutionary change to our existing understanding of the psychological concept of personal identity. Apparently, people can psychologically represent people, including themselves, as multiple individuals at the same time. Here, we ask whether the intransitive judgments found in these studies truly reflect the operation of an intransitive concept of personal identity.Wemanipulate several factors that arbitrate between transitivity and intransitivity and find most support for transitivity: In contrast to the prior work, most participants do not make intransitive judgments when there is any reason to favor one individual over another. People change which single individual they personally identify with, depending on which individual competes more strongly or weakly for identity, rather than identifying with both individuals. Even when two individuals are identical and therefore both entitled to be the same person, we find that people make more transitive judgments once they understand the practical commitments of their responses (Experiment 4) and report not being able to actually imagine two perspectives simultaneously when reasoning about the scenario (Experiment 5). In short, we suggest that while people may make intransitive judgments, these do not reflect that they psychologically represent identity in an intransitive manner. ∏ 2024 American Psychological Association",Article,1,0,,,,,,
JEPG_0016,Hartston M.; Lulav-Bash T.; Goldstein-Marcusohn Y.; Avidan G.; Hadad B.-S.,Experience-Dependent Biases in Face Discrimination Reveal Associations Between Perceptual Specialization and Narrowing,2024,Journal of Experimental Psychology: General,,,,,,,https://doi.org/10.1037/xge0001686,"Experience is known to be a key element involved in the modulation of face-processing abilities as manifested by the inversion effect, other-race, and other-age effects. Yet, it is unclear how exposure refines internal perceptual representations of faces to give rise to such behavioral effects. To address this issue, we investigated short- and long-term experienced stimulus history on face processing. Participants performed same?different judgments in a serial discrimination task where two consecutive faces were drawn from a distribution of morphed faces. The use of stimulus statistics was measured by testing the gravitation of representations toward the experienced mean (regression-to-the-mean), and the dynamic of the biases was tested by investigating trial-by-trial performance. Own-race and own-age faces were tested alongside other-race and other-age faces employing a within-subject design. Results demonstrated greater regression biases in other-race and other-age faces than in own-race and own-age faces. Perceptual narrowing, measured by the ability to form and use the representation of the overall mean of the nonnative faces, varied with proficiency levels, with only those with low proficiency in face recognition showing the use of overall stimulus history for other-race faces. In contrast, the use of stimulus history for other-age faces was similarly affected by statistics in the low- and high-proficiency groups. The results demonstrate that narrowing is associated with specialization levels occurring more robustly for other-race faces, for which exposure is limited during sensitive periods in development. ∏ 2024 American Psychological Association",Article,1,1,0,1,1,1,proportions(binary);d-prime;times,non sicura sia sbagliato
JEPG_0017,Greene N.R.; Naveh-Benjamin M.,The Time Course of Encoding Specific and Gist Episodic Memory Representations Among Young and Older Adults,2024,Journal of Experimental Psychology: General,153,6,,1671,1697,26,https://doi.org/10.1037/xge0001589,"How rapidly can we encode the specifics versus the gist of episodic memories? Competing theories have opposing answers, but empirical tests are based primarily on tasks of item memory. Few studies have addressed this question with tasks measuring the binding of event components (e.g., a person and a location), which forms the core of episodic memory. None of these prior studies included older adults, whose episodic memories are less specific in nature. We addressed this critical gap by presenting face?scene pairs (e.g., an old man with a park) at various encoding presentation rates to 80 young (M = 21.83 years) and 86 older (M = 68.62 years) adults. Participants completed associative recognition tests featuring old/intact (e.g., the old man with the same park), similar (e.g., the old man with a different park), and unrelated (e.g., the old man with a kitchen) pairs. Multinomial-processing-tree model analyses revealed that young and older adults encoded each pair?s gist representation more rapidly than its specific representation, supporting fuzzy-trace theory. No age-related differences in gist representations were obtained at any presentation rate, but older adults required more time to encode specific representations commensurate with those of younger adults. However, older adults? abilities to retrieve these representations were cue-dependent, as they were more susceptible than younger adults to experiencing vivid false memories of similar lures. These phantom recollections were remediated with further increases in encoding time. Thus, slower speed of encoding partially underlies age-related declines in episodic memory specificity, but retrieval mechanisms also play a role. ∏ 2024 American Psychological Association",Article,1,1,0,0,1,1,proportions(binary);difference-score,
JEPG_0018,Cyr T.G.; Hirst W.,Malleable National Collective Memories Among Black and White Americans,2024,Journal of Experimental Psychology: General,153,8,,1973,1996,23,https://doi.org/10.1037/xge0001613,"How do groups remember their shared past? Are there individual differences within a group? How easy is it to change collective memories? The present article addresses these questions by focusing on differences within national subgroups, exploring how national collective memories might differ for Black and White Americans, how individual differences and external influences might moderate or alter any differences, and the temporal extent of any changes that might occur due to external influences. Across four studies, participants were asked to identify the five ?most important? events in U.S. history and then asked about their political ideology and racial and national identification, though not in every study. Although individual differences emerged, Black and White participants differed in the types of events they identified as important in U.S. history, with Black participants identifying more race-relevant events than White participants and White participants identifying more traditional founding events than Black participants. As to changes in collective memory, in response to a minimal identity salience manipulation, the murder of George Floyd, and July 4th celebrations, national collective memories evidenced malleability only after the murder of George Floyd. In this instance, the mention of race-relevant events increased, even as the frequency of mention of traditional founding events remained stable. The observed increase in race-relevant events was temporary, however. Findings are discussed in relation to contemporary discussions on collective memory, especially with respect to group differences, individual differences within groups, and mnemonic inertia. ∏ 2024 American Psychological Association",Article,1,1,1,1,1,1,binary; count,proportions of events
JEPG_0019,Camponogara I.; Farnä A.; Volcic R.,Tool-Sensed Object Information Effectively Supports Vision for Multisensory Grasping,2024,Journal of Experimental Psychology: General,153,8,,2127,2141,14,https://doi.org/10.1037/xge0001592,"Tools enable humans to extend their sensing abilities beyond the natural limits of their hands, allowing them to sense objects as if they were using their hands directly. The similarities between direct hand interactions with objects (hand-based sensing) and the ability to extend sensory information processing beyond the hand (tool-mediated sensing) entail the existence of comparable processes for integrating tool- and hand-sensed information with vision, raising the question of whether tools support vision in bimanual object manipulations. Here, we investigated participants? performance while grasping objects either held with a tool or with their hand and compared these conditions with visually guided grasping (Experiment 1). By measuring reaction time, peak velocity, and peak of grip aperture, we found that actions were initiated earlier and performed with a smaller peak grip aperture when the object was seen and held with the tool or the contralateral hand compared to when it was only seen. Thus, tool-mediated sensing effectively supports vision in multisensory grasping and, even more intriguingly, resembles hand-based sensing. We excluded that results were due to the force exerted on the tool?s handle (Experiment 2). Additionally, as for hand-based sensing, we found evidence that the tool supports vision by mainly providing object positional information (Experiment 3). Thus, integrating the tool-sensed position of the object with vision is sufficient to promote a multisensory advantage in grasping. Our findings indicate that multisensory integration mechanisms significantly improve grasping actions and fine-tune contralateral hand movements even when object information is only indirectly sensed through a tool. ∏ 2024 The Author(s)",Article,1,1,0,0,1,0,times;peak velocity; peak grip aperture,
JEPG_0020,Tal A.; Mudrik L.,No Evidence for Unconscious Initiation and Following of Arithmetic Rules: A Replication Study,2024,Journal of Experimental Psychology: General,,,,,,,https://doi.org/10.1037/xge0000622,"The field of consciousness studies has yielded various?sometimes contradicting?accounts regarding the function of consciousness, ranging from denying it has such function to claiming that any high-level cognitive function requires consciousness. Empirical findings supporting both accounts were reported, yet some of them have been recently revisited based on failures to replicate. Here, we aimed at replicating a remarkable finding reported by Ric and Muller (2012); participants were able to follow an unseen instruction, integrate it with a subsequently presented pair of unseen digits, and accordingly either add the digits (resulting in a priming effect), or simply represent them. This finding thus demonstrates unconscious task-switching, temporal integration (involving mental chaining), and arithmetic operation. Finding such high-level processes in the absence of awareness is of pivotal importance to our understanding of consciousness, as it challenges prominent theories in the field (e.g., the global neuronal workspace). Accordingly, in light of the self-correction wave in psychological science in general and in the field of consciousness studies in particular, we report here a preregistered replication aimed at testing the reproducibility of this finding, while also better controlling for subjects? awareness of both the instruction and the digits. Across two highly powered experiments, our results failed to replicate the original effect. We, therefore, conclude that the current evidence does not support the claim that arithmetic operations (specifically, addition) can be flexibly initiated without awareness, in line with the current arguments for a more limited scope of unconscious processing. ∏ (2024), (American Psychological Association). All rights reserved.",Article,0,,,,,,,
JEPG_0021,Schwartzman E.; Rule N.O.,Sexual Orientation as a Contextual Frame for Attractiveness Judgments,2024,Journal of Experimental Psychology: General,153,11,,2899,2917,18,https://doi.org/10.1037/xge0001563,"Despite strong consensus about the basic features that make someone look objectively attractive, contextual variation may modulate subjective assessments. Here, we investigate how social group membership provides such a context, comparing attractiveness judgments between lesbian, gay, and bisexual (LGB) versus straight perceivers, and examining how these attractiveness judgments relate to beliefs about the target person?s sexual orientation. We indeed find that perceivers rate targets as more attractive when they believe the target?s sexual majority/minority status matches their own (Study 1). This association differs according to context, however: Although straight and LGB perceivers evaluate the components of facial attractiveness similarly (Study 2), straight men use attractiveness as a cue to sexual orientation (i.e., deeming unattractive women lesbians; Study 3) whereas LGB perceivers use sexual orientation as a cue to attractiveness (e.g., gay men rate men they believe are gay as more attractive than men they believe are straight; Studies 4 and 5). Thus, LGB identity seems to create a context in which sexual minority perceivers learn to attend to information about sexual diversity that straight perceivers may ignore. These findings highlight how group membership provides a lens for social perception, specifically pointing to how the contextual mindset of partner selection may transmute otherwise objective judgments, such as facial attractiveness. ∏ 2024 American Psychological Association",Article,1,1,0,0,1,1,ordinal,
JEPG_0022,Wu J.; Guo Y.; Chen Z.; Shen M.; Gao Z.,Dual Routes of Chunking Social Interaction: Insights From Grouping Two Agent Actions in Working Memory,2024,Journal of Experimental Psychology: General,153,4,,982,993,11,https://doi.org/10.1037/xge0001539,"Humans have evolved the sophisticated ability to extract social relations embedded in interactive entities. One typical demonstration is a social chunking phenomenon wherein the cognitive system chunks individual actions into a unified episode basing on perceived interactive actions. However, the mechanisms underlying social chunking remain to be elucidated. Most studies have adopted static images and manipulated interactions through agents? facingness (face-to-face vs. back-to-back). Connecting agents via directed contingent actions is crucial in forming real-life social interaction. Hence, we employed dynamic actions as stimuli, separated physical- and communicative-contingency interactive actions, and predicted that domain-general physical regularities and domain-specific social relationships are crucial in social interactions, respectively. We tested this prediction by using an involuntary chunking effect in working memory, wherein two individual actions are involuntarily chunked when containing task-irrelevant interactive information. We found that involuntary chunking occurred for both types of upright interactive actions (Experiments 1, 3, 5, and 6). Inverting actions erased the chunking of communicative- but not physical-contingency actions (Experiments 2, 4, and 5). The facingness of dyads did not participate in chunking physical-contingency actions but was a prerequisite for chunking communicative-contingency actions (Experiments 3 and 6). These results reveal the dual routes of chunking interactive actions. Moreover, they suggest that the chunking mechanisms of dynamic social interaction are distinct from those of static images, highlighting the importance of using dynamic stimuli to explore the mechanisms of social interaction in emerging people-watching interdisciplinarity. ∏ 2024 American Psychological Association",Article,1,1,0,0,0,0,dprime,
JEPG_0023,Puig V.A.; Poizner R.; Read K.; Szpunar K.K.,Mental Simulation of the Approximal Future: Imagining What Might Happen Next,2024,Journal of Experimental Psychology: General,154,2,,405,419,14,https://doi.org/10.1037/xge0001667,"In the course of daily life, various events?such as driving in suboptimal weather conditions, going on a first date, or walking home alone at night?evoke cognitions about what might happen next in the context of ongoing experience. Nonetheless, little is currently known about the phenomenological experience of anticipating events that might occur next?or what we refer to as simulation of the approximal future. We present novel evidence from a retrospective survey, a diary study, and an experimental laboratory study indicating that people commonly experience simulations of the approximal future, and that simulations of the approximal future can be reliably distinguished, in terms of their valence and function, from simulations of future events that are expected to occur in spatiotemporal contexts that are distinct from ongoing experience. Simulation of the approximal future represents an understudied mental experience that carries important implications for understanding the nature of constructive perceptual and memory-based processes as they pertain to event cognition, threat detection, individual differences, and psychopathology. ∏ 2024 American Psychological Association",Article,1,1,0,1,1,1,difference scores (ordinal),
JEPG_0024,Zhang I.; Xu A.; Son J.Y.; Stigler J.W.,Watching Hands Move Enhances Learning From Concrete and Dynamic Visualizations,2024,Journal of Experimental Psychology: General,,,,,,,https://doi.org/10.1037/xge0001622,"This article explores the role of sensorimotor engagement in students? learning of a challenging science, technology, engineering, and math-related concept. Previous research has failed to distinguish two features commonly associated with embodiment: sensorimotor engagement and visuospatial concreteness. In the current research, we ask whether sensorimotor engagement?operationalized as watching a video of hands manipulating paper representations?offers unique benefits beyond the visuospatial concreteness of a dynamic visualization of the same process. Participants were randomly assigned to one of three conditions to learn about the shuffle() function in R: a Watch HandsMoving Objects group, which watched a video with hands; a Watch Moving Objects group, which watched a video with a dynamic visualization in which objects moved without hands; or a control group, which watched a live-coding video that did not include either hands or visuospatial representations. Results revealed that only participants in the Watch Hands Moving Objects group demonstrated significantly superior performance compared with both the Watch Moving Objects group and control groups. These findings highlight the unique benefit of sensorimotor engagement for learning, contributing to a deeper understanding of how embodiment can enhance the learning process. ∏ 2024 The Author(s)",Article,1,0,,,,,,
JEPG_0025,Greene N.R.; Forsberg A.; Guitard D.; Naveh-Benjamin M.; Cowan N.,A Lifespan Study of the Confidence?Accuracy Relation in Working Memory and Episodic Long-Term Memory,2024,Journal of Experimental Psychology: General,153,5,,1336,1360,24,https://doi.org/10.1037/xge0001551,"The relation between an individual?s memory accuracy and reported confidence in their memories can indicate self-awareness of memory strengths and weaknesses. We provide a lifespan perspective on this confidence?accuracy relation, based on two previously published experiments with 320 participants, including children aged 6?13, young adults aged 18?27, and older adults aged 65?77, across tests of working memory (WM) and long-term memory (LTM). Participants studied visual items in arrays of varying set sizes and completed item recognition tests featuring 6-point confidence ratings either immediately after studying each array (WM tests) or following a long period of study events (LTM tests). Confidence?accuracy characteristic analyses showed that accuracy improved with increasing confidence for all age groups and in both WM and LTM tests. These findings reflect a universal ability across the lifespan to use awareness of the strengths and limitations of one?s memories to adjust reported confidence. Despite this age invariance in the confidence?accuracy relation, however, young children were more prone to high-confidence memory errors than other groups in tests of WM, whereas older adults were more susceptible to high-confidence false alarms in tests of LTM. Thus, although participants of all ages can assess when their memories are weaker or stronger, individuals with generally weaker memories are less adept at this confidence?accuracy calibration. Findings also speak to potential different sources of high-confidence memory errors for young children and older adults, relative to young adults. ∏ 2024 American Psychological Association",Article,1,1,0,0,1,1,proportions (binary),
JEPG_0026,Surdel N.; Bigman Y.E.; Shen X.; Lee W.-Y.; Jung M.F.; Ferguson M.J.,Judging Robot Ability: How People Form Implicit and Explicit Impressions of Robot Competence,2024,Journal of Experimental Psychology: General,153,5,,1309,1335,26,https://doi.org/10.1037/xge0001548,"Robots? proliferation throughout society offers many opportunities and conveniences. However, our ability to effectively employ these machines relies heavily on our perceptions of their competence. In six studies (N = 2,660), participants played a competitive game with a robot to learn about its capabilities. After the learning experience, we measured explicit and implicit competence impressions to investigate how they reflected the learning experience. We observed two distinct dissociations between people?s implicit and explicit competence impressions. Firstly, explicit impressions were uniquely sensitive to oddball behaviors. Implicit impressions only incorporated unexpected behaviors when they were moderately prevalent. Secondly, after forming a strong initial impression, explicit, but not implicit, impression updating demonstrated a positivity bias (i.e., an overvaluation of competence information). These findings suggest that the same learning experience with a robot is expressed differently at the implicit versus explicit level. We discuss implications from a social cognitive perspective, and how this work may inform emerging work on psychology toward robots. ∏ 2024 American Psychological Association 2024",Article,1,1,0,0,1,1,difference scores (proportions); z-score,
JEPG_0027,Shahbazi G.; Samani H.; Mandalaywala T.M.; Borhani K.; Davoodi T.,"The Development of Social Essentialist Reasoning in Iran: Insight Into Biological Perception, Cultural Input, and Motivational Factors",2024,Journal of Experimental Psychology: General,153,11,,2822,2848,26,https://doi.org/10.1037/xge0001616,"People express essentialist beliefs about social categories from an early age, but essentialist beliefs about specific social categories vary over development and in different contexts. Adapting two paradigms used with Western samples to measure social essentialism, we examined the development of essentialist beliefs about seven social categories (gender, race, nationality, religion, socioeconomic status, ethnicity, and team fan bases) among 5- to 10-year-old children (N = 88) and adults (N = 273) in Iran, a population that is underrepresented in psychology research. Focusing on natural-kind reasoning, we investigated the relative contribution of biological perception of social categories as well as cultural and motivational factors in the development of essentialist beliefs about these categories. Our findings suggest that biological perception of social categories plays a key role and that cultural and motivational factors become more relevant in essentialist reasoning about social categories that are not perceived as biologically marked. The developmental patterns of essentialist reasoning in our study also closely parallel those found in other cultures, namely the United States and Turkey, further suggesting the primary role of biological perception of social categories in natural-kind reasoning about the social world. ∏ 2024 American Psychological Association",Article,1,1,0,1,1,1,sum scores (ordinal),binomial when binary but not interactions tested
JEPG_0028,Gong T.; Bramley N.R.,Evidence From the Future,2024,Journal of Experimental Psychology: General,153,3,,864,872,8,https://doi.org/10.1037/xge0001534,"The outcome of any scientific experiment or intervention will naturally unfold over time. How then should individuals make causal inferences from measurements over time? Across three experiments, we had participants observe experimental and control groups over several days posttreatment in a fictional biological research setting. We identify competing perspectives in the literature: contingency-driven accounts predict no effect of the outcome timing while the contiguity principle suggests people will view a treatment as more harmful to the extent that bad treatment outcomes occur earlier rather than later. In contrast, inference of the functional form of a treatment effect can license extrapolation beyond the measurements and lead to different causal inferences. We find participants? causal strength and direction judgments in temporal settings vary with minimal manipulations of instruction framing. When it is implied that the observations are made over a preplanned number of days, causal judgments depend strongly on contiguity. When it is implied that the observation may be ongoing, participants extrapolate current trends into the future and adapt their causal judgments accordingly. When data are revealed sequentially, participants rely on extrapolation regardless of instruction framing. Our results demonstrate human flexibility in interpreting temporal evidence for causal reasoning and emphasize human tendency to generalize from evidence in ways that are acutely sensitive to task framing. ∏ 2024 American Psychological Association",Article,1,1,0,0,1,1,ordinal,
JEPG_0029,Strand J.F.; Brown V.A.; Sewell K.; Lin Y.; Lefkowitz E.; Saksena C.G.,Assessing the Effects of ?Native Speaker? Status on Classic Findings in Speech Research,2024,Journal of Experimental Psychology: General,153,12,,3027,3041,14,https://doi.org/10.1037/xge0001640,"It is common practice in speech research to only sample participants who self-report being ?native English speakers.? Although there is research on differences in language processing between native and nonnative listeners (see Lecumberri et al., 2010, for a review), the majority of speech research that aims to establish general findings (e.g., testing models of spoken word recognition) only includes native speakers in their sample. Not only is the ?native English speaker? criterion poorly defined, but it also excludes historically underrepresented groups from speech perception research, often without attention to whether this exclusion is likely to affect study outcomes. The purpose of this study is to empirically test whether and how using different inclusion criteria (?native English speakers? vs. ?nonnative English speakers?) affects several well-known phenomena in speech perception research. Five hundred participants completed word (N = 200) and sentence (N = 300) identification tasks in quiet and in moderate levels of background noise. Results indicate that multiple classic findings in speech perception research?including the effects of noise level, lexical density, and semantic context on speech intelligibility?persist regardless of ?native English? speaking status. However, the magnitude of some of these effects differed across participant groups. Taken together, these results suggest that researchers should carefully consider whether native speaker status is likely to affect outcomes and make decisions about inclusion criteria on a study-by-study basis. ∏ 2024 American Psychological Association",Article,1,1,1,1,0,0,binary; slider,1-100; trocavano int su slider ma secondo me ok usare la normale
JEPG_0030,Wang S.; Woodman G.F.,Intentional Learning Establishes Multiple Attentional Sets That Simultaneously Guide Attention,2024,Journal of Experimental Psychology: General,153,9,,2314,2327,13,https://doi.org/10.1037/xge0001628,"One of the key human cognitive capabilities is to extract regularities from the environment to guide behavior. An attentional set for a target feature can be established through statistical learning of probabilistic target associations; however, whether an array of attentional sets of predictive target features can be established during intentional learning, and how they might guide attention, is not known yet. To address these questions, we had human observers perform a visual search task where we instructed them to try to use color to find their target shape. We structured the task with a fine-grained statistical regularity such that the target shapes appeared in different colors with five unique probabilities (i.e., 33%, 26%, 19%, 12%, and 5%) while we recorded their electroencephalogram. Observers rapidly learned these regularities, evidenced by being faster to report targets that appeared in higher probability colors. These effects were not due to unequal sample sizes or simple feature priming. More importantly, equivalent speeding across a set of high-probability colors suggests that the brain was driving attention to multiple targets simultaneously. Our electrophysiological results showed larger amplitude N2 posterior contralateral component, indexing perceptual attention, and late positive complex (LPC) component, indexing postperceptual processes, for targets paired with high-probability colors. These electrophysiological data suggest that the learned attentional sets change both perceptual selection and how postperceptual decisions are made. In sum, we show that multiple attentional sets can be established during intentional learning that accompanies general task acquisition and that these attentional sets can simultaneously guide attention by enhancing both perceptual attention and postperceptual processes. ∏ 2024 American Psychological Association",Article,1,1,0,0,1,0,times,
JEPG_0031,Viviani G.; Visalli A.; Montefinese M.; Vallesi A.; Ambrosini E.,Tango of Control: The Interplay Between Proactive and Reactive Control,2024,Journal of Experimental Psychology: General,153,6,,1644,1670,26,https://doi.org/10.1037/xge0001585,"Cognitive control has been theorized operating through two distinct mechanisms, proactive and reactive control, as posited by the dual mechanism of control model. Despite its potential to explain cognitive control variability, the supporting evidence for this model remains inconclusive. Prior studies frequently employed the Stroop task to assess this model, manipulating the proportion congruency (PC) at the list-wide and/or item-specific levels to target proactive and reactive control, respectively. However, these manipulations have been questioned as they may invoke low-level associative learning instead of control-driven mechanisms. Although solutions have been proposed to address these concerns, they still have limitations and impracticalities. In pursuit of a clearer understanding of this issue, we manipulated proactive and reactive control simultaneously to more directly investigate their separability. We conducted two experiments using a peripheral and a perifoveal spatial Stroop task version, respectively, and we adopted state-of-theart methodologies, leveraging trial-level multilevel modeling analytical approaches, to effectively estimate the Stroop effect and its control-related modulations while controlling for confounding factors. Notably, we manipulated both list-wide and item-specific PCs at the trial level, allowing for a fine-grained analysis. Our results provide compelling evidence for the existence of a list-wide, PC-dependent proactive control mechanism, influencing Stroop performance independently of reactive control and confounding factors. Additionally, an item-specific PC-dependent reactive control effect was found to influence Stroop performance only in interaction with proactive control. These findings contribute to a better understanding of the interplay between proactive and reactive control mechanisms, shedding light on the intricate nature of cognitive control. ∏ 2024 American Psychological Association",Article,1,1,0,0,0,0,1/rt,
JEPG_0032,"Kim A.J.; Joshua, Sr; Chu S.; Mather M.",Aging Impairs Reactive Attentional Control but Not Proactive Distractor Inhibition,2024,Journal of Experimental Psychology: General,153,7,,1938,1959,21,https://doi.org/10.1037/xge0001602,"Older adults tend to be more prone to distraction compared with young adults, and this age-related deficit has been attributed to a deficiency in inhibitory processing. However, recent findings challenge the notion that aging leads to global impairments in inhibition. To reconcile these mixed findings, we investigated how aging modulates multiple mechanisms of attentional control by tracking the timing and direction of eye movements. When engaged in feature-search mode and proactive distractor suppression, older adults made fewer first fixations to the target but inhibited the task-irrelevant salient distractor as effectively as did young adults. However, when engaged in singleton-search mode and required to reactively disengage from the distractor, older adults made significantly more first saccades toward the task-irrelevant salient distractor and showed increased fixation times in orienting to the target, longer dwell times on incorrect saccades, and increased saccadic reaction times compared with young adults. Our findings reveal that aging differently impairs attentional control depending on whether visual search requires proactive distractor suppression or reactive distractor disengagement. Furthermore, our oculomotor measures reveal both age-related deficits and age equivalence in various mechanisms of attention, including goal-directed orienting, selection history, disengagement, and distractor inhibition. These findings help explain why conclusions of age-related declines or age equivalence in mechanisms of attentional control are task specific and reveal that older adults do not exhibit global impairments in mechanisms of inhibition. ∏ 2024 American Psychological Association",Article,1,1,0,0,1,1,proportions (binary); times; difference score proportion,
JEPG_0033,Lacko D.; ?en?k J.; Ar’kan A.; Dresler T.; Galang A.J.; Stacho? Z.; ?a?inkov† A.; Tsai J.-L.; Pro?ek T.; Ugwitz P.; ?a?inka ?.,Investigating the Geography of Thought Across 11 Countries: Cross-Cultural Differences in Analytic and Holistic Cognitive Styles Using Simple Perceptual Tasks and Reaction Time Modeling,2024,Journal of Experimental Psychology: General,154,2,,325,346,21,https://doi.org/10.1037/xge0001685,"This article investigates cross-cultural differences in analytic/holistic cognitive styles among participants from 11 countries: Armenia, Australia, Brazil, Bulgaria, Czechia, Germany, Ghana, Philippines, Slovakia, Taiwan, and TÅrkiye. Using a preregistered design, 993 university students were assessed with three perceptual tasks based on Navon?s hierarchical figures and Gottschaldt?s embedded figures. Analytic and holistic cognitive styles were estimated using reaction time modeling, specifically a Bayesian fourparameter shifted Wald distribution and a hierarchical linear ballistic accumulator model. The results revealed notable cross-cultural variations in cognitive styles, though these differences did not align with predictions from analytic/holistic cognitive style theory. Countries traditionally characterized as more holistic or analytic did not consistently show the expected cognitive style patterns. Multilevel modeling examined the influence of country-level variables, such as Hofstede?s and Schwartz?s cultural dimensions. While some dimensions, like individualism and long-term orientation, were associated with both analytic and holistic thinking, many cultural predictors had no significant impact on cognitive styles. Additionally, exploratory latent profile analysis assessed cognitive metastyles, such as flexibility and rigidity, but the findings do not support the presence of a rigidity metastyle. No profiles exhibited a strong preference for one cognitive dimension while showing a low preference for the other. These findings challenge the straightforward application of analytic/holistic theory across diverse cultural contexts and suggest a need for reevaluation of its generalizability. ∏ 2024 American Psychological Association",Article,1,0,,,,,,
JEPG_0034,Lu Z.; Golomb J.D.,Dynamic Saccade Context Triggers More Stable Object-Location Binding,2024,Journal of Experimental Psychology: General,153,4,,873,888,15,https://doi.org/10.1037/xge0001545,"Our visual systems rapidly perceive and integrate information about object identities and locations. There is long-standing debate about if and how we achieve world-centered (spatiotopic) object representations across eye movements, with many studies reporting persistent retinotopic (eye-centered) effects even for higher level object-location binding. But these studies are generally conducted in fairly static experimental contexts. Might spatiotopic object-location binding only emerge in more dynamic saccade contexts? In the present study, we inves-tigated this using the spatial congruency bias paradigm in healthy adults. In the static (single-saccade) context, we found purely retinotopic binding, as before. However, robust spatiotopic binding emerged in the dynamic saccade context (multiple frequent saccades and saccades during stimulus presentation). We further isolated specific factors that modulate retinotopic and spatiotopic binding. Our results provide strong evidence that dynamic saccade context can trigger more stable object-location binding in ecologically relevant spatiotopic coordinates, perhaps via a more flexible brain state that accommodates improved visual stability in the dynamic world. ∏ 2024 American Psychological Association",Article,1,1,0,0,0,0,bias,
JEPG_0035,Yousif S.R.; Brannon E.M.,Intuitive Network Topology,2024,Journal of Experimental Psychology: General,153,8,,2013,2027,14,https://doi.org/10.1037/xge0001606,"Topology is the branch of mathematics that seeks to understand and describe spatial relations. A number of studies have examined the human perception of topology?in particular, whether adults and young children perceive and differentiate objects based on features like closure, boundedness, and emptiness. Topology is about more than ?wholes and holes,? however; it also offers an efficient language for representing network structure. Topological maps, common for subway systems across the world, are an example of how effective this language can be. Inspired by this idea, here we examine ?intuitive network topology.? We first show that people readily differentiate objects based on several different features of topological networks. We then show that people both remember and match objects in accordance with their topology, over and above substantial variation in their surface features. These results demonstrate that humans possess an intuitive understanding for the basic topological features of networks, and hint at the possibility that topology may serve as a format for representing relations in the mind. ∏ 2024 American Psychological Association",Article,1,0,,,,,,
JEPG_0036,Mikami A.Y.; Khalis A.; Karasavva V.,Logging Out or Leaning In? Social Media Strategies for Enhancing Well-Being,2024,Journal of Experimental Psychology: General,154,1,,171,189,18,https://doi.org/10.1037/xge0001668,"Social media use is endemic among emerging adults, raising concerns that this trend may harm users. We tested whether reducing the quantity of social media use, relative to improving the way users engage with social media, benefits psychological well-being. Participants were 393 social media users (ages 17?29) in Canada, with elevated psychopathology symptoms, who perceived social media to negatively impact their life somewhat. They were randomized to either (a) assistance to engage with social media in a way to enhance connectedness (tutorial), (b) encouragement to abstain from social media (abstinence), or (c) no instructions to change behavior (control). Participants? social media behaviors were self-reported and tracked using phone screen time apps while well-being was self-reported, over four timepoints (6 weeks in total). Results suggested that the tutorial and abstinence groups, relative to control, reduced their quantity of social media use and the amount of social comparisons they made on social media, with abstinence being the most effective. Tutorial was the only condition to reduce participants? fear of missing out and loneliness, and abstinence was the only condition to reduce internalizing symptoms, relative to control. No condition differences emerged in eating pathology or the tendency to make social comparisons in an upward direction. Changes in social media behaviors mediated the effects of abstinence (but not of tutorial) on well-being outcomes. Participant engagement and perceptions of helpfulness were acceptable, but the abstinence group possibly perceived the content as less helpful. In conclusion, using social media differently and abstaining from social media may each benefit well-being. ∏ 2024 The Author(s)",Article,1,1,0,0,1,1,"sqrt(times); sum scores; factor score
estimates",factor score?
JEPG_0037,Yacovone A.; Waite B.; Levari T.; Snedeker J.,Let Them Eat Ceke: An Electrophysiological Study of Form-Based Prediction in Rich Naturalistic Contexts,2024,Journal of Experimental Psychology: General,154,3,,711,738,27,https://doi.org/10.1037/xge0001677,"It is well-established that people make predictions during language comprehension??the nature and specificity of these predictions, however, remain unclear. For example, do comprehenders routinely make predictions about which words (and phonological forms) might come next in a conversation, or do they simply make broad predictions about the gist of the unfolding context? Prior EEG studies using tightly controlled experimental designs have shown that form-based prediction can occur during comprehension, as N400s to unexpected words are reduced when they resemble the form of a predicted word (e.g., ceke when expecting cake). One limitation, however, is that these studies often create environments that are optimal for eliciting form-based prediction (e.g., highly constraining sentences, slower-than-natural rates of presentation). Thus, questions remain about whether form-based prediction can occur in settings that more closely resemble everyday comprehension. To address this, the present study explores form-based prediction during naturalistic spoken language comprehension. English-speaking adults listened to a story in which some of the words had been altered. Specifically, we experimentally manipulated whether participants heard the original word from the story (cake), a form-similar nonword (ceke), or a less-similar nonword (vake). Half of the target words were predictable given their context, and the other half were unpredictable. Consistent with the prior work, we found reduced N400s for form-similar nonwords (ceke) relative to less-similar nonwords (vake)??but only in predictable contexts. This study demonstrates that form-based prediction can emerge in naturalistic contexts, and therefore, it is likely to be a common aspect of language comprehension in the wild. ∏ 2024 American Psychological Association",Article,1,1,0,0,0,0,amplitude,
JEPG_0038,von Clarenau V.C.; Appelhoff S.; Pachur T.; Spitzer B.,Over- and Underweighting of Extreme Values in Decisions From Sequential Samples,2024,Journal of Experimental Psychology: General,153,3,,814,826,12,https://doi.org/10.1037/xge0001530,"People routinely make decisions based on samples of numerical values. A common conclusion from the literature in psychophysics and behavioral economics is that observers subjectively compress magnitudes, such that extreme values have less sway over people?s decisions than prescribed by a normative model (underweighting). However, recent studies have reported evidence for anti-compression, that is, the relative overweighting of extreme values. Here, we investigate potential reasons for this discrepancy in findings and propose that it might reflect adaptive responses to different task requirements. We performed a large-scale study (n = 586) of sequential numerical integration, manipulating (a) the task requirement (averaging a single stream or comparing two interleaved streams of numbers), (b) the distribution of sample values (uniform or Gaussian), and (c) their range (1?9 or 100?900). The data showed compression of subjective values in the averaging task, but anticompression in the comparison task. This pattern held for both distribution types and for both ranges. In model simulations, we show that either compression or anticompression can be beneficial for noisy observers, depending on the sample-level processing demands imposed by the task. This suggests that the empirically observed patterns of over- and underweighting might reflect adaptive responses. ∏ 2024 American Psychological Association",Article,1,1,0,1,1,0,binary,
JEPG_0039,Recht S.; Li C.; Yang Y.; Chiu K.,Adaptive Curiosity About Metacognitive Ability,2024,Journal of Experimental Psychology: General,154,3,,852,863,11,https://doi.org/10.1037/xge0001690,"Metacognition provides control and oversight to the process of acquiring and using knowledge. Efficient metacognition is essential to many aspects of daily life, from health care to finance and education. Across three experiments, we found a specific form of curiosity in humans about the quality of their own metacognition, using a novel approach that dissociates perceptual from metacognitive information searches. Observers displayed a strategic balance in their curiosity, alternating between a focus on perceptual accuracy and metacognitive performance. Depending on the context, this metacognitive curiosity was modulated by an internal evaluation of metacognition, leading to increased feedback requests when metacognition was likely to be inaccurate. Using an ideal observer model, we describe how this curiosity trade-off can arise naturally from a recursive evaluation and transformation of decisions? evidence. These results show that individuals are inherently curious about their metacognitive abilities and can compare perceptual and metacognitive precision to fine-tune performance monitoring. We propose that this form of curiosity may reflect humans? drive to refine their self-model. ∏ 2024 The Author(s)",Article,1,1,1,1,1,1,perceptual performace from 0 to 100; binary ,"absolute deviation, is it normal?"
JEPG_0040,Sinclair A.H.; Wang Y.C.; Adcock R.A.,First Impressions or Good Endings? Preferences Depend on When You Ask,2024,Journal of Experimental Psychology: General,153,10,,2588,2604,16,https://doi.org/10.1037/xge0001638,"Rewards often unfold over time; we must summarize events in memory to guide future choices. Do first impressions matter most, or is it better to end on a good note? Across nine studies (N = 569), we tested these competing intuitions and found that preferences depend on when rewards occur and when we are asked to evaluate an experience. In our ?garage sale? task, participants opened boxes containing sequences of objects with values. All boxes were equally valuable, but rewards were either evenly distributed or clustered at the beginning, middle, or end of the sequence. First, we tested preferences and valuation shortly after learning; we consistently found that boxes with rewards at the beginning were strongly preferred and overvalued. Object-value associative memory was impaired in boxes with early rewards, suggesting that value information was linked to the box rather than the objects. However, when tested after an overnight delay, participants equally preferred boxes with any cluster of rewards, whether at the beginning, middle, or end of the experience. Finally, we demonstrated that evaluating shortly after an experience led to lasting preferences for early rewards. Overall, we show that people summarize rewarding experiences in a nonlinear and time-dependent way, unifying prior work on affect, memory, and decision making. We propose that short-term preferences are biased by first impressions. However, when we wait and evaluate an experience after a delay, we summarize rewarding events in memory to inform adaptive longer term preferences. Preferences depend on when rewards occur and when we first evaluate an experience. ∏ 2024 American Psychological Association",Article,1,1,1,0,0,0,binary;estimation error (difference score from continous variable),
JEPG_0041,Boettcher S.E.P.; Nobre A.C.,Going Through the Motions: Biasing of Dynamic Attentional Templates,2024,Journal of Experimental Psychology: General,154,1,,111,127,16,https://doi.org/10.1037/xge0001665,"Attention must coordinate with memory to actively anticipate sensory input and guide action. Memory content may be biased away from veridical when it is functionally adaptive. So far, research has considered the biasing of still features in static displays. It is unknown whether the biasing of attentional templates can functionally adapt dynamic stimuli to facilitate search when targets and distractors compete within temporally extended contexts. Biasing of dynamic templates would require learning and modulatory mechanisms capable of abstracting over space and time to guide perception. Four experiments used a novel dynamic visual search task combined with a memory probe to test whether dynamic attentional templates can be biased. In Experiments 1?3, participants searched for a moving target among distractors that systematically moved either clockwise or counterclockwise relative to the target. On memory probe trials, participants recalled the target direction as biased away from the distractors. The distortion bias was adaptively changed (Experiment 2), grew over time (Experiment 2), and occurred even when motion direction was not the target-defining feature (Experiment 3). Experiment 4 manipulated the speed of targets and distractors to test the generalizability of the findings. Participants searched for a target of a given speed among faster or slower distractors. Memory probing revealed that participants remembered the target speed as biased away from that of distractors. Across different tasks, the magnitude of the biasing correlated positively with search performance. Our findings provide compelling evidence that dynamic stimulus attributes in attentional templates can become functionally biased when adaptive. ∏ 2024 The Author(s)",Article,1,1,1,1,1,1,binary; absolute deviation,relative deviation identity link
JEPG_0042,Seo M.; Watanabe S.; Kim Y.-H.; Laurent S.M.,Interdependent Versus Independent Inconsistency: Cultural Differences in How East Asian and Western People Attribute Hypocrisy,2024,Journal of Experimental Psychology: General,153,8,,2043,2067,24,https://doi.org/10.1037/xge0001608,"Humans worldwide have long deplored hypocrisy, a concept that has been mentioned in texts dating back 100?1,000 years (e.g., the Analects of Confucius, the Tao Te Ching, the Bible, and the Qur?an). However, what influences the extent of hypocrisy attribution or counts as hypocrisy may differ as a function of culture. Previous studies have shown that Westerners attribute greater hypocrisy for within-person attitude?behavior inconsistency than East Asians. Building on this, we predict that East Asians? (vs. Westerners?) hypocrisy attribution is more heavily influenced by social relationships. Consistent with past research, this can lead to greater leniency. However, as we show, this can also result in the novel finding we present that attributions of mild-to-moderate hypocrisy are made even when no explicit within-person attitude?behavior inconsistency is present. Across six experiments, we found that Koreans (vs. participants from the United States) attributed more hypocrisy to attitude-contradicting behavior when the person enacting the behavior was not the person who stated the attitude but was someone who shared social bonds with that person (i.e., cross-person, within-relationship attitude?behavior inconsistency; ?relational hypocrisy?). Specifically, Koreans attributed more hypocrisy than Americans when a child?s behavior contradicted their parent?s views (Experiments 1a and 1b) or when attitude-contradicting behavior was enacted by the child of a close friend (Experiment 2). Experiments 3?5 replicated the findings from Experiments 1?2 using additional social contexts (e.g., a spousal relationship). Supplementary analyses showed that differences in hypocrisy attribution between Americans and Koreans were mediated by cultural differences in their perceptions of shared responsibility within relationships. ∏ 2024 American Psychological Association",Article,1,1,0,0,1,1,sum scores (ordinal),
JEPG_0043,Newman D.B.; Gordon A.M.; O?Bryan J.; Mendes W.B.,Stress Reduction Experiments in Daily Life: Scaling From the Lab to the World,2024,Journal of Experimental Psychology: General,153,4,,1076,1092,16,https://doi.org/10.1037/xge0001546,"Paced breathing?longer exhalation than inhalation?can show short-term improvement of physiologic responses and affective well-being, though most studies have relied on narrow sample demographics, small samples, and control conditions that fail to address expectancy effects. We addressed these limitations through an app-based experiment where participants were randomly assigned to paced breathing or sham control (hand closure) conditions. We first validated the conditions in an online sample (N= 201; Study 1) and in a lab environment (N=72; Study 2). In the primary app-based experiment, participants (N= 3,277; Study 3) completed 3 days of baseline assessments that included three check-ins each day inwhichwe obtained heart rate and blood pressure responses using an optic sensor and assessed current stress and emotions. Participants were then randomly assigned to either the paced breathing or hand closure condition for the next 6 days. Relative to baseline days, both conditions were associated with increased positive emotions and perceived coping, and reduced blood pressure. Moreover, the increase in positive emotions and perceived coping was not evident among a comparison sample (N= 2,600) who completed check-ins but did not participate in either of the paced breathing or sham-control conditions. However, their blood pressure declined over time, suggesting that the continual monitoring of one?s blood pressure may result in detectable decreases. Our results highlight the importance of designing experiments with appropriately matched control conditions and suggest that changes associated with techniques like paced breathing, in part, may stem from positive incidental features of the technique. ∏ 2024 American Psychological Association",Article,1,1,0,0,1,1,sum scores (ordinal); HR; blood pressure,
JEPG_0044,Addleman D.A.; Rajasingh R.; Stîrmer V.S.,Attention to Object Categories: Selection History Determines the Breadth of Attentional Tuning During Real-World Object Search,2024,Journal of Experimental Psychology: General,153,6,,1568,1581,13,https://doi.org/10.1037/xge0001575,"People excel at learning the statistics of their environments. For instance, people rapidly learn to pay attention to locations that frequently contain visual search targets. Here, we investigated how frequently finding specific objects as search targets influences attentional selection during real-world object search. We investigated how learning that a specific object (e.g., a coat) is task-relevant affects searching for that object and whether a previously frequent target would influence search more broadly for all items of that target?s category (e.g., all coats). Across five experiments, one or more objects from a single category were likely targets during a training phase, after which objects from many categories became equally likely to be targets in a neutral testing phase. Participants learned to find a single frequent target object faster than other objects (Experiment 1, N = 44). This learning was specific to that object, with no advantage in finding a novel category-matched object (Experiment 2, N = 32). In contrast, learning to prioritize multiple exemplars from one category spread to untrained objects from the same category, and this spread was comparable whether participants learned to find two, four, or six exemplars (Experiment 3, N = 72). These differences in the breadth of attention were due to variability in the learning environment and not differences in task (Experiment 4, N = 24). Finally, a set-size manipulation showed that learning affects attentional guidance itself, not only postselective processing (Experiment 5, N = 96). These experiments demonstrate that the breadth of attentional tuning is flexibly adjusted based on recent experience to effectively address task demands. ∏ 2024 American Psychological Association",Article,1,1,0,0,1,1,times,
JEPG_0045,Grzyb B.; Frank S.L.; Vigliocco G.,Communicative Efficiency in Multimodal Language Directed at Children and Adults,2024,Journal of Experimental Psychology: General,153,7,,1904,1919,15,https://doi.org/10.1037/xge0001588,"The ecology of human communication is face to face. In these contexts, speakers dynamically modify their communication across vocal (e.g., speaking rate) and gestural (e.g., cospeech gestures related in meaning to the content of speech) channels while speaking. What is the function of these adjustments? Here we ask whether speakers dynamically make these adjustments to increase communicative success, and decrease cognitive effort while speaking. We assess whether speakers modulate word durations and produce iconic (i.e., imagistically evoking properties of referents) gestures depending on the predictability of each word they utter. Predictability is operationalized as surprisal and computed from computational language models trained on corpora of child-directed, or adult-directed language. Using data from a novel corpus (Ecological Language Corpus) of naturalistic interactions between adult?child (aged 3?4), and adult? adult, we show that surprisal predicts speakers? multimodal adjustments and that some of these effects are modulated by whether the comprehender is a child or an adult. Thus, communicative efficiency applies generally across vocal and gestural communicative channels not being limited to structural properties of language or vocal modality. ∏ 2024 The Author(s)",Article,1,1,1,1,0,0,log(rt); binary,"not word logit, but logistic"
JEPG_0046,Yin J.; Wang Y.; Lipp O.V.; Mayo L.M.; Ney L.J.,"Examining the Reliability of the Emotional Conflict Resolution and Adaptation Effects in the Emotional Conflict Task via Secondary Data Analysis, Systematic Review, and Meta-Analysis",2024,Journal of Experimental Psychology: General,153,5,,1361,1373,12,https://doi.org/10.1037/xge0001552,"The emotional conflict task measures emotional conflict resolution and adaptation, but some studies are unable to find resolution or adaptation effects using this task. We examined boundary conditions and replicability of the emotional conflict resolution and adaptation effects through secondary data analysis, systematic review, and meta-analysis of studies in the field. In our data, we were unable to fully replicate the emotional conflict resolution or adaptation effects and found that most studies using this task (n = 94) do not report analysis of emotional conflict resolution, with only 28% (n = 26) studies doing so. Our meta-analysis suggests that studies reporting emotional conflict resolution and adaptation analyses overall report significant but small effects, suggesting the effect is difficult to consistently replicate. Our meta-analysis revealed that controlling for contingency learning may impact the ability of studies to identify conflict resolution. These findings have implications for assessment and interpretation of the emotional conflict task. ∏ 2024 The Author(s)",Article,1,0,,,,,,
JEPG_0047,Hochman S.; Havedanloo R.; Heysieattalab S.; Soltanlou M.,How Does Language Modulate the Association Between Number and Space? A Registered Report of a Cross-Cultural Study of the Spatial?Numerical Association of Response Codes Effect,2024,Journal of Experimental Psychology: General,154,2,,305,324,19,https://doi.org/10.1037/xge0001653,"Past investigations into the connection between space and numbers have revealed its potential vulnerability to external influences such as cultural factors, including language. This study aims to examine whether language moderates the association between space and number in the spatial?numerical association of response codes (SNARC) effect, which is demonstrated in an interaction between number magnitude and response side. The SNARC effect has been observed across various stimuli. However, research on the influence of linguistic factors, such as reading direction, on the SNARC effect has yielded contradictory findings.We systematically examined the moderating effect of language on the SNARC effect in a cross-cultural design.A group of British English speakers and a group of Iranian Farsi speakers performed four SNARC tasks including both explicit (magnitude classification) and implicit (parity judgment) processing of number magnitude in two modalities of visual and auditory presentations. To the best of our knowledge, this is the first systematic investigation of language, magnitude processing, and sensory modalities altogether. While our registered analyses found no group differences in SNARC tasks, nonregistered analyses using a Bayesian ex-Gaussian framework revealed novel findings: a stronger SNARC effect in slower responses and auditory tasks. These findings challenge the idea of a substantial language role in shaping the SNARC effect but also indicate large uncertainty regarding the exact nature of language-induced effects, highlighting the need for further investigations of spatial? numerical interactions that may be differently influenced by linguistic and cultural factors. ∏ 2024 American Psychological Association",Article,1,1,1,0,0,0,log(rt),ex-gaussian
JEPG_0048,Minton A.R.; Snyder J.S.; Young N.A.; Graupmann V.; Mikels J.A.,Motives Matter More With Age: Adult Age Differences in Response to Sociomoral Violations,2024,Journal of Experimental Psychology: General,153,7,,1705,1724,19,https://doi.org/10.1037/xge0001578,"Moral judgments and emotional reactions to sociomoral violations are heavily impacted by a perpetrator?s intentions and desires, which pose a threat to social harmony. Given that older adults are more motivated to maintain interpersonal harmony relative to younger adults, older adults may be more reactive to malicious desires. In three studies, we investigated adult age differences in moral judgments and emotional reactions to sociomoral violations. In all studies, participants read scenarios in which a perpetrator either (a) desired to harm another but nothing happened, or (b) harmed another accidentally without malicious desire. Study 2 incorporated additional scenarios designed to evoke anger and disgust without explicitly implicating another person to evaluate whether age differences emerge only when sociomoral violations against another are salient. In Study 3, we examined the combined effects of malicious desires and harmful outcomes by including scenarios in which (a) harmful desires were coupled with harmful outcomes, and (b) benign desires were coupled with benign outcomes. Predominantly across the studies, older adults judged perpetrators who desired to harm another more harshly but judged perpetrators who accidentally harmed another more leniently than younger adults. Emotional reactions generally corresponded with the differences in judgments. Taken together, this work suggests that desires more strongly impact older relative to younger adults? judgments and emotional reactions in sociomoral contexts. ∏ 2024 American Psychological Association",Article,1,1,0,0,1,1,sum scores (ordinal),
JEPG_0049,Gok S.; Fyfe E.R.,"Learning From Failure: The Roles of Self-Focused Feedback, Task Expectations, and Subsequent Instruction",2024,Journal of Experimental Psychology: General,153,9,,2328,2344,16,https://doi.org/10.1037/xge0001632,"Previous research indicates that failure feedback leads people to tune out from the task, which is detrimental to their learning (Eskreis-Winkler & Fishbach, 2019; Keith et al., 2022). The current work aims to identify ways to optimize learning from failure feedback. We conducted six preregistered experiments (N = 1,306) to replicate and extend the findings from Eskreis-Winkler and Fishbach (2019) with novel tests of self-focused feedback, task expectations, and subsequent instruction. The detriments of failure feedback were replicated in Studies 1a, 1b, and 1c, which altered the focus of the feedback message to be self-focused (e.g., your answer) or task-focused (e.g., the answer). The detriments of failure feedback were also replicated in Study 2 when the task expectations were manipulated to easy versus hard. These results generally underscored the robustness of the results from the original study. However, Study 3 established boundary conditions. When it was a rule-based task and brief instructions on the rule were provided after feedback, there was no evidence of a detrimental effect of failure, and failure feedback, in some conditions, resulted in even better learning than success feedback for learning new material. We conclude that the tune-out reactions to failure during feedback disappear and may even be reversed when subsequent learning opportunities are provided. ∏ 2024 American Psychological Association",Article,1,1,0,0,1,1,binary; ordinal,
JPSP_0001,Bien K.; Wagner J.; Brandt N.D.,Growing up to be mature and confident? The longitudinal interplay between the Big Five and self-esteem in adolescence.,2024,Journal of Personality and Social Psychology,127,2,,404,431,27,https://doi.org/10.1037/pspp0000518,"Adolescence is a formative life phase for the development of personality characteristics. Although past findings suggest Big Five traits alongside self-esteem as indicators for successful development, little is known about their longitudinal interplay. We addressed this research gap by integrating data from three longitudinal studies (NT1 = 1,088; Mage = 16.02 years, 72% female). We apply continuous time modeling to investigate longitudinal associations between Big Five traits and self-esteem in a period of up to 1 year. Results illustrate four main findings: First, rank-order stabilities were overall high for all personality characteristics. Second, longitudinal associations between Big Five traits and self-esteem were reciprocal for extraversion, neuroticism, and openness but one-sided for agreeableness and conscientiousness on self-esteem. Effects peaked within the first month and mostly faded after 2 months. Third, the majority of cross-effects were similar in size; however, the effect from neuroticism on later values of self-esteem was stronger than vice versa. Fourth, most effects were robust against influences of gender, age, and study characteristics. Analyses with acquaintance-reports supported the results but suggested stronger effects that lasted longer than effects of self-reports. We conclude that the development of personality characteristics acts as possible sources of development for each other. All in all, the interplay between Big Five and self-esteem development appears reciprocal for some traits but was most often driven by Big Five traits. We integrate our findings into three contrasting theoretical perspectives and discuss the importance of time for a better understanding of personality development. (PsycInfo Database Record (c) 2024 APA, all rights reserved) ∏ 2024 American Psychological Association",Article,0,,,,,,,
JPSP_0002,Dapp L.C.; Orth U.,Rank-order stability of domain-specific self-esteem: A meta-analysis.,2024,Journal of Personality and Social Psychology,127,2,,432,454,22,https://doi.org/10.1037/pspp0000497,"This meta-analysis examined the rank-order stability of domain-specific self-esteem by comprehensively synthesizing the available evidence in eight domains of self-esteem (i.e., academic, appearance, athletic, morality, romantic, social, mathematics, and verbal abilities). The analyses were based on longitudinal data from 118 independent samples, including 107,550 participants aged 4?24 years. The time lag between assessments ranged from 6 months to 20 years. As effect-size measure, we used test?retest correlations that were corrected for attenuation due to measurement error. The results suggested that individual differences in domain-specific self-esteem are relatively stable over time, with mean effect sizes ranging from .65 to .84 across domains. Rank-order stability systematically increased as a function of age, from low stability in early childhood to high stability in young adulthood. Moreover, rank-order stability systematically decreased as a function of time lag between assessments, asymptotically approaching medium-sized stabilities (ranging from .36 to .62 across domains) when the time lag became very long. Moderator analyses indicated that the findings held across differences with regard to gender and measure. In sum, the findings suggest that rank-order stability of domain-specific self-esteem is relatively high, even over long periods of time, indicating that the eight investigated facets of domain-specific self-esteem should be considered trait-like constructs. (PsycInfo Database Record (c) 2024 APA, all rights reserved) ∏ 2024 American Psychological Association",Article,0,,,,,,,
JPSP_0003,Verkuyten M.; Yogeeswaran K.; Zubielevitch E.; Lilly K.J.; Vanderklei M.; Osborne D.; Sibley C.G.,"Ethnic Identity Centrality Across the Adult Lifespan: Aging, Cohort, and Period Effects Among Majority and Minority Group Members",2024,Journal of Personality and Social Psychology,127,3,,684,701,17,https://doi.org/10.1037/pspp0000513,"Ethnic identity is a major area of study across many disciplines including psychology, sociology, anthropology, and political science. Yet, little is known about changes in ethnic identity across the adult lifespan, and whether such changes are driven by normal aging processes (aging effects), unique societal influences linked with one?s formative years (cohort effects), or social changes during a specific time frame (period effects). We address these key oversights by utilizing 13 annual waves of longitudinal panel data from a nationwide random sample of both ethnic majority (N = 49,660) and Indigenous ethnic minority (N = 8,325) group members in New Zealand to examine changes in ethnic identity centrality using cohortsequential latent growth modeling. This approach helps to identify changes in mean levels of ethnic identity centrality over time and whether such changes are driven by aging, cohort, and/or period effects. Our data reveal that, among both ethnic majority and ethnic minority individuals, changes in ethnic identity centrality were informed by a combination of normative aging processes, societal circumstances that reflected the unique historical context in which people grew to maturity, and societal changes during the 13 annual assessments of our study. Collectively, these results demonstrate for the first time that ethnic identity centrality in adulthood is subject to lifelong changes. ∏ 2024 American Psychological Association",Article,0,,,,,,,
JPSP_0004,Newman D.B.; Lutz P.K.; Sachs M.E.; Zelenski J.M.,Unlocking the Bitter Potential of Nostalgia: Covariation Between and Causal Effects of Nostalgia on Envy,2024,Journal of Personality and Social Psychology,128,2,,438,455,17,https://doi.org/10.1037/pspp0000529,"Nostalgia is a sentimental longing for the past that is experienced across people from various cultures and across the lifespan. Though nostalgia has typically been conceptualized as a mixed emotion, prior research has primarily focused on positive effects. We hypothesized that nostalgia can additionally have certain negative effects. In particular, nostalgia shares certain features with envy, a negative emotion defined as a resentful longing for another person?s fortune, luck, possessions, or attributes. We predicted that nostalgia would be positively related to envy and that nostalgia would increase feelings of envy. In two cross-sectional studies (Studies 1 and 2; N = 2,588), nostalgia was positively related to envy between individuals and after controlling for demographics and relevant personality traits. In three daily diary studies (Studies 3?5; N = 298; 3,454 daily reports), daily states of nostalgia were positively related to daily feelings of envy and after controlling for daily negative events. Lagged analyses indicated bidirectional effects, such that nostalgia predicted greater envy on the following day and vice versa. In two experiments (Studies 6 and 7; N = 513), nostalgia increased feelings of envy. This effect was mediated by feelings of regret and envy for a past self, suggesting that nostalgia makes people feel envious of their past self which leads to general feelings of envy. These studies point to a novel bitter effect of nostalgia. ∏ 2024 American Psychological Association",Article,1,0,,,,,,
JPSP_0005,,Retraction of Tian et al. (2018),2024,Journal of personality and social psychology,126,2,,281,,,https://doi.org/10.1037/pspa0000374,"Reports the retraction of ""Enacting rituals to improve self-control"" by Allen Ding Tian, Juliana Schroeder, Gerald HÑubl, Jane L. Risen, Michael I. Norton and Francesca Gino (Journal of Personality and Social Psychology, 2018[Jun], Vol 114[6], 851-876). This retraction follows from a 2023 review of the data reported in the article, which was conducted and reported to the journal by the authors. The authors, who agreed to the retraction, requested a correction after identifying discrepancies between the data analyzed for Study 1 and the data downloaded from Qualtrics. Fifteen participants' condition codes (i.e., control versus experimental) differed between the data reported originally and what participants in the Qualtrics dataset reported doing (e.g., control participants who reported engaging in a ritual). The remaining 69 participants did not present these discrepancies. The authors' reanalysis based on what participants reported doing invalidated the previous conclusion that enacting a ritual improved self-control as measured by food diaries. Specifically, the effect of what participants did on reported calorie consumption was not statistically significant (ritual participants M = 1,563.31, SD = 313.15; control participants M = 1,521.74, SD = 367.79, t[83] = 0.56, p = .576). The authors did not identify any discrepancies in the datafiles for Studies 2-16. The Study 1 participants were recruited at the University of Chicago gym under the supervision of Drs. Juliana Schroeder and Jane Risen. The statistical analyses reported in the article were conducted by Dr. Juliana Schroeder. A dataset containing the data with the original condition codes and the newly analyzed participants' reports in the Qualtrics data appears at https://osf.io/3fk2c. (The following abstract of the original article appeared in record 2018-22169-001.) Rituals are predefined sequences of actions characterized by rigidity and repetition. We propose that enacting ritualized actions can enhance subjective feelings of self-discipline, such that rituals can be harnessed to improve behavioral self-control. We test this hypothesis in 6 experiments. A field experiment showed that engaging in a pre-eating ritual over a 5-day period helped participants reduce calorie intake (Experiment 1). Pairing a ritual with healthy eating behavior increased the likelihood of choosing healthy food in a subsequent decision (Experiment 2), and enacting a ritual before a food choice (i.e., without being integrated into the consumption process) promoted the choice of healthy food over unhealthy food (Experiments 3a and 3b). The positive effect of rituals on self-control held even when a set of ritualized gestures were not explicitly labeled as a ritual, and in other domains of behavioral self-control (i.e., prosocial decision-making; Experiments 4 and 5). Furthermore, Experiments 3a, 3b, 4, and 5 provided evidence for the psychological process underlying the effectiveness of rituals: heightened feelings of self-discipline. Finally, Experiment 5 showed that the absence of a self-control conflict eliminated the effect of rituals on behavior, demonstrating that rituals affect behavioral self-control specifically because they alter responses to self-control conflicts. We conclude by briefly describing the results of a number of additional experiments examining rituals in other self-control domains. Our body of evidence suggests that rituals can have beneficial consequences for self-control. (PsycInfo Database Record (c) 2024 APA, all rights reserved).",Article,0,,,,,,,
JPSP_0006,Urban M.; Koch T.; Rothermund K.,"The Implicit Association Test and Its Difficulty(ies): Introducing the Test Difficulty Concept to Increase the True-Score Variance and, Consequently, the Predictive Power of Implicit Association Tests",2024,Journal of Personality and Social Psychology,127,1,,31,57,26,https://doi.org/10.1037/pspa0000391,"We introduce the test difficulty concept from classical test theory to tackle the issue of low predictive power of implicit association tests (IATs). Following classical test theory, we argue that IATs of moderate difficulty (defined as mean IAT scores of zero) have more predictive power than IATs of extreme difficulties (defined as mean IAT scores deviating strongly from zero). Furthermore, we assume this relationship to be mediated by the true-score variance in IAT scores, with moderate difficulty resulting in more true-score variance. To test our hypotheses, we used nonexperimental (Studies 1 and 2) and experimental designs (Study 3). In Studies 1 and 2, we compared IATs of different test difficulties with regard to their ability to predict direct attitude measures, drawing on the Attitudes, Identities, and Individual Differences study. In Study 1, a subset of 95 attitude IATs (n = 127,259) was analyzed using multilevel structural equation models. As expected, IAT test difficulty strongly moderated the predictive power of IATs, and this effect was mediated by IAT true-score variance. In Study 2, we replicated the results with the same analyses but a different subset of 95 identity IATs (n = 43,745). In Study 3, we experimentally manipulated the IAT test difficulty. In total, three IATs (n = 480) were analyzed using multigroup structural equation models. Again, the IAT closer to moderate difficulty had more true-score variance and predictive power than the IATs of extreme difficulty. Accordingly, for correlational research, we recommend developing moderately difficult IATs to maximize IAT true-score variance and provide suggestions on how to achieve that. ∏ 2024 American Psychological Association",Article,0,,,,,,,
JPSP_0007,Bai H.; Zhao X.,"Asian = Machine, Black = Animal? The Racial Asymmetry of Dehumanization",2024,Journal of Personality and Social Psychology,127,5,,1038,1061,23,https://doi.org/10.1037/pspi0000455,"How different racial minorities experience racism differently remains underexplored in existing research. Here, we show that Asian and Black people are often dehumanized differently. Twelve studies spotlight a racial asymmetry in dehumanization using a wide array of methods (experimental, archival, and computational) and data sources (online samples, word embeddings, and U.S. Bureau of Labor Statistics data): Whereas Black people are more often subjected to animalistic dehumanization, Asian people are predominantly subjected to mechanistic dehumanization. We demonstrate this asymmetry from the vantage point of victims (Studies 1a and 1b) and perpetrators (Studies 2a?2d). We further document the prevalence of this asymmetry across diverse domains, from everyday language (Study 3) to perceptions in the realms of romantic relationships (Study 4a), crime rates (Study 4b), and business skills (Study 4c). Finally, we demonstrate the asymmetry?s real-world consequences in labor market segregation (Studies 5 and 6). Our findings shed light on the distinct experiences of racism encountered by different racial groups and, more critically, introduce a framework that unifies and integrates scattered empirical observations on perceptions of Asian people. ∏ 2024 American Psychological Association",Article,1,1,1,1,1,1,slider-like; cosine similarity; proportion,
JPSP_0008,Lemay E.P.; Cutri J.; Teneva N.,How Loneliness Undermines Close Relationships and Persists Over Time: The Role of Perceived Regard and Care,2024,Journal of Personality and Social Psychology,127,3,,609,637,28,https://doi.org/10.1037/pspi0000451,"Although loneliness has been associated with negative perceptions of social life in past research, little is known about the implications of loneliness for interpersonal perception within close relationships. The current research includes three studies (total N = 1,197) suggesting that loneliness is associated with a negative bias in perceiving relationship partners? regard and care and that this bias partially accounts for the effects of loneliness on lower relationship quality and problematic interpersonal behaviors. Loneliness was associated with perceiving family members (Study 1), friends (Studies 1 and 2), and romantic partners (Studies 1?3) as less admiring and caring, and these effects were independent of a variety of accuracy benchmarks, including partners?self-reports (Studies 1?3), reports from informants (Study 2), and objective observers? assessments of partners? responsive behavior (Study 3). Loneliness also predicted changes in perceptions of partners? regard over time (Study 3) and indirectly predicted lower relationship satisfaction, commitment, self-disclosure, and support provision through negative perceptions of relationship partners? regard and care (Studies 1?3). Studies 2 and 3 replicated these results in terms of day-to-day experiences (total daily observations = 16,064). The negative perceptions of partners? regard and care associated with loneliness predicted subsequent loneliness (Studies 2?3). Loneliness effects were statistically independent of self-esteem and attachment insecurity in all studies. Taken together, these findings suggest that, due to negative biases in perceiving relationship partners? regard and care, loneliness may compromise the quality of close relationships, motivate interpersonally problematic behaviors, and become persistent. Implications are discussed. ∏ 2024 American Psychological Association",Article,1,1,0,0,1,1,sum score,
JPSP_0009,Eskreis-Winkler L.; Peres L.T.T.; Fishbach A.,The Bigger the Problem the Littler: When the Scope of a Problem Makes It Seem Less Dangerous,2024,Journal of Personality and Social Psychology,,,,,,,https://doi.org/10.1037/pspa0000409,"Across 15 studies (N = 2,636), people who considered the prevalence of a problem (e.g., 4.2 million people drive drunk each month) inferred it caused less harm, a phenomenon we dub the big problem paradox. People believed dire problems?ranging from poverty to drunk driving?were less problematic upon learning the number of people they affect (Studies 1?2). Prevalence information caused medical experts to infer medication nonadherence was less dangerous, just as it led women to underestimate their true risk of contracting cancer. The big problem paradox results from an optimistic view of the world. When people believe the world is good, they assume widespread problems have been addressed and, thus, cause less harm (Studies 3?4). The big problem paradox has key implications for motivation and helping behavior (Studies 5?6). Learning the prevalence of medical conditions (i.e., chest pain, suicidal ideation) led people to think a symptomatic individual was less sick and, as a result, to help less?in violation of clinical guidelines. The finding that scale warps judgments and de-motivates action is of particular relevance in the globalized 21st century. ∏ 2024 The Author(s)",Article,1,1,0,0,1,1,slider,
JPSP_0010,van Scheppingen M.A.; Olaru G.; Leopold T.,"Personality Trait Similarity in Recently Cohabiting Couples: Partner Choice, Convergence, or Selective Breakup?",2024,Journal of Personality and Social Psychology,,,,,,,https://doi.org/10.1037/pspp0000527,"Romantic partners tend to be more similar in self-reported personality traits than would be expected by chance. This similarity can be due to the choice of a similar partner, partners becoming more similar to each other over time, or dissimilar couples breaking up. To examine whether these processes (choice, convergence, or breakup) explain personality trait similarities in couples, we followed a sample of 1,180 German couples (N = 2,360 individuals; age range = 17?82 years old) from right after moving in together (ranging from 0 to 4 years after) up to 16 years thereafter. Using bivariate latent growth curve models, we found that couples were already similar in openness, conscientiousness, extraversion, and agreeableness in the first years of moving in together. Although couples showed correlated change in conscientiousness, this did not increase similarity. Response surface analyses showed that separation risk was generally unrelated to dissimilarity. Furthermore, romantic partners did not become more dissimilar in the years before separation. Taken together, these results suggest that personality similarity in cohabiting couples is fully driven by choosing a similar partner. We discuss the implications of these findings for theory and research on personality similarity in romantic relationships. ∏ 2024 American Psychological Association",Article,0,,,,,,,
JPSP_0011,Reinhart E.C.; Carey R.M.; Markus H.R.,Who Feels They Contribute to U.S. Society? Helping Behaviors and Social Class Disparities in Perceived Contributions,2024,Journal of Personality and Social Psychology,127,4,,731,757,26,https://doi.org/10.1037/pspa0000411,"Americans in lower (vs. higher) social class contexts are less likely to believe they contribute to society. Helping others by giving one?s time is an important way of contributing to others that also varies with social class. Five studies (N = 7, 326) investigated whether one source of the social class disparity in perceived contributions is a default model that considers helping distant others (i.e., bridging help, e.g., volunteering) as more of a contribution than helping close others (i.e., bonding help, e.g., caring for family members). In Study 1, Americans in lower (vs. higher) social class contexts perceived they contribute less to society (i.e., self-perceived contributions, Part A) and believed others perceive them as contributing less (i.e., metaperceived contributions, Part B). Studies 2?4 provide evidence for a default model of social good: Americans across social class contexts and even helpers themselves perceived bridging help as more of a contribution than bonding help, in part, because bridging help is perceived as reflecting more choice to help. With a representative sample (Midlife Development in the United States), Study 5 finds that Americans in lower (vs. higher) social class contexts engaged in relatively less bridging help and more bonding help. However, bridging help served as a stronger pathway to feelings of contributing than bonding help did. Together, these studies suggest that people in lower social class contexts may experience a psychological inequality, in part, because some of the forms of help that are most accessible, familiar, and practiced are widely perceived as less of a contribution. ∏ (2024), (American Psychological Association). All rights reserved.",Article,1,0,,,,,,
JPSP_0012,Fincher K.M.; Zhang T.; Percaya A.; Galinsky A.,The Effect of Configural Processing on Mentalization,2024,Journal of Personality and Social Psychology,126,5,,758,778,20,https://doi.org/10.1037/pspa0000361,"Eight studies (N = 2,561) reveal that how we perceptually process a person?s face affects our capacity to understand their mind. Studies 1A and B indicate this relationship functions via two separate pathways: (a) indirectly by increasing our sensitivity to the cues of a mind in a face and (b) directly by changing the way we relate to the mind behind the face. Six additional studies adopt perspective taking paradigms to provide further support for a direct effect of configural processing on mentalization. Studies 2 and 3 find that processing faces configurally increases perspective taking on spatial tasks compared to processing faces featurally. Study 4 demonstrates configural face processing gives rise to inferences about the target?s mental states such as beliefs and desires. Study 5 finds manipulation of a target?s face that heightens configural processing increases perspective taking. Using a positive control, Study 6 demonstrates real-world consequences. Taken together, these findings document that the multiple and complex consequences of configural processing are critical to the social function of mentalization. ∏ 2024 American Psychological Association",Article,1,1,1,1,1,1,slider; ordinal; binary,
JPSP_0013,Teng F.; Wang X.; Lei Q.; Poon K.-T.,"Love Me, Because I Rely on You: Dependency-Oriented Help-Seeking as a Strategy for Human Mating",2024,Journal of Personality and Social Psychology,127,6,,1215,1236,21,https://doi.org/10.1037/pspi0000458,"Existing research has suggested a predominantly negative view of dependency-oriented help. In contrast, the current research aims to test the positive function of dependency-oriented help in intimate relationships where interpersonal dependency is valued. We hypothesized that dependency-oriented help-seeking could function in communicating liking and romantic interests and, therefore, can be instrumental in attracting mates. Our hypothesis was confirmed across nine studies (N = 2, 535). For help-seekers, a mate-seeking motivation could positively predict (Study 1) and lead to (Studies 2A?4) dependency-oriented help-seeking behavior tendencies (Studies 1?2B) and actual behavior (Studies 3 and 4). For help-providers, after activating a mating goal, imagining (Studies 5A and 5B) and actually receiving (Study 6) dependency-oriented (vs. autonomy-oriented) help-seeking requests from a potential mate increased help-providers? romantic interests in that mate. Study 7 further showed the function of dependency-oriented help from the perspective of romantic competitors. As such, people in romantic relationships were more likely to see a potential competitor as a mate poacher when this person asked for dependency-oriented help from their partner. Theoretical and practical implications have been discussed. ∏ 2024 American Psychological Association",Article,1,1,0,0,1,1,sum scores,
JPSP_0014,De Dreu C.K.W.; Gross J.; Arciniegas A.; Hoenig L.C.; Rojek-Giffin M.; Scheepers D.T.,On Being Unpredictable and Winning,2024,Journal of Personality and Social Psychology,126,3,,369,389,20,https://doi.org/10.1037/pspa0000378,"In theory, it can be strategically advantageous for competitors to make themselves unpredictable to their opponents, for example, by variably mixing hostility and friendliness. Empirically, it remains open whether and how competitors make themselves unpredictable, why they do so, and how this conditions conflict dynamics and outcomes. We examine these questions in interactive attacker?defender contests, in which attackers invest to capture resources held and defended by their opponent. Study 1, a reanalysis of nine (un)published experiments (total N = 650), reveals significant cross-trial variability especially in proactive attacks and less in reactive defense. Study 2 (N = 200) shows that greater variability makes both attacker?s and defender?s next move more difficult to predict, especially when variability is due to occasional rather than (in)frequent extreme investments in conflict. Studies 3 (N = 27) and 4 (N = 106) show that precontest testosterone, a hormone associated with risk-taking and status competition, drives variability during attack which, in turn, increases sympathetic arousal in defenders and defender variability (Study 4). Rather than being motivated by wealth maximization, being unpredictable in conflict and competition emerges in function of the attacker?s desire to win ?no matter what? and comes with significant welfare cost to both victor and victim. ∏ 2024 American Psychological Association",Article,1,1,0,0,1,1,slider; variability; binary,
JPSP_0015,BÅhler J.L.; Orth U.,How Relationship Satisfaction Changes Within and Across Romantic Relationships: Evidence From a Large Longitudinal Study,2024,Journal of Personality and Social Psychology,126,5,,930,945,15,https://doi.org/10.1037/pspp0000492,"Research suggests that relationship satisfaction changes in systematic ways over the course of a relationship. In this preregistered study, we tested whether relationship satisfaction changes differently as a function of the eventual outcome of the relationship, that is, whether the relationship lasted, whether it was dissolved, and whether people began a new relationship after separation. Data came from a large longitudinal study (the Longitudinal Study of Generations), including 2,268 participants aged 16?90 years, who were assessed at up to seven waves across 20 years. We used multilevel models to examine change in relationship satisfaction within relationships (i.e., comparing continuing and dissolving relationships) and across relationships (i.e., comparing consecutive relationships of the same persons). The results indicated that satisfaction in dissolving (vs. continuing) relationships was lower and showed a more pronounced decrease over the course of the relationship. Individuals who began a new relationship after separation were more satisfied at the beginning of the new relationship compared to the beginning of the previous relationship. However, satisfaction declined within both relationships (i.e., the previous and the new relationship). Moderator analyses indicated that relationship satisfaction decreased more strongly when participants had children, were in a dissolving relationship of briefer duration, and when the time lag between the previous and current relationship had been shorter. Overall, the findings contribute to understanding change in satisfaction within and across relationships. The Discussion addresses the possibility that couples tend to separate when relationship satisfaction falls below a critical value. ∏ 2024 American Psychological Association",Article,1,1,0,0,1,1,sum scores,
JPSP_0016,Pleasant A.; Barclay P.,"Mutual Cooperation Gives You a Stake in Your Partner?s Welfare, Especially if They Are Irreplaceable",2024,Journal of Personality and Social Psychology,,,,,,,https://doi.org/10.1037/pspi0000470,"Why do we care so much for friends?much more than one might predict from reciprocity alone? According to a recent theory, organisms who cooperate with each other come to have a stake in each other?s well-being: A good cooperator is worth protecting?even anonymously if necessary?so they can be available to cooperate in the future. Here, we present three experiments showing that reciprocity creates a stake in a partner?s well-being, such that people are willing to secretly pay to protect good cooperative partners, if doing so keeps those partners available for future interaction. Participants played five rounds of a cooperative game (Prisoner?s Dilemma) and then received an opportunity to help their partner, without the partner ever knowing. In Experiments 1 and 2, participants were more willing to help a cooperative partner if doing so kept that partner available for future rounds, compared to when the help simply raised the partner?s earnings. This effect was specific to cooperative partners: The type of help mattered less for uncooperative partners or for recipients that participants did not directly interact with. In other words, an ongoing history of reciprocity gave people a stake in their partner?s good condition but not their partner?s payoff. Experiment 3 showed that participants had less stake in their partners if those partners could be easily replaced by another cooperator. These findings show that reciprocity and stake are not separate processes. Instead, even shallow reciprocity creates a deeper stake in a partner?s well-being, including a willingness to help with zero expectation of recognition. Future work should examine how one?s stake in partners is affected by ecological factors that affect the gains of cooperation and the ease of finding new partners. ∏ 2024 The Author(s)",Article,1,1,1,0,0,,binary,
JPSP_0017,Sng O.; Choi M.; Williams K.E.G.; Neel R.,The Directed Nature of Social Stereotypes,2024,Journal of Personality and Social Psychology,,,,,,,https://doi.org/10.1037/pspa0000425,"Stereotypes are strategically complex. We propose that people hold not just stereotypes about what groups are generally like (e.g., ?men are competitive?) but stereotypes about how groups behave toward specific groups (e.g., ?men are competitive toward?)?what we call directed stereotypes. Across studies, we find that perceivers indeed hold directed stereotypes. Four studies examine directed stereotypes of sex and age (Studies 1 and 2; N = 541) and of race/ethnicity (of Asian/Black/Latino/White Americans; Studies 3 and 4; N = 769), with a focus on stereotypes of competitiveness, aggressiveness, cooperativeness, and communion. Across studies, directed stereotypes present unique patterns that both qualify and reverse well-documented stereotype patterns in the literature. For example, men are typically stereotyped as more competitive than women. However, directed stereotypes show that women are stereotyped to be more competitive than men, when this competitiveness is directed toward young women. Multiple such patterns emerge in the current data, across sex, age, and racial/ethnic stereotypes. Directed stereotypes also uniquely predict intergroup attitudes, over and above general stereotypes (Study 4). The idea of directed stereotypes is compatible with multiple theoretical perspectives and intuitive. However, they have been unexamined. We discuss the implications of the current work for thinking about the nature and measurement of social stereotypes, stereotype content, and social perception more broadly. ∏ 2024 American Psychological Association",Article,1,1,0,0,1,1,sum scores; ordinal,
JPSP_0018,Johnson I.R.; Pietri E.S.,Signaling Safety and Fostering Fairness: Exploring the Psychological Processes Underlying (In)Congruent Cues Among Black Women,2024,Journal of Personality and Social Psychology,,,,,,,https://doi.org/10.1037/pspi0000466,"Exposure to an organizational diversity cue may help attract Black women to professional spaces. The cue transfer framework contends that because intergroup attitudes co-occur, both cues congruent or incongruent with one?s minoritized identity signal an environment that welcomes all minoritized persons. Critically, the utility of such cues had yet to be explored among Black women. Integrating cue transfer with social identity complexity theory, across six studies (N = 2,167), we tested the novel prediction that Black women utilize a racial dominance identity structure and investigated the benefits of organizational diversity cues congruent and incongruent with Black women?s identities. We also drew from stigma solidarity and examined whether perceiving an outgroup associated with an incongruent cue as experiencing similar bias (i.e., shared discrimination) facilitated cue efficacy. Ultimately, only racially congruent cues encouraged organizational safety (Studies 1, 2, and 6) and procedural fairness (Studies 2, 4, and 6), while cues aimed at lesbian, gay, bisexual, transgender, or Latino individuals (Studies 1?4) were ineffective. Moreover, despite reporting greater shared discrimination with Latino than lesbian, gay, bisexual & transgender persons (Study 4), shared discrimination was inconsequential for cue efficacy (Study 3). Black women?s lay theories revealed that although they perceived negative intergroup attitudes as co-occurring, positive attitudes toward other minoritized groups were seen as unrelated to attitudes toward Black individuals (Studies 5a/5b). Finally, racially (but not gender) congruent cues mitigated organizational invisibility (Study 6). Collectively, the present investigation supports our assertion that Black women adopt a racial dominance lens and, more broadly, underscores the necessity of an intersectional framework when examining cue efficacy. ∏ 2024 American Psychological Association. All Rights Reserved.",Article,1,1,0,0,1,1,sum scores,
JPSP_0019,GoÔmez A.; V†zquez A.; Alba B.; Blanco L.; Chinchilla J.; Chiclana S.; Jr. W.B.S.,Feeling Understood Fosters Identity Fusion,2024,Journal of Personality and Social Psychology,,,,,,,https://doi.org/10.1037/pspi0000464,"If the consequences of identity fusion are well established, its psychological antecedents are not. To address this shortcoming, eight studies tested the hypothesis that self-verification (receiving evaluations that confirm one?s self-views) increases fusion (a synergistic union with a group, individual, or cause), which, in turn, increases behavioral support for the target of fusion. Correlational studies showed that perceived self-verification was positively associated with fusion, which was positively associated with willingness to fight and die for a group (Study 1a), a value (Study 1b), and a leader (Study 1c). Study 2 revealed that increasing perceived self-verification fostered greater willingness to fight and die for the group but only indirectly through increases in fusion. Study 3 showed that 4 months after indicating the degree of fusion with a group, increasing perceived self-verification augmented endorsement of fighting and dying for the group indirectly through elevations in fusion. In Study 4, relational ties mediated the relationship between perceived self-verification and fusion. Finally, face-to-face interviews with incarcerated members of street gangs and organized crime gangs (Studies 5a?5b) showed that perceived self-verification was positively associated with fusion, which was positively associated with sacrifices for the gang (replicating Studies 1a?1c). No evidence emerged supporting a rival causal path in which fusion caused willingness to fight and die through perceived self-verification. Implications for related theoretical approaches and for conceptualizing the relationship between personal identities, social identities, and group processes are discussed. ∏ 2024 American Psychological Association",Article,1,1,0,0,1,1,sum scores,
JPSP_0020,Moshagen M.; Hilbig B.E.; Zettler I.,How and Why Aversive Personality Is Expressed in Political Preferences,2024,Journal of Personality and Social Psychology,127,3,,664,683,19,https://doi.org/10.1037/pspp0000498,"Political orientation reflects beliefs, opinions, and values that are, at least in part, rooted in stable interindividual differences. Whereas evidence has accumulated with regard to the relevance of basic personality dimensions, especially concerning the sociocultural dimension of political ideology, less attention has been paid to the more specific dispositional tendency to assign a higher weight to one?s own utility above others? (i.e., socially aversive personality), which is likely to play a pivotal role concerning the economic dimension of political ideology in particular. In three studies with over 66,000 participants from 38 countries, we show that individuals with elevated levels in aversive personality tend to endorse more right-wing political orientations in terms of a single left?right dimension, hold relevant ideological beliefs tied to both sociocultural and economic conservatism, and report corresponding electoral voting behavior. We further provide support for the idea that this overlap between a dispositional tendency toward aversive behavior and a right-wing political orientation can be attributed to shared belief systems. ∏ 2024 American Psychological Association",Article,0,,,,,,,
JPSP_0021,Albuja A.F.; Gaither S.E.; Sanchez D.T.; Nixon J.,Testing intergroup contact theory through a natural experiment of randomized college roommate assignments in the United States.,2024,Journal of Personality and Social Psychology,127,2,,277,290,13,https://doi.org/10.1037/pspa0000393,"Many colleges and universities seek to leverage the promise of intergroup contact theory by adopting housing policies that randomly assign first-year students to roommates, with the goal of increasing intergroup contact. Yet, it is unclear whether random roommate assignment policies increase cross-race contact, whether this (potentially involuntary, but sanctioned by authorities) contact improves racial attitudes or behaviors, or how these effects may differ for racial majority and minority students. The present studies used a natural experiment of random roommate assignment to directly test roommate relationship, attitudinal, and behavioral changes based on roommate race. Across three samples drawn from two student cohorts, the random assignment policy increased the likelihood that students had a cross-race roommate because without the policy, students tended to self-segregate by race. Moreover, selecting (Study 1) or being randomly assigned (Study 2) a cross-race roommate was associated with having more racial outgroup friends and demonstrating more positive verbal and nonverbal behavior during a novel cross-race interaction (Study 3). There were no roommate group (same vs. cross-race roommates) differences in relationship quality, and the results were largely independent of participant race. These findings suggest randomized roommate assignment is a promising avenue for universities to promote cross-race contact amid persistent racial segregation on college campuses with limited negative consequences for relationship quality. (PsycInfo Database Record (c) 2024 APA, all rights reserved) ∏ 2024 American Psychological Association",Article,1,1,1,1,1,1,sum scores; ordinal; proportion,
JPSP_0022,Bleckmann E.; Rau R.; Carlson E.N.; Wagner J.,I Think You Might Like Me: Emergence and Change of Meta-Liking in Initial Social Interactions,2024,Journal of Personality and Social Psychology,127,4,,901,919,18,https://doi.org/10.1037/pspp0000496,"Feeling accepted by others is a fundamental human motive and an important marker of successful social interactions. This interpersonal perception, known as meta-liking, is especially relevant during adolescence, when peer relationships deepen and expand. However, knowledge is limited regarding meta-liking formation in initial social interactions. This study investigated whether adolescents (N = 293, Mage = 15.48, 61.10% female) have default expectations for meta-liking at zero acquaintance and how these judgments are updated during initial group interactions. Specifically, we used latent change models to examine how personality traits predicted initial meta-liking and whether personality and social interaction experiences were linked to changes in meta-liking judgments throughout an interaction. Our findings revealed three key insights: First, meta-liking increased gradually over the course of the interaction, with substantial individual differences in both default meta-liking and change scores. Second, extraversion, neuroticism, and self-esteem predicted initial meta-liking. Third, liking others was also linked to initial meta-liking and early changes, while meta-liking changes toward the end of the interaction occurred independent of all these features and were not predicted by expressive behaviors of interaction partners. This study represents a first empirical test of default expectations and updates in meta-liking based on personality characteristics and social interaction experiences in initial social interactions. We discuss our results in terms of a broader framework for understanding how metaperceptions are formed and updated early in the acquaintance process. ∏ 2024 American Psychological Association",Article,0,,,,,,,
JPSP_0023,Bjornsdottir R.T.; Connor P.; Rule N.O.,Social Judgments From Faces and Bodies,2024,Journal of Personality and Social Psychology,127,3,,455,468,13,https://doi.org/10.1037/pspa0000397,"Despite the primacy of the face in social perception research, people often base their impressions on whole persons (i.e., faces and bodies). Yet, perceptions of whole persons remain critically underresearched. We address this knowledge gap by testing the relative contributions of faces and bodies to various fundamental social judgments. Results show that faces and bodies contribute different amounts to particular social judgments on orthogonal axes of social perception: Bodies primarily influence status and ability judgments, whereas faces primarily influence warmth-related evaluations. One possible reason for this may be differences in signal that bodies and faces provide for judgments along these two axes. To test this, we extended our investigation to social judgment accuracy, given that signal is a precondition to accuracy. Focusing on one kind of status/ability judgment?impressions of social class standing?we found that perceivers can discern individuals? social class standing from faces, bodies, and whole persons. Conditions that included bodies returned higher accuracy, indicating that bodies may contain more signal to individuals? social class than faces do. Within bodies, shape cued social class more than details of individuals? clothing. Altogether, these findings highlight the importance of the body for fully understanding processes and outcomes in person perception. ∏ 2024 American Psychological Association",Article,1,1,0,0,1,1,proportion,
JPSP_0024,Lindloff M.R.; Meadows A.; Calogero R.M.,Living while fat: Development and validation of the Fat Microaggressions Scale.,2024,Journal of Personality and Social Psychology,127,2,,335,362,27,https://doi.org/10.1037/pspi0000450,"Fat microaggressions are microlevel social practices in the form of commonplace everyday indignities that insult fat people and have been documented anecdotally and qualitatively. However, no psychometrically validated scale exists for measuring fat microaggressions, despite decades of microaggression research demonstrating their negative health associations. This research describes the development and construct validation of the Fat Microaggressions Scale across four studies. Study 1 focused on item development through a systematic review, qualitative analysis of Tweets using #fatmicroaggressions, and a Delphi review. Study 2 (N = 343) determined that a four-factor structure was appropriate in an online community sample of fat adults. Study 3 (N = 410) confirmed the factor structure in a new online sample of fat adults and provided initial evidence of construct validity. Study 4 (N = 197) found evidence of test?retest reliability and demonstrated additional construct validity. Our findings offer a newly validated quantitative measure of fat microaggressions and an initial framework for naming and categorizing these experiences, which may be used to advance the study of fat microaggressions. (PsycInfo Database Record (c) 2024 APA, all rights reserved) ∏ 2024 The Author(s) This work is licensed under a Creative Commons Attribution 4.0 International License (CC BY 4.0; https://creativecommons.org/licenses/by/4.0). This license permits copying and redistributing the work in any medium or format, as well as adapting the material for any purpose, even commercially.",Article,0,,,,,,,
JPSP_0025,Luo J.; Willroth E.C.,Values and Stress: Examining the Relations Between Values and General and Domain-Specific Stress in Two Longitudinal Studies,2024,Journal of Personality and Social Psychology,128,2,,410,437,27,https://doi.org/10.1037/pspp0000535,"Stress experiences have been found to vary at both the interindividual and intraindividual levels. The present study investigated the concurrent and longitudinal associations between values and stress at both the between-person and the within-person levels. We considered multiple aspects of stress, including selfreported stressor exposure and perceived stress, as well as general and domain-specific stress. In Study 1, data were drawn from the Midlife in the United States (N = 3,905) to test the between-person concurrent and prospective relations between values, changes in values, and general and domain-specific perceived stress. In Study 2, data from the Longitudinal Internet Studies for the Social Sciences (N = 13,940) were used to examine the associations between values and general and domain-specific self-reported stressor exposure and perceived stress at the between- and within-person levels. The results supported meaningful associations between values and individual differences in self-reported stressor exposure and perceived stress. In general, growth-oriented values consistently displayed negative relations to perceived stress, especially in the job domain. Social-focused values also showed negative associations with stress experiences. After controlling for between-person variance, temporal relations were also found between values and stress at the within-person level, with the pattern varying across types and domains of stress. Findings from the present study provide us with insights into the interindividual and intraindividual processes of values and stress. ∏ 2024 American Psychological Association",Article,0,,,,,,,
JPSP_0026,Hughes E.K.; Emery L.F.; McGorray E.L.; Gardner W.L.; Finkel E.J.,The Delusion of the Disappearing Self? Attachment Avoidance and the Experience of Externally Invisible Self-Loss in Romantic Relationships,2024,Journal of Personality and Social Psychology,,,,,,,https://doi.org/10.1037/pspi0000468,"All of us experience self-change in relationships, but our subjective experiences of change may not always align with external metrics of such change. We hypothesized that people with higher attachment avoidance are more likely to experience self-change as a loss, which in turn predicts lower relationship commitment. We further hypothesized, however, that there would be a disparity in perceptions, such that avoidant people will experience self-loss that external metrics?including their own behaviors and ratings from third-party coders?do not detect. Results from four studies, which employed a variety of cross-sectional (Studies 1 and 4) and longitudinal (Studies 2 and 3) methods, demonstrated that higher attachment avoidance predicted greater experienced loss of self, which in turn predicted lower commitment. Studies 2?4 also revealed evidence for the hypothesized disparity in perceptions: Avoidantly attached individuals? experience of greater self-loss failed to emerge when using a variety of external metrics of self-loss, producing Avoidance û Loss Type (experienced vs. external metric) interaction effects. These studies suggest that avoidantly attached people, who tend to be vigilant to autonomy threats in relationships, experience relationship-linked changes as losses, even though external metrics fail to detect such loss. ∏ 2024 American Psychological Association",Article,1,1,0,0,1,1,sum scores,
JPSP_0027,Wainio-Theberge S.; Armony J.L.,Differences in Natural Standing Posture Are Associated With Antisocial and Manipulative Personality Traits,2024,Journal of Personality and Social Psychology,127,5,,1089,1102,13,https://doi.org/10.1037/pspp0000515,"In humans and animals, body posture is used in social and affective contexts to communicate social information, signal intentions, and prepare the individual for adaptive action. However, though stable individual differences in affect and social cognition are well studied, body posture continues to be typically studied in the context of state variation, and it remains unknown if trait-level differences in body posture exist and carry information about the individual. In our article, we show in a large sample (total N = 608 across five studies) that individual differences in body posture measured in a natural, baseline context are robustly associated with individual differences in personality. Through a series of studies, we characterize this relationship as reflecting individual differences in postural dominance and submission, which are associated with attitudes toward competition, power, and social hierarchy. We also validate our measure of natural posture by correlating it with physiological data from relevant musculature and showing its stability over a 1-month interval. Our work suggests that postural signaling of social rank occurs not just in brief displays in social contexts but exists as a stable individual trait with consequences for socioaffective processing. ∏ 2024 American Psychological Association",Article,0,,,,,,,
JPSP_0028,Ma D.S.; Kantner J.; Elias E.M.; Diaz S.; Pauker K.,Are Multiracial Faces Perceptually Distinct?,2024,Journal of Personality and Social Psychology,,,,,,,https://doi.org/10.1037/pspa0000413,"The explosive growth of individuals identifying as multiracial in the U.S. population has motivated significant interest in multiracial face perception. Interestingly, the literature reveals stunningly low rates of classifications of multiracial faces as multiracial. Five studies examined the possibility that this lack of correspondence is rooted in perceptual confusion. To test this, we utilized multidimensional scaling and discriminant function analysis to determine how participants mentally represent multiracial faces relative to Latinx and monoracial faces. Studies 1?3 establish that multiracial faces are perceptually discriminable from non-multiracial faces using three different sets of facial stimuli: Asian?White female (Study 1), Black?White female (Study 2), and Asian?White male faces (Study 3). Study 4 examined whether mental representation was further moderated by sample demographics by comparing U.S. participants sampled from Hawaii and California. Finally, Study 5 tests the consistency of mental representations across individuals and rules out potential statistical artifacts associated with group multidimensional scaling. These studies provide consistent evidence that multiracial faces are perceptually distinct from Latinx and monoracial faces, suggesting that the categorization patterns of multiracial faces observed in past research likely stem from downstream processes rather than perceptual confusability of multiracial faces. ∏ 2024 The Author(s)",Article,1,0,,,,,,
JPSP_0029,Stanley M.L.; Kay A.C.,The Consequences of Heroization for Exploitation,2024,Journal of Personality and Social Psychology,126,1,,5,25,20,https://doi.org/10.1037/pspa0000365,"The hero label has become a pervasive positive stereotype applied to many different groups and occupations, such as nurses, teachers, and members of the military. Although meant to show support, appreciation, and even admiration, we suggest that attaching this label to groups and occupations may actually have problematic consequences. Specifically, we theorize that the hero label may affect beliefs about the internal motivations of these group members that make them more vulnerable to exploitation. These ideas are tested and supported across nine preregistered studies using complementary materials and experimental paradigms. In these studies, we find that: (a) heroization strengthens expectations that teachers, nurses, and military personnel would willingly volunteer for their own exploitation; (b) the hero label and its consequences follow workers even after they transition to a new career (e.g., participants expected a military veteran?relative to a matched nonveteran?to be more willing to volunteer for his own exploitation at his subsequent civilian job, because the veteran was perceived to be more heroic than the matched nonveteran); and (c) occupational heroization?likely because of its impact on beliefs regarding what heroized workers would freely choose to do?reduces opposition to exploitative policies. In short, our studies show that heroization ultimately promotes worse treatment of the very groups that it is meant to venerate. ∏ 2023 American Psychological Association",Article,1,0,,,,,,
JPSP_0030,Le P.Q.; Scholer A.A.; Fujita K.,The Role of Conflict Representation in Abstinence Versus Moderation in Self-Control,2024,Journal of Personality and Social Psychology,126,6,,947,977,30,https://doi.org/10.1037/pspa0000381,"Self-control?the prioritization of valued global goals over immediate local rewards?is typically conceptualized and studied as isolated decisions. Goal pursuit, however, generally requires people to make repeated self-control decisions across contexts. We adopt a higher order, strategic level of analysis of self-control and explore, for the first time, people?s preferences for abstinence (a pattern of choices in which one never indulges) versus moderation (a pattern of choices in which one indulges when doing so does not harm one?s goals or even helps promote the pursuit of those goals). To understand when and why people may opt for one over the other, the present work explores one psychological feature that may support these strategy preferences: the representation of self-control conflicts as inherent (i.e., choice options are mutually contradictory) versus situational (i.e., choice options compete for limited resources). We present eight studies in the main text and three in the online Supplemental Materials documenting that people associate inherent and situational conflict representations with abstinence and moderation, respectively. By documenting that strategy preferences may differ as a function of conflict representations, this work questions the assumption of abstinence as the primary indicator of self-control success, raises methodological and conceptual questions about how best to assess these strategy preferences, and calls for greater understanding of self-control as a recurrent decision-making process. ∏ 2024 American Psychological Association",Article,1,1,0,1,1,1,ordinal,
JPSP_0031,Martin D.; Hutchison J.; Konopka A.E.; Dallimore C.J.; Slessor G.; Swainson R.,Intergroup Processes and the Happy Face Advantage: How Social Categories Influence Emotion Categorization,2024,Journal of Personality and Social Psychology,126,3,,390,412,22,https://doi.org/10.1037/pspa0000386,"There is abundant evidence that emotion categorization is influenced by the social category membership of target faces, with target sex and target race modulating the ease with which perceivers can categorize happy and angry emotional expressions. However, theoretical interpretation of these findings is constrained by gender and race imbalances in both the participant samples and target faces typically used when demonstrating these effects (e.g., most participants have been White women and most Black targets have been men). Across seven experiments, the current research used gender-matched samples (Experiments 1a and 1b), gender- and racial identity-matched samples (Experiments 2a and 2b), and manipulations of social context (Experiments 3a, 3b, and 4) to establish whether emotion categorization is influenced by interactions between the social category membership of perceivers and target faces. Supporting this idea, we found the presence and size of the happy face advantage were influenced by interactions between perceivers and target social categories, with reliable happy face advantages in reaction times for ingroup targets but not necessarily for outgroup targets. White targets and female targets were the only categories associated with a reliable happy face advantage that was independent of perceiver category. The interactions between perceiver and target social category were eliminated when targets were blocked by social category (e.g., a block of all White female targets; Experiments 3a and 3b) and accentuated when targets were associated with additional category information (i.e., ingroup/outgroup nationality; Experiment 4). These findings support the possibility that contextually sensitive intergroup processes influence emotion categorization. ∏ 2024 American Psychological Association",Article,1,1,1,0,1,1,times; binary,
JPSP_0032,HÅtter M.; Sweldens S.,How People (Fail to) Control the Influence of Affective Stimuli on Attitudes,2024,Journal of Personality and Social Psychology,,,,,,,https://doi.org/10.1037/pspa0000426,"People?s attitudes toward almost any stimulus (e.g., brands, people, food items) can change in line with the valence of co-occurring stimuli (e.g., images, messages, other people), a phenomenon known as the evaluative conditioning (EC) effect. Recent research has shown that EC effects are not always controlled, which is problematic in many circumstances (e.g., advertising, misinformation). We examined conditions under which uncontrolled EC effects are more likely to reflect retrieval failures or uncontrolled encoding processes. To provide an experimental test of this question, we propose that people can either integrate or add validity information to the stimulus valence. Specifically, we propose that controlled processes can integrate validity information into the stored valence representations mostly when validity information is provided at the time of exposure to the evaluative information. Control attempts taking place later are more likely to add than to integrate the validity information to the stored representation. Moreover, if validity information is merely added to the stimulus valence as compared to integrated, forgetting this information potentially inflates indices of uncontrolled processes. Our findings demonstrate important boundary conditions for the interpretation of measures of uncontrolled encoding processes. Nevertheless, they provide further evidence that uncontrolled encoding processes can contribute to EC effects. We discuss implications for theories of attitude change and for protection from misinformation. ∏ 2024 American Psychological Association",Article,1,1,1,0,1,1,binary; slider; proportion,
JPSP_0033,Roos Y.; KrÑmer M.D.; Richter D.; Wrzus C.,Persons in Contexts: The Role of Social Networks and Social Density for the Dynamic Regulation of Face-to-Face Interactions in Daily Life,2024,Journal of Personality and Social Psychology,127,4,,920,935,15,https://doi.org/10.1037/pspp0000512,"Current psychological theories on daily social interactions emphasize individual differences yet are underspecified regarding contextual factors. We aim to extend this research by examining how two context factors shape social interactions in daily life: how many relationships people maintain and how densely people live together. In Study 1, 307 German participants (Mage = 39.44 years, SDage = 14.14) answered up to 20 experience sampling questionnaires regarding their social interactions over 2 days. In Study 2, 313 German participants (Mage = 48.96 years, SDage = 15.54) summarized their daily interactions in daily diaries for 14 days. Participants reported on their social network size and the social density (i.e., household and neighborhood density) of their living situations. Mobile sensing provided additional measures of social interactions and network size. The results showed that participants living in densely populated households transitioned faster from solitude to social interactions but slower from social interactions to solitude. Participants living in dwellings with more homes also transitioned slower from solitude to social interactions. Contrary to the hypothesis, social network size was inconsistently linked with transitions from solitude to social interactions and vice versa. Furthermore, current social desires predicted subsequent social interactions within days, but not across days?irrespective of individuals? social network size or social density. Together the results point out that people live their daily life in social contexts, which contribute to how they engage in social interactions. The findings thus call for a greater integration of contextual factors in personality theories of social interactions. ∏ (2024), (American Psychological Association). All rights reserved.",Article,1,1,1,1,0,,binary; slider,
JPSP_0034,Murphy S.L.; van Meer F.; van Dillen L.; van Steenbergen H.; Hofmann W.,Underwhelming pleasures: Toward a self-regulatory account of hedonic compensation and overconsumption.,2024,Journal of Personality and Social Psychology,127,2,,312,334,22,https://doi.org/10.1037/pspa0000389,"Hedonic overconsumption (e.g., overconsumption of gratifying behaviors, e.g., eating, gaming) is common in daily life and often problematic, pointing to the need for adequate behavioral models. In this article, we develop a self-regulatory framework proposing that when an actual consumption experience falls short of hedonic expectations?such as when being distracted?people will want to consume more to compensate for the shortfall. In a preliminary meta-analysis, a small-scale field experiment on distraction during lunch and subsequent afternoon snacking (Study 1), and a preregistered experience sampling study (Study 2) involving more than 6,000 consumption episodes in everyday life across multiple consumption domains, we investigated the predictions from our hedonic compensation model. There was clear and consistent evidence across studies and analyses for the prediction that distraction during consumption compromises the actual enjoyment of a given consumption experience. Both empirical studies yielded consistent evidence for a positive association between actual enjoyment and consumption satisfaction but inconsistent and weaker evidence for the expected role of actual-expected enjoyment discrepancies for this part of the model. There was also consistent evidence for the expected negative association between consumption satisfaction and the need for further gratification. Finally, there was moderate and inconsistent support linking the need for further gratification to subsequent consumption across Study 1 (amount and frequency of snacking in the afternoon) and Study 2 (shorter duration to subsequent consumption). Taken together, the present framework provides initial support for the proposed link among compromising consumption contexts, consumption enjoyment, and subsequent hedonic compensation. (PsycInfo Database Record (c) 2024 APA, all rights reserved) ∏ 2024 American Psychological Association",Article,1,0,,,,,,
JPSP_0035,Thalmayer A.G.; Mather K.A.; Saucier G.; NaudÇ L.; Florence M.; Adonis T.-A.; Shino E.N.; Asatsa S.; Witzlack-Makarevich A.; BÑchlin L.Z.M.; Condon D.M.,The Cross-Cultural Big Two: A Culturally Decentered Theoretical and Measurement Model for Personality Traits,2024,Journal of Personality and Social Psychology,,,,,,,https://doi.org/10.1037/pspp0000528,"A ?big two? model has shown stronger cross-cultural replicability and links to theory than other contemporary models of personality trait structure. However, its theoretical and measurement models require better specification. We address this to create an initial English-language version of the Cross-Cultural Big Two Inventory with an empirically informed and culturally decentered approach, meaning that input from global contexts is used from the outset, without prioritizing Western perspectives. Four studies are reported: (1) Fifty-five items were identified from commonalities among 11 global lexical studies to define two factors. Communion/Social Self-Regulation captures the internalization of versus resistance to the normative codes of one?s society, with components of warmth, morality, respect, industriousness, and even temper. Agency/ Dynamism captures approach versus avoidance tendencies, with components of competence, confidence, fearlessness, positive mood, sociability, and surgency. (2) Items were reduced to the 45 most consistent across English-speaking contexts based on (a) frequency of use in World English corpora; (b) familiarity and exploratory factor analysis results among Africa Long Life Study participants, who were 18-year-olds from Namibia, Kenya, and South Africa (N = 2,958); and (c) distribution test statistics, exploratory factor analysis results, and test?retest reliability in online data from13 diverse English-speaking countries (N = 63,720). (3) The 45-item Cross-Cultural Big Two Inventory was assessed psychometrically and validated against external criteria in theAfrica Long Life Study samples and (4) in the online data and additionally compared to existing two-factor frameworks. The relation of the cross-cultural big two to other two-factor models and theories, its future development, and the potential and importance of culturally decentered models and inventories are discussed. ∏ 2024 The Author(s)",Article,0,,,,,,,
JPSP_0036,Wright A.J.; Jackson J.J.,Individual Differences in the Forms of Personality Trait Trajectories,2024,Journal of Personality and Social Psychology,127,5,,1062,1088,26,https://doi.org/10.1037/pspp0000520,"Changes in personality are often modeled linearly or curvilinearly. It is a simplifying?yet untested? assumption that the chosen sample-level model form accurately depicts all person-level trajectories within the sample. Given the complexity of personality development, it seems unlikely that imposing a single model form across all individuals is appropriate. Although typical growth models can estimate individual trajectories that deviate from the average via random effects, they do not explicitly test whether people differ in the forms of their trajectories. This heterogeneity is valuable to uncover, though, as it may imply that different processes are driving change. The present study uses data from four longitudinal data sets (N=26,469; Mage = 47.55) to empirically test the degree that people vary in best-fitting model forms for their Big Five personality development. Across data sets, there was substantial heterogeneity in best-fitting forms. Moreover, the type of form someone had was directly associated with their net and total amount of change across time, and these changes were substantially misquantified when a worse-fitting form was used. Variables such as gender, age, trait levels, and number of waves were also associated with people?s types of forms. Lastly, comparisons of best-fitting forms from individual- and sample-level models indicated that consequential discrepancies arise from different levels of analysis (i.e., individual vs. sample) and alternative modeling choices (e.g., choice of time metric). Our findings highlight the importance of these individual differences for understanding personality change processes and suggest that a flexible, person-level approach to understanding personality development is necessary. ∏ 2024 American Psychological Associatio",Article,1,0,,,,,,
JPSP_0037,D?Amore C.; van Zomeren M.; Koudenburg N.,How Perceived Polarization Predicts Attitude Moralization (and Vice Versa): A Four-Wave Longitudinal Study During the 2020 U.S. Election,2024,Journal of Personality and Social Psychology,126,4,,624,642,18,https://doi.org/10.1037/pspi0000454,"Within structurally polarized and dynamic contexts, such as the U.S. 2020 presidential elections, the moralization of individuals? attitudes on a specific topic (e.g., climate policy) can dangerously escalate disagreements between groups into zero-sum conflict. However, limited knowledge exists regarding the factors that influence individuals? tendency to moralize their attitudes over time, and what the role of structural polarization is in this psychological process. Our objective is to test a theoretically integrative model of when and how perceived polarization is related to attitude moralization over time within the polarized context of the U.S. 2020 presidential elections and explore reciprocal feedback loops to understand the dynamic relationship between polarization and moralization over time. Our model predicts that, when repeatedly faced with outgroup expressions in the news, individuals? perceptions of polarization will predict within-person attitude moralization over time via strengthening their value-protective responses to these expressions (i.e., perceiving dyadic harm and experiencing negative moral emotions toward the outgroup). To test our model, we conducted a four-wave, 4-month longitudinal study among Biden supporters (N = 1,236) and Trump supporters (N = 617). The results of the within-person analyses generally supported the model?s hypotheses across both samples and various attitude topics. Furthermore, cross-lagged structural equation models explored reciprocal influences, revealing positive feedback loops between structural polarization and attitude moralization over time. Our findings thus indicate that perceived polarization strengthens attitude moralization (and vice versa) over time?a dynamic process that helps to explain how nonmoralized conflict between groups can evolve into zero-sum conflict during periods of intense polarization. ∏ 2024 American Psychological Associatio",Article,1,0,,,,,,
JPSP_0038,Sng O.; Williams K.E.G.; Tsukamoto S.; Neuberg S.L.,Ecology Stereotypes Exist Across Societies and Override Race and Family Structure Stereotypes,2024,Journal of Personality and Social Psychology,128,2,,243,261,18,https://doi.org/10.1037/pspa0000421,"Perceivers hold ecology stereotypes?beliefs about how the environments others live in shape their behavior. Drawing upon a life history perspective, we examine the stereotypes people hold about those who live in relatively harsh and unpredictable ecologies. First, across diverse demographic groups and societies (the United States, India, Japan, Romania, the United Kingdom), people believe that individuals who live in harsh and unpredictable environments engage in ?faster? behaviors (n = 2,078; ds from.80 to 2.14)?that they are more impulsive, sexually unrestricted, opportunistic, and invest less in education and their own children (Studies 1, 2, and 3). Second, these ecology stereotypes seem to underlie certain Black/White race stereotypes held by White perceivers in the United States (Study 1) and family structure stereotypes (i.e., growing up in a single-mother home) held by perceivers in both Japan and the United States (Studies 4a and 5a). Supporting this, the application of these race and family structure stereotypes is overridden or attenuated when perceivers are presented with direct information about a specific person?s ecology (Studies 1, 4A, and 5B). Third, beliefs that there is high ecological mobility within a society reduce the magnitude of ecology stereotypes (Study 3), as one would expect if ecology stereotypes function to help perceivers better predict others? behavior. Last, ecology stereotypes do not seem to be just general valence biases or to simply reflect social class stereotypes. In sum, ecology stereotypes may be an influential but relatively unexamined type of stereotype, with broad implications for thinking about other group stereotypes. ∏ 2024 American Psychological Association",Article,1,1,0,0,1,1,sum scores,
JPSP_0039,Schaefer B.; Haehner P.; Luhmann M.,Network Dynamics in Subjective Well-Being and Their Differences Across Age Groups,2024,Journal of Personality and Social Psychology,,,,,,,https://doi.org/10.1037/pspp0000533,"Although the structure of subjective well-being (SWB) has been examined in various studies, no consensus on its structure has yet been reached. This may be due to a neglect of the construct?s dynamic aspects and domain satisfaction as a core aspect of SWB. This article aimed to overcome existing research gaps by applying network modeling to longitudinal data of 32,700 adults (24?64 years old) from the German Socioeconomic Panel to analyze within- and between-person dynamics in the structure of SWB across the lifespan. Results indicated that the relationships across SWB components differed across the investigated within- and between-person network structures. Family, work, and income satisfaction tended to be the most central domains across different levels of analysis. The relationship between life and domain satisfaction was neither solely top?down nor bottom?up but instead characterized by distinct, mostly reciprocal relationships. Furthermore, the dynamic relationships of SWB were similar across compared age groups. In sum, the results suggest that the structure of SWB differs between the within-person level and the between-person level but does not change fundamentally throughout middle adulthood. Additionally, this study demonstrates the importance of considering domain satisfaction as an essential component of SWB and that psychometric network models can advance our understanding of the structure and dynamics of SWB. ∏ 2024 American Psychological Association",Article,1,0,,,,,,
JPSP_0040,Pan X.; Jiang T.; Yuan W.; Hao C.; Bai Y.; Keltner D.,A Balanced Mind: Awe Fosters Equanimity via Temporal Distancing,2024,Journal of Personality and Social Psychology,127,6,,1127,1145,18,https://doi.org/10.1037/pspa0000410,"Awe has been shown to promote well-being through various mechanisms (see Monroy & Keltner, 2023). In this research, we propose a novel perspective for the well-being benefits of awe: Awe fosters equanimity?a balanced state of mind toward all experiences of any valence?and we document how this works, namely, through temporal distancing. Across seven studies, using a combination of experiments, big data analytics, and intervention methods, we provide support for our hypotheses. In Studies 1?3, induced awe increased equanimity, indexed by a self-report scale (Study 1), a decrease in emotional reactivity (Study 2), and an unbiased behavioral approach to positive and negative experiences (Study 3). In Studies 4?6, awe increased equanimity via temporal distancing. This effect persisted beyond self-diminishment (i.e., feeling small and insignificant) and proved to be cross-culturally robust (Study 4). An analysis of almost 200, 000 posts on social media (Study 5) revealed that the proposed mediation model manifested in ecologically rich contexts. Study 6 provided causal evidence for the mediation model. Finally, in a 5-day awe intervention (Study 7), awe increased psychological and physical well-being, with equanimity accounting for these benefits. Taken together, these findings reveal that awe cultivates a balanced state of mind by shifting one?s temporal perspective on life events. ∏ 2024 American Psychological Association",Article,1,1,0,0,1,1,sum scores,
JPSP_0041,Turner A.F.; Thomsen D.K.; Tuval-Mashiach R.; Sevilla-Liu A.; Cowan H.R.; Sumner S.; McAdams D.P.,"Narrative Identity in Context: How Adults in Japan, Denmark, Israel, and the United States Narrate Difficult Life Events",2024,Journal of Personality and Social Psychology,127,6,,1263,1287,24,https://doi.org/10.1037/pspp0000523,"Integrating the selective reconstruction of the past with an imagined future, narrative identity is a person?s internalized and evolving story of the self, functioning to provide life with some degree of meaning and purpose (McAdams & McLean, 2013). While narrative identity has been found to be associated with a range of psychological and social phenomena (e.g., Adler et al., 2015; McAdams & Guo, 2015), cross-national variation in narrative identity has been only minimally examined. For the purposes of the current inquiry, 438 adults from the United States (N = 102), Japan (N = 122), Israel (N = 103), and Denmark (N = 111) wrote narratives on adversity (low point and life challenge) and completed self-report measures on psychological well-being. Part 1 examined the narrative topics discussed, the frequency of narrative indices (redemption, contamination, agency, communion, meaning-making), and their relationship to well-being across the four countries, finding the most cultural difference in levels of redemption and meaning-making and the kinds of events narrated. Part 2 involved a qualitative, thematic analysis of the Japanese, Danish, and Israeli narratives to derive a set of narrative indices characterizing each country. Several emerged in the Japanese narratives (acceptance, attribution of blame, unresolved), the Danish narratives (balanced affect, communal growth, normality), and Israeli narratives (collective responsibility). Taken together, our findings regarding narratives of adversity support the idea that narrative identity cannot be fully captured without an understanding of culture but needs to instead be studied in tandem with the cultural context in which stories reside. ∏ 2024 American Psychological Association",Article,1,1,0,0,1,0,sum scores,
JPSP_0042,Slemp G.R.; Field J.G.; Ryan R.M.; Forner V.W.; Van den Broeck A.; Lewis K.J.,"Interpersonal Supports for Basic Psychological Needs and Their Relations With Motivation, Well-Being, and Performance: A Meta-Analysis",2024,Journal of Personality and Social Psychology,127,5,,1012,1037,25,https://doi.org/10.1037/pspi0000459,"People?s motivational processes, well-being, and performance are likely to be facilitated through the support of others. Self-determination theory argues that interpersonal supports for autonomy, competence, and relatedness are crucial to achieve these outcomes. In the present study, we provide a comprehensive examination of this formulation based on a meta-analytic database consisting of 4,561 effect sizes from 881 independent samples (N = 443,556). Our results indicate that supports for autonomy, competence, and relatedness were strongly positively related with the satisfaction of these basic needs and strongly negatively related to their frustration. Interpersonal supports for basic needs were strongly positively related with subjective well-being and exhibited small to moderate positive associations with performance. Moderation analyses showed general stability of effects across cultures, although correlations of autonomy support to autonomous motivation weakened as a function of individualism. The opposite pattern was observed for the correlation between relatedness support and intrinsic motivation. Some effects also declined as a function of sample age and lag in measurements. We also find that competence- and relatedness-supportive behaviors explained incremental variance in basic need satisfaction even after controlling for the more established effects of autonomy support. In addition, lateral need supports explained incremental variance in basic need satisfaction after controlling for vertical sources of support. In sum, our results are consistent with the premise that to support optimal motivation, well-being, and performance, a broad set of behaviors that nurture all three basic needs, together with different sources of interpersonal support, should be considered to yield the most benefit. ∏ 2024 The Author(s)",Article,0,,,,,,,
JPSP_0043,Scharbert J.; Dein L.M.; Kroencke L.; Nestler S.; Back M.D.; Utesch K.,Narcissists? Affective Well-Being: Associations of Grandiose Narcissism With State Affect Level and Variability,2024,Journal of Personality and Social Psychology,127,1,,153,175,22,https://doi.org/10.1037/pspp0000495,"Whereas grandiose narcissism has generally been found to be related to adaptive affective experiences (i.e., positive affective states), many theoretical conceptualizations have emphasized its associations with characteristics of low affective well-being (i.e., unstable, highly variable affective states). Empirical research on the association of grandiose narcissism with the mean level of and variability in affective states has been inconclusive, as studies have differed considerably in their conceptualizations and measurement of narcissism and affect dynamics and have suffered from methodological limitations. Here, we offer conceptual explanations for previously inconsistent findings, derive diverging hypotheses about different aspects of narcissism and affective well-being, and investigate these hypotheses in two daily diary and three experience-sampling data sets (overall N = 2,125; total measurements = 116,336). As hypothesized, we found diverging associations between agentic and antagonistic aspects of narcissism with affect levels: Whereas narcissistic admiration was related to more pleasant affective states, narcissistic rivalry was related to less pleasant ones. We also obtained some support for diverging effects of admiration and rivalry on affect variability. However, these associations were largely reduced when we corrected for (squared) mean levels of affective valence and arousal. In combination, these findings suggest that only the agentic aspect of grandiose narcissism is conducive to affective well-being, whereas its antagonistic aspect negatively influences affective well-being. Moreover, the assumed associations of grandiose narcissism with volatile affectivity seem to rely heavily on mean-level effects and primarily manifest in experiences of more diverse affective states rather than stronger or more frequent affective fluctuations in general. ∏ 2024 American Psychological Association",Article,1,0,,,,,,
JPSP_0044,Haehner P.; Kritzler S.; Luhmann M.,Individual Differences in Changes in Subjective Well-Being: The Role of Event Characteristics After Negative Life Events,2024,Journal of Personality and Social Psychology,127,3,,702,729,27,https://doi.org/10.1037/pspp0000511,"Negative life events can lead to lasting changes in subjective well-being (SWB). However, people change differently in their SWB after negative life events, and our understanding of factors explaining these individual differences is still limited?possibly because research so far has neglected to investigate differences in the characteristics of the experienced events (e.g., perceived impact, causes of the event). To address this gap, we examined whether perceived event characteristics and objective-descriptive characteristics of negative life events can explain individual differences in changes in SWB. We used data from a longitudinal study in which the SWB of participants (N = 1,068) who had recently experienced a negative life event was assessed at five measurement occasions over 6 months. Perceived event characteristics and objective-descriptive event characteristics were significantly related to each other. Furthermore, both kinds of event characteristics were associated with individual differences in changes in SWB. Finally, specification curve analyses illustrated that several analytical decisions (e.g., the examined SWB component) influenced the association between an event characteristic and changes in SWB. Results from these specification curve analyses can be accessed via a ShinyApp (https://life-event-research.shinyapps.io/EventCharacteristics/). Our findings provide insights into possible causes of the event perception and show that both perceived event characteristics and objective-descriptive event characteristics can help to better understand individual differences in the reaction to major life events. However, as effects seem to depend on several analytical decisions, future research is needed to identify the important characteristics of life events for different events and outcomes. ∏ 2024 American Psychological Association",Article,1,1,0,0,1,1,sum scores,
JPSP_0045,Edershile E.A.; SzÅcs A.; Dombrovski A.Y.; Wright A.G.C.,Dynamics of Narcissistic Grandiosity and Vulnerability in Naturalistic and Experimental Settings,2024,Journal of Personality and Social Psychology,127,1,,199,216,17,https://doi.org/10.1037/pspp0000510,"Theoretical accounts of narcissism emphasize the dynamic shifting of self-states in response to social feedback. Status threats are thought to set narcissism?s dynamics in motion. Naturalistic ecological momentary assessment (EMA) studies have characterized dynamics of narcissistic grandiosity and vulnerability in relation to perceptions of the interpersonal environment. Experimental studies have emphasized the behavioral responses of narcissistic individuals to putative threats to status. Naturalistic and experimental studies suffer from opposing limitations, namely, a potential for confounding variables to impact results versus ambiguous generalizability to real-life and longer time scales, respectively. Integrating naturalistic and experimental studies has the potential to provide a comprehensive model of how dynamics within narcissism unfold in response to status threat. The present study examined shifts in grandiosity and vulnerability in both naturalistic EMA and experimentally controlled (rigged tournament game) social interactions (N = 437). Grandiosity decreased and vulnerability increased in response to both naturalistic and experimental status threats. Further, the same people who responded with decreased grandiosity in response to status threat in daily life responded with similar decreases in grandiosity to experimental defeat. Trait narcissistic agency amplified many of the observed links between narcissism and status threat experimentally and naturalistically. Given that warmth (in addition to dominance) emerged as an important predictor of shifts in narcissism, implications for status-threatening environments are discussed. The present study elucidates important differences with respect to expressions of grandiosity and vulnerability across naturalistic and experimental methods. ∏ 2024 American Psychological Association",Article,1,1,0,0,1,1,slider; ordinal,
JPSP_0046,Sepehri A.; Duclos R.; Haghighi N.,"Ideas Worth Spreading? When, How, and for Whom Information Load Hurts Online Talks? Popularity",2024,Journal of Personality and Social Psychology,128,2,,281,299,18,https://doi.org/10.1037/pspa0000430,"What makes cultural products such as edutainment (i.e., online talks) successful versus not? Asked differently, which characteristics make certain addresses more (vs. less) appealing? Across 12 field and lab studies, we explore when, why, and for whom the information load carried in TED talks causes them to gain (vs. lose) popularity. First and foremost, we uncover a negative effect whereby increases in the number of topics broached in a talk (i.e., information load) hurt viewer adoption. The cause? Processing disfluency. As information load soars, content becomes more difficult to process, which in turn reduces interest. Probing process further, we show this effect fades among audience members with greater need for cognition, a personality trait marking a penchant for deep and broad information processing. Similarly, the effect fades among edutainment viewers favoring education goals (i.e., cognitive enrichment) whereas it amplifies among those favoring entertainment (i.e., hedonic pleasure). Our investigation also documents the counterintuitiveness of our findings (i.e., how individuals mispredict which talks they would actually [dis] like). From these results, we derive theoretical insights for processing fluency research and the psychology of cultural products adoption (i.e., we weigh in on when, why, and for whom fluency has favorable vs. unfavorable downstream effects). We also derive prescriptive insights for (a) players of the edutainment industry whose very business hinges on curating appealing content (e.g., TED, Talks@Google, The Moth, Big Think, Spotify) and (b) communicators of all creeds wishing to broaden their reach and appeal (e.g., professors, scientists, politicians, journalists, bloggers, podcasters, content editors, online community managers). ∏ 2024 American Psychological Association",Article,1,1,0,0,1,1,log(count); ordinal,
JPSP_0047,Argaman Y.; Elishmereni L.; Kron A.,Studies on the Functions and Mechanisms of Shame and Pride: A Systematic Examination of the Relationship Between Shame/Pride and Concealment/Exposure Behaviors,2024,Journal of Personality and Social Psychology,127,3,,469,496,27,https://doi.org/10.1037/pspa0000399,"A series of four studies systematically investigated the boundary conditions of the shame?concealment/ pride?exposure relationship through an experimental paradigm. Experiment 1 developed an experimental procedure to assess the shame/pride?concealment/exposure relationship. Shame and pride were induced by randomly assigning participants to either low or high fictitious IQ score conditions, followed by an assessment of concealment and exposure behaviors. The results suggested a strong relationship between failure and concealment, as well as between success and exposure behaviors, a finding that was replicated in the subsequent three experiments. Experiment 2 examined the sensitivity of the shame?concealment relationship to changes in social status by manipulating the relevance of those to whom IQ scores would be disclosed. The results suggested weak to moderate evidence for the effect of status relevance on the shame?concealment relationship. Experiment 3 investigated whether concealment was specific to IQ scores or generalized to other types of information. Moderate evidence was found for the generalization of concealment beyond IQ scores. Experiment 4 distinguished between the effects of receiving a low/high score, the disclosure of the score, and the anticipation of its disclosure on shame feelings and concealment behavior. Results suggested moderate support for the effect of receiving the score on the elicitation of shame and concealment, with inconclusive support for the effect of disclosure compared to anticipated disclosure. The relevance of these results to theories of shame and pride, intra- and interpersonal determinants, and a functional perspective on emotions is discussed. ∏ 2024 American Psychological Association",Article,1,1,1,1,1,1,binary; sum scores,
JPSP_0048,Fearon P.A.; Gîtz F.M.,The Zero-Sum Mindset,2024,Journal of Personality and Social Psychology,127,4,,758,795,37,https://doi.org/10.1037/pspa0000404,"Seeing a situation as a zero-sum game, where one party?s success must come at the expense of another, stifles cooperation?even when such cooperation could greatly benefit both parties. Consequently, zero-sum beliefs can undermine progress when cooperation is needed for success. In this article, we propose that zero-sum thinking (any specific instance of zero-sum construals or beliefs) can also be understood as a broader mindset?a generalized belief about how the world works. Thus, the zero-sum mindset predisposes one toward zero-sum thinking, and its cognitive and strategic consequences, across situations and domains. In an investigation spanning six countries (Belgium, India, Italy, Pakistan, the United Kingdom, and United States) on three continents, and more than 10, 000 unique participants, we use cross-sectional, longitudinal, and experimental methods to provide foundational evidence for the zero-sum mindset. In Studies 1?5 (Concept), we show that the zero-sum mindset is distinct from existing concepts, stable over time, and predictive of disparate instances of zero-sum thinking and its strategic implications across domains and cultures. In Studies 6?7 (Cognitions), we show that zero-sum configurations of success promote hostile interpretations of others and that the zero-sum mindset predicts this bias even in objectively non-zero-sum situations. In Studies 8?9 (Consequences), we show that the zero-sum mindset predicts lower cooperation even in situations where cooperation is a matter of life or death. These findings call attention to the way lay game theories such as the zero-sum mindset bear critical implications for the cognitions and attitudes that drive social behavior and success. ∏ 2024 American Psychological Association",Article,1,1,0,0,1,1,ordinal,
JPSP_0049,Wald K.A.; Chaudhry S.J.,Ignorance Can Be Trustworthy: The Effect of Social Self-Awareness on Trust,2024,Journal of Personality and Social Psychology,,,,,,,https://doi.org/10.1037/pspi0000481,"Much research has found self-awareness to be associated with positive qualities, but we explore cases in which self-awareness sends a negative signal to others. Specifically, we propose that when a target person appears to be high in social self-awareness?that is, the person seems to accurately know what others think of them?observers infer that the target?s actions are more intentional because the target is acting while seeming to know what others think of their actions. Because perceived intent is the key input to trust judgments, perceived self-awareness impacts observers? trust toward the target but does so differently depending on whether the target behaves in ways that positively or negatively impact others. When the target behaves in positive ways, exhibiting high (relative to low) self-awareness should increase trust as the positive behaviors will be interpreted as conveying stronger positive intentions toward others. However, for negative behaviors, exhibiting self-awareness should decrease trust, as it should convey stronger negative intent toward others. Across six studies (N = 4,707) using online experiments, a recall study paradigm, and live interactions in a laboratory setting, we find support for this framework. We also show that when we constrain the extent to which people can infer a target?s intentions toward others from their behaviors?by reducing the target?s control over their own behavior or by reducing the impact of the target?s actions on others?the effect of self-awareness on trust attenuates. Our findings suggest that self-awareness, though often considered a desirable quality, does not universally increase others? trust. ∏ 2024 American Psychological Association",Article,1,1,0,0,1,1,sum scores; ordinal,
JPSP_0050,Buchinger L.; Entringer T.M.; Richter D.; Wagner G.G.; Gerstorf D.; Bleidorn W.,Codevelopment of Life Goals and the Big Five Personality Traits Across Adulthood and Old Age,2024,Journal of Personality and Social Psychology,126,2,,346,368,22,https://doi.org/10.1037/pspp0000477,"Since the new millennium, research in the field of personality development has focused on the stability and change of basic personality traits. Motivational aspects of personality and their longitudinal association with basic traits have received comparably little attention. In this preregistered study, we applied bivariate latent growth curve model to investigated the codevelopment of nine life goals and the Big Five traits. We tested age, perceived control, gender, educational background, and regional socialization as potential moderators of codevelopment. Data came from the German Socio-Economic Panel study (N = 55,040, age range: 18?103 years) and span a study period of 13 years. During this period, the Big Five traits and life goals were assessed four times. Our findings suggest that development in broader life goal domains (e.g., self-fulfillment) is more strongly connected to personality development across the life span, whereas changes in specific goals (e.g., having children) are more closely tied to trait changes during young and middle adulthood. The strongest codevelopment was found between Openness and agentic goals with a focus on personal growth followed by codevelopment between Agreeableness and communal goals. Developmental stage and educational background moderated the codevelopment of Conscientiousness and economic achievement as well as family-related goals. Contrary to the previous research, we found that Neuroticism codeveloped with communal life goals (i.e., having a happy relationship/marriage). Our findings reinforce theoretical frameworks that highlight the role of changing opportunities, constraints, and developmental tasks across adulthood. ∏ 2023 American Psychological Association",Article,0,,,,,,,
JPSP_0051,Song R.; Levine C.S.,Gentrification Creates Social Class Disparities in Belonging,2024,Journal of Personality and Social Psychology,,,,,,,https://doi.org/10.1037/pspi0000477,"Gentrification impacts nearly every major city in the United States, posing a potential threat to lower social class residents? sense of belonging in their neighborhoods. In one survey and three preregistered experiments, we investigated how gentrification affects the belonging of residents across the social class spectrum and how to invest in working-class neighborhoods without undermining lower social class residents? sense of belonging. Studies 1?3 (Ns = 141, 1,085, and 510, respectively) provided correlational and experimental evidence that lower social class residents feel less belonging than higher social class residents in gentrifying neighborhoods. Study 3 showed that this belonging disparity was mediated by lower social class individuals perceiving themselves to be less similar to and less trusting of other residents and higher social class individuals feeling the amenities would better suit them in the gentrifying neighborhood. Nevertheless, neighborhood investment does not always threaten lower social class individuals? sense of belonging. Study 4 (N = 402) showed that lower social class individuals anticipated greater belonging and were more supportive when neighborhood investment was community driven (i.e., prioritized the needs of existing residents) than capital driven (i.e., prioritized economic growth). We discuss implications for equitable urban policy and future directions for a social psychology of gentrification. ∏ 2024 American Psychological Association",Article,1,1,0,0,1,1,sum scores,
JPSP_0052,Gordon A.M.; Luciani M.; From A.,I Love You but I Hate Your Politics: The Role of Political Dissimilarity in Romantic Relationships,2024,Journal of Personality and Social Psychology,,,,,,,https://doi.org/10.1037/pspi0000467,"Amid heightened political polarization in the United States, have politics worked their way into the bedroom? An increase in political similarity between romantic partners has consequences not just for romantic relationships but for society as a whole; political homophily increases our political echo chambers and affects future generations. We drew upon 11 data sets with over 4,000 individuals (including more than 500 couples) to test four preregistered research questions about the prevalence, correlates, consequences, and potential buffers of political dissimilarity in modern-day relationships. Across measures of similarity (overall perceptions, partisanship matching, shared political ideology), couples in our sample showed high levels of political similarity (e.g., 23% were cross-partisan, with fewer than 8% composed of one Democrat and one Republican). Examining 18 potential correlates of political dissimilarity, we found little evidence that certain factors predispose people to end up in a politically dissimilar relationship. When considering the potential consequences of political dissimilarity, we found a small association between political dissimilarity and relationship quality in general and in daily life. The effect was evident when examining perceived political dissimilarity (over and above perceptions of overall similarity) and, to a lesser extent, dissimilarity in terms of partisanship and political ideology. Prosocial processes such as appreciation and perspective-taking may moderate these effects. Taken together, these findings speak to the need to further consider the ways in which the sociopolitical context is shaping the formation and maintenance of close relationships. ∏ 2024 American Psychological Association",Article,1,1,0,0,1,1,sum scores; ordinal,
JPSP_0053,Amormino P.; Mercier B.; Inbar Y.,Anticipated affect predicts moral praise and character judgments.,2024,Journal of Personality and Social Psychology,127,2,,259,276,17,https://doi.org/10.1037/pspa0000377,"In four preregistered studies (total N = 5,067), we investigated whether people use their own anticipated affective responses to a situation to make judgments about the praiseworthiness of helping and the moral character of helpers. We found that helpers in more affectively arousing scenarios were seen as more morally motivated, received greater praise, and were seen as having more positive moral character, even when controlling for the perceived benefits of helping. Describing helpers as unemotional reduced the effect of observers? anticipated affect on character judgments. These results suggest that when making praise and character judgments, people not only consider the consequences of a helper?s actions but also the emotions they experience when engaging in them?and that they use their own anticipated emotional experience to do this. (PsycInfo Database Record (c) 2024 APA, all rights reserved) ∏ 2024 American Psychological Association",Article,1,0,,,,,,
JPSP_0054,Kakkar H.,Achieving Social Influence Across Gender and Time: Are Dominance and Prestige Equally Viable for Men and Women?,2024,Journal of Personality and Social Psychology,127,3,,562,580,18,https://doi.org/10.1037/pspa0000380,"The dual framework of social rank allocation discusses dominance and prestige as two viable routes to status or social influence. In doing so, this literature has largely neglected findings demonstrating backlash against men and women for behaving in gender-incongruent ways. Likewise, it remains unclear if dominance and prestige continue to be effective means to status over time. This study investigates the viability of dominance or prestige in contributing to an individual?s social influence, conditional on their gender and across time. Using a stereotype-neutral context of an online social network, I unobtrusively tracked individuals? changes in social influence among their network members on Twitter. By analyzing almost 230,000 tweets, it was found that men?s influence increased with greater dominance, whereas women?s decreased. At the same time, women?s influence increased with greater prestige, whereas men?s decreased. Network centrality (in-degree centrality) explained this differential interaction pattern. Additionally, longitudinal analysis provided a more nuanced understanding. Over time, role incongruence effects dampened, dominance became less effective, even for men, and prestige became viable for both men and women. Thus, by jointly considering the role of gender and time, this research offers key theoretical caveats to the dual rank framework. ∏ 2024 American Psychological Association",Article,1,1,1,0,0,,count,
JPSP_0055,Kazarovytska F.; Imhoff R.,Rejecting an Intergroup Apology Attenuates Perceived Differences Between Victim and Perpetrator Groups in Morality and Power,2024,Journal of Personality and Social Psychology,127,4,,846,879,33,https://doi.org/10.1037/pspi0000456,"Intergroup crimes are a ubiquitous element of our political reality, as are attempts to redress these crimes through apologies. Six experiments (N = 2, 432) demonstrate that the victim group?s response to an offered apology has the power to shape uninvolved third parties? impressions of the conflicting groups and influence their willingness to support the victim group. Across a variety of intergroup contexts, a victim group?s apology rejection attenuated perceived differences between the victim and perpetrator groups by diminishing the morality but increasing the power of the victim group while simultaneously reducing the power of the perpetrator group in the eyes of third parties (Experiments 1?4). These judgments, particularly the less favorable morality judgments of the victim group, suppressed the allocation of valued goods (Experiment 3a), political support (Experiments 3b?4), and actual donations (Experiment 4) granted to the victim group. Regarding the social costs imposed on the perpetrator group, we found mixed evidence. Taken together, these findings highlight the relevance of victim group responses in navigating posttransgression reactions and offer implications for understanding apologetic interactions from the perspective of uninvolved observers. ∏ (2024), (American Psychological Association). All rights reserved.",Article,1,1,0,0,1,1,sum scores,
JPSP_0056,Kahhale I.; Puccetti N.A.; Heller A.S.; Hanson J.L.,"Probing Connections Between Social Connectedness, Mortality Risk, and Brain Age: A Preregistered Study",2024,Journal of Personality and Social Psychology,,,,,,,https://doi.org/10.1037/pspi0000465,"Many lifestyle and psychosocial factors are associated with a longer lifespan; central among these is social connectedness, or the feeling of belongingness, identification, and bond as part of meaningful human relationships. Decades of research have established that social connectedness is related not only to better mental health (e.g., less loneliness and depression) but also to improved physical health (e.g., decreased inflammatory markers, reduced cortisol activity). Recent methodological advances allow for the investigation of a novel marker of biological health by deriving a predicted ?age of the brain? from a structural neuroimaging scan. Discrepancies between a person?s algorithm-predicted brain-age and chronological age (i.e., the brain-age gap) have been found to predict mortality and psychopathology risk with accuracy rivaling other known measures of aging. This preregistered investigation uses the Midlife in the United States (MIDUS) study to examine connections between the quality of social connections, the brain-age gap, and markers of mortality risk to understand the longevity-promoting associations of social connectedness from a novel biological vantage point. While social connectedness was associated with markers of mortality risk (number of chronic conditions and ability to perform activities of daily living), our models did not find significant links between social connectedness and the brain-age gap, or the brain-age gap and mortality risk. Supplemental and sensitivity analyses suggest alternate approaches to investigating these associations and overcoming limitations. While plentiful evidence underscores that being socially connected is good for the mind, future research should continue to consider whether it impacts neural markers of aging and longevity. ∏ 2024 American Psychological Association",Article,1,0,,,,,,
JPSP_0057,Wiedenroth A.; Wessels N.M.; Leising D.,"Determinants of Consensus in Person Judgments: The Joint Influence of Information Overlap, Information Quantity, Cross-Situational Consistency, and Shared Meaning",2024,Journal of Personality and Social Psychology,127,1,,176,198,22,https://doi.org/10.1037/pspp0000494,"This study investigated the effects and interplay of several core determinants of consensus in person perception: information overlap, information quantity, cross-situational consistency, and shared meaning. Targets (N = 200) were filmed in different standardized situations. Perceivers either watched the same target in different situations (N = 1,395 perceivers) or different targets in the same situation (N = 3,963 perceivers) and then rated the targets? personalities after each video. Overlap of the observed situations was systematically varied across perceivers. Consensus was higher when perceivers (a) observed a target in more overlapping situations, (b) observed a target in more situations overall, judged characteristics (c) for which between-target differences were more consistent across situations, or (d) for which perceivers had more similar meaning systems. The effect of overlap was more important with low consistency or information quantity, but moderate in size overall. In light of prior research failing to adequately operationalize overlap and consider its interplay with other factors, this study presents the strongest evidence to date on these issues. ∏ 2024 American Psychological Association",Article,1,1,0,0,1,1,cor,
JPSP_0058,Fehr B.,Compassionate Love and Beneficence in the Family,2024,Journal of Personality and Social Psychology,128,2,,314,334,20,https://doi.org/10.1037/pspi0000479,"Compassionate love, generally defined as giving oneself for the good of another, has been receiving increased attention, especially in the context of romantic relationships. The purpose of the present research was to examine compassionate love ?where it begins,? namely, in the family. Seven studies were conducted to test the hypothesis that compassionate love would be correlated with various kinds of beneficence in familial relationships, including parent?child (Studies 1 and 2) and adult child?parent relationships (Studies 3?7). Levels of compassionate love and beneficence varied somewhat, depending on the gender of the parent and the child (e.g., adult children reported more compassionate love for their mother than their father). Across relationships, there was strong support for the main prediction that compassionate love would be associated with beneficence, such as willingness to sacrifice, responsive caregiving, and the provision of support. However, it was not the case that compassionate love was negatively associated with variables that were expected to be antithetical to beneficence (e.g., caregiving motivated by obligation). It was concluded that it is important to promote compassionate love where it begins?in the home?given its strong associations with other-oriented, prosocial motivations and behaviors. ∏ 2024 American Psychological Association",Article,1,1,0,0,1,1,sum scores,
JPSP_0059,Laurin K.; Engstrom H.R.; Alic A.; Tracy J.L.,Is Being Elite the Same as Living an Easy Life? Two Distinct Ways of Experiencing Subjective Socioeconomic Status,2024,Journal of Personality and Social Psychology,127,4,,822,845,23,https://doi.org/10.1037/pspi0000453,"Socioeconomic status (SES) predicts a large number of thoughts, feelings, and behaviors; here, we build on these findings to try to paint a comprehensive picture of what people who occupy different SES ranks are like. Existing findings attribute a mixed set of psychological patterns to people who consider themselves near the top of the socioeconomic hierarchy; these individuals are variously portrayed as selfish yet generous, entitled yet happy, and narcissistic yet tolerant. Building on previous efforts to characterize distinct dimensions of SES, we wondered whether there might be distinct but overlapping ways of experiencing one?s status in the socioeconomic hierarchy, each linked to a different psychological profile, and each potentially corresponding to a different theoretical approach to the study of SES. We employed a bottom-up, participant-driven approach (total N = 3, 338) to identify the thoughts, feelings, and behaviors that factor into people?s subjective SES. Exploratory and confirmatory factor analyses showed that these experiences are best represented by two distinct dimensions?a sense that one belongs to a historical cultural elite (corresponding to SES as early life cultural context) and a sense that one?s life is easy (corresponding, though less conclusively, to SES as current rank). We developed scales to measure each dimension and, using these scales, found that the two dimensions help categorize the known correlates of SES into two separate but internally coherent sets of psychological patterns?one magnanimous and one self-focused. ∏ (2024), (American Psychological Association). All rights reserved.",Article,1,1,0,0,1,1,sum scores,
JPSP_0060,Eastwick P.W.; Sparks J.; Finkel E.J.; Meza E.M.; Adamkovi? M.; Adu P.; Ai T.; Akintola A.A.; Al-Shawaf L.; Apriliawati D.; Arriaga P.; Aubert-Teillaud B.; Ban°k G.; Barzykowski K.; Batres C.; Baucom K.J.; Beaulieu E.Z.; Behnke M.; Butcher N.; Charles D.Y.; Chen J.M.; Cheon J.E.; Chittham P.; Chwi?kowska P.; Cong C.W.; Copping L.T.; Corral-Frias N.S.; Adori? V.?.; Dizon M.; Du H.; Ehinmowo M.I.; Escribano D.A.; Espinosa N.M.; Exp¢sito F.; Feldman G.; Freitag R.; Armenta M.F.; Gallyamova A.; Gillath O.; Gjoneska B.; Gkinopoulos T.; Grafe F.; Grigoryev D.; Groyecka-Bernard A.; Gunaydin G.; Ilustrisimo R.; Impett E.; Ka?m†r P.; Kim Y.-H.; Kocur M.; Kowal M.; Krishna M.; Labor P.D.; Lu J.G.; Lucas M.Y.; Ma?ecki W.P.; Malinakova K.; Mei·ner S.; Meier Z.; Misiak M.; Muise A.; Novak L.; Jiaqing O.; ôzdo?ru A.A.; Park H.G.; Paruzel M.; Pavlovi? Z.; PÅski M.; Ribeiro G.; Roberts S.C.; Rîer J.P.; Ropovik I.; Ross R.M.; Sakman E.; Salvador C.E.; Selcuk E.; Skakoon-Sparling S.; Sorokowska A.; Sorokowski P.; Spasovski O.; Stanton S.C.E.; Stewart S.L.K.; Swami V.; Szaszi B.; Takashima K.; Tavel P.; Tejada J.; Tu E.; Tuominen J.; Vaidis D.; Vally Z.; Vaughn L.A.; Villanueva-Moya L.; Wisnuwardhani D.; Yamada Y.; Yonemitsu F.; ?°dkov† R.; ?ivn† K.; Coles N.A.,A Worldwide Test of the Predictive Validity of Ideal Partner Preference Matching,2024,Journal of Personality and Social Psychology,,,,,,,https://doi.org/10.1037/pspp0000524,"Ideal partner preferences (i.e., ratings of the desirability of attributes like attractiveness or intelligence) are the source of numerous foundational findings in the interdisciplinary literature on human mating. Recently, research on the predictive validity of ideal partner preference matching (i.e., Do people positively evaluate partners who match vs. mismatch their ideals?) has become mired in several problems. First, articles exhibit discrepant analytic and reporting practices. Second, different findings emerge across laboratories worldwide, perhaps because they sample different relationship contexts and/or populations. This registered report?partnered with the Psychological Science Accelerator?uses a highly powered design (N = 10,358) across 43 countries and 22 languages to estimate preference-matching effect sizes. The most rigorous tests revealed significant preference-matching effects in the whole sample and for partnered and single participants separately. The ?corrected pattern metric? that collapses across 35 traits revealed a zero-order effect of ? =.19 and an effect of ? =.11 when included alongside a normative preference-matching metric. Specific traits in the ?level metric? (interaction) tests revealed very small (average ? =.04) effects. Effect sizes were similar for partnered participants who reported ideals before entering a relationship, and there was no consistent evidence that individual differences moderated any effects. Comparisons between stated and revealed preferences shed light on gender differences and similarities: For attractiveness, men?s and (especially) women?s stated preferences underestimated revealed preferences (i.e., they thought attractiveness was less important than it actually was). For earning potential, men?s stated preferences underestimated?and women?s stated preferences overestimated?revealed preferences. Implications for the literature on human mating are discussed. ∏ 2024 American Psychological Association",Article,1,1,0,0,1,1,ordinal; sum scores,
JPSP_0061,Rifkin J.R.; Chan C.; Kahn B.E.,Anxiety About the Social Consequences of Missed Group Experiences Intensifies Fear of Missing Out (FOMO),2024,Journal of Personality and Social Psychology,128,2,,300,313,13,https://doi.org/10.1037/pspa0000418,"Although fear of missing out (FOMO) has become a widely experienced phenomenon, the specific social situations and cognitions driving the FOMO experience have not yet been closely studied. Across seven experiments (N = 5,441), we find that FOMO occurs when people miss events involving valued social groups and is driven by the perception of missed bonding and concerns about how this may negatively affect their future relationships. People feel greater FOMO when they miss events involving valued others (vs. strangers or irrelevant social groups) and when events foster social bonding (vs. individual activity)?even when the events themselves may be unenjoyable. FOMO is further intensified when concerns about one?s future social-group belonging are elevated, either stemming from situational triggers (e.g., social media photos) or one?s chronic anxious attachment to their social group. Notably, these concerns are exaggerated when considering the social costs of missing an event for oneself (vs. a friend). Given the social underpinnings of FOMO, reaffirming one?s social belonging by reflecting on past social connection provides temporary relief. By revealing a novel, situational antecedent of FOMO and the underlying cognitions, this research demonstrates that current well-being is informed not only by current and past feelings of belonging but also by hypothetical projections about one?s future social belonging. Taken together, our findings highlight the importance of social bonding in experiential consumption, identify new determinants of FOMO, and lay the groundwork for simple interventions to mitigate FOMO and its maladaptive consequences. ∏ 2024 The Author(s)",Article,1,1,0,0,1,1,ordinal; sum scores,
JPSP_0062,Neerdaels J.; Teymoori A.; Trîster C.; Van Quaquebeke N.,When Lack of Control Leads to Uncertainty: Explaining the Effect of Anomie on Support for Authoritarianism,2024,Journal of Personality and Social Psychology,,,,,,,https://doi.org/10.1037/pspi0000483,"Studies have shown that anomie, that is, the perception that a society?s leadership and social fabric are breaking down, is a central predictor of individuals? support for authoritarianism. However, causal evidence for this relationship is missing. Moreover, previous studies are ambiguous regarding the mediating mechanism and lack empirical tests for the same. Against this background, we derive a set of integrative hypotheses: First, we argue that perceptions of anomie lead to a perceived lack of political control. The repeated failure to exert control in the political sphere leads to feelings of uncertainty about the functioning and meaning of the political world. This uncertainty heightens people?s susceptibility to authoritarianism because, we argue, the latter promises a sense of order, meaning, and the guidance of a ?strong leader.? We support our hypothesis in a large-scale field study with a representative sample of the German population (N = 1,504) while statistically ruling out alternative explanations. Adding internal validity, we provide causal evidence for each path in our sequential mediation hypothesis in three preregistered, controlled experiments (conducted in the United States, total N = 846). Our insights may support policymakers in addressing the negative political consequences of anomie. ∏ 2024 American Psychological Association",Article,1,0,,,,,,
JPSP_0063,Dugan K.A.; Kunkel J.J.; Fraley R.C.; Briley D.A.; McGue M.; Krueger R.F.; Roisman G.I.,Genetic and Environmental Contributions to Adult Attachment Styles: Evidence From the Minnesota Twin Registry,2024,Journal of Personality and Social Psychology,,,,,,,https://doi.org/10.1037/pspp0000516,"Attachment theory, as originally outlined by Bowlby (1973, 1980, 1969/1982), suggests that the ways people think, feel, and behave in close relationships are shaped by the dynamic interplay between their genes and their social environment. Research on adult attachment, however, has largely focused on the latter, providing only a partial picture of how attachment styles emerge and develop throughout life. The present research leveraged data from the Minnesota Twin Registry, a large sample of older adult twins (N = 1,377 twins; 678 pairs; Mage = 70.40 years, SD = 5.42), to examine the relative contributions of genetic and environmental factors to adult attachment styles. Participants reported on both their general attachment styles and relationship-specific attachments to their mothers, fathers, partners, and best friends. The results suggest that attachment styles are partly heritable (?36%) and partly attributable to environmental factors that are not shared between twins (?64%). Heritability estimates were somewhat higher for parent-specific attachment styles (?51%), whereas nonshared environmental factors accounted for larger proportions of the variance in partner- and best friend-specific attachment styles. Using multivariate biometric models, we also examined the genetic and environmental factors underlying the covariation among people?s relationshipspecific attachment styles. The findings indicate that the similarities among people?s avoidant tendencies in different relationships can be explained by a single, higher order latent factor (e.g., global avoidance). In contrast, the genetic and environmental factors underlying attachment anxiety appear to be more differentiated across specific close relationships. ∏ 2024 American Psychological Association",Article,0,,,,,,,
JPSP_0064,White C.J.M.; Johnson K.A.; Mirbozorgi B.; Martelli G.F.,"Varieties of Gratitude: Identifying Patterns of Emotional Responses to Positive Experiences Attributed to God, Karma, and Human Benefactors",2024,Journal of Personality and Social Psychology,127,3,,497,517,20,https://doi.org/10.1037/pspa0000398,"Good fortune can be attributed to many sources, including other people, personal efforts, and various theistic and nontheistic supernatural forces (e.g., God, karma). Four studies (total N = 4,579) of religiously diverse samples from the United States and the United Kingdom investigated the distinct emotional reactions to recalled positive experiences attributed to natural and supernatural benefactors. We found that the hallmarks of interpersonal gratitude (e.g., thankfulness, admiration, indebtedness) were reported when believers attributed their good fortune to a personal, benevolent God. However, a distinct emotional profile arose when participants attributed good fortune to the process of karmic payback, which was associated with relatively less gratitude but with higher scores for feelings of pride and deservingness. These results were partially explained by participants? attributions of positive experiences to an external agent (e.g., God) versus a universal law or internal factors as in the case of karma. We conclude that diverse spiritual beliefs influence causal attributions for good fortune, which, in turn, predict distinct emotional responses. ∏ 2024 American Psychological Association",Article,1,1,0,0,1,1,sum scores,
JPSP_0065,Trzewik M.; Goshen-Gottstein Y.; Yovel G.; Liberman N.,Group Information Enhances Recognition of Both Learned and Unlearned Face Appearances,2024,Journal of Personality and Social Psychology,128,2,,262,280,18,https://doi.org/10.1037/pspa0000420,"Are people better at recognizing individuals of more relevant groups, such as ingroup compared to outgroup members or high-status compared to low-status individuals? Previous studies that associated faces with group information found a robust effect of group on face recognition but only tested it using the same images presented during the learning phase. They therefore cannot tell whether group information enhances encoding of the specific image presented during learning or encoding of the person who appears in it, which should generalize to other images of that person. In addition, the measures used in these studies do not sufficiently distinguish between sensitivity and response bias. In this article, we addressed these limitations and examined in three experiments the effect of group membership (Experiments 1 and 2) and social status (Experiment 3) on face recognition. In all experiments, we assessed recognition of both learned and unlearned views of the learned faces. Our results show improved recognition of ingroup members compared to outgroup members and of individuals of high-status groups compared to low-status groups for both learned and unlearned views. These effects emerged also when we used measures of memory accuracy that adequately control for response bias. These findings highlight the importance of group and status information in person recognition. ∏ 2024 American Psychological Association",Article,1,1,0,0,1,0,proportions; difference scores,
JPSP_0066,Hildebrand L.K.; Monteith M.J.; Arriaga X.B.,The Role of Trust in Reducing Confrontation-Related Social Costs,2024,Journal of Personality and Social Psychology,126,2,,240,261,21,https://doi.org/10.1037/pspi0000429,"Confronting, or calling out people for prejudiced remarks, reduces subsequent expressions of prejudice. However, people who confront others incur social costs: Confronters are disliked, derogated, and avoided relative to others who have not confronted. These social costs hurt the confronter and reduce the likelihood of future confrontation. The present studies (N = 1,019) integrate the close relationships and prejudice reduction literatures to examine whether people who are confronted assign fewer social costs when they trust the confronter. Study 1 provided correlational evidence that people who were confronted for making a sexist remark experienced less irritation and annoyance (i.e., negative other-directed affect) if they trusted the confronter, which, in turn, reduced social costs. Manipulation of trust in Study 2 with non-Black participants provided causal evidence that trust buffers against social costs. Being confronted predictably led to more negative other-directed affect and social costs, relative to not-confronted participants; however, these effects were mitigated among participants who underwent a trust-building exercise with the confronter. Study 3 used an ecologically valid context in which non-Black participants who made a stereotypic remark were confronted by an actual friend or stranger. They assigned fewer social costs when confronted by their friend (vs. stranger), and this effect was serially mediated by trust and negative other-directed affect. Importantly, confrontation reduced subsequent stereotyping in all studies. Practically, these studies reveal that when confronters establish trust, they experience fewer social costs. Theoretically, these studies provide a new direction for confrontation research that accounts for interpersonal dynamics. ∏ 2023 American Psychological Association",Article,1,1,0,0,1,1,sum scores; binary,
JPSP_0067,Suliteanu J.; Ofosu E.K.; Domingues A.P.; Hehman E.,Prejudice and Stereotypes at Regional and Individual Levels: Related but Distinct,2024,Journal of Personality and Social Psychology,,,,,,,https://doi.org/10.1037/pspa0000433,"Exploring how psychological constructs and their outcomes vary across geographic regions is a rapidly expanding area of research, yet fundamental questions remain. Can constructs designed to describe individual variation in attitudes be interpreted in the same way when aggregated to regional levels? To what extent are they related or distinct? We tested the relationship between individual and regional attitudes across four studies in the domain of intergroup attitudes. Participants reported explicit prejudices and stereotypes toward 14 different social groups, and incorporating data from Project Implicit, we compared the characteristics of regional and individual operationalizations of prejudice. Further, we tested whether attitudes related to one another in the same way across levels using representational similarity analysis. Drawing from construct validity theory, we find evidence that regional prejudice is an emergent property of individual attitudes, to which it is related but distinct. These findings contextualize stereotype and prejudice constructs in regional analyses in psychology. ∏ 2024 American Psychological Association",Article,1,0,,,,,,
JPSP_0068,Leal A.; van Zomeren M.; Gonz†lez R.; Gordijn E.; Carozzi P.; Reifen-Tagar M.; µlvarez B.; Frigolett C.; Halperin E.,Attitude Moralization in the Context of Collective Action: How Participation in Collective Action May Foster Moralization Over Time,2024,Journal of Personality and Social Psychology,,,,,,,https://doi.org/10.1037/pspi0000486,"Although much is known about why people engage in collective action participation (e.g., politicized identity, group-based anger), little is known about the psychological consequences of such participation. For example, can participation in collective action facilitate attitude moralization (e.g., moralize their attitudes on the topic)? Based on the idea that collective action contexts often involve a strong social movement fighting against an immoral adversary, we propose that participating in collective action facilitates attitude moralization over time. By integrating the moralization and collective action literatures, we hypothesized that participation in collective action moralizes individuals? attitudes over time because it politicizes their identity, enrages them vis-a-vis the outgroup, and/or empowers them to achieve social change. We tested these hypotheses in a 2-year, five-wave longitudinal study (N = 1,214) in the contentious context of the Chilean student movement. We examined within-person (and between-person) changes over time and consistently found that participation in collective action predicted individual changes in moral conviction over time through politicized identification and group-based anger toward the outgroup. Furthermore, moral conviction predicted participation in collective action over time?an effect consistently explained by politicized identification. These findings are the first to show that (a) participation in collective action moralizes individuals? attitudes because it politicizes their identity and enrages them vis-a-vis the (immoral) outgroup and that (b) moralization in turn helps to better understand sustained movement participation. Theoretical implications for the literature on moralization and collective action are discussed. ∏ 2024 American Psychological Association",Article,1,0,,,,,,
JPSP_0069,Zhang L.; Wetzel E.; Yoon H.J.; Roberts B.W.,"Perseverance, a Measure of Conscientiousness, Is a Valid Predictor of Achievement and Truancy Across the Globe",2024,Journal of Personality and Social Psychology,126,5,,852,872,20,https://doi.org/10.1037/pspp0000505,"Is Conscientiousness a useful construct across cultures? Using the 2012 Program for International Student Assessment data, we examined whether perseverance, a measure of Conscientiousness, was related to achievement and truancy across 62 countries/regions (N?> 470,000). We investigated whether these relationships were linear or curvilinear in nature and assessed the utility of item-level information. After establishing partial metric invariance of the perseverance measure across various countries/regions and cultural regions, our findings unveiled that perseverance consistently predicted both math achievement and truancy, with predominantly linear associations. Notably, among the five items of the Perseverance scale, the item reflecting one?s tendency to give up easily in the face of challenges emerged as the strongest and most consistent predictor of math achievement. Further, country-level correlations between perseverance and both math achievement and truancy displayed contradictory patterns compared to individual-level correlations, suggesting the presence of biasing factors in how people respond to these measures. Nonetheless, it appears reasonable to conclude that measures of Conscientiousness are pan-cultural predictors of achievement and truancy. ∏ 2024 American Psychological Association",Article,1,0,,,,,,
JPSP_0070,Enisman M.; Levy A.; Kleiman T.,Hand movement trajectories illustrate the mechanism underlying Kurt Lewin?s distinction between approach?approach and avoidance?avoidance motivational conflicts.,2024,Journal of Personality and Social Psychology,127,2,,239,258,19,https://doi.org/10.1037/pspa0000392,"Classic motivational conflicts theory (Lewin, 1931) distinguishes between approach?approach, and avoidance?avoidance conflicts. Previous research has focused solely on testing the theory?s prediction that avoidance?avoidance conflicts are more difficult to resolve than approach?approach ones, using outcome measures (decision time and self-reports). The theory, however, specifies a force-fields mechanism to account for this difference in conflict resolution difficulty, whereby avoidance?avoidance conflicts (compared to approach?approach ones) elicit more (a) oscillations and (b) return to the middle point between options. However, this force-fields mechanism has never been empirically tested, arguably due to a lack of the tools to do so. In five studies (N = 534 U.K. residents), we use mouse-tracking measures to provide insight into the force-fields mechanism. We show that the force-fields? mechanistic properties?oscillations and returns to the middle point?distinguish the two types of conflict and uniquely account for conflict resolution difficulty beyond standard conflict-strength measures. Moreover, we test a novel, theory-driven prediction and robustly show a differential pattern of increased oscillations as a function of the decision-maker?s proximity to the decision options. Finally, we test a boundary condition moderating the influence of conflict type on both the force-fields? mechanistic properties and conflict resolution difficulty. (PsycInfo Database Record (c) 2024 APA, all rights reserved) ∏ 2024 American Psychological Association",Article,1,1,1,0,1,1,times; count,
PM_0001,Hanna M.R.; Caspi A.; Houts R.M.; Moffitt T.E.; Torvik F.A.,Co-occurrence between mental disorders and physical diseases: a study of nationwide primary-care medical records,2024,Psychological Medicine,,,,,,,https://doi.org/10.1017/S0033291724002575,"Background. Mental disorders and physical-health conditions frequently co-occur, impacting treatment outcomes. While most prior research has focused on single pairs of mental disorders and physical-health conditions, this study explores broader associations between multiple mental disorders and physical-health conditions. Methods. Using the Norwegian primary-care register, this population-based cohort study encompassed all 2 203 553 patients born in Norway from January 1945 through December 1984, who were full-time residents from January 2006 until December 2019 (14 years; 363 million person-months). Associations between seven mental disorders (sleep disturbance, anxiety, depression, acute stress reaction, substance-use disorders, phobia/compulsive disorder, psychosis) and 16 physical-health conditions were examined, diagnosed according to the International Classification of Primary Care. Results. Of 112 mental-disorder/physical-health condition pairs, 96% of associations yielded positive and significant ORs, averaging 1.41 and ranging from 1.05 (99.99% CI 1.00?1.09) to 2.38 (99.99% CI 2.30?2.46). Across 14 years, every mental disorder was associated with multiple different physical-health conditions. Across 363 million person-months, having any mental disorder was associated with increased subsequent risk of all physical-health conditions (HRs:1.40 [99.99% CI 1.35?1.45] to 2.85 [99.99% CI 2.81?2.89]) and vice versa (HRs:1.56 [99.99% CI 1.54?1.59] to 3.56 [99.99% CI 3.54?3.58]). Associations were observed in both sexes, across age groups, and among patients with and without university education. Conclusions. The breadth of associations between virtually every mental disorder and physical-health condition among patients treated in primary care underscores a need for integrated mental and physical healthcare policy and practice. This remarkable breadth also calls for research into etiological factors and underlying mechanisms that can explain it. ∏ The Author(s), 2024.",Article,1,0,,,,,,
PM_0002,Wu Y.-K.; Su Y.-A.; Li L.; Zhu L.-L.; Li K.; Li J.-T.; Mitchell P.B.; Yan C.-G.; Si T.-M.,Brain functional changes across mood states in bipolar disorder: From a large-scale network perspective,2024,Psychological Medicine,54,4,,763,774,11,https://doi.org/10.1017/S0033291723002453,"Background Exploring the neural basis related to different mood states is a critical issue for understanding the pathophysiology underlying mood switching in bipolar disorder (BD), but research has been scarce and inconsistent. Methods Resting-state functional magnetic resonance imaging data were acquired from 162 patients with BD: 33 (hypo)manic, 64 euthymic, and 65 depressive, and 80 healthy controls (HCs). The differences of large-scale brain network functional connectivity (FC) between the four groups were compared and correlated with clinical characteristics. To validate the generalizability of our findings, we recruited a small longitudinal independent sample of BD patients (n = 11). In addition, we examined topological nodal properties across four groups as exploratory analysis. Results A specific strengthened pattern of network FC, predominantly involving the default mode network (DMN), was observed in (hypo)manic patients when compared with HCs and bipolar patients in other mood states. Longitudinal observation revealed an increase in several network FCs in patients during (hypo)manic episode. Both samples evidenced an increase in the FC between the DMN and ventral attention network, and between the DMN and limbic network (LN) related to (hypo)mania. The altered network connections were correlated with mania severity and positive affect. Bipolar depressive patients exhibited decreased FC within the LN compared with HCs. The exploratory analysis also revealed an increase in degree in (hypo)manic patients. Conclusions Our findings identify a distributed pattern of large-scale network disturbances in the unique context of (hypo)mania and thus provide new evidence for our understanding of the neural mechanism of BD.  ∏ Peking University Sixth Hospital, Peking University Institute of Mental Health and the Author(s), 2023. Published by Cambridge University Press.",Article,1,1,0,0,0,,zcor,
PM_0003,Yamashita M.; Shou Q.; Mizuno Y.,Unsupervised machine learning for identifying attention-deficit/hyperactivity disorder subtypes based on cognitive function and their implications for brain structure,2024,Psychological Medicine,,,,,,,https://doi.org/10.1017/S0033291724002368,"Background Structural anomalies in the frontal lobe and basal ganglia have been reported in patients with attention-deficit/hyperactivity disorder (ADHD). However, these findings have been not always consistent because of ADHD diversity. This study aimed to identify ADHD subtypes based on cognitive function and find their distinct brain structural characteristics. Methods Using the data of 656 children with ADHD from the Adolescent Brain Cognitive Development (ABCD) Study, we applied unsupervised machine learning to identify ADHD subtypes using the National Institutes of Health Toolbox Tasks. Moreover, we compared the regional brain volumes between each ADHD subtype and 6601 children without ADHD (non-ADHD). Results Hierarchical cluster analysis automatically classified ADHD into three distinct subtypes: ADHD-A (n = 212, characterized by high-order cognitive ability), ADHD-B (n = 190, characterized by low cognitive control, processing speed, and episodic memory), and ADHD-C (n = 254, characterized by strikingly low cognitive control, working memory, episodic memory, and language ability). Structural analyses revealed that the ADHD-C type had significantly smaller volumes of the left inferior temporal gyrus and right lateral orbitofrontal cortex than the non-ADHD group, and the right lateral orbitofrontal cortex volume was positively correlated with language performance in the ADHD-C type. However, the volumes of the ADHD-A and ADHD-B types were not significantly different from those of the non-ADHD group. Conclusions These results indicate the presence of anomalies in the lateral orbitofrontal cortex associated with language deficits in the ADHD-C type. Subtype specificity may explain previous inconsistencies in brain structural anomalies reported in ADHD.  Copyright ∏ The Author(s), 2024.",Article,1,0,,,,,,
PM_0004,Suokas K.; Lindgren M.; Gissler M.; Liukko E.; Schildt L.; Salokangas R.K.R.; Rissanen P.; Gauffin T.; NÑÑtÑnen P.; Holm M.; Suvisaari J.,"Factors contributing to readmission in patients with psychotic disorders, with a special reference to first follow-up visit in outpatient care",2024,Psychological Medicine,,,,,,,https://doi.org/10.1017/S0033291724001065,"Background. Timely outpatient follow-up and readmission after discharge are common quality indicators in psychiatric care, but their association varies in previous research. We aimed to examine whether the impact of outpatient follow-up and other factors on readmission risk evolves over time in people with non-affective psychotic disorder (NAP). Methods. The Finnish Quality of Care Register includes all people diagnosed with NAP since January 2010. Here, we followed patients with a hospital discharge between 2017 and 2021 until readmission, death, or up to 365 days. Time of the first outpatient follow-up appointment, length of stay (LOS), number of previous hospitalizations, psychosis diagnosis, substance use disorder (SUD), residential status, economic activity, gender, age, year, and region were included. Follow-up time was divided into five periods: week 1, weeks 2?4, weeks 5?13, weeks 14?25, and weeks 26?52, and each period was analyzed separately with Cox regression. Results. Of the 29 858 discharged individuals, 54.1% had an outpatient follow-up within a week. A total of 10 623 (35.6%) individuals were readmitted. Short LOS increased the readmission risk in the first four weeks, whereas lack of outpatient follow-up raised the risk (adjusted HRs between 1.15 (95% CI 1.04?1.26) and 1.53 (1.37?1.71) in weeks 5?52. The number of previous hospitalizations remained a consistent risk factor throughout the follow-up, while SUD increased risk after 4 weeks and living without family after 13 weeks. Conclusions. Risk factors of readmission vary over time. These temporal patterns must be considered when developing outpatient treatment programs. ∏ The Author(s), 2024. Published by Cambridge University Press.",Article,1,0,,,,,,
PM_0005,Wang J.; Luo G.-Y.; Tian T.; Zhao Y.-Q.; Meng S.-Y.; Wu J.-H.; Han W.-X.; Deng B.; Ni J.,Shared genetic basis and causality between schizophrenia and inflammatory bowel disease: evidence from a comprehensive genetic analysis,2024,Psychological Medicine,,,,,,,https://doi.org/10.1017/S0033291724000771,"Background. The comorbidity between schizophrenia (SCZ) and inflammatory bowel disease (IBD) observed in epidemiological studies is partially attributed to genetic overlap, but the magnitude of shared genetic components and the causality relationship between them remains unclear. Methods. By leveraging large-scale genome-wide association study (GWAS) summary statistics for SCZ, IBD, ulcerative colitis (UC), and Crohn?s disease (CD), we conducted a comprehensive genetic pleiotropic analysis to uncover shared loci, genes, or biological processes between SCZ and each of IBD, UC, and CD, independently. Univariable and multivariable Mendelian randomization (MR) analyses were applied to assess the causality across these two disorders. Results. SCZ genetically correlated with IBD (rg = 0.14, p = 3.65 û 10?9), UC (rg = 0.15, p = 4.88 û 10?8), and CD (rg = 0.12, p = 2.27 û 10?6), all surpassed the Bonferroni correction. Cross-trait meta-analysis identified 64, 52, and 66 significantly independent loci associated with SCZ and IBD, UC, and CD, respectively. Follow-up gene-based analysis found 11 novel pleiotropic genes (KAT5, RABEP1, ELP5, CSNK1G1, etc) in all joint phenotypes. Co-expression and pathway enrichment analysis illustrated those novel genes were mainly involved in core immune-related signal transduction and cerebral disorder-related pathways. In univariable MR, genetic predisposition to SCZ was associated with an increased risk of IBD (OR 1.11, 95% CI 1.07?1.15, p = 1.85 û 10?6). Multivariable MR indicated a causal effect of genetic liability to SCZ on IBD risk independent of Actinobacteria (OR 1.11, 95% CI 1.06?1.16, p = 1.34 û 10?6) or BMI (OR 1.11, 95% CI 1.04?1.18, p = 1.84 û 10?3). Conclusions. We confirmed a shared genetic basis, pleiotropic loci/genes, and causal relationship between SCZ and IBD, providing novel insights into the biological mechanism and therapeutic targets underlying these two disorders. ∏ The Author(s), 2024.",Article,1,0,,,,,,
PM_0006,Demro C.; Lahud E.; Burton P.C.; Purcell J.R.; Simon J.J.; Sponheim S.R.,Reward anticipation-related neural activation following cued reinforcement in adults with psychotic psychopathology and biological relatives,2024,Psychological Medicine,54,7,,1441,1451,10,https://doi.org/10.1017/S0033291723003343,"Background Schizophrenia is associated with hypoactivation of reward sensitive brain areas during reward anticipation. However, it is unclear whether these neural functions are similarly impaired in other disorders with psychotic symptomatology or individuals with genetic liability for psychosis. If abnormalities in reward sensitive brain areas are shared across individuals with psychotic psychopathology and people with heightened genetic liability for psychosis, there may be a common neural basis for symptoms of diminished pleasure and motivation. Methods We compared performance and neural activity in 123 people with a history of psychosis (PwP), 81 of their first-degree biological relatives, and 49 controls during a modified Monetary Incentive Delay task during fMRI. Results PwP exhibited hypoactivation of the striatum and anterior insula (AI) during cueing of potential future rewards with each diagnostic group showing hypoactivations during reward anticipation compared to controls. Despite normative task performance, relatives demonstrated caudate activation intermediate between controls and PwP, nucleus accumbens activation more similar to PwP than controls, but putamen activation on par with controls. Across diagnostic groups of PwP there was less functional connectivity between bilateral caudate and several regions of the salience network (medial frontal gyrus, anterior cingulate, AI) during reward anticipation. Conclusions Findings implicate less activation and connectivity in reward processing brain regions across a spectrum of disorders involving psychotic psychopathology. Specifically, aberrations in striatal and insular activity during reward anticipation seen in schizophrenia are partially shared with other forms of psychotic psychopathology and associated with genetic liability for psychosis. ∏ U.S. Federal Government and University of Minnesota, 2024. To the extent this is a work of the US Government, it is not subject to copyright protection within the United States. Published by Cambridge University Press.",Article,1,0,,,,,,
PM_0007,Bustamante L.A.; Barch D.M.; Solis J.; Oshinowo T.; Grahek I.; Konova A.B.; Daw N.D.; Cohen J.D.,Major depression symptom severity associations with willingness to exert effort and patch foraging strategy,2024,Psychological Medicine,,,,,,,https://doi.org/10.1017/S0033291724002691,"Background Individuals with major depressive disorder (MDD) can experience reduced motivation and cognitive function, leading to challenges with goal-directed behavior. When selecting goals, people maximize 'expected value' by selecting actions that maximize potential reward while minimizing associated costs, including effort 'costs' and the opportunity cost of time. In MDD, differential weighing of costs and benefits are theorized mechanisms underlying changes in goal-directed cognition and may contribute to symptom heterogeneity. Methods We used the Effort Foraging Task to quantify cognitive and physical effort costs, and patch leaving thresholds in low effort conditions (reflecting perceived opportunity cost of time) and investigated their shared versus distinct relationships to clinical features in participants with MDD (N = 52, 43 in-episode) and comparisons (N = 27). Results Contrary to our predictions, none of the decision-making measures differed with MDD diagnosis. However, each of the measures was related to symptom severity, over and above effects of ability (i.e. performance). Greater anxiety symptoms were selectively associated with lower cognitive effort cost (i.e. greater willingness to exert effort). Anhedonia and behavioral apathy were associated with increased physical effort costs. Finally, greater overall depression was related to decreased patch leaving thresholds. Conclusions Markers of effort-based decision-making may inform understanding of MDD heterogeneity. Increased willingness to exert cognitive effort may contribute to anxiety symptoms such as worry. Decreased leaving threshold associations with symptom severity are consistent with reward rate-based accounts of reduced vigor in MDD. Future research should address subtypes of depression with or without anxiety, which may relate differentially to cognitive effort decisions. Copyright ∏ The Author(s), 2024.",Article,1,0,,,,,,
PM_0008,Duffner L.A.; Deckers K.; Cadar D.; De Vugt M.E.; Kîhler S.,"Social relationship factors, depressive symptoms, and incident dementia: A prospective cohort study into their interrelatedness",2024,Psychological Medicine,,,2400127,,,,https://doi.org/10.1017/S0033291724001272,"Background Different aspects of social relationships (e.g., social network size or loneliness) have been associated with dementia risk, while their overlap and potentially underlying pathways remain largely unexplored. This study therefore aimed to (1) discriminate between different facets of social relationships by means of factor analysis, (2) examine their associations with dementia risk, and (3) assess mediation by depressive symptoms. Methods Thirty-six items from questionnaires on social relationships administered in Wave 2 (2004/2005) of the English Longitudinal Study of Ageing (n = 7536) were used for exploratory and confirmatory factor analysis. Factors were then used as predictors in Cox proportional hazard models with dementia until Wave 9 as outcome, adjusted for demographics and cardiovascular risk factors. Structural equation modeling tested mediation by depressive symptoms through effect decomposition. Results Factor analyses identified six social factors. Across a median follow-up time of 11.8 years (IQR = 5.9-13.9 years), 501 people developed dementia. Higher factor scores for frequency and quality of contact with children (HR = 0.88; p = 0.021) and more frequent social activity engagement (HR = 0.84; p < 0.001) were associated with lower dementia risk. Likewise, higher factor scores for loneliness (HR = 1.13; p = 0.011) and negative experiences of social support (HR = 1.10; p = 0.047) were associated with higher dementia risk. Mediation analyses showed a significant partial effect mediation by depressive symptoms for all four factors. Additional analyses provided little evidence for reverse causation. Conclusions Frequency and quality of social contacts, social activity engagement, and feelings of loneliness are associated with dementia risk and might be suitable targets for dementia prevention programs, partly by lowering depressive symptoms. Copyright ∏ The Author(s), 2024. Published by Cambridge University Press.",Article,1,0,,,,,,
PM_0009,De Vries L.P.; Pelt D.H.M.; Bartels M.,The stability and change of wellbeing across the lifespan: A longitudinal twin-sibling study,2024,Psychological Medicine,,,,,,,https://doi.org/10.1017/S0033291724000692,"Background Wellbeing is relatively stable over the life span. However, individuals differ in this stability and change. One explanation for these differences could be the influence of different genetic or environmental factors on wellbeing over time. Methods To investigate causes of stability and change of wellbeing across the lifespan, we used cohort-sequential data on wellbeing from twins and their siblings of the Netherlands Twin Register (NTR) (total N = 46.885, 56% females). We organized wellbeing data in multiple age groups, from childhood (age 5), to adolescence, up to old age (age 61+). Applying a longitudinal genetic simplex model, we investigated the phenotypic stability of wellbeing and continuity and change in genetic and environmental influences. Results Wellbeing peaked in childhood, decreased during adolescence, and stabilized during adulthood. In childhood and adolescence, around 40% of the individual differences was explained by genetic effects. The heritability decreased toward old adulthood (35-24%) and the contribution of unique environmental effects increased to 76%. Environmental innovation was found at every age, whereas genetic innovation was only observed during adolescence (10-18 years). In childhood and adulthood, the absence of genetic innovation indicates a stable underlying set of genes influencing wellbeing during these life phases. Conclusion These findings provide insights into the stability and change of wellbeing and the genetic and environmental influences across the lifespan. Genetic effects were mostly stable, except in adolescence, whereas the environmental innovation at every age suggests that changing environmental factors are a source of changes in individual differences in wellbeing over time. Copyright ∏ The Author(s), 2024. Published by Cambridge University Press.",Article,1,0,,,,,,
PM_0010,Fricke S.; Seinsche R.J.; Neudert M.K.; SchÑfer A.; Zehtner R.I.; Stark R.; Hermann A.,Neural correlates of context-dependent extinction recall in social anxiety disorder: Relevance of intrusions in response to aversive social experiences,2024,Psychological Medicine,54,3,,548,557,9,https://doi.org/10.1017/S0033291723002179,"Background There are phenomenological similarities between social anxiety disorder (SAD) and posttraumatic stress disorder, such as a provoking aversive event, posttraumatic stress symptoms (e.g. intrusions) in response to these events and deficient (context-dependent) fear conditioning processes. This study investigated the neural correlates of context-dependent extinction recall and fear renewal in SAD, specifically in patients with intrusions in response to an etiologically relevant aversive social event. Methods During functional magnetic resonance imaging a two-day context-dependent fear conditioning paradigm was conducted in 54 patients with SAD and 54 healthy controls (HC). This included fear acquisition (context A) and extinction learning (context B) on one day, and extinction recall (context B) as well as fear renewal (contexts C and A) one day later. The main outcome measures were blood oxygen level-dependent responses in regions of interest and skin conductance responses. Results Patients with SAD showed reduced differential conditioned amygdala activation during extinction recall in the safe extinction context and during fear renewal in the acquisition context compared to HC. Patients with clinically relevant intrusions moreover exhibited hypoactivation of the ventromedial prefrontal cortex (vmPFC) during extinction learning, extinction recall, and fear renewal in a novel context, while amygdala activation more strongly decreased during extinction learning and increased during fear renewal in the acquisition context compared with patients without intrusions. Conclusions Our study provides first evidence that intrusions in SAD are associated with similar deficits in context-dependent regulation of conditioned fear via the vmPFC as previously demonstrated in posttraumatic stress disorder.  Copyright ∏ The Author(s), 2023. Published by Cambridge University Press.",Article,1,1,0,0,0,,logAmplitude,
PM_0011,Long Y.; Li X.; Cao H.; Zhang M.; Lu B.; Huang Y.; Liu M.; Xu M.; Liu Z.; Yan C.; Sui J.; Ouyang X.; Zhou X.,"Common and distinct functional brain network abnormalities in adolescent, early-middle adult, and late adult major depressive disorders",2024,Psychological Medicine,54,3,,582,591,9,https://doi.org/10.1017/S0033291723002234,"Background The age-related heterogeneity in major depressive disorder (MDD) has received significant attention. However, the neural mechanisms underlying such heterogeneity still need further investigation. This study aimed to explore the common and distinct functional brain abnormalities across different age groups of MDD patients from a large-sample, multicenter analysis. Methods The analyzed sample consisted of a total of 1238 individuals including 617 MDD patients (108 adolescents, 12-17 years old; 411 early-middle adults, 18-54 years old; and 98 late adults, > = 55 years old) and 621 demographically matched healthy controls (60 adolescents, 449 early-middle adults, and 112 late adults). MDD-related abnormalities in brain functional connectivity (FC) patterns were investigated in each age group separately and using the whole pooled sample, respectively. Results We found shared FC reductions among the sensorimotor, visual, and auditory networks across all three age groups of MDD patients. Furthermore, adolescent patients uniquely exhibited increased sensorimotor-subcortical FC; early-middle adult patients uniquely exhibited decreased visual-subcortical FC; and late adult patients uniquely exhibited wide FC reductions within the subcortical, default-mode, cingulo-opercular, and attention networks. Analysis of covariance models using the whole pooled sample further revealed: (1) significant main effects of age group on FCs within most brain networks, suggesting that they are decreased with aging; and (2) a significant age group û MDD diagnosis interaction on FC within the default-mode network, which may be reflective of an accelerated aging-related decline in default-mode FCs. Conclusions To summarize, these findings may deepen our understanding of the age-related biological and clinical heterogeneity in MDD.  Copyright ∏ The Author(s), 2023. Published by Cambridge University Press.",Article,1,1,0,0,0,,zcor,
PM_0012,Panayi P.; Peters E.; Bentall R.; Hardy A.; Berry K.; Sellwood W.; Dudley R.; Longden E.; Underwood R.; Steel C.; Jafari H.; Emsley R.; Mason L.; Elliott R.; Varese F.,Complex PTSD symptoms predict positive symptoms of psychosis in the flow of daily life,2024,Psychological Medicine,,,,,,,https://doi.org/10.1017/S0033291724001934,"Background Post-traumatic stress disorder (PTSD) has been shown to predict psychotic symptomology. However, few studies have examined the relative contribution of PTSD compared to broader post-traumatic sequelae in maintaining psychosis. Complex PTSD (cPTSD), operationalized using ICD-11 criteria, includes core PTSD (intrusions, avoidance, hyperarousal) as well as additional ""disturbances of self-organisation""(DSO; emotional dysregulation, interpersonal difficulties, negative self-concept) symptoms, more likely to be associated with complex trauma histories. It was hypothesized that DSOs would be associated with positive psychotic symptoms (paranoia, voices, and visions) in daily life, over and above core PTSD symptoms. Methods This study (N = 153) employed a baseline subsample of the Study of Trauma And Recovery (STAR), a clinical sample of participants with comorbid post-traumatic stress and psychosis symptoms. Core PTSD, DSO and psychosis symptoms were assessed up to 10 times per day at quasi-random intervals over six consecutive days using Experience Sampling Methodology. Results DSOs within the preceding 90 min predicted paranoia, voices, and visions at subsequent moments. These relationships persisted when controlling for core PTSD symptoms within this timeframe, which were themselves significant. The associations between DSOs and paranoia but not voices or visions, were significantly stronger than those between psychosis and core PTSD symptoms. Conclusions Consistent with an affective pathway to psychosis, the findings suggest that DSOs may be more important than core PTSD symptoms in maintaining psychotic experiences in daily life among people with comorbid psychosis and cPTSD, and indicate the potential importance of addressing broad post-traumatic sequelae in trauma-focused psychosis interventions.  Copyright ∏ The Author(s), 2024. Published by Cambridge University Press.",Article,1,0,,,,,,
PM_0013,Picariello F.; Hulme K.; Seaton N.; Hudson J.L.; Norton S.; Wroe A.; Moss-Morris R.,A randomized controlled trial of a digital cognitive-behavioral therapy program (COMPASS) for managing depression and anxiety related to living with a long-term physical health condition,2024,Psychological Medicine,54,8,,1796,1809,13,https://doi.org/10.1017/S0033291723003756,"Background To evaluate the clinical efficacy of COMPASS, a therapist-supported digital therapeutic for reducing psychological distress (anxiety/depression) in people living with long-term physical health conditions (LTCs). Methods A two-armed randomized-controlled trial recruiting from LTC charities. Participants with anxiety and/or depression symptoms related to their LTC(s) were randomized (concealed allocation via independent administrator) to COMPASS (access to 11 tailored modules plus five thirty-minute therapist support sessions) or standard charity support (SCS). Assessments were completed online pre-randomization, at 6- and 12-weeks post-randomization. Primary outcome was Patient Health Questionnaire Anxiety and Depression Scale; PHQ-ADS measured at 12-weeks. Analysis used intention-to-treat principles with adjusted mean differences estimated using linear mixed-effects models. Data-analyst was blinded to group allocation. Results 194 participants were randomized to COMPASS (N = 94) or SCS (N = 100). At 12-weeks, mean level of psychological distress was 6.82 (95% confidence interval; CI 4.55-9.10) points lower (p < 0.001) in the COMPASS arm compared with SCS (standardized mean difference of 0.71 (95% CI 0.48-0.95)). The COMPASS arm also showed moderate significant treatment effects on secondary outcomes including depression, anxiety and illness-related distress and small significant effects on functioning and quality-of-life. Rates of adverse events were comparable across the arms. Deterioration in distress at 12-weeks was observed in 2.2% of the SCS arm, and no participants in the COMPASS arm. Conclusion Compared with SCS, COMPASS digital therapeutic with minimal therapist input reduces psychological distress at post-treatment (12-weeks). COMPASS offers a potentially scalable implementation model for health services but its translation to these contexts needs further evaluating. Copyright 2024 ∏ The Author(s). Published by Cambridge University Press.",Article,1,1,1,1,1,1,sum score; ordinal,
PM_0014,Veeneman R.R.; Vermeulen J.M.; Bialas M.; Bhamidipati A.K.; Abdellaoui A.; Munafï M.R.; Denys D.; Bezzina C.R.; Verweij K.J.H.; Tadros R.; Treur J.L.,Mental illness and cardiovascular health: Observational and polygenic score analyses in a population-based cohort study,2024,Psychological Medicine,54,5,,931,939,8,https://doi.org/10.1017/S0033291723002635,"Background Individuals with serious mental illness have a markedly shorter life expectancy. A major contributor to premature death is cardiovascular disease (CVD). We investigated associations of (genetic liability for) depressive disorder, bipolar disorder and schizophrenia with a range of CVD traits and examined to what degree these were driven by important confounders. Methods We included participants of the Dutch Lifelines cohort (N = 147 337) with information on self-reported lifetime diagnosis of depressive disorder, bipolar disorder, or schizophrenia and CVD traits. Employing linear mixed-effects models, we examined associations between mental illness diagnoses and CVD, correcting for psychotropic medication, demographic and lifestyle factors. In a subsample (N = 73 965), we repeated these analyses using polygenic scores (PGSs) for the three mental illnesses. Results There was strong evidence that depressive disorder diagnosis is associated with increased arrhythmia and atherosclerosis risk and lower heart rate variability, even after confounder adjustment. Positive associations were also found for the depression PGSs with arrhythmia and atherosclerosis. Bipolar disorder was associated with a higher risk of nearly all CVD traits, though most diminished after adjustment. The bipolar disorder PGSs did not show any associations. While the schizophrenia PGSs was associated with increased arrhythmia risk and lower heart rate variability, schizophrenia diagnosis was not. All mental illness diagnoses were associated with lower blood pressure and a lower risk of hypertension. Conclusions Our study shows widespread associations of (genetic liability to) mental illness (primarily depressive disorder) with CVD, even after confounder adjustment. Future research should focus on clarifying potential causal pathways between mental illness and CVD. Copyright ∏ The Author(s), 2023. Published by Cambridge University Press.",Article,1,1,1,1,0,,amplitude; binary; time interval,
PM_0015,Curtiss J.; Smoller J.W.; Pedrelli P.,Optimizing precision medicine for second-step depression treatment: A machine learning approach,2024,Psychological Medicine,,,,,,,https://doi.org/10.1017/S0033291724000497,"Background Less than a third of patients with depression achieve successful remission with standard first-step antidepressant monotherapy. The process for determining appropriate second-step care is often based on clinical intuition and involves a protracted course of trial and error, resulting in substantial patient burden and unnecessary delay in the provision of optimal treatment. To address this problem, we adopt an ensemble machine learning approach to improve prediction accuracy of remission in response to second-step treatments. Method Data were derived from the Level 2 stage of the STAR?D dataset, which included 1439 patients who were randomized into one of seven different second-step treatment strategies after failing to achieve remission during first-step antidepressant treatment. Ensemble machine learning models, comprising several individual algorithms, were evaluated using nested cross-validation on 155 predictor variables including clinical and demographic measures. Results The ensemble machine learning algorithms exhibited differential classification performance in predicting remission status across the seven second-step treatments. For the full set of predictors, AUC values ranged from 0.51 to 0.82 depending on the second-step treatment type. Predicting remission was most successful for cognitive therapy (AUC = 0.82) and least successful for other medication and combined treatment options (AUCs = 0.51-0.66). Conclusion Ensemble machine learning has potential to predict second-step treatment. In this study, predictive performance varied by type of treatment, with greater accuracy in predicting remission in response to behavioral treatments than to pharmacotherapy interventions. Future directions include considering more informative predictor modalities to enhance prediction of second-step treatment response. Copyright ∏ The Author(s), 2024. Published by Cambridge University Press.",Article,1,0,,,,,,
PM_0016,Linde-Krieger L.B.; Rudd K.L.; Aringer A.S.; Yates T.M.,A longitudinal investigation of caregiving and adolescent post-traumatic stress symptoms during COVID-19: Evidence for high resting RSA as a susceptibility factor,2024,Psychological Medicine,,,,,,,https://doi.org/10.1017/S003329172400059X,"Background Post-traumatic stress symptoms (PTSS) were the most frequently reported mental health concern for youth during COVID-19, yet variations in youth's PTSS responses warrant empirical consideration. Features of the caregiving environment influence youth's responses to environmental stressors, and youth's parasympathetic nervous system regulation may qualify the magnitude and/or direction of these effects. This prospective investigation evaluated diathesis stress and differential susceptibility models of caregiving and parasympathetic influences on youth's PTSS responses to COVID-19. Method Participants were 225 caregiver-youth dyads (youth 49.8% female at birth; 88.4% non-white) followed from childhood through adolescence and COVID-19. Youth's resting respiratory sinus arrhythmia (RSA; Mage = 6.11, s.d. = 0.21), caregiving features (i.e. attachment security [youth Mage = 12.24, s.d. = 0.35] and caregiver internalizing psychopathology [caregiver Mage = 39.29, s.d. = 6.78]) were assessed pre-pandemic. Youth's PTSS was assessed one year prior to the US COVID-19 pandemic (Mage = 14.24, s.d. = 0.50) and during the spring of 2020 at the height of the pandemic (Mage = 15.23, s.d. = 0.57). Results Youth's PTSS increased during COVID-19. Youth with relatively high resting RSA evidenced the lowest PTSS when their caregiving environment featured high attachment security or low caregiver internalizing problems, but the highest PTSS when their caregiving environment featured low attachment security or high caregiver internalizing problems. In contrast, PTSS levels of youth with relatively low or average resting RSA did not differ significantly depending on attachment security or caregiver internalizing. Conclusions Results are consistent with a differential susceptibility hypothesis, wherein relatively high resting RSA conferred heightened sensitivity to caregiving environments in a for-better-and-for-worse manner during COVID-19.  Copyright ∏ The Author(s), 2024. Published by Cambridge University Press.",Article,1,1,0,0,1,1,sum score,
PM_0017,Pollak R.M.; Sefik E.; Aberizk K.; Duan K.; Espana R.; Guest R.M.; Goldman-Yassen A.E.; Goines K.; Novacek D.M.; Saulnier C.A.; Klaiman C.; Pulver S.; Cubells J.F.; Burrell T.L.; Shultz S.; Walker E.F.; Murphy M.M.; Mulle J.G.,"Beyond IQ: Executive function deficits and their relation to functional, clinical, and neuroimaging outcomes in 3q29 deletion syndrome",2024,Psychological Medicine,,,,,,,https://doi.org/10.1017/S0033291724002320,"Background 3q29 deletion syndrome (3q29del) is a rare (?1:30 000) genomic disorder associated with a wide array of neurodevelopmental and psychiatric phenotypes. Prior work by our team identified clinically significant executive function (EF) deficits in 47% of individuals with 3q29del; however, the nuances of EF in this population have not been described. Methods We used the Behavior Rating Inventory of Executive Function (BRIEF) to perform the first in-depth assessment of real-world EF in a cohort of 32 individuals with 3q29del (62.5% male, mean age = 14.5 Ò 8.3 years). All participants were also evaluated with gold-standard neuropsychiatric and cognitive assessments. High-resolution structural magnetic resonance imaging was performed on a subset of participants (n = 24). Results We found global deficits in EF; individuals with 3q29del scored higher than the population mean on the BRIEF global executive composite (GEC) and all subscales. In total, 81.3% of study subjects (n = 26) scored in the clinical range on at least one BRIEF subscale. BRIEF GEC T scores were higher among 3q29del participants with a diagnosis of attention deficit/hyperactivity disorder (ADHD), and BRIEF GEC T scores were associated with schizophrenia spectrum symptoms as measured by the Structured Interview for Psychosis-Risk Syndromes. BRIEF GEC T scores were not associated with cognitive ability. The BRIEF-2 ADHD form accurately (sensitivity = 86.7%) classified individuals with 3q29del based on ADHD diagnosis status. BRIEF GEC T scores were correlated with cerebellar white matter and subregional cerebellar cortex volumes. Conclusions Together, these data expand our understanding of the phenotypic spectrum of 3q29del and identify EF as a core feature linked to both psychiatric and neuroanatomical features of the syndrome.  Copyright ∏ The Author(s), 2024. Published by Cambridge University Press.",Article,1,0,,,,,,
PM_0018,Han L.K.M.; Aghajani M.; Penninx B.W.J.H.; Copeland W.E.; Aberg K.A.; Van Den Oord E.J.C.G.,Lagged effects of childhood depressive symptoms on adult epigenetic aging,2024,Psychological Medicine,,,,,,,https://doi.org/10.1017/S0033291724001570,"Background Cross-sectional studies have identified health risks associated with epigenetic aging. However, it is unclear whether these risks make epigenetic clocks 'tick faster' (i.e. accelerate biological aging). The current study examines concurrent and lagged within-person changes of a variety of health risks associated with epigenetic aging. Methods Individuals from the Great Smoky Mountains Study were followed from age 9 to 35 years. DNA methylation profiles were assessed from blood, at multiple timepoints (i.e. waves) for each individual. Health risks were psychiatric, lifestyle, and adversity factors. Concurrent (N = 539 individuals; 1029 assessments) and lagged (N = 380 individuals; 760 assessments) analyses were used to determine the link between health risks and epigenetic aging. Results Concurrent models showed that BMI (r = 0.15, PFDR < 0.01) was significantly correlated to epigenetic aging at the subject-level but not wave-level. Lagged models demonstrated that depressive symptoms (b = 1.67 months per symptom, PFDR = 0.02) in adolescence accelerated epigenetic aging in adulthood, also when models were fully adjusted for BMI, smoking, and cannabis and alcohol use. Conclusions Within-persons, changes in health risks were unaccompanied by concurrent changes in epigenetic aging, suggesting that it is unlikely for risks to immediately 'accelerate' epigenetic aging. However, time lagged analyses indicated that depressive symptoms in childhood/adolescence predicted epigenetic aging in adulthood. Together, findings suggest that age-related biological embedding of depressive symptoms is not instant but provides prognostic opportunities. Repeated measurements and longer follow-up times are needed to examine stable and dynamic contributions of childhood experiences to epigenetic aging across the lifespan.  Copyright ∏ The Author(s), 2024.",Article,1,0,,,,,,
PM_0019,Cuesta M.J.; Garc°a De Jal¢n E.; S†nchez-Torres A.M.; Gil-Berrozpe G.J.; Aranguren L.; Gutierrez G.; Corrales A.; Zarzuela A.; Iba§ez B.; Peralta V.,Additive effects of a family history of schizophrenia spectrum disorders and an environmental risk score for the outcome of patients with non-affective first-episode psychosis,2024,Psychological Medicine,,,,,,,https://doi.org/10.1017/S0033291724000576,"Background: First-episode psychotic disorders comprise a heterogeneous phenotype with a complex etiology involving numerous common small-effect genetic variations and a wide range of environmental exposures. We examined whether a family of schizophrenia spectrum disorder (FH-Sz) interacts with an environmental risk score (ERS-Sz) regarding the outcome of patients with non-affective first episode psychosis (NAFEP). Methods: We included 288 patients with NAFEP who were evaluated after discharge from an intensive 2-year program. We evaluated three outcome measures: symptomatic remission, psychosocial functioning, and personal recovery. We analyzed the main and joint associations of a FH-Sz and the ERS-Sz on the outcomes by using the relative excess risk due to interaction (RERI) approach. Results: A FH-Sz showed a significant association with poor symptomatic remission and psychosocial functioning outcomes, although there was no significant interaction between a FH-Sz and the ERS-Sz on these outcomes. The ERS-Sz did not show a significant association with poor symptomatic remission and psychosocial functioning outcomes, even though the magnitude of the interaction between ERS-Sz and FH-Sz with the later outcome was moderate (RERI = 6.89, 95% confidence interval -16.03 to 29.81). There was no association between a FH-Sz and the ERS-Sz and personal recovery. Conclusions: Our results provide further empirical support regarding the contribution of FH-Sz to poor symptomatic remission and poor psychosocial functioning outcomes in patients with NAFEP.  Copyright ∏ The Author(s), 2024. Published by Cambridge University Press.",Article,1,1,1,1,0,,binary,
PM_0020,Fujikane D.; Ohi K.; Kuramitsu A.; Takai K.; Muto Y.; Sugiyama S.; Shioiri T.,Genetic correlations between suicide attempts and psychiatric and intermediate phenotypes adjusting for mental disorders,2024,Psychological Medicine,54,3,,488,494,6,https://doi.org/10.1017/S0033291723002015,"Background Suicide attempts are a moderately heritable trait, and genetic correlations with psychiatric and related intermediate phenotypes have been reported. However, as several mental disorders as well as major depressive disorder (MDD) are strongly associated with suicide attempts, these genetic correlations could be mediated by psychiatric disorders. Here, we investigated genetic correlations of suicide attempts with psychiatric and related intermediate phenotypes, with and without adjusting for mental disorders. Methods To investigate the genetic correlations, we utilized large-scale genome-wide association study summary statistics for suicide attempts (with and without adjusting for mental disorders), nine psychiatric disorders, and 15 intermediate phenotypes. Results Without adjusting for mental disorders, suicide attempts had significant positive genetic correlations with risks of attention-deficit/hyperactivity disorder, schizophrenia, bipolar disorder, MDD, anxiety disorders and posttraumatic stress disorder; higher risk tolerance; earlier age at first sexual intercourse, at first birth and at menopause; higher parity; lower childhood IQ, educational attainment and cognitive ability; and lower smoking cessation. After adjusting for mental disorders, suicide attempts had significant positive genetic correlations with the risk of MDD; earlier age at first sexual intercourse, at first birth and at menopause; and lower educational attainment. After adjusting for mental disorders, most of the genetic correlations with psychiatric disorders were decreased, while several genetic correlations with intermediate phenotypes were increased. Conclusions These findings highlight the importance of considering mental disorders in the analysis of genetic correlations related to suicide attempts and suggest that susceptibility to MDD, reproductive behaviors, and lower educational levels share a genetic basis with suicide attempts after adjusting for mental disorders.  Copyright ∏ The Author(s), 2023. Published by Cambridge University Press.",Article,1,0,,,,,,
PM_0021,Narita Z.; Devylder J.; Yamasaki S.; Ando S.; Endo K.; Miyashita M.; Yamaguchi S.; Usami S.; Stanyon D.; Knowles G.; Hiraiwa-Hasegawa M.; Furukawa T.A.; Kasai K.; Nishida A.,"Uncovering associations between gender nonconformity, psychosocial factors, and mental health in adolescents: A birth cohort study",2024,Psychological Medicine,54,5,,921,930,9,https://doi.org/10.1017/S0033291723002623,"Background Little information is available on the association between gender nonconformity during adolescence and subsequent mental health. While the distress related to gender nonconformity may be socially produced rather than attributed to individual-level factors, further research is needed to better understand the role of psychosocial factors in this context. Method We analyzed data from the Tokyo Teen Cohort, obtained through random sampling of adolescents born between 2002 and 2004. We used inverse probability weighting to examine the association of gender nonconformity at ages 12 and 14 as a time-varying variable with subsequent mental health at age 16, while accounting for time-fixed and time-varying confounders. Furthermore, we used a weighting approach to investigate the mediating role of modifiable psychosocial factors in this association, addressing exposure-mediator and mediator-mediator interactions. Results A total of 3171 participants were analyzed. Persistent gender nonconforming behavior at ages 12 and 14 was associated with subsequent depression (? = 2.02, 95% confidence interval [CI] 0.85 to 3.19) and psychotic experiences (? = 0.33, 95% CI 0.14 to 0.52) at age 16. The results remained robust in sensitivity analyses. Approximately 30% of the association between gender nonconformity and depression was consistently mediated by a set of psychosocial factors, namely loneliness, bullying victimization, and relationships with mother, father, and friends. Conclusions Persistent gender nonconformity during adolescence is associated with subsequent mental health. Psychosocial factors play a vital mediating role in this association, highlighting the essential need for social intervention and change to reduce stigmatization and ameliorate mental health challenges. Copyright ∏ The Author(s), 2023. Published by Cambridge University Press.",Article,1,0,,,,,,
PM_0022,Korte K.J.; Jaguga F.; Kim H.H.; Stroud R.E.; Stevenson A.; Akena D.; Atwoli L.; Gichuru S.; James R.; Kwobah E.; Kariuki S.M.; Kyebuzibwa J.; Mwema R.M.; Newton C.R.J.C.; Zingela Z.; Stein D.J.; Alemayehu M.; Teferra S.; Koenen K.C.; Gelaye B.,Psychometric Properties of the Mini International Neuropsychiatric Interview (MINI) Psychosis Module: A Sub-Saharan Africa Cross Country Comparison - CORRIGENDUM,2024,Psychological medicine,54,2,,436,,,https://doi.org/10.1017/S0033291723003835,[No abstract available],Article,0,0,,,,,,
PM_0023,Barneron M.; Saka N.; Shlepack S.; Khattab A.; Pollak Y.,Increased intra-individual variability among individuals with ADHD: first evidence from numerosity judgment and verbal and quantitative reasoning,2024,Psychological Medicine,,,,,,,https://doi.org/10.1017/S0033291724001892,"Background This article presents the results of two studies investigating increased intra-individual variability (IIV) in the performance of individuals with attention deficit hyperactivity disorder (ADHD), in two cognitive domains: numerosity judgments and quantitative and verbal reasoning. Methods Study 1, a pre-registered experiment, involved approximately 200 participants (42.66% female; mean age: 36.86; standard deviation of age: 10.70) making numerical judgments at two time-points. ADHD-symptom severity was assessed on a continuous scale. In Study 2, we collected the data of approximately 3000 examinees who had taken a high-stakes admissions test for higher education (assessing quantitative and verbal reasoning). The sample comprised only people formally diagnosed with ADHD. The control group consisted of approximately 200 000 examinees, none of whom presented with ADHD. Results The results of Study 1 revealed a positive correlation between IIV (distance between judgments at the two time-points) and ADHD symptom severity. The results of Study 2 demonstrated that IIV (distance between the scores on two test chapters assessing the same type of reasoning) was greater among examinees diagnosed with ADHD. In both studies, the findings persisted even after controlling for performance level. Conclusions The results indicate that individuals with ADHD, v. those without, exhibit less consistent numerosity judgments and greater fluctuation in performance on verbal and quantitative reasoning. The measurement of the same psychological constructs appears to be less precise among individuals with ADHD compared to those without. We discuss the theoretical contributions and practical implications of our results for two fields: judgment and decision-making, and assessment.  Copyright ∏ The Author(s), 2024. Published by Cambridge University Press.",Article,1,0,,,,,,
PM_0024,Taylor W.D.; Butters M.A.; Elson D.; Szymkowicz S.M.; Jennette K.; Baker K.; Renfro B.; Georgaras A.; Krafty R.; Andreescu C.; Ajilore O.,Reconsidering remission in recurrent late-life depression: Clinical presentation and phenotypic predictors of relapse following successful antidepressant treatment,2024,Psychological Medicine,54,16,,4896,4907,11,https://doi.org/10.1017/S0033291724003246,"Background: Late-life depression (LLD) is characterized by repeated recurrent depressive episodes even with maintenance treatment. It is unclear what clinical and cognitive phenotypic characteristics present during remission predict future recurrence. Methods: Participants (135 with remitted LLD and 69 comparison subjects across three institutions) completed baseline phenotyping, including psychiatric, medical, and social history, psychiatric symptom and personality trait assessment, and neuropsychological testing. Participants were clinically assessed every two months for two years while receiving standard antidepressant treatment. Analyses examined group differences in phenotypic measure using general linear models. Concurrent associations between phenotypic measures and diagnostic groups were examined using LASSO logistic regression. Results: Sixty (44%) LLD participants experienced a relapse over the two-year period. Numerous phenotypic measures across all domains differed between remitted LLD and comparison participants. Only residual depressive symptom severity, rumination, medical comorbidity, and executive dysfunction significantly predicted LLD classification. Fewer measures differed between relapsing and sustained remission LLD subgroups, with the relapsing group exhibiting greater antidepressant treatment intensity, greater fatigue, rumination, and disability, higher systolic blood pressure, greater life stress and lower instrumental social support. Relapsing group classification was informed by antidepressant treatment intensity, lower instrumental social support, and greater life stress. Conclusions: A wide range of phenotypic factors differed between remitted LLD and comparison groups. Fewer measures differed between relapsing and sustained remission LLD subgroups, with less social support and greater stress informing vulnerability to subsequent relapse. This research suggests potential targets for relapse prevention and emphasizes the need for clinically translatable relapse biomarkers to inform care.  Copyright ∏ The Author(s), 2025.",Article,1,0,,,,,,
PM_0025,Iftimovici A.; Krebs E.; Dalfin W.; Legrand A.; Scoriels L.; Martinez G.; Bendjemaa N.; Duchesnay E.; Chaumette B.; Krebs M.-O.,Neurodevelopmental predictors of treatment response in schizophrenia and bipolar disorder,2024,Psychological Medicine,,,,,,,https://doi.org/10.1017/S0033291724001776,"Background Treatment resistance is a major challenge in psychiatric disorders. Early detection of potential future resistance would improve prognosis by reducing the delay to appropriate treatment adjustment and recovery. Here, we sought to determine whether neurodevelopmental markers can predict therapeutic response. Methods Healthy controls (N = 236), patients with schizophrenia (N = 280) or bipolar disorder (N = 78) with a known therapeutic outcome, were retrospectively included. Age, sex, education, early developmental abnormalities (obstetric complications, height, weight, and head circumference at birth, hyperactivity, dyslexia, epilepsy, enuresis, encopresis), neurological soft signs (NSS), and ages at first subjective impairment, clinical symptoms, treatment, and hospitalization, were recorded. A supervised algorithm leveraged NSS and age at first clinical signs to classify between resistance and response in schizophrenia. Results Developmental abnormalities were more frequent in schizophrenia and bipolar disorder than in controls. NSS significantly differed between controls, responsive, and resistant participants with schizophrenia (5.5 Ò 3.0, 7.0 Ò 4.0, 15.0 Ò 6.0 respectively, p = 3 û 10-10) and bipolar disorder (5.5 Ò 3.0, 8.3 Ò 3.0, 12.5 Ò 6.0 respectively, p < 1 û 10-10). In schizophrenia, but not in bipolar disorder, age at first subjective impairment was three years lower, and age at first clinical signs two years lower, in resistant than responsive subjects (p = 2 û 10-4 and p = 9 û 10-3, respectively). Age at first clinical signs and NSS accurately predicted treatment response in schizophrenia (area-under-curve: 77 Ò 8%, p = 1 û 10-14). Conclusions Neurodevelopmental features such as NSS and age of clinical onset provide a means to identify patients who may require rapid treatment adaptation.  ∏ The Author(s), 2024.",Article,1,0,,,,,,
PM_0026,Zhang L.; Ren T.; He H.; Huang L.; Huang R.; Xu Y.; Zhou L.; Tan H.; Chen J.; Wu D.; Yang H.; Zhang H.; Yu J.; Du X.; Dai Y.; Pu Y.; Li C.; Wang X.; Shi S.; Sahakian B.J.; Luo Q.; Li F.,Protective factors for children with autism spectrum disorder during COVID-19-related strict lockdowns: A Shanghai autism early developmental cohort study,2024,Psychological Medicine,54,6,,1102,1112,10,https://doi.org/10.1017/S0033291723002908,"Background COVID-19 lockdowns increased the risk of mental health problems, especially for children with autism spectrum disorder (ASD). However, despite its importance, little is known about the protective factors for ASD children during the lockdowns. Methods Based on the Shanghai Autism Early Developmental Cohort, 188 ASD children with two visits before and after the strict Omicron lockdown were included; 85 children were lockdown-free, while 52 and 51 children were under the longer and the shorter durations of strict lockdown, respectively. We tested the association of the lockdown group with the clinical improvement and also the modulation effects of parent/family-related factors on this association by linear regression/mixed-effect models. Within the social brain structures, we examined the voxel-wise interaction between the grey matter volume and the identified modulation effects. Results Compared with the lockdown-free group, the ASD children experienced the longer duration of strict lockdown had less clinical improvement (? = 0.49, 95% confidence interval (CI) [0.19-0.79], p = 0.001) and this difference was greatest for social cognition (2.62 [0.94-4.30], p = 0.002). We found that this association was modulated by parental agreeableness in a protective way (-0.11 [-0.17 to -0.05], p = 0.002). This protective effect was enhanced in the ASD children with larger grey matter volumes in the brain's mentalizing network, including the temporal pole, the medial superior frontal gyrus, and the superior temporal gyrus. Conclusions This longitudinal neuroimaging cohort study identified that the parental agreeableness interacting with the ASD children's social brain development reduced the negative impact on clinical symptoms during the strict lockdown. ∏ The Author(s), 2023. Published by Cambridge University Press.",Article,1,1,0,0,1,1,sum score; ordinal; amplitude,
PM_0027,Michal Z.S.; Marquardt C.A.; Krueger R.F.; Arbisi P.A.; Venables N.C.,Early adversity and inflammation at midlife: The moderating role of internalizing psychopathology,2024,Psychological Medicine,54,16,,4518,4527,9,https://doi.org/10.1017/S0033291724002265,"Background Childhood adversity has been associated with increased peripheral inflammation in adulthood. However, not all individuals who experience early adversity develop these inflammatory outcomes. Separately, there is also a link between various internalizing emotional distress conditions (e.g. depression, anxiety, and fear) and inflammation in adulthood. It is possible the combination of adult emotional distress and past childhood adversity may be uniquely important for explaining psychopathology-related immune dysfunction at midlife. Methods Using data from the Midlife in the United States (MIDUS) study (n = 1255), we examined whether internalizing, defined as past 12-month emotional distress symptomatology and trait neuroticism, moderated associations between childhood adversity and heightened inflammation in adulthood. Using latent variable modeling, we examined whether transdiagnostic or disorder-specific features of emotional distress better predicted inflammation. Results We observed that childhood adversity only predicted adult inflammation when participants also reported adult internalizing emotional distress. Furthermore, this moderation effect was specific to the transdiagnostic factor of emotional distress rather than the disorder-specific features. Conclusions We discuss the possibility that adult internalizing symptoms and trait neuroticism together may signal the presence of temporally stable vulnerabilities that amplify the impact of childhood adversity on midlife immune alterations. The study highlights the importance of identifying emotional distress in individuals who have experienced childhood adversity to address long-term immune outcomes and enhance overall health.  Copyright ∏ US Department of Veterans Affairs, 2025.",Article,0,,,,,,,
PM_0028,Zhang T.; Cui H.; Tang X.; Xu L.; Wei Y.; Hu Y.; Tang Y.; Wang Z.; Liu H.; Chen T.; Li C.; Wang J.,Models of mild cognitive deficits in risk assessment in early psychosis,2024,Psychological Medicine,54,9,,2230,2241,11,https://doi.org/10.1017/S0033291724000382,"Background Mild cognitive deficits (MCD) emerge before the first episode of psychosis (FEP) and persist in the clinical high-risk (CHR) stage. This study aims to refine risk prediction by developing MCD models optimized for specific early psychosis stages and target populations. Methods A comprehensive neuropsychological battery assessed 1059 individuals with FEP, 794 CHR, and 774 matched healthy controls (HCs). CHR subjects, followed up for 2 years, were categorized into converters (CHR-C) and non-converters (CHR-NC). The MATRICS Consensus Cognitive Battery standardized neurocognitive tests were employed. Results Both the CHR and FEP groups exhibited significantly poorer performance compared to the HC group across all neurocognitive tests (all p < 0.001). The CHR-C group demonstrated poorer performance compared to the CHR-NC group on three sub-tests: visuospatial memory (p < 0.001), mazes (p = 0.005), and symbol coding (p = 0.023) tests. Upon adjusting for sex and age, the performance of the MCD model was excellent in differentiating FEP from HC, as evidenced by an Area Under the Receiver Operating Characteristic Curve (AUC) of 0.895 (p < 0.001). However, when applied in the CHR group for predicting CHR-C (AUC = 0.581, p = 0.008), the performance was not satisfactory. To optimize the efficiency of psychotic risk assessment, three distinct MCD models were developed to distinguish FEP from HC, predict CHR-C from CHR-NC, and identify CHR from HC, achieving accuracies of 89.3%, 65.6%, and 80.2%, respectively. Conclusions The MCD exhibits variations in domains, patterns, and weights across different stages of early psychosis and diverse target populations. Emphasizing precise risk assessment, our findings highlight the importance of tailored MCD models for different stages and risk levels.  Copyright ∏ The Author(s), 2024. Published by Cambridge University Press.",Article,1,0,,,,,,
PM_0029,Selten J.P.; Di Forti M.; Quattrone D.; Jones P.B.; Jongsma H.E.; Gayer-Anderson C.; Szîke A.; Llorca P.M.; Arango C.; Bernardo M.; Sanjuan J.; Santos J.L.; Arrojo M.; Tarricone I.; Berardi D.; Lasalvia A.; Tosato S.; la Cascia C.; Velthorst E.; van der Ven E.M.A.; de Haan L.; Rutten B.P.; van Os J.; Kirkbride J.B.; Morgan C.M.; Murray R.M.; Termorshuizen F.,The contribution of cannabis use to the increased psychosis risk among minority ethnic groups in Europe,2024,Psychological Medicine,,,,,,,https://doi.org/10.1017/S0033291724001004,"Background. We examined whether cannabis use contributes to the increased risk of psychotic disorder for non-western minorities in Europe. Methods. We used data from the EU-GEI study (collected at sites in Spain, Italy, France, the United Kingdom, and the Netherlands) on 825 first-episode patients and 1026 controls. We estimated the odds ratio (OR) of psychotic disorder for several groups of migrants compared with the local reference population, without and with adjustment for measures of cannabis use. Results. The OR of psychotic disorder for non-western minorities, adjusted for age, sex, and recruitment area, was 1.80 (95% CI 1.39-2.33). Further adjustment of this OR for frequency of cannabis use had a minimal effect: OR = 1.81 (95% CI 1.38-2.37). The same applied to adjustment for frequency of use of high-potency cannabis. Likewise, adjustments of ORs for most sub-groups of non-western countries had a minimal effect. There were two exceptions. For the Black Caribbean group in London, after adjustment for frequency of use of high-potency cannabis the OR decreased from 2.45 (95% CI 1.25-4.79) to 1.61 (95% CI 0.74-3.51). Similarly, the OR for Surinamese and Dutch Antillean individuals in Amsterdam decreased after adjustment for daily use: from 2.57 (95% CI 1.07-6.15) to 1.67 (95% CI 0.62-4.53). Conclusions. The contribution of cannabis use to the excess risk of psychotic disorder for non-western minorities was small. However, some evidence of an effect was found for people of Black Caribbean heritage in London and for those of Surinamese and Dutch Antillean heritage in Amsterdam. ∏ The Author(s), 2024.",Article,1,0,,,,,,
PM_0030,Ding Q.; Xu J.; Peng S.; Chen J.; Luo Y.; Li X.; Wu R.; Li X.; Qin S.,Brain network integration underpins differential susceptibility of adolescent anxiety - ERRATUM,2024,Psychological medicine,54,1,,219,,,https://doi.org/10.1017/S0033291723003252,[No abstract available],Article,0,,,,,,,
PM_0031,Leibovitz S.E.; Sevinc G.; Greenberg J.; Hîlzel B.; Gard T.; Calahan T.; Vangel M.; Orr S.P.; Milad M.R.; Lazar S.W.,Mindfulness training and exercise differentially impact fear extinction neurocircuitry,2024,Psychological Medicine,54,4,,835,846,11,https://doi.org/10.1017/S0033291723002593,"Background The ability to extinguish a maladaptive conditioned fear response is crucial for healthy emotional processing and resiliency to aversive experiences. Therefore, enhancing fear extinction learning has immense potential emotional and health benefits. Mindfulness training enhances both fear conditioning and recall of extinguished fear; however, its effects on fear extinction learning are unknown. Here we investigated the impact of mindfulness training on brain mechanisms associated with fear-extinction learning, compared to an exercise-based program. Methods We investigated BOLD activations in response to a previously learned fear-inducing cue during an extinction paradigm, before and after an 8-week mindfulness-based stress reduction program (MBSR, n = 49) or exercise-based stress management education program (n = 27). Results The groups exhibited similar reductions in stress, but the MBSR group was uniquely associated with enhanced activation of salience network nodes and increased hippocampal engagement. Conclusions Our results suggest that mindfulness training increases attention to anticipatory aversive stimuli, which in turn facilitates decreased aversive subjective responses and enhanced reappraisal of the memory. Copyright ∏ The Author(s), 2023. Published by Cambridge University Press.",Article,1,1,0,0,0,,amplitude,
PM_0032,Wang X.; Xue L.; Hua L.; Shao J.; Yan R.; Yao Z.; Lu Q.,Structure-function coupling and hierarchy-specific antidepressant response in major depressive disorder,2024,Psychological Medicine,,,,,,,https://doi.org/10.1017/S0033291724000801,"Background Extensive research has explored altered structural and functional networks in major depressive disorder (MDD). However, studies examining the relationships between structure and function yielded heterogeneous and inconclusive results. Recent work has suggested that the structure-function relationship is not uniform throughout the brain but varies across different levels of functional hierarchy. This study aims to investigate changes in structure-function couplings (SFC) and their relevance to antidepressant response in MDD from a functional hierarchical perspective. Methods We compared regional SFC between individuals with MDD (n = 258) and healthy controls (HC, n = 99) using resting-state functional magnetic resonance imaging and diffusion tensor imaging. We also compared antidepressant non-responders (n = 55) and responders (n = 68, defined by a reduction in depressive severity of >50%). To evaluate variations in altered and response-associated SFC across the functional hierarchy, we ranked significantly different regions by their principal gradient values and assessed patterns of increase or decrease along the gradient axis. The principal gradient value, calculated from 219 healthy individuals in the Human Connectome Project, represents a region's position along the principal gradient axis. Results Compared to HC, MDD patients exhibited increased SFC in unimodal regions (lower principal gradient) and decreased SFC in transmodal regions (higher principal gradient) (p < 0.001). Responders primarily had higher SFC in unimodal regions and lower SFC in attentional networks (median principal gradient) (p < 0.001). Conclusions Our findings reveal opposing SFC alterations in low-level unimodal and high-level transmodal networks, underscoring spatial variability in MDD pathology. Moreover, hierarchy-specific antidepressant effects provide valuable insights into predicting treatment outcomes.  Copyright ∏ The Author(s), 2024. Published by Cambridge University Press.",Article,1,0,,,,,,
PM_0033,Ozturk S.; Feltman S.; Klein D.N.; Kotov R.; Mohanty A.,Digital assessment of nonverbal behaviors forecasts first onset of depression,2024,Psychological Medicine,,,,,,,https://doi.org/10.1017/S0033291724002010,"Background Adolescence is marked by a sharp increase in the incidence of depression, especially in females. Identification of risk for depressive disorders (DD) in this key developmental stage can help prevention efforts, mitigating the clinical and public burden of DD. While frequently used in diagnosis, nonverbal behaviors are relatively understudied as risk markers for DD. Digital technology, such as facial recognition, may provide objective, fast, efficient, and cost-effective means of measuring nonverbal behavior. Method Here, we analyzed video-recorded clinical interviews of 359 never-depressed adolescents females via commercially available facial emotion recognition software. Results We found that average head and facial movements forecast future first onset of depression (AUC = 0.70) beyond the effects of other established self-report and physiological markers of DD risk. Conclusions Overall, these findings suggest that digital assessment of nonverbal behaviors may provide a promising risk marker for DD, which could aid in early identification and intervention efforts.  Copyright ∏ The Author(s), 2024. Published by Cambridge University Press.",Article,1,0,,,,,,
PM_0034,Gorelik A.J.; Paul S.E.; Miller A.P.; Baranger D.A.A.; Lin S.; Zhang W.; Elsayed N.M.; Modi H.; Addala P.; Bijsterbosch J.; Barch D.M.; Karcher N.R.; Hatoum A.S.; Agrawal A.; Bogdan R.; Johnson E.C.,"Associations between polygenic scores for cognitive and non-cognitive factors of educational attainment and measures of behavior, psychopathology, and neuroimaging in the adolescent brain cognitive development study",2024,Psychological Medicine,,,,,,,https://doi.org/10.1017/S0033291724002174,"Background Educational attainment (EduA) is correlated with life outcomes, and EduA itself is influenced by both cognitive and non-cognitive factors. A recent study performed a 'genome-wide association study (GWAS) by subtraction,' subtracting genetic effects for cognitive performance from an educational attainment GWAS to create orthogonal 'cognitive' and 'non-cognitive' factors. These cognitive and non-cognitive factors showed associations with behavioral health outcomes in adults; however, whether these correlations are present during childhood is unclear. Methods Using data from up to 5517 youth (ages 9-11) of European ancestry from the ongoing Adolescent Brain Cognitive DevelopmentSM Study, we examined associations between polygenic scores (PGS) for cognitive and non-cognitive factors and cognition, risk tolerance, decision-making & personality, substance initiation, psychopathology, and brain structure (e.g. volume, fractional anisotropy [FA]). Within-sibling analyses estimated whether observed genetic associations may be consistent with direct genetic effects. Results Both PGSs were associated with greater cognition and lower impulsivity, drive, and severity of psychotic-like experiences. The cognitive PGS was also associated with greater risk tolerance, increased odds of choosing delayed reward, and decreased likelihood of ADHD and bipolar disorder; the non-cognitive PGS was associated with lack of perseverance and reward responsiveness. Cognitive PGS were more strongly associated with larger regional cortical volumes; non-cognitive PGS were more strongly associated with higher FA. All associations were characterized by small effects. Conclusions While the small sizes of these associations suggest that they are not effective for prediction within individuals, cognitive and non-cognitive PGS show unique associations with phenotypes in childhood at the population level.  Copyright ∏ The Author(s), 2024. Published by Cambridge University Press.",Article,1,0,,,,,,
PM_0035,Yang H.-H.; Han K.-M.; Kim A.; Kang Y.; Tae W.-S.; Han M.-R.; Ham B.-J.,Neuroimaging and epigenetic analysis reveal novel epigenetic loci in major depressive disorder,2024,Psychological Medicine,,,,,,,https://doi.org/10.1017/S0033291724000709,"Background. Epigenetic modifications, such as DNA methylation, contribute to the pathophysiology of major depressive disorder (MDD). This study aimed to identify novel MDD-associated epigenetic loci using DNA methylation profiles and explore the correlations between epigenetic loci and cortical thickness changes in patients with MDD. Methods. A total of 350 patients with MDD and 161 healthy controls (HCs) were included in the epigenome-wide association studies (EWAS). We analyzed methylation, copy number alteration (CNA), and gene network profiles in the MDD group. A total of 234 patients with MDD and 135 HCs were included in neuroimaging methylation analysis. Pearson?s partial correlation analysis was used to estimate the correlation between cortical thickness of brain regions and DNA methylation levels of the loci. Results. In total, 2018 differentially methylated probes (DMPs) and 351 differentially methylated regions (DMRs) were identified. DMP-related genes were enriched in two networks involved in the central nervous system. In neuroimaging analysis, patients with MDD showed cortical thinning in the prefrontal regions and cortical thickening in several occipital regions. Cortical thickness of the left ventrolateral prefrontal cortex (VLPFC, i.e. pars triangularis) was negatively correlated with eight DMPs associated with six genes (EML6, ZFP64, CLSTN3, KCNMA1, TAOK2, and NT5E). Conclusion. Through combining DNA methylation and neuroimaging analyses, negative correlations were identified between the cortical thickness of the left VLPFC and DNA methylation levels of eight DMPs. Our findings could improve our understanding of the pathophysiology of MDD. ∏ The Author(s), 2024. Published by Cambridge University Press.",Article,1,0,,,,,,
PM_0036,Li J.; Cheng J.; Yang L.; Niu Q.; Zhang Y.; Palaniyappan L.,"Association of cortical gyrification, white matter microstructure, and phenotypic profile in medication-naãve obsessive-compulsive disorder",2024,Psychological Medicine,54,8,,1573,1579,6,https://doi.org/10.1017/S0033291723003422,"Background Obsessive-compulsive disorder (OCD) is thought to arise from dysconnectivity among interlinked brain regions resulting in a wide spectrum of clinical manifestations. Cortical gyrification, a key morphological feature of human cerebral cortex, has been considered associated with developmental connectivity in early life. Monitoring cortical gyrification alterations may provide new insights into the developmental pathogenesis of OCD. Methods Sixty-two medication-naive patients with OCD and 59 healthy controls (HCs) were included in this study. Local gyrification index (LGI) was extracted from T1-weighted MRI data to identify the gyrification changes in OCD. Total distortion (splay, bend, or twist of fibers) was calculated using diffusion-weighted MRI data to examine the changes in white matter microstructure in patients with OCD. Results Compared with HCs, patients with OCD showed significantly increased LGI in bilateral medial frontal gyrus and the right precuneus, where the mean LGI was positively correlated with anxiety score. Patients with OCD also showed significantly decreased total distortion in the body, genu, and splenium of the corpus callosum (CC), where the average distortion was negatively correlated with anxiety scores. Intriguingly, the mean LGI of the affected cortical regions was significantly correlated with the mean distortion of the affected white matter tracts in patients with OCD. Conclusions We demonstrated associations among increased LGI, aberrant white matter geometry, and higher anxiety in patients with OCD. Our findings indicate that developmental dysconnectivity-driven alterations in cortical folding are one of the neural substrates underlying the clinical manifestations of OCD.  Copyright ∏ The Author(s), 2023. Published by Cambridge University Press.",Article,1,0,,,,,,
PM_0037,Perfalk E.; Damgaard J.G.; Bernstorff M.; Hansen L.; Danielsen A.A.; ùstergaard S.D.,Predicting involuntary admission following inpatient psychiatric treatment using machine learning trained on electronic health record data,2024,Psychological Medicine,,,,,,,https://doi.org/10.1017/S0033291724002642,"Background. Involuntary admissions to psychiatric hospitals are on the rise. If patients at elevated risk of involuntary admission could be identified, prevention may be possible. Our aim was to develop and validate a prediction model for involuntary admission of patients receiving care within a psychiatric service system using machine learning trained on routine clinical data from electronic health records (EHRs). Methods. EHR data from all adult patients who had been in contact with the Psychiatric Services of the Central Denmark Region between 2013 and 2021 were retrieved. We derived 694 patient predictors (covering e.g. diagnoses, medication, and coercive measures) and 1134 predictors from free text using term frequency-inverse document frequency and sentence transformers. At every voluntary inpatient discharge (prediction time), without an involuntary admission in the 2 years prior, we predicted involuntary admission 180 days ahead. XGBoost and elastic net models were trained on 85% of the dataset. The models with the highest area under the receiver operating characteristic curve (AUROC) were tested on the remaining 15% of the data. Results. The model was trained on 50 634 voluntary inpatient discharges among 17 968 patients. The cohort comprised of 1672 voluntary inpatient discharges followed by an involuntary admission. The best XGBoost and elastic net model from the training phase obtained an AUROC of 0.84 and 0.83, respectively, in the test phase. Conclusion. A machine learning model using routine clinical EHR data can accurately predict involuntary admission. If implemented as a clinical decision support tool, this model may guide interventions aimed at reducing the risk of involuntary admission. ∏ The Author(s), 2024.",Article,1,0,,,,,,
PM_0038,Hu C.; Jiang W.; Wu Y.; Wang M.; Lin J.; Chen S.; Shang Y.; Xie J.; Kong Y.; Yuan Y.,Microstructural abnormalities of white matter in the cingulum bundle of adolescents with major depression and non-suicidal self-injury,2024,Psychological Medicine,54,6,,1113,1121,8,https://doi.org/10.1017/S003329172300291X,"Background Non-suicidal self-injury (NSSI) is prevalent in major depressive disorder (MDD) during adolescence, but the underlying neural mechanisms are unclear. This study aimed to investigate microstructural abnormalities in the cingulum bundle associated with NSSI and its clinical characteristics. Methods 130 individuals completed the study, including 35 healthy controls, 47 MDD patients with NSSI, and 48 MDD patients without NSSI. We used tract-based spatial statistics (TBSS) with a region of interest (ROI) analysis to compare the fractional anisotropy (FA) of the cingulum bundle across the three groups. receiver-operating characteristics (ROC) analysis was employed to evaluate the ability of the difficulties with emotion regulation (DERS) score and mean FA of the cingulum to differentiate between the groups. Results MDD patients with NSSI showed reduced cingulum integrity in the left dorsal cingulum compared to MDD patients without NSSI and healthy controls. The severity of NSSI was negatively associated with cingulum integrity (r = -0.344, p = 0.005). Combining cingulum integrity and DERS scores allowed for successful differentiation between MDD patients with and without NSSI, achieving a sensitivity of 70% and specificity of 83%. Conclusions Our study highlights the role of the cingulum bundle in the development of NSSI in adolescents with MDD. The findings support a frontolimbic theory of emotion regulation and suggest that cingulum integrity and DERS scores may serve as potential early diagnostic tools for identifying MDD patients with NSSI. ∏ The Author(s), 2023. Published by Cambridge University Press.",Article,1,1,0,1,1,0,amplitude,
PM_0039,Yang K.; Wang L.; Shen J.; Chen S.; Liu Y.; Chen R.,The association between preserved ratio impaired spirometry and adverse outcomes of depression and anxiety: Evidence from the UK Biobank,2024,Psychological Medicine,,,,,,,https://doi.org/10.1017/S0033291724002162,"Background Preserved ratio impaired spirometry (PRISm) is a new lung function impairment phenotype and has been recognized as a risk factor for various adverse outcomes. We aimed to examine the associations of this new lung function impairment phenotype with depression and anxiety in longitudinal studies. Methods We included 369 597 participants from the UK Biobank cohort, and divided them into population 1 without depression or anxiety and population 2 with depression or anxiety at baseline. Cox proportional hazard models were performed to evaluate the associations of lung function impairment phenotype with adverse outcomes of depression and anxiety, as well as their subtypes. Results At baseline, 38 879 (10.5%) participants were diagnosed with PRISm. In population 1, the adjusted hazard ratios (HRs) for PRISm (v. normal spirometry) were 1.12 (95% CI 1.07-1.18) for incident depression, and 1.11 (95% CI 1.06-1.15) for incident anxiety, respectively. In population 2, PRISm was a risk factor for mortality in participants with depression (HR: 1.46; 95% CI 1.31-1.62) and anxiety (HR: 1.70; 95% CI 1.44-2.02), compared with normal spirometry. The magnitudes of these associations were similar in the phenotypes of lung function impairment and the subtypes of mental disorders. Trajectory analysis showed that the transition from normal spirometry to PRISm was associated with a higher risk of mortality in participants with depression and anxiety. Conclusions PRISm and airflow obstruction have similar risks of depression and anxiety. PRISm recognition may contribute to the prevention of depression and anxiety.  Copyright ∏ The Author(s), 2024.",Article,1,0,,,,,,
PM_0040,Thielecke J.; Kuper P.; Lehr D.; Schuurmans L.; Harrer M.; Ebert D.D.; Cuijpers P.; Behrendt D.; Brîckner H.; Horvath H.; Riper H.; Buntrock C.,Who benefits from indirect prevention and treatment of depression using an online intervention for insomnia? Results from an individual-participant data meta-Analysis,2024,Psychological Medicine,,,,,,,https://doi.org/10.1017/S0033291724000527,"Background. Major depressive disorder (MDD) is highly prevalent and burdensome for individuals and society. While there are psychological interventions able to prevent and treat MDD, uptake remains low. To overcome structural and attitudinal barriers, an indirect approach of using online insomnia interventions seems promising because insomnia is less stigmatized, predicts MDD onset, is often comorbid and can outlast MDD treatment. This individual-participant-data meta-Analysis evaluated the potential of the online insomnia intervention GET.ON Recovery as an indirect treatment to reduce depressive symptom severity (DSS) and potential MDD onset across a range of participant characteristics. Methods. Efficacy on depressive symptom outcomes was evaluated using multilevel regression models controlling for baseline severity. To identify potential effect moderators, clinical, sociodemographic, and work-related variables were investigated using univariable moderation and random-forest methodology before developing a multivariable decision tree. Results. IPD were obtained from four of seven eligible studies (N = 561); concentrating on workers with high work-stress. DSS was significantly lower in the intervention group both at post-Assessment (d =-0.71 [95% CI-0.92 to-0.51]) and at follow-up (d =-0.84 [95% CI-1.11 to-0.57]). In the subsample (n = 121) without potential MDD at baseline, there were no significant group differences in onset of potential MDD. Moderation analyses revealed that effects on DSS differed significantly across baseline severity groups with effect sizes between d =-0.48 and-0.87 (post) and d =-0.66 to-0.99 (follow-up), while no other sociodemographic, clinical, or work-related characteristics were significant moderators. Conclusions. An online insomnia intervention is a promising approach to effectively reduce DSS in a preventive and treatment setting. ∏ 2024 Cambridge University Press. All rights reserved.",Article,1,0,,,,,,
PM_0041,Rimvall M.K.; Simonsen E.; Zhang J.; Andersen Z.J.; Hastrup L.H.; Jeppesen P.; Austin S.F.; Koch S.V.,Examining psychotic experiences in two generations - Findings from a rural household-based cohort study; The Lolland-Falster Health Study,2024,Psychological Medicine,54,7,,1382,1390,8,https://doi.org/10.1017/S0033291723003276,"Background Psychotic disorders are highly heritable, yet the evidence is less clear for subclinical psychosis expression, such as psychotic experiences (PEs). We examined if PEs in parents were associated with PEs in offspring. Methods As part of the Danish general population Lolland-Falster Health Study, families with youths aged 11-17 years were included. Both children and parents reported PEs according to the Psychotic Like Experiences Questionnaire, counting only 'definite' PEs. Parents additionally reported depressive symptoms, anxiety, and mental wellbeing. The associations between parental and child PEs were estimated using generalized estimating equations with an exchangeable correlation structure to account for the clustering of observations within families, adjusting for sociodemographic characteristics. Results Altogether, 984 youths (mean age 14.3 years [s.d. 2.0]), 700 mothers, and 496 fathers from 766 households completed PEs-questionnaires. Offspring of parents with PEs were at an increased risk of reporting PEs themselves (mothers: adjusted risk ratio (aRR) 2.42, 95% CI 1.73-3.38; fathers: aRR 2.25, 95% CI 1.42-3.59). Other maternal problems (depression, anxiety, and poor mental well-being), but not paternal problems, were also associated with offspring PEs. In multivariate models adjusting for parental problems, PEs, but not other parental problems, were robustly associated with offspring PEs (mothers: aRR 2.25, 95% CI 1.60-3.19; fathers: aRR 2.44, 95% CI 1.50-3.96). Conclusions The current findings add novel evidence suggesting that specific psychosis vulnerability in families is expressed at the lower end of the psychosis continuum, underlining the importance of assessing youths' needs based on psychosis vulnerability broadly within the family systems. ∏ The Author(s), 2023. Published by Cambridge University Press.",Article,1,0,,,,,,
PM_0042,Costas-Carrera A.; Verdolini N.; Garcia-Rizo C.; Mezquida G.; Janssen J.; Valli I.; Corripio I.; Sanchez-Torres A.M.; Bioque M.; Lobo A.; Gonzalez-Pinto A.; Rapado-Castro M.; Vieta E.; De La Serna H.; Mane A.; Roldan A.; Crossley N.; Penades R.; Cuesta M.J.; Parellada M.; Bernardo M.,"Difficulties during delivery, brain ventricle enlargement and cognitive impairment in first episode psychosis",2024,Psychological Medicine,54,7,,1339,1349,10,https://doi.org/10.1017/S0033291723003185,"Background Patients with a first episode of psychosis (FEP) display clinical, cognitive, and structural brain abnormalities at illness onset. Ventricular enlargement has been identified in schizophrenia since the initial development of neuroimaging techniques. Obstetric abnormalities have been associated with an increased risk of developing psychosis but also with cognitive impairment and brain structure abnormalities. Difficulties during delivery are associated with a higher risk of birth asphyxia leading to brain structural abnormalities, such as ventriculomegaly, which has been related to cognitive disturbances. Methods We examined differences in ventricular size between 142 FEP patients and 123 healthy control participants using magnetic resonance imaging. Obstetric complications were evaluated using the Lewis-Murray scale. We examined the impact of obstetric difficulties during delivery on ventricle size as well as the possible relationship between ventricle size and cognitive impairment in both groups. Results FEP patients displayed significantly larger third ventricle size compared with healthy controls. Third ventricle enlargement was associated with diagnosis (higher volume in patients), with difficulties during delivery (higher volume in subjects with difficulties), and was highest in patients with difficulties during delivery. Verbal memory was significantly associated with third ventricle to brain ratio. Conclusions Our results suggest that difficulties during delivery might be significant contributors to the ventricular enlargement historically described in schizophrenia. Thus, obstetric complications may contribute to the development of psychosis through changes in brain architecture. ∏ The Author(s), 2023. Published by Cambridge University Press.",Article,1,1,0,0,0,,amplitude; normalized scores,
PM_0043,Starzer M.; Hansen H.G.; Hjorthoj C.; Albert N.; Lewandowski K.E.; Glenthoj L.B.; Nordentoft M.,20-year neurocognitive development following a schizophrenia spectrum disorder and associations with symptom severity and functional outcomes,2024,Psychological Medicine,54,9,,2004,2014,10,https://doi.org/10.1017/S0033291724000096,"Background Cognitive deficits are a core feature of schizophrenia and are closely associated with poor functional outcomes. It remains unclear if cognitive deficits progress over time or remain stable. Determining patients at increased risk of progressive worsening might help targeted neurocognitive remediation approaches. Methods This 20-year follow-up study examined neurocognitive outcomes of 156 participants from the OPUS I trial. Neurocognition was assessed using the brief assessment of cognition in schizophrenia at the 10-and 20-year follow-up, allowing us to examine changes in neurocognition over ten years. Results We found that 30.5% of patients had a declining course of neurocognition, 49.2% had a stable course of neurocognition and 20.3% experienced improvements in neurocognition. Good cognitive functioning at the 20-year follow-up was significantly associated with higher levels of social functioning (B 6.86, CI 4.71-9.02, p < 0.001) while increasing experiential negative symptoms were significantly correlated to cognitive worsening (PC-0.231, p = 0.029). Younger age at inclusion (B: 0.23 per 10-years, CI 0.00-0.045, p = 0.047) and low level of education (below ten years) (mean difference:-0.346, CI-0.616 to-0.076, p = 0.012) predicted declining neurocognition. Conclusion Our findings support the notion of different schizophrenia subtypes with varying trajectories. Neurocognitive impairment at the 20-year follow-up was associated with other poor outcomes, highlighting the importance of treatments aimed at improving neurocognition in patients with schizophrenia spectrum disorders.  ∏ The Author(s), 2024.",Article,1,0,,,,,,
PM_0044,Hunt I.M.; Baird A.; Turnbull P.; Ibrahim S.; Shaw J.; Appleby L.; Kapur N.,Psychiatric in-patient care in England: as safe as it can be? An examination of in-patient suicide between 2009 and 2020,2024,Psychological Medicine,54,8,,1702,1708,6,https://doi.org/10.1017/S0033291723003628,"Background Psychiatric in-patients have a greatly elevated risk of suicide. We aimed to examine trends in in-patient suicide rates and determine if characteristics of in-patients who died by suicide have changed over time. Methods We identified all in-patients in England who died by suicide between 2009 and 2020 from the National Confidential Inquiry into Suicide and Safety in Mental Health. Suicide rates were calculated using data from Hospital Episodes Statistics. Results The rate of in-patient suicide per 100 000 bed days fell by 41.9% between 2009-2011 and 2018-2020. However, since 2016 the rate has remained static with no significant fall. Rates fell in men, those aged 30-59, and those with schizophrenia and other delusional disorders or personality disorder. Rates also fell for suicide by hanging (including hanging on the ward) and jumping. No falls were seen in suicide rates among women, younger and older age groups, and those with affective disorder. There was no indication of a transfer of risk to the post-discharge period or to home treatment/crisis care. More in-patients in the latter part of the study were aged under 25, were on authorised leave, and had psychiatric comorbidity. Conclusions In-patient suicide has significantly fallen since 2009, suggesting patient safety may have improved. The recent slowdown in the fall in rates, however, highlights that renewed preventative efforts are needed. These should include a greater focus on women, younger and older patients, and those with affective disorder. Careful reviews prior to granting leave are important to ensure a safe transition into the community. Copyright 2024 ∏ The Author(s). Published by Cambridge University Press.",Article,1,0,,,,,,
PM_0045,Linardon J.; Greenwood C.J.; Aarsman S.; Fuller-Tyszkiewicz M.,Investigating change in network structure of eating disorder symptoms after delivery of a smartphone app-based intervention,2024,Psychological Medicine,,,,,,,https://doi.org/10.1017/S0033291724000813,"Background Eating disorder (ED) research has embraced a network perspective of psychopathology, which proposes that psychiatric disorders can be conceptualized as a complex system of interacting symptoms. However, existing intervention studies using the network perspective have failed to find that symptom reductions coincide with reductions in strength of associations among these symptoms. We propose that this may reflect failure of alignment between network theory and study design and analysis. We offer hypotheses for specific symptom associations expected to be disrupted by an app-based intervention, and test sensitivity of a range of statistical metrics for identifying this intervention-induced disruption. Methods Data were analyzed from individuals with recurrent binge eating who participated in a randomized controlled trial of a cognitive-behavioral smartphone application. Participants were categorized into one of three groups: waitlist (n = 155), intervention responder (n = 49), and intervention non-responder (n = 77). Several statistical tests (bivariate associations, network-derived strength statistics, network invariance tests) were compared in ability to identify change in network structure. Results Hypothesized disruption to specific symptom associations was observed through change in bivariate correlations from baseline to post-intervention among the responder group but were not evident from symptom and whole-of-network based network analysis statistics. Effects were masked when the intervention group was assessed together, ignoring heterogeneity in treatment responsiveness. Conclusion Findings are consistent with our contention that study design and analytic approach influence the ability to test network theory predictions with fidelity. We conclude by offering key recommendations for future network theory-driven interventional studies.  ∏ The Author(s), 2024. Published by Cambridge University Press.",Article,1,0,,,,,,
PM_0046,Worthington M.A.; Collins M.A.; Addington J.; Bearden C.E.; Cadenhead K.S.; Cornblatt B.A.; Keshavan M.; Mathalon D.H.; Perkins D.O.; Stone W.S.; Walker E.F.; Woods S.W.; Cannon T.D.,Improving prediction of psychosis in youth at clinical high-risk: Pre-baseline symptom duration and cortical thinning as moderators of the NAPLS2 risk calculator,2024,Psychological Medicine,54,3,,611,619,8,https://doi.org/10.1017/S0033291723002301,"Background Clinical implementation of risk calculator models in the clinical high-risk for psychosis (CHR-P) population has been hindered by heterogeneous risk distributions across study cohorts which could be attributed to pre-ascertainment illness progression. To examine this, we tested whether the duration of attenuated psychotic symptom (APS) worsening prior to baseline moderated performance of the North American prodrome longitudinal study 2 (NAPLS2) risk calculator. We also examined whether rates of cortical thinning, another marker of illness progression, bolstered clinical prediction models. Methods Participants from both the NAPLS2 and NAPLS3 samples were classified as either 'long' or 'short' symptom duration based on time since APS increase prior to baseline. The NAPLS2 risk calculator model was applied to each of these groups. In a subset of NAPLS3 participants who completed follow-up magnetic resonance imaging scans, change in cortical thickness was combined with the individual risk score to predict conversion to psychosis. Results The risk calculator models achieved similar performance across the combined NAPLS2/NAPLS3 sample [area under the curve (AUC) = 0.69], the long duration group (AUC = 0.71), and the short duration group (AUC = 0.71). The shorter duration group was younger and had higher baseline APS than the longer duration group. The addition of cortical thinning improved the prediction of conversion significantly for the short duration group (AUC = 0.84), with a moderate improvement in prediction for the longer duration group (AUC = 0.78). Conclusions These results suggest that early illness progression differs among CHR-P patients, is detectable with both clinical and neuroimaging measures, and could play an essential role in the prediction of clinical outcomes.  Copyright ∏ The Author(s), 2023. Published by Cambridge University Press.",Article,1,0,,,,,,
PM_0047,Heriot-Maitland C.; Wykes T.; Peters E.,Social influences on the relationship between dissociation and psychotic-like experiences,2024,Psychological Medicine,,,,,,,https://doi.org/10.1017/S0033291724001405,"Background Shame is experienced as a threat to social self, and so activates threat-protective responses. There is evidence that shame has trauma-like characteristics, suggesting it can be understood within the same conceptual framework as trauma and dissociation. Evidence for causal links among trauma, dissociation, and psychosis thus warrant the investigation of how shame may influence causal mechanisms for psychosis symptoms. Methods This study tested the interaction between dissociation and shame, specifically external shame (feeling shamed by others), in predicting psychotic-like experiences (PLEs) six months later in a general population sample (N = 314). It also tested if social safeness moderates these effects. A longitudinal, online questionnaire design tested a moderation model (dissociation-shame) and a moderated moderation model (adding social safeness), using multiple regressions with bootstrap procedures. Results Although there was no direct effect of dissociation on PLEs six months later, there was a significant interaction effect with shame, controlling for PLEs at baseline. There were complex patterns in the directions of effects: For high-shame-scorers, higher dissociation predicted higher PLE scores, but for low-shame-scorers, higher dissociation predicted lower PLE scores. Social safeness was found to significantly moderate these interaction effects, which were unexpectedly more pronounced in the context of higher social safeness. Conclusions The results demonstrate evidence for an interaction between dissociation and shame on its impact on PLEs, which manifests particularly for those experiencing higher social safeness. This suggests a potential role of social mechanisms in both the etiology and treatment of psychosis, which warrants further testing in clinical populations.  Copyright ∏ The Author(s), 2024. Published by Cambridge University Press.",Article,1,1,0,0,1,1,binary,
PM_0048,Xu R.; Zhang X.; Zhou S.; Guo L.; Mo F.; Ma H.; Zhu J.; Qian Y.,Brain structural damage networks at different stages of schizophrenia,2024,Psychological Medicine,54,16,,4809,4819,10,https://doi.org/10.1017/S0033291724003088,"Background Neuroimaging studies have documented brain structural changes in schizophrenia at different stages of the illness, including clinical high-risk (cHR), genetic high-risk (gHR), first-episode schizophrenia (FES), and chronic schizophrenia (ChS). There is growing awareness that neuropathological processes associated with a disease fail to map to a specific brain region but do map to a specific brain network. We sought to investigate brain structural damage networks across different stages of schizophrenia. Methods We initially identified gray matter alterations in 523 cHR, 855 gHR, 2162 FES, and 2640 ChS individuals relative to 6963 healthy controls. By applying novel functional connectivity network mapping to large-scale discovery and validation resting-state functional magnetic resonance imaging datasets, we mapped these affected brain locations to four specific networks. Results Brain structural damage networks of cHR and gHR had limited and non-overlapping spatial distributions, with the former mainly involving the frontoparietal network and the latter principally implicating the subcortical network, indicative of distinct neuropathological mechanisms underlying cHR and gHR. By contrast, brain structural damage networks of FES and ChS manifested as similar patterns of widespread brain areas predominantly involving the somatomotor, ventral attention, and subcortical networks, suggesting an emergence of more prominent brain structural abnormalities with illness onset that have trait-like stability over time. Conclusions Our findings may not only provide a refined picture of schizophrenia neuropathology from a network perspective, but also potentially contribute to more targeted and effective intervention strategies for individuals at different schizophrenia stages.  Copyright ∏ The Author(s), 2024.",Article,1,0,,,,,,
PM_0049,Dauvermann M.R.; Costello L.; Tronchin G.; Corley E.; Holleran L.; Mothersill D.; Rokita K.I.; Kane R.; Hallahan B.; McDonald C.; Pasternak O.; Donohoe G.; Cannon D.M.,Cellular and extracellular white matter alterations after childhood trauma experience in individuals with schizophrenia,2024,Psychological Medicine,54,16,,4788,4797,9,https://doi.org/10.1017/S0033291724003064,"Background Childhood trauma (CT) is related to altered fractional anisotropy (FA) in individuals with schizophrenia (SZ). However, it remains unclear whether CT may influence specific cellular or extracellular compartments of FA in SZ with CT experience. We extended our previous study on FA in SZ (Costello et al., 2023) and examined the impact of CT on hypothesized lower free water-corrected FA (FAT) and higher extracellular free water (FW). Method Thirty-seven SZ and 129 healthy controls (HC) were grouped into the 'none/low' or 'high' CT group. All participants underwent diffusion-weighted magnetic resonance imaging. We performed tract-based spatial statistics to study the main effects of diagnostic group and CT, and the interaction between CT and diagnostic group across FAT and FW. Results SZ displayed lower FAT within the corpus callosum and corona radiata compared to HC (p < 0.05, Threshold-Free Cluster Enhancement (TFCE)). Independent of diagnosis, we observed lower FAT (p < 0.05, TFCE) and higher FW (p < 0.05, TFCE) in both SZ and HC with high CT levels compared to SZ and HC with none or low CT levels. Furthermore, we did not identify an interaction between CT and diagnostic group (p > 0.05, TFCE). Conclusions These novel findings suggest that the impact of CT on lower FAT may reflect cellular rather than extracellular alterations in established schizophrenia. This highlights the impact of CT on white matter microstructure, regardless of diagnostic status.  Copyright ∏ The Author(s), 2025.",Article,1,1,0,0,1,0,amplitude,
PM_0050,Sudo Y.; Ota J.; Takamura T.; Kamashita R.; Hamatani S.; Numata N.; Chhatkuli R.B.; Yoshida T.; Takahashi J.; Kitagawa H.; Matsumoto K.; Masuda Y.; Nakazato M.; Sato Y.; Hamamoto Y.; Shoji T.; Muratsubaki T.; Sugiura M.; Fukudo S.; Kawabata M.; Sunada M.; Noda T.; Tose K.; Isobe M.; Kodama N.; Kakeda S.; Takahashi M.; Takakura S.; Gondo M.; Yoshihara K.; Moriguchi Y.; Shimizu E.; Sekiguchi A.; Hirano Y.,Comprehensive elucidation of resting-state functional connectivity in anorexia nervosa by a multicenter cross-sectional study,2024,Psychological Medicine,,,,,,,https://doi.org/10.1017/S0033291724000485,"Background Previous research on the changes in resting-state functional connectivity (rsFC) in anorexia nervosa (AN) has been limited by an insufficient sample size, which reduced the reliability of the results and made it difficult to set the whole brain as regions of interest (ROIs). Methods We analyzed functional magnetic resonance imaging data from 114 female AN patients and 135 healthy controls (HC) and obtained self-reported psychological scales, including eating disorder examination questionnaire 6.0. One hundred sixty-four cortical, subcortical, cerebellar, and network parcellation regions were considered as ROIs. We calculated the ROI-to-ROI rsFCs and performed group comparisons. Results Compared to HC, AN patients showed 12 stronger rsFCs mainly in regions containing dorsolateral prefrontal cortex (DLPFC), and 33 weaker rsFCs primarily in regions containing cerebellum, within temporal lobe, between posterior fusiform cortex and lateral part of visual network, and between anterior cingulate cortex (ACC) and thalamus (p < 0.01, false discovery rate [FDR] correction). Comparisons between AN subtypes showed that there were stronger rsFCs between right lingual gyrus and right supracalcarine cortex and between left temporal occipital fusiform cortex and medial part of visual network in the restricting type compared to the binge/purging type (p < 0.01, FDR correction). Conclusion Stronger rsFCs in regions containing mainly DLPFC, and weaker rsFCs in regions containing primarily cerebellum, within temporal lobe, between posterior fusiform cortex and lateral part of visual network, and between ACC and thalamus, may represent categorical diagnostic markers discriminating AN patients from HC.  Copyright ∏ The Author(s), 2024. Published by Cambridge University Press.",Article,1,0,,,,,,
PM_0051,Min M.O.; Albert J.M.; Minnes S.; Kim J.-Y.; Kim S.-K.; Singer L.T.,Prenatal cocaine exposure and self-reported behavioral adjustments from ages 12 to 21: Environmental pathways,2024,Psychological Medicine,54,4,,721,731,10,https://doi.org/10.1017/S0033291723002404,"Background In a birth-cohort study, we followed offspring with prenatal cocaine exposure (PCE) to investigate longitudinal associations of PCE with self-reported behavioral adjustment from early adolescence to emerging adulthood (EA). Environmental pathways (family functioning, non-kinship care, maltreatment) were specified as potential mediators of PCE. Methods Participants were 372 (190 PCE; 47% male), primarily Black, low socioeconomic status, enrolled at birth. Internalizing and externalizing behaviors were assessed using Youth Self-Report at ages 12 and 15 and Adult Self-Report at age 21. Extended random-intercept cross-lagged panel modeling was used to account for potential bidirectional relationships between internalizing and externalizing behaviors over time, examining potential mediators. Results Adjusting for covariates, significant indirect effects were found for each mediator at different ages. For family functioning, these were both internalizing (? = 0.83, p = 0.04) and externalizing behaviors (? = 1.58, p = 0.02) at age 12 and externalizing behaviors at age 15 (? = 0.51, p = 0.03); for non-kinship care, externalizing behaviors at ages 12 (? = 0.63, p = 0.02) and 15 (? = 0.20, p = 0.03); and for maltreatment, both internalizing and externalizing behaviors at ages 15 (? = 0.64, p = 0.02 for internalizing; ? = 0.50, p = 0.03 for externalizing) and 21 (? = 1.39, p = 0.01 for internalizing; ? = 1.11, p = 0.01 for externalizing). Direct associations of PCE with internalizing and externalizing behaviors were not observed, nor cross-lagged relationships between internalizing and externalizing behaviors. Conclusions Negative associations of PCE with behavioral adjustment persist into EA via environmental pathways, specifying intervention points to disrupt adverse pathways toward healthy development.  Copyright ∏ The Author(s), 2023. Published by Cambridge University Press.",Article,1,0,,,,,,
PM_0052,Kaufman E.A.; Coon H.; Shabalin A.A.; Monson E.T.; Chen D.; Staley M.J.; Keeshin B.R.; Docherty A.R.; Bakian A.V.; DiBlasi E.,Diagnostic profiles among suicide decedents with and without borderline personality disorder,2024,Psychological Medicine,,,,,,,https://doi.org/10.1017/S0033291724002034,"Background. Borderline personality disorder (BPD) is a debilitating condition characterized by pervasive instability across multiple major domains of functioning. The majority of persons with BPD engage in self-injury and up to 10% die by suicide ? rendering persons with this condition at exceptionally elevated risk of comorbidity and premature mortality. Better characterization of clinical risk factors among persons with BPD who die by suicide is urgently needed. Methods. We examined patterns of medical and psychiatric diagnoses (1580 to 1700 Phecodes) among persons with BPD who died by suicide (n = 379) via a large suicide death data resource and biobank. In phenotype-based phenome-wide association tests, we compared these individuals to three other groups: (1) persons who died by suicide without a history of BPD (n = 9468), (2) persons still living with a history of BPD diagnosis (n = 280), and (3) persons who died by suicide with a different personality disorder (other PD n = 589). Results. Multivariable logistic regression models revealed that persons with BPD who died by suicide were more likely to present with co-occurring psychiatric diagnoses, and have a documented history of self-harm in the medical system prior to death, relative to suicides without BPD. Posttraumatic stress disorder was more elevated among those with BPD who died by suicide relative to the other PD group. Conclusions. We found significant differences among persons with BPD who died by suicide and all other comparison groups. Such differences may be clinically informative for identifying high-risk subtypes and providing targeted intervention approaches. ∏ The Author(s), 2024.",Article,1,0,,,,,,
PM_0053,Gibson L.L.; Mueller C.; Stewart R.; Aarsland D.,Characteristics associated with progression to probable dementia with Lewy bodies in a cohort with very late-onset psychosis,2024,Psychological Medicine,,,,,,,https://doi.org/10.1017/S0033291724001922,"Background Very late-onset psychosis (VLOP) is associated with higher rates of dementia but the proportion who develop dementia with Lewy bodies (DLB) is unknown. We aimed to identify individuals with VLOP who develop dementia and DLB and characterize the risk factors for progression. Methods Anonymized data were retrieved from electronic records for individuals with VLOP. Patients developing dementia after psychosis were identified, in addition to those with >2 core features of DLB at the time of dementia or DLB identified by a natural language processing application (NLP-DLB). Demographic factors, Health of the National Outcome Scale (HoNOS) and symptoms at index psychosis were explored as predictors of progression to dementia. Results In 1425 patients with VLOP over 4.29 years (mean) follow up, 197 (13.8%) received a subsequent diagnosis of dementia. Of these, 24.4% (n = 48) had >2 core features of DLB and 6% (n = 12) had NLP-DLB. In cox proportional hazard models, older age and cognitive impairment at the time of psychosis were associated with increased risk of incident dementia. Visual hallucinations and 2+ core features of DLB at index psychosis were associated with increased risk of dementia with 2+ symptoms of DLB but not all-cause dementia. Two or more core features of DLB at index psychosis were associated with 81% specificity and 67% sensitivity for incident NLP-DLB. Conclusions In patients with VLOP who develop dementia, core features of DLB are common. Visual hallucinations or two core features of DLB in VLOP should prompt clinicians to consider DLB and support further investigation.  Copyright ∏ The Author(s), 2024.",Article,1,1,1,0,0,,binary,
PM_0054,Hjorthõj C.; StÅrup A.; Karlsen M.; Speyer H.; Osler M.; Ongur D.; Nordentoft M.,"Use of antipsychotic medication, benzodiazepines, and psychiatric hospitalization in cannabis-related versus cannabis-unrelated schizophrenia - A nationwide, register-based cohort study",2024,Psychological Medicine,,,,,,,https://doi.org/10.1017/S0033291724000758,"Background Evidence suggests that cannabis may be a causal factor for development of schizophrenia. We aimed to investigate whether use of antipsychotic medication, benzodiazepines, and psychiatric service use differs among patients with schizophrenia depending on whether psychosis was precipitated by a diagnosis of cannabis use disorder (CUD). Methods We utilized the nationwide Danish registries to identify all individuals with an incident diagnosis of schizophrenia from 1995 to 2016. We also collected information on whether first CUD diagnosis preceded schizophrenia and thus defined a group of potentially cannabis-related schizophrenia. We compared the cannabis-related schizophrenia group both with all non-cannabis-related patients with schizophrenia and with non-cannabis-related patients with schizophrenia that were propensity-score matched to cases using a range of potentially confounding variables. Results We included 35 714 people with incident schizophrenia, including 4116 (11.5%) that were cannabis-related. In the unmatched-comparison analyses, there were no clear differences over time in use of antipsychotics and benzodiazepines related to whether the diagnosis of schizophrenia was cannabis-related. After propensity-score matching, use of antipsychotics and benzodiazepines was significantly lower among cannabis-related cases of schizophrenia. In the unmatched comparison, the cannabis-related group had significantly more days admitted than the non-cannabis-related group. This was markedly attenuated after propensity-score matching. Conclusions Our findings indicate the importance of considering cannabis-related cases of schizophrenia as a potentially distinct disorder in terms of prognosis. It is unclear, however, if these differences are due to different biological types of schizophrenia being compared or if they rather indicate behavioral differences such as reduced adherence and treatment-seeking.  Copyright ∏ The Author(s), 2024. Published by Cambridge University Press.",Article,1,0,,,,,,
PM_0055,Stromme M.F.; Thue Augustsson M.; Bartz-Johannessen C.; Stautland A.; Mykletun A.; Kroken R.A.; Mehlum L.; Kjelby E.; Johnsen E.,Suicidality and use of psychotropic medications in patients with schizophrenia: A prospective cohort study,2024,Psychological Medicine,54,16,,4704,4712,8,https://doi.org/10.1017/S0033291724002873,"Background The lifetime prevalence of suicide is around 5% in patients with schizophrenia. Non-adherence to antipsychotic medication is an important risk factor, but prospective studies investigating joint effects of antipsychotic drugs, antidepressants, and benzodiazepines on suicidality are scarce. We aimed to investigate how use and non-use of psychotropic medications are associated with suicidality in schizophrenia. Methods An open cohort study followed all patients consecutively admitted to a psychiatric acute unit during a 10-year period with a diagnosis of schizophrenia (n = 696). Cox multiple regression analyses were conducted with use of antipsychotics, antidepressants, and benzodiazepines as time-dependent variables. Adjustments were made for age, gender, depressive mood, agitated behavior, and use of alcohol and illicit substances. Results A total of 32 (4.6%) suicide events were registered during follow-up. Of these, 9 (28%) were completed suicides and 23 (72%) were attempted suicides. A total of 59 (8.5%) patients were readmitted with suicidal plans during the follow-up. Compared to non-use, use of antipsychotics was associated with 70% lower risk of attempted or completed suicide (adjusted hazard ratio [AHR] = 0.30, p < 0.01, CI 0.14-0.65) and 69% reduced risk of readmission with suicidal plans (AHR = 0.31, p < 0.01, CI 0.18-0.55). Use of prescribed benzodiazepines was associated with 126% increased risk of readmission with suicidal plans (AHR = 2.26, p = 0.01, CI 1.24-4.13). Conclusions Adherence to antipsychotic medication is strongly associated with reduced suicidal risk in schizophrenia. The use of prescribed benzodiazepines was identified as a significant risk factor for being readmitted with suicidal plans.  Copyright ∏ The Author(s), 2024.",Article,1,0,,,,,,
PM_0056,Klump K.L.; Mikhail M.E.; Anaya C.; Keel P.K.; Culbert K.M.; Sisk C.L.; Johnson A.; Boker S.; Neale M.C.; Burt S.A.,Daily estradiol and progesterone levels moderate genetic and environmental influences on emotional eating across 45 consecutive days in female twins,2024,Psychological Medicine,,,,,,,https://doi.org/10.1017/S0033291724002770,"Background. Past studies indicate daily increases in estrogen across the menstrual cycle protect against binge-eating (BE) phenotypes (e.g. emotional eating), whereas increases in progesterone enhance risk. Two previous studies from our laboratory suggest these associations could be due to differential genomic effects of estrogen and progesterone. However, these prior studies were unable to directly model effects of daily changes in hormones on etiologic risk, instead relying on menstrual cycle phase or mean hormone levels. The current study used newly modified twin models to examine, for the first time, the effects of daily changes in estradiol and progesterone on genetic/environmental influences on emotional eating in our archival twin sample assessed across 45 consecutive days. Methods. Participants included 468 female twins from the Michigan State University Twin Registry. Daily emotional eating was assessed with the Dutch Eating Behavior Questionnaire, and daily saliva samples were assayed for ovarian hormone levels. Modified genotype û environment interaction models examined daily changes in genetic/environmental effects across hormone levels. Results. Findings revealed differential effects of daily changes in hormones on etiologic risk, with increasing genetic influences across progesterone levels, and increasing shared environmental influences at the highest estradiol levels. Results were consistent across primary analyses examining all study days and sensitivity analyses within menstrual cycle phases. Conclusions. Findings are significant in being the first to identify changes in etiologic risk for BE symptoms across daily hormone levels and highlighting novel mechanisms (e.g. hormone threshold effects, regulation of conserved genes) that may contribute to the etiology of BE. ∏ The Author(s), 2024.",Article,1,0,,,,,,
PM_0057,Roldan L.; S†nchez-GutiÇrrez T.; Fern†ndez-Arias I.; Rodr°guez-Toscano E.; L¢pez G.; Merch†n-Naranjo J.; Calvo A.; Rapado-Castro M.; Parellada M.; Moreno C.; Ferraro L.; La Barbera D.; La Cascia C.; Tripoli G.; Di Forti M.; Murray R.M.; Quattrone D.; Morgan C.; Gayer-Anderson C.; Jones P.B.; Jongsma H.E.; Kirkbride J.B.; van Os J.; Garc°a-Portilla P.; Al-Halab° S.; Bobes J.; de Haan L.; Bernardo M.; Santos J.L.; Sanju†n J.; Arrojo M.; Szoke A.; Rutten B.P.; Stilo S.A.; Tarricone I.; Lasalvia A.; Tosato S.; Llorca P.-M.; Rossi Menezes P.; Selten J.-P.; Tortelli A.; Velthorst E.; Del-Ben C.M.; Arango C.; D°az-Caneja C.M.,Cannabis use and cognitive biases in people with first-episode psychosis and their siblings,2024,Psychological Medicine,,,,,,,https://doi.org/10.1017/S0033291724001715,"Background. Cannabis use and familial vulnerability to psychosis have been associated with social cognition deficits. This study examined the potential relationship between cannabis use and cognitive biases underlying social cognition and functioning in patients with first episode psychosis (FEP), their siblings, and controls. Methods. We analyzed a sample of 543 participants with FEP, 203 siblings, and 1168 controls from the EU-GEI study using a correlational design. We used logistic regression analyses to examine the influence of clinical group, lifetime cannabis use frequency, and potency of cannabis use on cognitive biases, accounting for demographic and cognitive variables. Results. FEP patients showed increased odds of facial recognition processing (FRP) deficits (OR = 1.642, CI 1.123?2.402) relative to controls but not of speech illusions (SI) or jumping to conclusions (JTC) bias, with no statistically significant differences relative to siblings. Daily and occasional lifetime cannabis use were associated with decreased odds of SI (OR = 0.605, CI 0.368?0.997 and OR = 0.646, CI 0.457?0.913 respectively) and JTC bias (OR = 0.625, CI 0.422?0.925 and OR = 0.602, CI 0.460?0.787 respectively) compared with lifetime abstinence, but not with FRP deficits, in the whole sample. Within the cannabis user group, low-potency cannabis use was associated with increased odds of SI (OR = 1.829, CI 1.297?2.578, FRP deficits (OR = 1.393, CI 1.031?1.882, and JTC (OR = 1.661, CI 1.271?2.171) relative to high-potency cannabis use, with comparable effects in the three clinical groups. Conclusions. Our findings suggest increased odds of cognitive biases in FEP patients who have never used cannabis and in low-potency users. Future studies should elucidate this association and its potential implications. ∏ The Author(s), 2024.",Article,1,1,1,1,0,,binary,
PM_0058,Akcaoglu Z.; Vaessen T.; Velthorst E.; Lafit G.; Achterhof R.; Nelson B.; McGorry P.; Schirmbeck F.; Morgan C.; Hartmann J.; Van Der Gaag M.; De Haan L.; Valmaggia L.; McGuire P.; Kempton M.; Steinhart H.; Klippel A.; Viechtbauer W.; Batink T.; Van Winkel R.; Van Amelsvoort T.; Marcelis M.; Van Aubel E.; Reininghaus U.; Myin-Germeys I.,"The temporal association between social isolation, distress, and psychotic experiences in individuals at clinical high-risk for psychosis",2024,Psychological Medicine,54,8,,1684,1692,8,https://doi.org/10.1017/S0033291723003598,"Background Psychotic experiences (PEs) and social isolation (SI) seem related during early stages of psychosis, but the temporal dynamics between the two are not clear. Literature so far suggests a self-perpetuating cycle wherein momentary increases in PEs lead to social withdrawal, which, subsequently, triggers PEs at a next point in time, especially when SI is associated with increased distress. The current study investigated the daily-life temporal associations between SI and PEs, as well as the role of SI-related and general affective distress in individuals at clinical high risk (CHR) for psychosis. Methods We used experience sampling methodology in a sample of 137 CHR participants. We analyzed the association between SI, PEs, and distress using time-lagged linear mixed-effects models. Results SI did not predict next-moment fluctuations in PEs, or vice versa. Furthermore, although SI-related distress was not predictive of subsequent PEs, general affective distress during SI was a robust predictor of next-moment PEs. Conclusions Our results suggest that SI and PEs are not directly related on a moment-to-moment level, but a negative emotional state when alone does contribute to the risk of PEs. These findings highlight the role of affective wellbeing during early-stage psychosis development. Copyright ∏ The Author(s), 2024. Published by Cambridge University Press.",Article,1,0,,,,,,
PM_0059,Rudra S.; McManus S.; Hassiotis A.; Ali A.,Mental health and service use of parents with and without borderline intellectual functioning,2024,Psychological Medicine,54,7,,1294,1308,14,https://doi.org/10.1017/S0033291723003136,"Background People with borderline intellectual functioning (BIF) encounter greater social adversities than the general population and have an increased prevalence of mental illness. However, little is known about the socio-demographic characteristics and mental health of parents with BIF. Methods A secondary data analysis of the Adult Psychiatric Morbidity Survey 2014 was conducted. Logistic regression models were fitted to compare differences in socio-demographic, mental health and service-use characteristics between parents and non-parents with and without BIF, and to investigate if the relationship between parent status and mental health outcomes was modified by BIF status, sex, and employment. Results Data from 6872 participants was analyzed; 69.1% were parents. BIF parents had higher odds of common mental disorder, severe mental illness, post-traumatic stress disorder, self-harm/suicide and were more likely to see their General Practitioner (GP) and to receive mental health treatment than non-BIF parents. BIF parents did not have a higher prevalence of mental health problems than BIF non-parents. Being a parent, after adjusting for BIF status and other confounders, was associated with increased odds of having a common mental disorder, visits to see a GP and treatment for mental health. Female parents had higher odds of treatment for mental health problems. Conclusions Being a parent is associated with elevated rates of common mental disorders. There is a higher burden of mental health problems and service use in people with BIF. A greater provision of specialist support services including ascertainment is indicated for this group. ∏ The Author(s), 2023. Published by Cambridge University Press.",Article,1,1,1,1,0,,binary,
PM_0060,Traynor J.M.; McMain S.; Chapman A.L.; Kuo J.; Labrish C.; Ruocco A.C.,Pretreatment cognitive performance is associated with differential self-harm outcomes in 6 v. 12-months of dialectical behavior therapy for borderline personality disorder,2024,Psychological Medicine,54,7,,1350,1360,10,https://doi.org/10.1017/S0033291723003197,"Background Recent findings suggest that brief dialectical behavior therapy (DBT) for borderline personality disorder is effective for reducing self-harm, but it remains unknown which patients are likely to improve in brief v. 12 months of DBT. Research is needed to identify patient characteristics that moderate outcomes. Here, we characterized changes in cognition across brief DBT (DBT-6) v. a standard 12-month course (DBT-12) and examined whether cognition predicted self-harm outcomes in each arm. Methods In this secondary analysis of 240 participants in the FASTER study (NCT02387736), cognitive measures were administered at pre-treatment, after 6 months, and at 12 months. Self-harm was assessed from pre-treatment to 2-year follow-up. Multilevel models characterized changes in cognition across treatment. Generalized estimating equations examined whether pre-treatment cognitive performance predicted self-harm outcomes in each arm. Results Cognitive performance improved in both arms after 6 months of treatment, with no between-arm differences at 12-months. Pre-treatment inhibitory control was associated with different self-harm outcomes in DBT-6 v. DBT-12. For participants with average inhibitory control, self-harm outcomes were significantly better when assigned to DBT-12, relative to DBT-6, at 9-18 months after initiating treatment. In contrast, participants with poor inhibitory control showed better self-harm outcomes when assigned to brief DBT-6 v. DBT-12, at 12-24 months after initiating treatment. Conclusions This work represents an initial step toward an improved understanding of patient profiles that are best suited to briefer v. standard 12 months of DBT, but observed effects should be replicated in a waitlist-controlled study to confirm that they were treatment-specific. ∏ The Author(s), 2023. Published by Cambridge University Press.",Article,1,1,1,0,1,0,logCount; sum score,
PM_0061,Cohen Z.D.; Breunese J.; Markowitz J.C.; Weitz E.S.; Hollon S.D.; Browne D.T.; Rucci P.; Corda C.; Menchetti M.; Weissman M.M.; Bagby R.M.; Quilty L.C.; Blom M.B.J.; Altamura M.; Zobel I.; Schramm E.; Gois C.; Twisk J.W.R.; Wienicke F.J.; Cuijpers P.; Driessen E.,Comparative efficacy of interpersonal psychotherapy and antidepressant medication for adult depression: A systematic review and individual participant data meta-Analysis,2024,Psychological Medicine,,,,,,,https://doi.org/10.1017/S0033291724001788,"Interpersonal psychotherapy (IPT) and antidepressant medications are both first-line interventions for adult depression, but their relative efficacy in the long term and on outcome measures other than depressive symptomatology is unknown. Individual participant data (IPD) meta-Analyses can provide more precise effect estimates than conventional meta-Analyses. This IPD meta-Analysis compared the efficacy of IPT and antidepressants on various outcomes at post-Treatment and follow-up (PROSPERO: CRD42020219891). A systematic literature search conducted May 1st, 2023 identified randomized trials comparing IPT and antidepressants in acute-phase treatment of adults with depression. Anonymized IPD were requested and analyzed using mixed-effects models. The prespecified primary outcome was post-Treatment depression symptom severity. Secondary outcomes were all post-Treatment and follow-up measures assessed in at least two studies. IPD were obtained from 9 of 15 studies identified (N = 1536/1948, 78.9%). No significant comparative treatment effects were found on post-Treatment measures of depression (d = 0.088, p = 0.103, N = 1530) and social functioning (d = 0.026, p = 0.624, N = 1213). In smaller samples, antidepressants performed slightly better than IPT on post-Treatment measures of general psychopathology (d = 0.276, p = 0.023, N = 307) and dysfunctional attitudes (d = 0.249, p = 0.029, N = 231), but not on any other secondary outcomes, nor at follow-up. This IPD meta-Analysis is the first to examine the acute and longer-Term efficacy of IPT v. antidepressants on a broad range of outcomes. Depression treatment trials should routinely include multiple outcome measures and follow-up assessments.  ∏ The Author(s), 2024.",Article,0,,,,,,,
PM_0062,Muratore A.F.; Foerde K.; Lloyd E.C.; Touzeau C.; Uniacke B.; Aw N.; Semanek D.; Wang Y.; Walsh B.T.; Attia E.; Posner J.; Steinglass J.E.,Reduced dorsal fronto-striatal connectivity at rest in anorexia nervosa,2024,Psychological Medicine,54,9,,2200,2209,9,https://doi.org/10.1017/S003329172400031X,"Background Anorexia nervosa (AN) is a serious psychiatric illness that remains difficult to treat. Elucidating the neural mechanisms of AN is necessary to identify novel treatment targets and improve outcomes. A growing body of literature points to a role for dorsal fronto-striatal circuitry in the pathophysiology of AN, with increasing evidence of abnormal task-based fMRI activation within this network among patients with AN. Whether these abnormalities are present at rest and reflect fundamental differences in brain organization is unclear. Methods The current study combined resting-state fMRI data from patients with AN (n = 89) and healthy controls (HC; n = 92) across four studies, removing site effects using ComBat harmonization. First, the a priori hypothesis that dorsal fronto-striatal connectivity strength-specifically between the anterior caudate and dlPFC-differed between patients and HC was tested using seed-based functional connectivity analysis with small-volume correction. To assess specificity of effects, exploratory analyses examined anterior caudate whole-brain connectivity, amplitude of low-frequency fluctuations (ALFF), and node centrality. Results Compared to HC, patients showed significantly reduced right, but not left, anterior caudate-dlPFC connectivity (p = 0.002) in small-volume corrected analyses. Whole-brain analyses also identified reduced connectivity between the right anterior caudate and left superior frontal and middle frontal gyri (p = 0.028) and increased connectivity between the right anterior caudate and right occipital cortex (p = 0.038). No group differences were found in analyses of anterior caudate ALFF and node centrality. Conclusions Decreased coupling of dorsal fronto-striatal regions indicates that circuit-based abnormalities persist at rest and suggests this network may be a potential treatment target.  ∏ The Author(s), 2024.",Article,1,0,,,,,,
PM_0063,Yang C.; Biswal B.; Cui Q.; Jing X.; Ao Y.; Wang Y.,Frequency-dependent alterations of global signal topography in patients with major depressive disorder,2024,Psychological Medicine,54,9,,2152,2161,9,https://doi.org/10.1017/S0033291724000254,"Background Major depressive disorder (MDD) is associated not only with disorders in multiple brain networks but also with frequency-specific brain activities. The abnormality of spatiotemporal networks in patients with MDD remains largely unclear. Methods We investigated the alterations of the global spatiotemporal network in MDD patients using a large-sample multicenter resting-state functional magnetic resonance imaging dataset. The spatiotemporal characteristics were measured by the variability of global signal (GS) and its correlation with local signals (GSCORR) at multiple frequency bands. The association between these indicators and clinical scores was further assessed. Results The GS fluctuations were reduced in patients with MDD across the full frequency range (0-0.1852 Hz). The GSCORR was also reduced in the MDD group, especially in the relatively higher frequency range (0.0728-0.1852 Hz). Interestingly, these indicators showed positive correlations with depressive scores in the MDD group and relative negative correlations in the control group. Conclusion The GS and its spatiotemporal effects on local signals were weakened in patients with MDD, which may impair inter-regional synchronization and related functions. Patients with severe depression may use the compensatory mechanism to make up for the functional impairments.  ∏ The Author(s), 2024.",Article,1,0,,,,,,
PM_0064,Wright S.L.; Karyotaki E.; Cuijpers P.; Bisson J.; Papola D.; Witteveen A.; Suliman S.; Spies G.; Ahmadi K.; Capezzani L.; Carletto S.; Karatzias T.; Kullack C.; Laugharne J.; Lee C.W.; Nijdam M.J.; Olff M.; Ostacoli L.; Seedat S.; Sijbrandij M.,EMDR v. other psychological therapies for PTSD: a systematic review and individual participant data meta-analysis,2024,Psychological Medicine,54,8,,1580,1588,8,https://doi.org/10.1017/S0033291723003446,"Background This systematic review and individual participant data meta-analysis (IPDMA) examined the overall effectiveness of eye movement desensitization and reprocessing (EMDR) in reducing posttraumatic stress disorder (PTSD) symptoms, achieving response and remission, and reducing treatment dropout among adults with PTSD compared to other psychological treatments. Additionally, we examined available participant-level moderators of the efficacy of EMDR. Methods This study included randomized controlled trials. Eligible studies were identified by a systematic search in PubMed, Embase, PsyclNFO, PTSDpubs, and CENTRAL. The target population was adults with above-threshold baseline PTSD symptoms. Trials were eligible if at least 70% of study participants had been diagnosed with PTSD using a structured clinical interview. Primary outcomes included PTSD symptom severity, treatment response, and PTSD remission. Treatment dropout was a secondary outcome. The systematic search retrieved 15 eligible randomized controlled trials (RCTs); 8 of these 15 were able to be included in this IPDMA (346 patients). Comparator treatments included relaxation therapy, emotional freedom technique, trauma-focused cognitive behavioral psychotherapies, and REM-desensitization. Results One-stage IPDMA found no significant difference between EMDR and other psychological treatments in reducing PTSD symptom severity (? = -0.24), achieving response (? = 0.86), attaining remission (? = 1.05), or reducing treatment dropout rates (? = -0.25). Moderator analyses found unemployed participants receiving EMDR had higher PTSD symptom severity at the post-test, and males were more likely to drop out of EMDR treatment than females. Conclusion The current study found no significant difference between EMDR and other psychological treatments. We found some indication of the moderating effects of gender and employment status. Copyright 2024 ∏ The Author(s). Published by Cambridge University Press.",Article,0,,,,,,,
PM_0065,Varese F.; Sellwood W.; Pulford D.; Awenat Y.; Bird L.; Bhutani G.; Carter L.-A.; Davies L.; Aseem S.; Davis C.; Hefferman-Clarke R.; Hilton C.; Horne G.; Keane D.; Logie R.; Malkin D.; Potter F.; Van Den Berg D.; Zia S.; Bentall R.P.,Trauma-focused therapy in early psychosis: Results of a feasibility randomized controlled trial of EMDR for psychosis (EMDRp) in early intervention settings,2024,Psychological Medicine,54,5,,874,885,11,https://doi.org/10.1017/S0033291723002532,"Background Trauma is prevalent amongst early psychosis patients and associated with adverse outcomes. Past trials of trauma-focused therapy have focused on chronic patients with psychosis/schizophrenia and comorbid Post-Traumatic Stress Disorder (PTSD). We aimed to determine the feasibility of a large-scale randomized controlled trial (RCT) of an Eye Movement Desensitization and Reprocessing for psychosis (EMDRp) intervention for early psychosis service users. Methods A single-blind RCT comparing 16 sessions of EMDRp + TAU v. TAU only was conducted. Participants completed baseline, 6-month and 12-month post-randomization assessments. EMDRp and trial assessments were delivered both in-person and remotely due to COVID-19 restrictions. Feasibility outcomes were recruitment and retention, therapy attendance/engagement, adherence to EMDRp treatment protocol, and the 'promise of efficacy' of EMDRp on relevant clinical outcomes. Results Sixty participants (100% of the recruitment target) received TAU or EMDR + TAU. 83% completed at least one follow-up assessment, with 74% at 6-month and 70% at 12-month. 74% of EMDRp + TAU participants received at least eight therapy sessions and 97% rated therapy sessions demonstrated good treatment fidelity. At 6-month, there were signals of promise of efficacy of EMDRp + TAU v. TAU for total psychotic symptoms (PANSS), subjective recovery from psychosis, PTSD symptoms, depression, anxiety, and general health status. Signals of efficacy at 12-month were less pronounced but remained robust for PTSD symptoms and general health status. Conclusions The trial feasibility criteria were fully met, and EMDRp was associated with promising signals of efficacy on a range of valuable clinical outcomes. A larger-scale, multi-center trial of EMDRp is feasible and warranted. ∏ The Author(s), 2023. Published by Cambridge University Press.",Article,1,0,,,,,,
PM_0066,Aloi J.; Crum K.I.; Blair K.S.; Zhang R.; Bashford-Largo J.; Bajaj S.; Hwang S.; Averbeck B.B.; Tottenham N.; Dobbertin M.; Blair R.J.R.,Childhood neglect is associated with alterations in neural prediction error signaling and the response to novelty,2024,Psychological Medicine,,,,,,,https://doi.org/10.1017/S0033291724002411,"Background One in eight children experience early life stress (ELS), which increases risk for psychopathology. ELS, particularly neglect, has been associated with reduced responsivity to reward. However, little work has investigated the computational specifics of this disrupted reward response-particularly with respect to the neural response to Reward Prediction Errors (RPE)-a critical signal for successful instrumental learning-and the extent to which they are augmented to novel stimuli. The goal of the current study was to investigate the associations of abuse and neglect, and neural representation of RPE to novel and non-novel stimuli. Methods One hundred and seventy-eight participants (aged 10-18, M = 14.9, s.d. = 2.38) engaged in the Novelty task while undergoing functional magnetic resonance imaging. In this task, participants learn to choose novel or non-novel stimuli to win monetary rewards varying from $0 to $0.30 per trial. Levels of abuse and neglect were measured using the Childhood Trauma Questionnaire. Results Adolescents exposed to high levels of neglect showed reduced RPE-modulated blood oxygenation level dependent response within medial and lateral frontal cortices particularly when exploring novel stimuli (p < 0.05, corrected for multiple comparisons) relative to adolescents exposed to lower levels of neglect. Conclusions These data expand on previous work by indicating that neglect, but not abuse, is associated with impairments in neural RPE representation within medial and lateral frontal cortices. However, there was no association between neglect and behavioral impairments on the Novelty task, suggesting that these neural differences do not necessarily translate into behavioral differences within the context of the Novelty task.  ∏ The Author(s), 2024.",Article,1,1,0,1,1,0,amplitude; times; proportions,
PM_0067,"Neale Z.E.; Bountress K.; Sheerin C.; de Viteri S.S.; Cusack S.; Chorlian D.; Barr P.B.; Kaplan I.; Pandey G.; Osipenko K.A.; McCutcheon V.; Kuo S.I.-C.; Cooke M.E.; Brislin S.J.; Salvatore J.E.; Kamarajan C.; Porjesz B.; Amstadter A.B.; Meyers J.L.; Hesselbrock V.; Foroud T.; Agrawal A.; Dick D.; Edenberg H.J.; Liu Y.; Plawecki M.H.; Kuperman S.; Kramer J.; Meyers J.; Pandey A.; Bierut L.; Rice J.; Bucholz K.; Agrawal A.; Schuckit M.; Tischfield J.; Hart R.; Almasy L.; Goate A.; Slesinger P.; Scott D.; Bauer L.; Nurnberger J., Jr.; Wetherill L.; Xuei X.; Lai D.; O?Connor S.; Chan G.; Zhang J.; Kinreich S.; Mullins N.; Anokhin A.; Hartz S.; Johnson E.; McCutcheon V.; Saccone S.; Moore J.; Aliev F.; Pang Z.; Kuo S.; Merikangas A.; Chin H.; Parsian A.","Childhood trauma is associated with developmental trajectories of EEG coherence, alcohol-related outcomes, and PTSD symptoms",2024,Psychological Medicine,,,,,,,https://doi.org/10.1017/S0033291724002599,"Background. Associations between childhood trauma, neurodevelopment, alcohol use disorder (AUD), and posttraumatic stress disorder (PTSD) are understudied during adolescence. Methods. Using 1652 participants (51.75% female, baseline Mage = 14.3) from the Collaborative Study of the Genetics of Alcoholism, we employed latent growth curve models to (1) examine associations of childhood physical, sexual, and non-assaultive trauma (CPAT, CSAT, and CNAT) with repeated measures of alpha band EEG coherence (EEGc), and (2) assess whether EEGc trajectories were associated with AUD and PTSD symptoms. Sex-specific models accommodated sex differences in trauma exposure, AUD prevalence, and neural development. Results. In females, CSAT was associated with higher mean levels of EEGc in left frontocentral (LFC, · = 0.13, p = 0.01) and interhemispheric prefrontal (PFI, · = 0.16, p < 0.01) regions, but diminished growth in LFC (· = ?0.07, p = 0.02) and PFI (· = ?0.07, p = 0.02). In males, CPAT was associated with lower mean levels (· = ?0.17, p = 0.01) and increased growth (· = 0.11, p = 0.01) of LFC EEGc. Slope of LFC EEGc was inversely associated with AUD symptoms in females (· = ?1.81, p = 0.01). Intercept of right frontocentral and PFI EEGc were associated with AUD symptoms in males, but in opposite directions. Significant associations between EEGc and PTSD symptoms were also observed in trauma-exposed individuals. Conclusions. Childhood assaultive trauma is associated with changes in frontal alpha EEGc and subsequent AUD and PTSD symptoms, though patterns differ by sex and trauma type. EEGc findings may inform emerging treatments for PTSD and AUD. ∏ The Author(s), 2024.",Article,1,0,,,,,,
PM_0068,Brislin S.J.; Salvatore J.E.; Meyers J.M.; Kamarajan C.; Plawecki M.H.; Edenberg H.J.; Kuperman S.; Tischfield J.; Hesselbrock V.; Anokhin A.P.; Chorlian D.B.; Schuckit M.A.; Nurnberger J.I.; Bauer L.; Pandey G.; Pandey A.K.; Kramer J.R.; Chan G.; Porjesz B.; Dick D.M.,Examining associations between genetic and neural risk for externalizing behaviors in adolescence and early adulthood,2024,Psychological Medicine,54,2,,267,277,10,https://doi.org/10.1017/S0033291723001174,"Background Researchers have identified genetic and neural risk factors for externalizing behaviors. However, it has not yet been determined if genetic liability is conferred in part through associations with more proximal neurophysiological risk markers. Methods Participants from the Collaborative Study on the Genetics of Alcoholism, a large, family-based study of alcohol use disorders were genotyped and polygenic scores for externalizing (EXT PGS) were calculated. Associations with target P3 amplitude from a visual oddball task (P3) and broad endorsement of externalizing behaviors (indexed via self-report of alcohol and cannabis use, and antisocial behavior) were assessed in participants of European (EA; N = 2851) and African ancestry (AA; N = 1402). Analyses were also stratified by age (adolescents, age 12-17 and young adults, age 18-32). Results The EXT PGS was significantly associated with higher levels of externalizing behaviors among EA adolescents and young adults as well as AA young adults. P3 was inversely associated with externalizing behaviors among EA young adults. EXT PGS was not significantly associated with P3 amplitude and therefore, there was no evidence that P3 amplitude indirectly accounted for the association between EXT PGS and externalizing behaviors. Conclusions Both the EXT PGS and P3 amplitude were significantly associated with externalizing behaviors among EA young adults. However, these associations with externalizing behaviors appear to be independent of each other, suggesting that they may index different facets of externalizing. ∏ The Author(s), 2023. Published by Cambridge University Press.",Article,1,1,0,0,0,,amplitude,
PM_0069,Ku B.S.; Ren J.; Compton M.T.; Druss B.G.; Guo S.; Walker E.F.,The association between neighborhood-level social fragmentation and distressing psychotic-like experiences in early adolescence: The moderating role of close friends,2024,Psychological Medicine,54,9,,2172,2180,8,https://doi.org/10.1017/S0033291724000278,"Background Early exposure to neighborhood social fragmentation has been shown to be associated with schizophrenia. The impact of social fragmentation and friendships on distressing psychotic-like experiences (PLE) remains unknown. We investigate the relationships between neighborhood social fragmentation, number of friends, and distressing PLE among early adolescents. Methods Data were collected from the Adolescent Brain Cognitive Development Study. Generalized linear mixed models tested associations between social fragmentation and distressing PLE, as well as the moderating role of the number of total and close friends. Results Participants included 11 133 adolescents aged 9 to 10, with 52.3% being males. Greater neighborhood social fragmentation was associated with higher levels of distressing PLE (adjusted ? = 0.05; 95% CI: 0.01-0.09). The number of close but not total friends significantly interacted with social fragmentation to predict distressing PLE (adjusted ? =-0.02; 95% CI:-0.04 to <-0.01). Among those with fewer close friends, the association between neighborhood social fragmentation and distressing PLE was significant (adjusted ? = 0.07; 95% CI: 0.03-0.11). However, among those with more close friends, the association was non-significant (adjusted ? = 0.03; 95% CI:-0.01 to 0.07). Conclusions Greater neighborhood social fragmentation is associated with higher levels of distressing PLE, particularly among those with fewer close friends. Further research is needed to disentangle aspects of the interaction between neighborhood characteristics and the quality of social interactions that may contribute to psychosis, which would have implications for developing effective interventions at the individual and community levels.  ∏ The Author(s), 2024.",Article,1,1,0,0,0,,log(sum scores),
PM_0070,Blîchl M.; Schaare H.L.; Kumral D.; Gaebler M.; Nestler S.; Villringer A.,"Vascular risk factors, white matter microstructure, and depressive symptoms: A longitudinal analysis in the UK Biobank",2024,Psychological Medicine,54,1,,125,135,10,https://doi.org/10.1017/S0033291723000697,"Background Cumulative burden from vascular risk factors (VRFs) has been associated with an increased risk of depressive symptoms in mid- and later life. It has been hypothesised that this association arises because VRFs disconnect fronto-subcortical white matter tracts involved in mood regulation, which puts older adults at higher risk of developing depressive symptoms. However, evidence for the hypothesis that disconnection of white matter tracts underlies the association between VRF burden and depressive symptoms from longitudinal studies is scarce. Methods This preregistered study analysed longitudinal data from 6,964 middle-aged and older adults from the UK Biobank who participated in consecutive assessments of VRFs, brain imaging, and depressive symptoms. Using mediation modelling, we directly tested to what extend white matter microstructure mediates the longitudinal association between VRF burden and depressive symptoms. Results VRF burden showed a small association with depressive symptoms at follow-up. However, there was no evidence that fractional anisotropy (FA) of white matter tracts mediated this association. Additional analyses also yielded no mediating effects using alternative operationalisations of VRF burden, mean diffusivity (MD) of single tracts, or overall average of tract-based white matter microstructure (global FA, global MD, white matter hyperintensity volume). Conclusions Our results lend no support to the hypothesis that disconnection of white matter tracts underlies the association between VRF burden and depressive symptoms, while highlighting the relevance of using longitudinal data to directly test pathways linking vascular and mental health. ∏ The Author(s), 2023. Published by Cambridge University Press.",Article,1,0,,,,,,
PM_0071,Austin-Zimmerman I.; Spinazzola E.; Quattrone D.; Wu-Choi B.; Trotta G.; Li Z.; Johnson E.; Richards A.L.; Freeman T.P.; Tripoli G.; Gayer-Anderson C.; Rodriguez V.; Jongsma H.E.; Ferraro L.; La Cascia C.; Tosato S.; Tarricone I.; Berardi D.; Bonora E.; Seri M.; D?Andrea G.; Szîke A.; Arango C.; Bobes J.; Sanju†n J.; Santos J.L.; Arrojo M.; Velthorst E.; Bernardo M.; Del-Ben C.M.; Menezes P.R.; Selten J.-P.; Jones P.B.; Kirkbride J.B.; Rutten B.P.F.; Tortelli A.; Llorca P.-M.; de Haan L.; Stilo S.; La Barbera D.; Lasalvia A.; Schurnhoff F.; Pignon B.; van Os J.; Lynskey M.; Morgan C.; O? Donovan M.; Lewis C.M.; Sham P.C.; Murray R.M.; Vassos E.; Di Forti M.,The impact of schizophrenia genetic load and heavy cannabis use on the risk of psychotic disorder in the EU-GEI case-control and UK Biobank studies,2024,Psychological Medicine,,,,,,,https://doi.org/10.1017/S0033291724002058,"Background. The association between cannabis and psychosis is established, but the role of underlying genetics is unclear. We used data from the EU-GEI case-control study and UK Biobank to examine the independent and combined effect of heavy cannabis use and schizophrenia polygenic risk score (PRS) on risk for psychosis. Methods. Genome-wide association study summary statistics from the Psychiatric Genomics Consortium and the Genomic Psychiatry Cohort were used to calculate schizophrenia and cannabis use disorder (CUD) PRS for 1098 participants from the EU-GEI study and 143600 from the UK Biobank. Both datasets had information on cannabis use. Results. In both samples, schizophrenia PRS and cannabis use independently increased risk of psychosis. Schizophrenia PRS was not associated with patterns of cannabis use in the EU-GEI cases or controls or UK Biobank cases. It was associated with lifetime and daily cannabis use among UK Biobank participants without psychosis, but the effect was substantially reduced when CUD PRS was included in the model. In the EU-GEI sample, regular users of high-potency cannabis had the highest odds of being a case independently of schizophrenia PRS (OR daily use high-potency cannabis adjusted for PRS = 5.09, 95% CI 3.08?8.43, p = 3.21 û 10-10). We found no evidence of interaction between schizophrenia PRS and patterns of cannabis use. Conclusions. Regular use of high-potency cannabis remains a strong predictor of psychotic disorder independently of schizophrenia PRS, which does not seem to be associated with heavy cannabis use. These are important findings at a time of increasing use and potency of cannabis worldwide. ∏ The Author(s), 2024.",Article,1,1,1,1,0,,binary,
PM_0072,Bowes L.; Babu M.; Badger J.R.; Broome M.R.; Cannings-John R.; Clarkson S.; Coulman E.; Edwards R.T.; Ford T.; Hastings R.P.; Hayes R.; Lugg-Widger F.; Owen-Jones E.; Patterson P.; Segrott J.; Sydenham M.; Townson J.; Watkins R.C.; Whiteley H.; Williams M.E.; Hutchings J.; Butt S.; Chiswell C.; Fong M.; Gains H.; Gosalia H.; Jones A.; Longdon B.; Mitchell S.B.; Murray C.; Rose N.; Varley M.,The effects and costs of an anti-bullying programme (KiVa) in UK primary schools: a multicentre cluster randomised controlled trial,2024,Psychological Medicine,,,,,,,https://doi.org/10.1017/S0033291724002666,"Background Childhood bullying is a public health priority. We evaluated the effectiveness and costs of KiVa, a whole-school anti-bullying programme that targets the peer context. Methods A two-arm pragmatic multicentre cluster randomised controlled trial with embedded economic evaluation. Schools were randomised to KiVa-intervention or usual practice (UP), stratified on school size and Free School Meals eligibility. KiVa was delivered by trained teachers across one school year. Follow-up was at 12 months post randomisation. Primary outcome: student-reported bullying-victimization; secondary outcomes: self-reported bullying-perpetration, participant roles in bullying, empathy and teacher-reported Strengths and Difficulties Questionnaire. Outcomes were analysed using multilevel linear and logistic regression models. Findings Between 8/11/2019 ? 12/02/2021, 118 primary schools were recruited in four trial sites, 11,111 students in primary analysis (KiVa-intervention: n=5,944; 49.6% female; UP: n=5,167, 49.0% female). At baseline, 21˙6% of students reported being bullied in the UP group and 20.3% in the KiVa-intervention group, reducing to 20.7% in the UP group and 17.7% in the KiVa-intervention group at follow-up (odds ratio 0.87; 95% confidence interval 0.78 to 0.97, p-value=0.009). Students in the KiVa group had significantly higher empathy and reduced peer problems. We found no differences in bullying perpetration, school wellbeing, emotional or behavioural problems. A priori subgroup analyses revealed no differences in effectiveness by socioeconomic gradient, or by gender. KiVa costs ú20.78 more per pupil than usual practice in the first year, and ú1.65 more per pupil in subsequent years. Interpretation The KiVa anti-bullying programme is effective at reducing bullying victimisation with small-moderate effects of public health importance. Funding The study was funded by the UK National Institute for Health and Care Research (NIHR) Public Health Research programme (17-92-11). Intervention costs were funded by the Rayne Foundation, GwE North Wales Regional School Improvement Service, Children?s Services, Devon County Council and HSBC Global Services (UK) Ltd. ∏ 2024 Cambridge University Press. All rights reserved.",Article,1,0,,,,,,
PM_0073,Zhao L.; Niu L.; Dai H.; Lee T.M.C.; Huang R.; Zhang R.,A comparative meta-analysis of structural magnetic resonance imaging studies and gene expression profiles revealing the similarities and differences between late life depression and mild cognitive impairment,2024,Psychological Medicine,,,,,,,https://doi.org/10.1017/S0033291724002563,"Background Late-life depression (LLD) predisposes individuals to cognitive decline, often leading to misdiagnoses as mild cognitive impairment (MCI). Voxel-based morphometry (VBM) can distinguish the profiles of these disorders according to gray matter (GM) volumes. We integrated findings from previous VBM studies for comparative analysis and extended the research into molecular profiles to facilitate inspection and intervention. Methods We comprehensively searched PubMed and Web of Science for VBM studies that compared LLD and MCI cases with matched healthy controls (HCs) from inception to 31st December 2023. We included 13 studies on LLD (414 LLDs, 350 HCs) and 50 on MCI (1878 MCIs, 2046 HCs). Seed-based d Mapping with Permutation of Subject Images (SDM-PSI) was used for voxel-based meta-analysis to assess GM atrophy, spatially correlated with neuropsychological profiles. We then used multimodal and linear-model analysis to assess the similarities and differences in GM volumetric changing patterns. Partial least squares (PLS) regression and gene enrichment were employed for transcription-neuroimaging associations. Results GM volumes in the left hippocampus and right parahippocampal gyrus are more affected in MCI, along with memory impairment. MCI was spatially correlated with a more extensive reduction in the levels of neurotransmitters and a severe downregulation of genes related to cellular potassium ion transport and metal ion transmembrane transporter activity. Conclusion Compared to LLD, MCI exhibited more GM atrophy in the hippocampus and parahippocampal gyrus and lower gene expression of ion transmembrane transport. Our findings provided imaging-transcriptomic-genetic integrative profiles for differential diagnosis and precise intervention between LLD and MCI.  Copyright ∏ The Author(s), 2024.",Article,1,0,,,,,,
PM_0074,Nilsson S.F.; Wimberley T.; Speyer H.; Hjorthoj C.; Fazel S.; Nordentoft M.; Laursen T.M.,The bidirectional association between psychiatric disorders and sheltered homelessness,2024,Psychological Medicine,54,4,,742,752,10,https://doi.org/10.1017/S0033291723002428,"Background Psychiatric disorders and homelessness are related, but temporal associations are unclear. We aimed to explore the overlap between hospital-based psychiatric disorders and sheltered homelessness. Methods This population-based cohort study was conducted using the Danish registers e.g., the Danish Homeless Register and the Danish National Patient Register. The study cohort included all individuals aged 15 years or older, living in Denmark at least one day during 2002-2021 (born 1984-2006). First psychiatric diagnosis was used to define psychiatric disorder and first homeless shelter contact to define homelessness. Adjusted incidence rate ratios (IRRs) and cumulative incidences were estimated. Results Among 1 530 325 individuals accounting for 16 787 562 person-years at risk aged 15-38 years, 11 433 (0.8%) had at least one homeless shelter contact. Among 1 406 410 individuals accounting for 14 131 060 person-years at risk, 210 730 had at least one psychiatric disorder. People with any psychiatric disorder had increased risk of sheltered homelessness relative to individuals with no psychiatric disorder [IRR 9.2, 95% confidence interval (CI) 8.8-9.6]. Ten years after first psychiatric disorder, 3.0% (95% CI 2.9-3.1) had at least one homeless shelter contact. Individuals experiencing homelessness had increased risk of any psychiatric disorder compared to individuals with no homeless shelter contact (IRR 7.0, 95% CI 6.7-7.4). Ten years after first homeless shelter contact, 47.1% (45.3-48.0) had received a hospital-based psychiatric diagnosis. Conclusion Strong bidirectional associations between psychiatric disorders and homelessness were identified. Health and social care professionals should be aware of and address these high risks of accumulated psychiatric and social problems.  Copyright ∏ The Author(s), 2023. Published by Cambridge University Press.",Article,1,0,,,,,,
PM_0075,Choi K.W.; Tubbs J.D.; Lee Y.H.; He Y.; Tsuo K.; Yohannes M.T.; Nkambule L.L.; Madsen E.; Ghimire D.J.; Hermosilla S.; Ge T.; Martin A.R.; Axinn W.G.; Smoller J.W.,Genetic architecture and socio-environmental risk factors for major depressive disorder in Nepal,2024,Psychological Medicine,,,,,,,https://doi.org/10.1017/S0033291724001284,"Background Major depressive disorder (MDD) is the leading cause of disability globally, with moderate heritability and well-established socio-environmental risk factors. Genetic studies have been mostly restricted to European settings, with polygenic scores (PGS) demonstrating low portability across diverse global populations. Methods This study examines genetic architecture, polygenic prediction, and socio-environmental correlates of MDD in a family-based sample of 10 032 individuals from Nepal with array genotyping data. We used genome-based restricted maximum likelihood to estimate heritability, applied S-LDXR to estimate the cross-Ancestry genetic correlation between Nepalese and European samples, and modeled PGS trained on a GWAS meta-Analysis of European and East Asian ancestry samples. Results We estimated the narrow-sense heritability of lifetime MDD in Nepal to be 0.26 (95% CI 0.18-0.34, p = 8.5 û 10-6). Our analysis was underpowered to estimate the cross-Ancestry genetic correlation (rg = 0.26, 95% CI -0.29 to 0.81). MDD risk was associated with higher age (beta = 0.071, 95% CI 0.06-0.08), female sex (beta = 0.160, 95% CI 0.15-0.17), and childhood exposure to potentially traumatic events (beta = 0.050, 95% CI 0.03-0.07), while neither the depression PGS (beta = 0.004, 95% CI -0.004 to 0.01) or its interaction with childhood trauma (beta = 0.007, 95% CI -0.01 to 0.03) were strongly associated with MDD. Conclusions Estimates of lifetime MDD heritability in this Nepalese sample were similar to previous European ancestry samples, but PGS trained on European data did not predict MDD in this sample. This may be due to differences in ancestry-linked causal variants, differences in depression phenotyping between the training and target data, or setting-specific environmental factors that modulate genetic effects. Additional research among under-represented global populations will ensure equitable translation of genomic findings. Copyright ∏ The Author(s), 2024.",Article,1,1,1,0,0,,binary,
PM_0076,Weiss B.; Ginige I.; Shannon L.; Giribaldi B.; Murphy-Beiner A.; Murphy R.; Baker-Jones M.; Martell J.; Nutt D.J.; Carhart-Harris R.L.; Erritzoe D.,Personality Change in a Trial of Psilocybin Therapy vs Escitalopram Treatment for Depression - CORRIGENDUM,2024,Psychological medicine,54,1,,217,,,https://doi.org/10.1017/S0033291723002039,[No abstract available],Article,0,,,,,,,
PM_0077,Huntjens A.; Van Den Bosch Wies L.M.C.; Sizoo B.; Kerkhof A.; Smit F.; Van Der Gaag M.,The effectiveness and safety of dialectical behavior therapy for suicidal ideation and behavior in autistic adults: A pragmatic randomized controlled trial,2024,Psychological Medicine,,,,,,,https://doi.org/10.1017/S0033291724000825,"Backgrounds Many autistic people in mental health are suicidal. This study evaluated the effectiveness of dialectical behavior therapy (DBT) v. treatment as usual (TAU) in reducing suicidal ideation and suicide attempts. Methods At six Dutch mental health centers, 123 outpatients (18-65 years) with DSM-5 diagnosed autism spectrum disorder (ASD) and suicidal behavior were randomly assigned to the DBT intervention group (n = 63) or TAU control group (n = 60). Assessments were conducted at baseline, post-treatment at 6 months and 12-month follow-up. The primary outcomes were severity of suicidal ideation and frequency of suicide attempts. The severity of depression and social anxiety were secondary outcomes. Results At end-of-treatment, DBT significantly reduced both suicidal ideation (z = -2.24; p = 0.025; b = -4.41; s.e. = 197.0) and suicide attempts (z = -3.15; p = 0.002; IRR = 0.046; s.e. = 0.045) compared to TAU, but lost statistical significance at the 12-month follow-up. Depression severity significantly decreased with DBT (z = -1.99; p = 0.046: b = -2.74; s.e. = 1.37) remaining so at 12 months (z = -2.46; p = 0.014; b = -3.37; s.e. = 1.37). No effects were observed on social anxiety. Severe adverse events included two suicides in the TAU condition. Conclusions DBT is an acceptable, safe, and short-term effective intervention to reduce suicidal ideation and suicide attempts in autistic adults with suicidal behavior.  ∏ The Author(s), 2024. Published by Cambridge University Press.",Article,1,1,1,1,1,1,sum score; count,
PM_0078,Ghaemi S.; Zeraattalab-Motlagh S.; Jayedi A.; Shab-Bidar S.,The effect of vitamin D supplementation on depression: a systematic review and dose?response meta-analysis of randomized controlled trials,2024,Psychological Medicine,,,,,,,https://doi.org/10.1017/S0033291724001697,"The impact of vitamin D supplementation on depressive symptoms remains uncertain. This study aimed to investigate the dose-dependent effects of vitamin D supplementation on depressive and anxiety symptoms in adults. We systematically searched PubMed, Scopus, and Web of Science up to December 2022 to identify randomized controlled trials evaluating the effects of vitamin D3 supplementation on depression and anxiety symptoms in adults. Using a random-effects model, we calculated the standardized mean difference (SMD) for each 1000 IU/day vitamin D3 supplementation. The GRADE tool assessed the certainty of evidence. Our analysis included 31 trials with 24189 participants. Each 1000 IU/day vitamin D3 supplementation slightly reduced depressive symptoms in individuals with and without depression (SMD: ?0.32, 95% CI ?0.43 to ?0.22; GEADE = moderate). The effect was more pronounced in those with depressive symptoms (SMD: ?0.57, 95% CI ?0.69 to ?0.44; n = 15). The greatest reduction occurred at 8000 IU/day (SMD: ?2.04, 95% CI ?3.77 to ?0.31). Trials with follow-up 8 weeks (SMD: ?0.45, 95% CI ?0.70 to ?0.20; n = 8) and 8 to 24 weeks (SMD: ?0.47, 95% CI ?0.70 to ?0.24; n = 15) showed stronger effects compared to those lasting 24 to 52 weeks (SMD: ?0.13, 95% CI ?0.28 to 0.02; n = 5) or longer than 52 weeks (SMD: 0.14, 95% CI ?0.16 to 0.44; n = 3) (p group difference <0.001). Vitamin D3 supplementation had no significant effects on anxiety symptoms. In summary, this study suggests that vitamin D3 supplementation may effectively reduce depressive symptoms in short term. Further high-quality trials are warranted for a conclusive assessment of its impact on anxiety. ∏ The Author(s), 2024.",Article,0,,,,,,,
PM_0079,Malamud J.; Lewis G.; Moutoussis M.; Duffy L.; Bone J.; Srinivasan R.; Lewis G.; Huys Q.J.M.,The selective serotonin reuptake inhibitor sertraline alters learning from aversive reinforcements in patients with depression: Evidence from a randomized controlled trial,2024,Psychological Medicine,,,,,,,https://doi.org/10.1017/S0033291724000837,"Background Selective serotonin reuptake inhibitors (SSRIs) are first-line pharmacological treatments for depression and anxiety. However, little is known about how pharmacological action is related to cognitive and affective processes. Here, we examine whether specific reinforcement learning processes mediate the treatment effects of SSRIs. Methods The PANDA trial was a multicentre, double-blind, randomized clinical trial in UK primary care comparing the SSRI sertraline with placebo for depression and anxiety. Participants (N = 655) performed an affective Go/NoGo task three times during the trial and computational models were used to infer reinforcement learning processes. Results There was poor task performance: only 54% of the task runs were informative, with more informative task runs in the placebo than in the active group. There was no evidence for the preregistered hypothesis that Pavlovian inhibition was affected by sertraline. Exploratory analyses revealed that in the sertraline group, early increases in Pavlovian inhibition were associated with improvements in depression after 12 weeks. Furthermore, sertraline increased how fast participants learned from losses and faster learning from losses was associated with more severe generalized anxiety symptoms. Conclusions The study findings indicate a relationship between aversive reinforcement learning mechanisms and aspects of depression, anxiety, and SSRI treatment, but these relationships did not align with the initial hypotheses. Poor task performance limits the interpretability and likely generalizability of the findings, and highlights the critical importance of developing acceptable and reliable tasks for use in clinical studies. Funding This article presents research supported by NIHR Program Grants for Applied Research (RP-PG-0610-10048), the NIHR BRC, and UCL, with additional support from IMPRS COMP2PSYCH (JM, QH) and a Wellcome Trust grant (QH). ∏ The Author(s), 2024. Published by Cambridge University Press.",Article,1,1,0,1,0,,log(sum scores); computational models parameters,
PM_0080,Marchant A.; McGregor J.; Del Pozo Banos M.; Lloyd K.; Williams D.; Thapar A.; Watkins A.; John A.,"The impact of published guidance on trends in the pharmacological management of depression in children and adolescents-a whole population e-cohort data linkage study in Wales, UK",2024,Psychological Medicine,54,16,,4691,4703,12,https://doi.org/10.1017/S0033291724002861,"Background This study evaluated the impact of 2015/2016 prescribing guidance on antidepressant prescribing choices in children. Methods A retrospective e-cohort study of whole population routine electronic healthcare records was conducted. Poisson regression was undertaken to explore trends over time for depression, antidepressant prescribing, indications and secondary care contacts. Time trend analysis was conducted to assess the impact of guidance. Results A total of 643 322 primary care patients in Wales UK, aged 6-17 years from 2010-2019 contributed 3 215 584 person-years of follow-up. Adjusted incidence of depression more than doubled (IRR for 2019 = 2.8 [2.5-3.2]) with similar trends seen for antidepressants. Fluoxetine was the most frequently prescribed first-line antidepressant. Citalopram comprised less than 5% of first prescriptions in younger children but 22.9% (95% CI 22.0-23.8; 95% CI 2533) in 16-17-year-olds. Approximately half of new antidepressant prescribing was associated with depression. Segmented regression analysis showed that prescriptions of 'all' antidepressants, Fluoxetine and Sertraline were increasing before the guidance. This upward trend flattened for both 'all' antidepressants and Fluoxetine and steepened for Sertraline. Citalopram prescribing was decreasing significantly pre guidance being issued with no significant change afterward. Conclusions Targeted intervention is needed to address rising rates of depression in children. Practitioners are partially adhering to local and national guidance. The decision-making process behind prescribing choices is likely to be multi-factorial. Activities to support implementation of guidance should be adopted in relation to safety in prescribing of antidepressants in children including timely availability of talking therapies and specialist mental health services.  ∏ The Author(s), 2025.",Article,1,0,,,,,,
PM_0081,Wang Z.; Cao X.; Zheng X.; Chen Y.; Zhu J.,Abnormalities in brain structure following childhood unpredictability: A mechanism underlying depressive and anxiety symptoms,2024,Psychological Medicine,54,2,,299,307,8,https://doi.org/10.1017/S0033291723001526,"Background Childhood adversity is associated with abnormalities in brain structure, but this association has not been tested for childhood unpredictability, one form of adversity. We studied whether abnormalities in gray matter volume (GMV) could be a mechanism linking childhood unpredictability and psychopathology, over and above the effect of childhood trauma. Methods Participants were 158 right-handed healthy young adults (aged 17-28 years, M = 22.07, s.d. = 2.08; 66.46% female) who underwent structural magnetic resonance imaging measurements and provided retrospective reports of childhood unpredictability. The anxiety and depression subscales of the self-report Brief Symptom Inventory-53 were used to index psychopathology. Results Whole-brain voxel-based morphometric analyses showed that after controlling for the effect of childhood trauma, childhood unpredictability was correlated with greater GMV in bilateral frontal pole, bilateral precuneus, bilateral postcentral gyrus, right hemisphere of fusiform, and lingual gyrus, and left hemisphere of ventrolateral prefrontal cortex as well as occipital gyrus. Greater GMV in bilateral frontal pole, bilateral precuneus, and bilateral postcentral gyrus mediated associations between unpredictability and symptoms of depression and anxiety. Conclusions The findings suggest that childhood unpredictability could exact unique effects on neural development, over and above the effect of childhood trauma. These findings are relevant for understanding the occurrence of psychopathology following childhood unpredictability and have implications for intervention.  Copyright ∏ The Author(s), 2023. Published by Cambridge University Press.",Article,1,0,,,,,,
PM_0082,L¢pez-L¢pez J.A.; Tilling K.; Pearson R.M.; Fazel M.S.; Washbrook E.; Zhu Y.; Smith B.J.; Dunn E.C.; Smith A.D.A.C.,Depressive symptoms in adolescence and adult educational and employment outcomes: a structured life course analysis,2024,Psychological Medicine,,,,,,,https://doi.org/10.1017/S0033291724001090,"Background. Depression is a common mental health disorder that often starts during adolescence, with potentially important future consequences including ?Not in Education, Employment or Training? (NEET) status. Methods. We took a structured life course modeling approach to examine how depressive symptoms during adolescence might be associated with later NEET status, using a high-quality longitudinal data resource. We considered four plausible life course models: (1) an early adolescent sensitive period model where depressive symptoms in early adolescence are more associated with later NEET status relative to exposure at other stages; (2) a mid adolescent sensitive period model where depressive symptoms during the transition from compulsory education to adult life might be more deleterious regarding NEET status; (3) a late adolescent sensitive period model, meaning that depressive symptoms around the time when most adults have completed their education and started their careers are the most strongly associated with NEET status; and (4) an accumulation of risk model which highlights the importance of chronicity of symptoms. Results. Our analysis sample included participants with full information on NEET status (N = 3951), and the results supported the accumulation of risk model, showing that the odds of NEET increase by 1.015 (95% CI 1.012?1.019) for an increase of 1 unit in depression at any age between 11 and 24 years. Conclusions. Given the adverse implications of NEET status, our results emphasize the importance of supporting mental health during adolescence and early adulthood, as well as considering specific needs of young people with re-occurring depressed mood. ∏ The Author(s), 2024.",Article,1,0,,,,,,
PM_0083,Bothe T.; Basedow F.; Krîger C.; Enders D.,"Sick leave before, during, and after short-term outpatient psychotherapy: A cohort study on sick leave days and health care costs between behavioral and psychodynamic psychotherapies on anonymized claims data",2024,Psychological Medicine,54,6,,1235,1243,8,https://doi.org/10.1017/S0033291723003094,"Background Sick leave due to mental disorders poses a relevant societal and economic burden. Research on sick leave over a patient journey of individuals who received one of two treatment approaches - either behavioral (BT) or psychodynamic (PDT) psychotherapy - is scarce. Methods We conducted a cohort study on anonymized German claims data for propensity-score matched patients who received short-term outpatient BT or PDT. We analyzed sick leave days and direct health care costs one year before, during, and one year after psychotherapy. Results We analyzed data of patients who received BT and PDT, with N = 14 530 patients per group after matching. Patients showed sick leave days per person year of 33.66 and 35.05 days before, 35.99 and 39.74 days during, and 20.03 and 20.95 days after BT and PDT, respectively. Sick leave rates were overall higher in patients who received PDT. Both patient groups showed reductions of roughly 14 sick leave days per year, or 40%, from before to after therapy without a difference between BT and PDT (difference-in-difference [DiD] = -0.48, 95%-confidence interval [CI] -1.61 to 0.68). Same applies to direct health care costs which reduced in both groups by roughly 1800 EUR (DiD = 0, 95%-CI -158 to 157). Conclusions Results suggest similar reductions in sick leave days and direct health care costs from before to after BT and PDT. As sick leave is discussed to serve as an indicator of overall health and functioning in mental disorders, both treatments may have a similar positive impact on mental health. ∏ The Author(s), 2023. Published by Cambridge University Press.",Article,1,0,,,,,,
PM_0084,Jõrgensen K.N.; Nerland S.; Slapõ N.B.; Norbom L.B.; Mõrch-Johnsen L.; Wortinger L.A.; Barth C.; Andreou D.; Maximov I.I.; Geier O.M.; Andreassen O.A.; Jînsson E.G.; Agartz I.,Assessing regional intracortical myelination in schizophrenia spectrum and bipolar disorders using the optimized T1w/T2w-ratio,2024,Psychological Medicine,,,,,,,https://doi.org/10.1017/S0033291724000503,"Background. Dysmyelination could be part of the pathophysiology of schizophrenia spectrum (SCZ) and bipolar disorders (BPD), yet few studies have examined myelination of the cerebral cortex. The ratio of T1- and T2-weighted magnetic resonance images (MRI) correlates with intracortical myelin. We investigated the T1w/T2w-ratio and its age trajectories in patients and healthy controls (CTR) and explored associations with antipsychotic medication use and psychotic symptoms. Methods. Patients with SCZ (n = 64; mean age = 30.4 years, S.D. = 9.8), BPD (n = 91; mean age 31.0 years, S.D. = 10.2), and CTR (n = 155; mean age = 31.9 years, S.D. = 9.1) who participated in the TOP study (NORMENT, University of Oslo, Norway) were clinically assessed and scanned using a General Electric 3 T MRI system. T1w/T2w-ratio images were computed using an optimized pipeline with intensity normalization and field inhomogeneity correction. Vertex-wise regression models were used to compare groups and examine group û age interactions. In regions showing significant differences, we explored associations with antipsychotic medication use and psychotic symptoms. Results. No main effect of diagnosis was found. However, age slopes of the T1w/T2w-ratio differed significantly between SCZ and CTR, predominantly in frontal and temporal lobe regions: Lower T1w/T2w-ratio values with higher age were found in CTR, but not in SCZ. Follow-up analyses revealed a more positive age slope in patients who were using antipsychotics and patients using higher chlorpromazine-equivalent doses. Conclusions. While we found no evidence of reduced intracortical myelin in SCZ or BPD relative to CTR, different regional age trajectories in SCZ may suggest a promyelinating effect of antipsychotic medication. ∏ The Author(s), 2024.",Article,1,1,0,0,0,,ratio,
PM_0085,Jenner L.; Payne M.; Waite F.; Beckwith H.; Diamond R.; Isham L.; Collett N.; Emsley R.; Freeman D.,Theory driven psychological therapy for persecutory delusions: trajectories of patient outcomes,2024,Psychological Medicine,,,,,,,https://doi.org/10.1017/S0033291724002113,"Background. We aimed to identify the common types of outcome trajectories for patients with psychosis who take up specialist psychological therapy for persecutory delusions. Knowing the different potential responses to therapy can inform expectations. Further, determining predictors of different outcomes may help in understanding who may benefit. Methods. We analyzed delusion conviction data from 767 therapy sessions with 64 patients with persistent persecutory delusions (held with at least 60% conviction) who received a six-month psychological intervention (Feeling Safe) during a clinical trial. Latent class trajectory analysis was conducted to identify groups with distinct outcome profiles. The trajectories were validated against independent assessments, including a longer-term follow-up six months after the end of therapy. We also tested potential predictors of the trajectories. Results. There were four outcome trajectories: (1) Very high delusion conviction/Little improvement (n = 14, 25%), (2) Very high delusion conviction/Large improvement (n = 9, 16%), (3) High delusion conviction/Moderate improvement (n = 17, 31%) and (4) High delusion conviction/Large improvement (n = 15, 27%). The groups did not differ in initial overall delusion severity. The trajectories were consistent with the independent assessments and sustained over time. Three factors predicted trajectories: persecutory delusion conviction, therapy expectations, and positive beliefs about other people. Conclusions. There are variable responses to psychological therapy for persecutory delusions. Patients with very high delusion conviction can have excellent responses to therapy, though this may take a little longer to observe and such high conviction reduces the likelihood of positive responses. A trajectory approach requires testing in larger datasets but may prove highly informative. ∏ The Author(s), 2024.",Article,0,,,,,,,
PM_0086,Mournet A.M.; Kleiman E.M.,"Latent class analysis of depressive symptoms and associations with suicidal thoughts, plans, and attempts among a large national sample",2024,Psychological Medicine,,,,,,,https://doi.org/10.1017/S0033291724002009,"Background Depression is strongly associated with risk for suicidal behaviors. However, depression is a highly heterogeneous condition (i.e. there are more than 200 combinations of DSM-5-TR depressive symptoms to correspond to a depression diagnosis). Limited research to date has taken an empirical approach to see how people cluster together based on their classification of depressive symptoms and whether people in certain classes are more likely to report suicide outcomes than other classes. This analysis leverages the National Survey on Drug Use and Health and examines classes of depressive symptoms to explore differences in suicide-related outcomes by class among adults endorsing depressive symptoms (n = 41 969). Methods We used latent class analysis (LCA) to identify classes of individuals' DSM-5 depressive symptoms presentation and then explored differences in suicide-related outcomes (i.e. suicide plans, suicide attempts) by the resulting classes. Results A four-class model was determined to optimize the fit criteria. Class 3 (high depressive symptoms) had significantly greater rates of suicide-related outcomes, followed by class 1 (high depressed mood and moderate worthlessness), with classes 4 and 2 having significantly lower rates of suicide-related outcomes. Conclusions The use of LCA provided valuable findings on the importance of leveraging both a multi-faceted assessment of depressive symptoms to identify cases where a high number of depressive symptoms are endorsed, and review of the specific symptoms endorsed. Worthlessness, in particular, may be of particular value to focus on within the context of suicide prevention. Copyright ∏ The Author(s), 2024. Published by Cambridge University Press.",Article,1,0,,,,,,
PM_0087,Achterhof R.; Kirtley O.J.; Lafit G.; Hiekkaranta A.P.; Hagemann N.; Hermans K.S.F.M.; Lecei A.; Boets B.; Henquet C.; Schneider M.; Sips R.; Vaessen T.; Van Winkel R.; Viechtbauer W.; Reininghaus U.; Myin-Germeys I.,Social processes as the missing link: cross-sectionally testing a conceptual model on social mediators of early psychopathological development,2024,Psychological Medicine,,,,,,,https://doi.org/10.1017/S0033291724001594,"Background Research suggests that most mental health conditions have their onset in the critically social period of adolescence. Yet, we lack understanding of the potential social processes underlying early psychopathological development. We propose a conceptual model where daily-life social interactions and social skills form an intermediate link between known risk and protective factors (adverse childhood experiences, bullying, social support, maladaptive parenting) and psychopathology in adolescents - that is explored using cross-sectional data. Methods N = 1913 Flemish adolescent participants (Mean age = 13.8; 63% girls) were assessed as part of the SIGMA study, a large-scale, accelerated longitudinal study of adolescent mental health and development. Self-report questionnaires (on risk/protective factors, social skills, and psychopathology) were completed during class time; daily-life social interactions were measured during a subsequent six-day experience-sampling period. Results Registered uncorrected multilevel linear regression results revealed significant associations between all risk/protective factors and psychopathology, between all risk/protective factors and social processes, and between all social processes and psychopathology. Social processes (social skills, quantity/quality of daily social interactions) were uniquely predicted by each risk/protective factor and were uniquely associated with both general and specific types of psychopathology. For older participants, some relationships between social processes and psychopathology were stronger. Conclusions Unique associations between risk/protective factors and psychopathology signify the distinct relevance of these factors for youth mental health, whereas the broad associations with social processes support these processes as broad correlates. Results align with the idea of a social pathway toward early psychopathology, although follow-up longitudinal research is required to verify any mediation effect.  Copyright ∏ The Author(s), 2024. Published by Cambridge University Press.",Article,1,1,1,1,1,1,sum score,
PM_0088,Wang B.; Otten L.J.; Schulze K.; Afrah H.; Varney L.; Cotic M.; Saadullah Khani N.; Linden J.F.; Kuchenbaecker K.; Mcquillin A.; Hall M.-H.; Bramon E.,Is auditory processing measured by the N100 an endophenotype for psychosis? A family study and a meta-analysis,2024,Psychological Medicine,54,8,,1559,1572,13,https://doi.org/10.1017/S0033291723003409,"Background The N100, an early auditory event-related potential, has been found to be altered in patients with psychosis. However, it is unclear if the N100 is a psychosis endophenotype that is also altered in the relatives of patients. Methods We conducted a family study using the auditory oddball paradigm to compare the N100 amplitude and latency across 243 patients with psychosis, 86 unaffected relatives, and 194 controls. We then conducted a systematic review and a random-effects meta-analysis pooling our results and 14 previously published family studies. We compared data from a total of 999 patients, 1192 relatives, and 1253 controls in order to investigate the evidence and degree of N100 differences. Results In our family study, patients showed reduced N100 amplitudes and prolonged N100 latencies compared to controls, but no significant differences were found between unaffected relatives and controls. The meta-analysis revealed a significant reduction of the N100 amplitude and delay of the N100 latency in both patients with psychosis (standardized mean difference [s.m.d.] = -0.48 for N100 amplitude and s.m.d. = 0.43 for N100 latency) and their relatives (s.m.d. = - 0.19 for N100 amplitude and s.m.d. = 0.33 for N100 latency). However, only the N100 latency changes in relatives remained significant when excluding studies with affected relatives. Conclusions N100 changes, especially prolonged N100 latencies, are present in both patients with psychosis and their relatives, making the N100 a promising endophenotype for psychosis. Such changes in the N100 may reflect changes in early auditory processing underlying the etiology of psychosis.  Copyright ∏ 2023 The Author(s). Published by Cambridge University Press.",Article,1,0,,,,,,
PM_0089,Ugarteche PÇrez A.; Berger E.; Kelly-Irving M.; Delpierre C.; Capuron L.; CastagnÇ R.,"Early life stress in relation with risk of overweight, depression, and their comorbidity across adulthood: Findings from a British birth cohort",2024,Psychological Medicine,54,8,,1853,1866,13,https://doi.org/10.1017/S0033291723003823,"Background Multimorbidity, known as the co-occurrence of at least two chronic conditions, has become of increasing concern in the current context of ageing populations, though it affects all ages. Early life risk factors of multimorbidity include adverse childhood experiences (ACEs), particularly associated with psychological conditions and weight problems. Few studies have considered related mechanisms and focus on old age participants. We are interested in estimating, from young adulthood, the risk of overweight-depression comorbidity related to ACEs while adjusting for early life confounders and intermediate variables. Methods We used data from the 1958 National Child Development Study, a prospective birth cohort study (N = 18 558). A four-category outcome (no condition, overweight only, depression only and, overweight-depression comorbidity) was constructed at 23, 33, and 42 years. Multinomial logistic regression models adjusting for intermediate variables co-occurring with this outcome were created. ACEs and sex interaction on comorbidity risk was tested. Results In our study sample (N = 7762), we found that ACEs were associated with overweight-depression comorbidity risk throughout adulthood (RRR [95% CI] at 23y = 3.80 [2.10-6.88]) though less overtime. Comorbidity risk was larger than risk of separate conditions. Intermediate variables explained part of the association. After full-adjustment, an association remained (RRR [95% CI] at 23y = 2.00 [1.08-3.72]). Comorbidity risk related to ACEs differed by sex at 42. Conclusion Our study provides evidence on the link and potential mechanisms between ACEs and the co-occurrence of mental and physical diseases throughout the life-course. We suggest addressing ACEs in intervention strategies and public policies to go beyond single disease prevention.  ∏ The Author(s), 2024. Published by Cambridge University Press.",Article,1,1,1,1,0,,binary,
PM_0090,PontÇn M.; Jonsjî M.; Vadenmark V.; Moberg E.; Grannas D.; Andersson G.; Boersma K.; Hedman-Lagerlîf E.; Kleinstaeuber M.; Weise C.; Kaldo V.; Lj¢tsson B.; Andersson E.; Axelsson E.; Jensen K.,Association between expectations and clinical outcomes in online v. face-to-face therapy - An individual participant data meta-analysis,2024,Psychological Medicine,54,6,,1207,1214,7,https://doi.org/10.1017/S0033291723003033,"Background Online treatments are increasing in number and are currently available for a wide range of clinical problems. To date little is known about the role of treatment expectations and other placebo-like mechanisms in online settings compared to traditional face-to-face treatment. To address this knowledge gap, we analyzed individual participant data from randomized clinical trials that compared online and face-to-face psychological interventions. Methods MEDLINE (Ovid) and PsycINFO (Ovid) were last searched on 2 February 2021. Randomized clinical trials of therapist guided online v. face-to-face psychological interventions for psychiatric or somatic conditions using a randomized controlled design were included. Titles, abstracts, and full texts of studies were independently screened by multiple observers. The Preferred Reporting Items for Systematic Reviews and Meta-analyses guideline was followed. Authors of the matching trials were contacted for individual participant data. Ratings from the Credibility and Expectancy Questionnaire and the primary outcome measure from each trial were used to estimate the association between expectation ratings and treatment outcomes in online v. face-to-face interventions, using a mixed-effects model. Results Of 7045 screened studies, 62 full-text articles were retrieved whereof six studies fulfilled the criteria and provided individual participant data (n = 491). Overall, CEQ ratings predicted clinical outcomes (? = 0.27) at end of treatment with no moderating effect of treatment modality (online v. face-to-face). Conclusions Online treatment appears to be equally susceptible to expectancy effects as face-to-face therapy. This furthers our understanding of the importance of placebo-like factors in online treatment and may aid the improvement of healthcare in online settings. ∏ The Author(s), 2023. Published by Cambridge University Press.",Article,1,1,0,0,1,0,sum score,
PM_0091,Hodsoll J.; Strawbridge R.; King S.; Taylor R.W.; Breen G.; Grant N.; Grey N.; Hepgul N.; Hotopf M.; Kitsune V.; Moran P.; Tylee A.; Wingrove J.; Young A.H.; Cleare A.J.,Predictors of outcome following psychological therapy for depression and anxiety in an urban primary care service: A naturalistic Bayesian prediction modeling approach,2024,Psychological Medicine,54,16,,4503,4517,14,https://doi.org/10.1017/S0033291724001582,"Background England's primary care service for psychological therapy (Improving Access to Psychological Therapies [IAPT]) treats anxiety and depression, with a target recovery rate of 50%. Identifying the characteristics of patients who achieve recovery may assist in optimizing future treatment. This naturalistic cohort study investigated pre-therapy characteristics as predictors of recovery and improvement after IAPT therapy. Methods In a cohort of patients attending an IAPT service in South London, we recruited 263 participants and conducted a baseline interview to gather extensive pre-therapy characteristics. Bayesian prediction models and variable selection were used to identify baseline variables prognostic of good clinical outcomes. Recovery (primary outcome) was defined using (IAPT) service-defined score thresholds for both depression (Patient Health Questionnaire [PHQ-9]) and anxiety (Generalized Anxiety Disorder [GAD-7]). Depression and anxiety outcomes were also evaluated as standalone (PHQ-9/GAD-7) scores after therapy. Prediction model performance metrics were estimated using cross-validation. Results Predictor variables explained 26% (recovery), 37% (depression), and 31% (anxiety) of the variance in outcomes, respectively. Variables prognostic of recovery were lower pre-treatment depression severity and not meeting criteria for obsessive compulsive disorder. Post-therapy depression and anxiety severity scores were predicted by lower symptom severity and higher ratings of health-related quality of life (EuroQol questionnaire [EQ5D]) at baseline. Conclusion Almost a third of the variance in clinical outcomes was explained by pre-treatment symptom severity scores. These constructs benefit from being rapidly accessible in healthcare services. If replicated in external samples, the early identification of patients who are less likely to recover may facilitate earlier triage to alternative interventions.  Copyright ∏ The Author(s), 2024.",Article,1,0,,,,,,
PM_0092,Davies C.; Bossong M.G.; Martins D.; Wilson R.; Appiah-Kusi E.; Blest-Hopley G.; Zelaya F.; Allen P.; Brammer M.; Perez J.; McGuire P.; Bhattacharyya S.,Increased hippocampal blood flow in people at clinical high risk for psychosis and effects of cannabidiol,2024,Psychological Medicine,54,5,,993,1003,10,https://doi.org/10.1017/S0033291723002775,"Background Hippocampal hyperperfusion has been observed in people at Clinical High Risk for Psychosis (CHR), is associated with adverse longitudinal outcomes and represents a potential treatment target for novel pharmacotherapies. Whether cannabidiol (CBD) has ameliorative effects on hippocampal blood flow (rCBF) in CHR patients remains unknown. Methods Using a double-blind, parallel-group design, 33 CHR patients were randomized to a single oral 600 mg dose of CBD or placebo; 19 healthy controls did not receive any drug. Hippocampal rCBF was measured using Arterial Spin Labeling. We examined differences relating to CHR status (controls v. placebo), effects of CBD in CHR (placebo v. CBD) and linear between-group relationships, such that placebo > CBD > controls or controls > CBD > placebo, using a combination of hypothesis-driven and exploratory wholebrain analyses. Results Placebo-treated patients had significantly higher hippocampal rCBF bilaterally (all pFWE<0.01) compared to healthy controls. There were no suprathreshold effects in the CBD v. placebo contrast. However, we found a significant linear relationship in the right hippocampus (pFWE = 0.035) such that rCBF was highest in the placebo group, lowest in controls and intermediate in the CBD group. Exploratory wholebrain results replicated previous findings of hyperperfusion in the hippocampus, striatum and midbrain in CHR patients, and provided novel evidence of increased rCBF in inferior-temporal and lateral-occipital regions in patients under CBD compared to placebo. Conclusions These findings suggest that hippocampal blood flow is elevated in the CHR state and may be partially normalized by a single dose of CBD. CBD therefore merits further investigation as a potential novel treatment for this population. ∏ The Author(s), 2023. Published by Cambridge University Press.",Article,1,0,,,,,,
PM_0093,Shaul M.; Whittle S.; Silk T.J.; Vijayakumar N.,Pubertal timing mediates the association between threat adversity and psychopathology,2024,Psychological Medicine,,,,,,,https://doi.org/10.1017/S003329172400179X,"Background Exposure to adversity in childhood is a risk factor for lifetime mental health problems. Altered pace of biological aging, as measured through pubertal timing, is one potential explanatory pathway for this risk. This study examined whether pubertal timing mediated the association between adversity (threat and deprivation) and adolescent mental health problems (internalizing and externalizing), and whether this was moderated by sex. Methods Aims were examined using the Adolescent Brain and Cognitive Development study, a large community sample from the United States. Data were used from three timepoints across the ages of 9-14 years. Latent scores from confirmatory factor analysis operationalized exposure to threat and deprivation. Bayesian mixed-effects regression models tested whether pubertal timing in early adolescence mediated the relationship between adversity exposure and later internalizing and externalizing problems. Sex was examined as a potential moderator of this pathway. Results Both threat and deprivation were associated with later internalizing and externalizing symptoms. Threat, but not deprivation, was associated with earlier pubertal timing, which mediated the association of threat with internalizing and externalizing problems. Sex differences were only observed in the direct association between adversity and internalizing problems, but no such differences were present for mediating pathways. Conclusions Adversity exposure had similar associations with the pace of biological aging (as indexed by pubertal timing) and mental health problems in males and females. However, the association of adversity on pubertal timing appears to depend on the dimension of adversity experienced, with only threat conferring risk of earlier pubertal timing.  Copyright ∏ The Author(s), 2024.",Article,1,1,1,0,0,,sum score,
PM_0094,Zoupou E.; Moore T.M.; Calkins M.E.; Gur R.E.; Gur R.C.; Scott J.C.,Domain-specific associations between psychopathology and neurocognitive functioning,2024,Psychological Medicine,,,,,,,https://doi.org/10.1017/S0033291724001302,"Background Neurocognitive dysfunction is a transdiagnostic finding in psychopathology, but relationships among cognitive domains and general and specific psychopathology dimensions remain unclear. This study aimed to examine associations between cognition and psychopathology dimensions in a large youth cohort. Method The sample (N = 9350; age 8-21 years) was drawn from the Philadelphia Neurodevelopmental Cohort. Data from structured clinical interviews were modeled using bifactor confirmatory factor analysis (CFA), resulting in an overall psychopathology ('p') factor score and six orthogonal psychopathology dimensions: dysphoria/distress, obsessive-compulsive, behavioral/externalizing, attention-deficit/hyperactivity, phobias, and psychosis. Neurocognitive data were aggregated using correlated-traits CFA into five factors: executive functioning, memory, complex cognition, social cognition, and sensorimotor speed. We examined relationships among specific and general psychopathology dimensions and neurocognitive factors. Results The final model showed both overall and specific associations between cognitive functioning and psychopathology, with acceptable fit (CFI = 0.91; TLI = 0.90; RMSEA = 0.024; SRMR = 0.054). Overall psychopathology and most psychopathology dimensions were negatively associated with neurocognitive functioning (phobias [p < 0.0005], behavioral/externalizing [p < 0.0005], attention-deficit/hyperactivity [p < 0.0005], psychosis [p < 0.0005 to p < 0.05]), except for dysphoria/distress and obsessive-compulsive symptoms, which were positively associated with complex cognition (p < 0.05 and p < 0.01, respectively). Conclusion By modeling a broad range of cognitive and psychopathology domains in a large, diverse sample of youth, we found aspects of neurocognitive functioning shared across clinical phenotypes, as well as domain-specific patterns. Findings support transdiagnostic examination of cognitive performance to parse variability in the link between neurocognitive functioning and clinical phenotypes. ∏ The Author(s), 2024. Published by Cambridge University Press.",Article,0,,,,,,,
PM_0095,Javaras K.N.; Franco V.F.; Ren B.; Bulik C.M.; Crow S.J.; McElroy S.L.; Pope H.G.; Hudson J.I.,"The natural course of binge-eating disorder: Findings from a prospective, community-based study of adults",2024,Psychological Medicine,,,,,,,https://doi.org/10.1017/S0033291724000977,"Background Epidemiological data offer conflicting views of the natural course of binge-eating disorder (BED), with large retrospective studies suggesting a protracted course and small prospective studies suggesting a briefer duration. We thus examined changes in BED diagnostic status in a prospective, community-based study that was larger and more representative with respect to sex, age of onset, and body mass index (BMI) than prior multi-year prospective studies. Methods Probands and relatives with current DSM-IV BED (n = 156) from a family study of BED ('baseline') were selected for follow-up at 2.5 and 5 years. Probands were required to have BMI > 25 (women) or >27 (men). Diagnostic interviews and questionnaires were administered at all timepoints. Results Of participants with follow-up data (n = 137), 78.1% were female, and 11.7% and 88.3% reported identifying as Black and White, respectively. At baseline, their mean age was 47.2 years, and mean BMI was 36.1. At 2.5 (and 5) years, 61.3% (45.7%), 23.4% (32.6%), and 15.3% (21.7%) of assessed participants exhibited full, sub-threshold, and no BED, respectively. No participants displayed anorexia or bulimia nervosa at follow-up timepoints. Median time to remission (i.e. no BED) exceeded 60 months, and median time to relapse (i.e. sub-threshold or full BED) after remission was 30 months. Two classes of machine learning methods did not consistently outperform random guessing at predicting time to remission from baseline demographic and clinical variables. Conclusions Among community-based adults with higher BMI, BED improves with time, but full remission often takes many years, and relapse is common.  ∏ The Author(s), 2024. Published by Cambridge University Press.",Article,1,0,,,,,,
PM_0096,O'Donoghue B.; Oliver D.; Geros H.; Sizer H.; Thompson A.; McGorry P.; Nelson B.,Enriching ultra-high risk for psychosis cohorts based on accumulated exposure to environmental risk factors for psychotic disorders,2024,Psychological Medicine,,,,,,,https://doi.org/10.1017/S0033291724002551,"Background and hypothesis Transition to psychosis rates within ultra-high risk (UHR) services have been declining. It may be possible to 'enrich' UHR cohorts based on the environmental characteristics seen more commonly in first-episode psychosis cohorts. This study aimed to determine whether transition rates varied according to the accumulated exposure to environmental risk factors at the individual (migrant status, asylum seeker/refugee status, indigenous population, cannabis/methamphetamine use), family (family history or parental separation), and neighborhood (population density, social deprivation, and fragmentation) level. Methods The study included UHR people aged 15-24 who attended the PACE clinic from 2012 to 2016. Cox proportional hazards models (frequentist and Bayesian) were used to assess the association between individual and accumulated factors and transition to psychosis. UHR status and transition was determined using the CAARMS. Benjamini-Hochberg was used to correct for multiple comparisons in frequentist analyses. Results Of the 461 young people included, 55.5% were female and median follow-up was 307 days (IQR: 188-557) and 17.6% (n = 81) transitioned to a psychotic disorder. The proportion who transitioned increased incrementally according to the number of individual-level risk factors present (HR = 1.51, 95% CIs 1.19-1.93, p < 0.001, pcorr = 0.01). The number of family- and neighborhood-level exposures did not increase transition risk (p > 0.05). Cannabis use was the only specific risk factor significantly associated with transition (HR = 1.89, 95% CIs 1.22-2.93, pcorr = 0.03, BF = 6.74). Conclusions There is a dose-response relationship between exposure to individual-level psychosis-related environmental risk factors and transition risk in UHR patients. If replicated, this could be incorporated into a novel approach to identifying the highest-risk individuals within clinical services.  Copyright ∏ The Author(s), 2024.",Article,1,0,,,,,,
PM_0097,Jia T.; Liu T.; Hu S.; Li Y.; Chen P.; Qin F.; He Y.; Han F.; Zhang C.,"Uncovering novel drug targets for bipolar disorder: a Mendelian randomization analysis of brain, cerebrospinal fluid, and plasma proteomes",2024,Psychological Medicine,,,,,,,https://doi.org/10.1017/S0033291724001077,"Background. There is a clear demand for innovative therapeutics for bipolar disorder (BD). Methods. We integrated the largest BD genome-wide association study (GWAS) dataset (NCase = 41 917, NControl = 371 549) with protein quantitative trait loci from brain, cerebrospinal fluid, and plasma. Using a range of integrative analyses, including Mendelian randomization (MR), Steiger filter analysis, Bayesian colocalization, and phenome-wide MR analysis, we prioritized novel drug targets for BD. Additionally, we incorporated data from the UK Biobank (NCase = 1064, NControl = 365 476) and the FinnGen study (NCase = 7006, NControl = 329 192) for robust biological validation. Results. Through MR analysis, we found that in the brain, downregulation of DNM3, MCTP1, ABCB8 and elevation of DFNA5 and PDF were risk factors for BD. In cerebrospinal fluid, increased BD risk was associated with increased levels of FRZB, AGRP, and IL36A and decreased CTSF and LRP8. Plasma analysis revealed that decreased LMAN2L, CX3CL1, PI3, NCAM1, and TIMP4 correlated with increased BD risk, but ITIH1 did not. All these proteins passed Steiger filtering, and Bayesian colocalization confirmed that 12 proteins were colocalized with BD. Phenome-wide MR analysis revealed no significant side effects for potential drug targets, except for LRP8. External validation further underscored the concordance between the primary and validation cohorts, confirming MCTP1, DNM3, PDF, CTSF, AGRP, FRZB, LMAN2L, NCAM1, and TIMP4 are intriguing targets for BD. Conclusions. Our study identified druggable proteins for BD, including MCTP1, DNM3, and PDF in the brain; CTSF, AGRP, and FRZB in cerebrospinal fluid; and LMAN2L, NCAM1, and TIMP4 in plasma, delineating promising avenues to development of novel therapies. ∏ The Author(s), 2024. Published by Cambridge University Press.",Article,1,0,,,,,,
PM_0098,Ding Q.; Xu J.; Peng S.; Chen J.; Luo Y.; Li X.; Wu R.; Li X.; Qin S.,Brain network integration underpins differential susceptibility of adolescent anxiety,2024,Psychological Medicine,54,1,,193,202,9,https://doi.org/10.1017/S0033291723002325,"Background Parenting is a common and potent environmental factor influencing adolescent anxiety. Yet, the underlying neurobiological susceptibility signatures remain elusive. Here, we used a longitudinal twin neuroimaging study to investigate the brain network integration and its heritable relation to underpin the neural differential susceptibility of adolescent anxiety to parenting environments. Methods 216 twins from the Beijing Twin Study completed the parenting and anxiety assessments and fMRI scanning. We first identified the brain network integration involved in the influences of parenting at age 12 on anxiety symptoms at age 15. We then estimated to what extent heritable sensitive factors are responsible for the susceptibility of brain network integration. Results Consistent with the differential susceptibility theory, the results showed that hypo-connectivity within the central executive network amplified the impact of maternal hostility on anxiety symptoms. A high anti-correlation between the anterior salience and default mode networks played a similar modulatory role in the susceptibility of adolescent anxiety to paternal hostility. Genetic influences (21.18%) were observed for the connectivity pattern in the central executive network. Conclusions Brain network integration served as a promising neurobiological signature of the differential susceptibility to adolescent anxiety. Our findings deepen the understanding of the neural sensitivity in the developing brain and can inform early identification and personalized interventions for adolescents at risk of anxiety disorders.  ∏ 2023 The Author(s). Published by Cambridge University Press.",Article,1,1,0,0,1,1,sum score,
PM_0099,Green M.F.; Wynn J.K.; Eisenberger N.I.; Horan W.P.; Lee J.; McCleery A.; Miklowitz D.J.; Reavis E.A.; Reddy L.F.,Social cognition and social motivation in schizophrenia and bipolar disorder: Are impairments linked to the disorder or to being socially isolated?,2024,Psychological Medicine,54,9,,2015,2023,8,https://doi.org/10.1017/S0033291724000102,"Background People with schizophrenia on average are more socially isolated, lonelier, have more social cognitive impairment, and are less socially motivated than healthy individuals. People with bipolar disorder also have social isolation, though typically less than that seen in schizophrenia. We aimed to disentangle whether the social cognitive and social motivation impairments observed in schizophrenia are a specific feature of the clinical condition v. social isolation generally. Methods We compared four groups (clinically stable patients with schizophrenia or bipolar disorder, individuals drawn from the community with self-described social isolation, and a socially connected community control group) on loneliness, social cognition, and approach and avoidance social motivation. Results Individuals with schizophrenia (n = 72) showed intermediate levels of social isolation, loneliness, and social approach motivation between the isolated (n = 96) and connected control (n = 55) groups. However, they showed significant deficits in social cognition compared to both community groups. Individuals with bipolar disorder (n = 48) were intermediate between isolated and control groups for loneliness and social approach. They did not show deficits on social cognition tasks. Both clinical groups had higher social avoidance than both community groups Conclusions The results suggest that social cognitive deficits in schizophrenia, and high social avoidance motivation in both schizophrenia and bipolar disorder, are distinct features of the clinical conditions and not byproducts of social isolation. In contrast, differences between clinical and control groups on levels of loneliness and social approach motivation were congruent with the groups' degree of social isolation.  ∏ The Author(s), 2024.",Article,1,0,,,,,,
PM_0100,QuidÇ Y.; Watkeys O.J.; Tonini E.; Grotegerd D.; Dannlowski U.; Nenadi? I.; Kircher T.; Krug A.; Hahn T.; Meinert S.; Goltermann J.; Gruber M.; Stein F.; Brosch K.; Wroblewski A.; Thomas-Odenthal F.; Usemann P.; Straube B.; Alexander N.; Leehr E.J.; Bauer J.; Winter N.R.; Fisch L.; Dohm K.; Rîssler W.; Smigielski L.; Derosse P.; Moyett A.; Houenou J.; Leboyer M.; Gilleen J.; Thomopoulos S.I.; Thompson P.M.; Aleman A.; Modinos G.; Green M.J.,Childhood trauma moderates schizotypy-related brain morphology: Analyses of 1182 healthy individuals from the ENIGMA schizotypy working group,2024,Psychological Medicine,54,6,,1215,1227,12,https://doi.org/10.1017/S0033291723003045,"Background Schizotypy represents an index of psychosis-proneness in the general population, often associated with childhood trauma exposure. Both schizotypy and childhood trauma are linked to structural brain alterations, and it is possible that trauma exposure moderates the extent of brain morphological differences associated with schizotypy. Methods We addressed this question using data from a total of 1182 healthy adults (age range: 18-65 years old, 647 females/535 males), pooled from nine sites worldwide, contributing to the Enhancing NeuroImaging Genetics through Meta-Analysis (ENIGMA) Schizotypy working group. All participants completed both the Schizotypal Personality Questionnaire Brief version (SPQ-B), and the Childhood Trauma Questionnaire (CTQ), and underwent a 3D T1-weighted brain MRI scan from which regional indices of subcortical gray matter volume and cortical thickness were determined. Results A series of multiple linear regressions revealed that differences in cortical thickness in four regions-of-interest were significantly associated with interactions between schizotypy and trauma; subsequent moderation analyses indicated that increasing levels of schizotypy were associated with thicker left caudal anterior cingulate gyrus, right middle temporal gyrus and insula, and thinner left caudal middle frontal gyrus, in people exposed to higher (but not low or average) levels of childhood trauma. This was found in the context of morphological changes directly associated with increasing levels of schizotypy or increasing levels of childhood trauma exposure. Conclusions These results suggest that alterations in brain regions critical for higher cognitive and integrative processes that are associated with schizotypy may be enhanced in individuals exposed to high levels of trauma. ∏ The Author(s), 2023. Published by Cambridge University Press.",Article,1,1,0,0,0,,amplitude,
PM_0101,Borgers T.; Enneking V.; Klug M.; Garbe J.; Meinert H.; Wulle M.; Kînig P.; Zwiky E.; Herrmann R.; Selle J.; Dohm K.; Kraus A.; Grotegerd D.; Repple J.; Opel N.; Leehr E.J.; Gruber M.; Goltermann J.; Meinert S.; Bauer J.; Heindel W.; Kavakbasi E.; Baune B.T.; Dannlowski U.; Redlich R.,Long-term effects of electroconvulsive therapy on brain structure in major depression,2024,Psychological Medicine,54,5,,940,950,10,https://doi.org/10.1017/S0033291723002647,"Background Magnetic resonance imaging (MRI) studies on major depressive disorder (MDD) have predominantly found short-term electroconvulsive therapy (ECT)-related gray matter volume (GMV) increases, but research on the long-term stability of such changes is missing. Our aim was to investigate long-term GMV changes over a 2-year period after ECT administration and their associations with clinical outcome. Methods In this nonrandomized longitudinal study, patients with MDD undergoing ECT (n = 17) are assessed three times by structural MRI: Before ECT (t0), after ECT (t1) and 2 years later (t2). A healthy (n = 21) and MDD non-ECT (n = 33) control group are also measured three times within an equivalent time interval. A 3(group) û 3(time) ANOVA on whole-brain level and correlation analyses with clinical outcome variables is performed. Results Analyses yield a significant group û time interaction (pFWE < 0.001) resulting from significant volume increases from t0 to t1 and decreases from t1 to t2 in the ECT group, e.g., in limbic areas. There are no effects of time in both control groups. Volume increases from t0 to t1 correlate with immediate and delayed symptom increase, while volume decreases from t1 to t2 correlate with long-term depressive outcome (all p ∏ 0.049). Conclusions Volume increases induced by ECT appear to be a transient phenomenon as volume strongly decreased 2 years after ECT. Short-term volume increases are associated with less symptom improvement suggesting that the antidepressant effect of ECT is not due to volume changes. Larger volume decreases are associated with poorer long-term outcome highlighting the interplay between disease progression and structural changes. Copyright ∏ The Author(s), 2023. Published by Cambridge University Press.",Article,1,1,0,0,1,1,amplitude; sum score,
PM_0102,Curtis M.; Colodro-Conde L.; Medland S.E.; Gordon S.; Martin N.G.; Wade T.D.; Cohen-Woods S.,"Anorexia nervosa polygenic risk, beyond diagnoses: relationship with adolescent disordered eating and behaviors in an Australian female twin population",2024,Psychological Medicine,,,,,,,https://doi.org/10.1017/S0033291724001727,"Background It is well established that there is a substantial genetic component to eating disorders (EDs). Polygenic risk scores (PRSs) can be used to quantify cumulative genetic risk for a trait at an individual level. Recent studies suggest PRSs for anorexia nervosa (AN) may also predict risk for other disordered eating behaviors, but no study has examined if PRS for AN can predict disordered eating as a global continuous measure. This study aimed to investigate whether PRS for AN predicted overall levels of disordered eating, or specific lifetime disordered eating behaviors, in an Australian adolescent female population. Methods PRSs were calculated based on summary statistics from the largest Psychiatric Genomics Consortium AN genome-wide association study to date. Analyses were performed using genome-wide complex trait analysis to test the associations between AN PRS and disordered eating global scores, avoidance of eating, objective bulimic episodes, self-induced vomiting, and driven exercise in a sample of Australian adolescent female twins recruited from the Australian Twin Registry (N = 383). Results After applying the false-discovery rate correction, the AN PRS was significantly associated with all disordered eating outcomes. Conclusions Findings suggest shared genetic etiology across disordered eating presentations and provide insight into the utility of AN PRS for predicting disordered eating behaviors in the general population. In the future, PRSs for EDs may have clinical utility in early disordered eating risk identification, prevention, and intervention.  Copyright ∏ The Author(s), 2024. Published by Cambridge University Press.",Article,1,0,,,,,,
PM_0103,De Calheiros Velozo J.; Habets J.; George S.V.; Niemeijer K.; Minaeva O.; Hagemann N.; Herff C.; Kuppens P.; Rintala A.; Vaessen T.; Riese H.; Delespaul P.,Designing daily-life research combining experience sampling method with parallel data,2024,Psychological Medicine,54,1,,98,107,9,https://doi.org/10.1017/S0033291722002367,"Background Ambulatory monitoring is gaining popularity in mental and somatic health care to capture an individual's wellbeing or treatment course in daily-life. Experience sampling method collects subjective time-series data of patients' experiences, behavior, and context. At the same time, digital devices allow for less intrusive collection of more objective time-series data with higher sampling frequencies and for prolonged sampling periods. We refer to these data as parallel data. Combining these two data types holds the promise to revolutionize health care. However, existing ambulatory monitoring guidelines are too specific to each data type, and lack overall directions on how to effectively combine them. Methods Literature and expert opinions were integrated to formulate relevant guiding principles. Results Experience sampling and parallel data must be approached as one holistic time series right from the start, at the study design stage. The fluctuation pattern and volatility of the different variables of interest must be well understood to ensure that these data are compatible. Data have to be collected and operationalized in a manner that the minimal common denominator is able to answer the research question with regard to temporal and disease severity resolution. Furthermore, recommendations are provided for device selection, data management, and analysis. Open science practices are also highlighted throughout. Finally, we provide a practical checklist with the delineated considerations and an open-source example demonstrating how to apply it. Conclusions The provided considerations aim to structure and support researchers as they undertake the new challenges presented by this exciting multidisciplinary research field. ∏ The Author(s), 2022. Published by Cambridge University Press.",Article,0,,,,,,,
PM_0104,Kleppesto T.H.; Eilertsen E.M.; Van Bergen E.; Sunde H.F.; Zietsch B.; Nordmo M.; Eftedal N.H.; Havdahl A.; Ystrom E.; Torvik F.A.,Intergenerational transmission of ADHD behaviors: Genetic and environmental pathways,2024,Psychological Medicine,54,7,,1309,1317,8,https://doi.org/10.1017/S003329172300315X,"Background We investigate if covariation between parental and child attention-deficit hyperactivity disorder (ADHD) behaviors can be explained by environmental and/or genetic transmission. Methods We employed a large children-of-twins-and-siblings sample (N = 22 276 parents and 11 566 8-year-old children) of the Norwegian Mother, Father and Child Cohort Study. This enabled us to disentangle intergenerational influences via parental genes and parental behaviors (i.e. genetic and environmental transmission, respectively). Fathers reported on their own symptoms and mothers on their own and their child's symptoms. Results Child ADHD behaviors correlated with their mother's (0.24) and father's (0.10) ADHD behaviors. These correlations were largely due to additive genetic transmission. Variation in children's ADHD behaviors was explained by genetic factors active in both generations (11%) and genetic factors specific to the children (46%), giving a total heritability of 57%. There were small effects of parental ADHD behaviors (2% environmental transmission) and gene-environment correlation (3%). The remaining variability in ADHD behaviors was due to individual-specific environmental factors. Conclusions The intergenerational resemblance of ADHD behaviors is primarily due to genetic transmission, with little evidence for parental ADHD behaviors causing children's ADHD behaviors. This contradicts theories proposing environmental explanations of intergenerational transmission of ADHD, such as parenting theories or psychological life-history theory. ∏ The Author(s), 2023. Published by Cambridge University Press.",Article,0,,,,,,,
PM_0105,Zopfs M.; Jindrov† M.; Gurevitch G.; Keynan J.N.; Hendler T.; Baumeister S.; Aggensteiner P.-M.; Cornelisse S.; Brandeis D.; Schmahl C.; Paret C.,Amygdala-related electrical fingerprint is modulated with neurofeedback training and correlates with deep-brain activation: Proof-of-concept in borderline personality disorder,2024,Psychological Medicine,54,8,,1651,1660,9,https://doi.org/10.1017/S0033291723003549,"Background The modulation of brain circuits of emotion is a promising pathway to treat borderline personality disorder (BPD). Precise and scalable approaches have yet to be established. Two studies investigating the amygdala-related electrical fingerprint (Amyg-EFP) in BPD are presented: one study addressing the deep-brain correlates of Amyg-EFP, and a second study investigating neurofeedback (NF) as a means to improve brain self-regulation. Methods Study 1 combined electroencephalography (EEG) and simultaneous functional magnetic resonance imaging to investigate the replicability of Amyg-EFP-related brain activation found in the reference dataset (N = 24 healthy subjects, 8 female; re-analysis of published data) in the replication dataset (N = 16 female individuals with BPD). In the replication dataset, we additionally explored how the Amyg-EFP would map to neural circuits defined by the research domain criteria. Study 2 investigated a 10-session Amyg-EFP NF training in parallel to a 12-weeks residential dialectical behavior therapy (DBT) program. Fifteen patients with BPD completed the training, N = 15 matched patients served as DBT-only controls. Results Study 1 replicated previous findings and showed significant amygdala blood oxygenation level dependent activation in a whole-brain regression analysis with the Amyg-EFP. Neurocircuitry activation (negative affect, salience, and cognitive control) was correlated with the Amyg-EFP signal. Study 2 showed Amyg-EFP modulation with NF training, but patients received reversed feedback for technical reasons, which limited interpretation of results. Conclusions Recorded via scalp EEG, the Amyg-EFP picks up brain activation of high relevance for emotion. Administering Amyg-EFP NF in addition to standardized BPD treatment was shown to be feasible. Clinical utility remains to be investigated.  ∏ The Author(s), 2023. Published by Cambridge University Press.",Article,1,0,,,,,,
PM_0106,Fares-Otero N.E.; Verdolini N.; Melero H.; AndrÇs-Camaz¢n P.; Vilajosana E.; Cavone V.; Garc°a-Bueno B.; Rapado-Castro M.; Izquierdo A.; Mart°n-Hern†ndez D.; Mola C†rdenes P.; Leal I.; Dompablo M.; Ortiz-Tallo A.; Martinez-Gras I.; Mu§oz-Sanjose A.; Loeck De Lapuerta C.; Rodriguez-Jimenez R.; D°az Mars† M.; Bravo-Ortiz M.-F.; Iba§ez A.; Baca-Garc°a E.; Vieta E.; Ayuso-Mateos J.L.; Malpica N.; Arango C.; D°az-Caneja C.M.; Radua J.,Triangulating the associations of different types of childhood adversity and first-episode psychosis with cortical thickness across brain regions,2024,Psychological Medicine,54,16,,4561,4574,13,https://doi.org/10.1017/S0033291724002393,"Background Both childhood adversity (CA) and first-episode psychosis (FEP) have been linked to alterations in cortical thickness (CT). The interactive effects between different types of CAs and FEP on CT remain understudied. Methods One-hundred sixteen individuals with FEP (mean age = 23.8 Ò 6.9 years, 34% females, 80.2% non-Affective FEP) and 98 healthy controls (HCs) (mean age = 24.4 Ò 6.2 years, 43% females) reported the presence/absence of CA <17 years using an adapted version of the Childhood Experience of Care and Abuse (CECA.Q) and the Retrospective Bullying Questionnaire (RBQ) and underwent magnetic resonance imaging (MRI) scans. Correlation analyses were used to assess associations between brain maps of CA and FEP effects. General linear models (GLMs) were performed to assess the interaction effects of CA and FEP on CT. Results Eighty-Three individuals with FEP and 83 HCs reported exposure to at least one CA. CT alterations in FEP were similar to those found in participants exposed to separation from parents, bullying, parental discord, household poverty, and sexual abuse (r = 0.50 to 0.25). Exposure to neglect (? =-0.24, 95% CI [-0.37 to-0.12], p = 0.016) and overall maltreatment (? =-0.13, 95% CI [-0.20 to-0.06], p = 0.043) were associated with cortical thinning in the right medial orbitofrontal region. Conclusions Cortical alterations in individuals with FEP are similar to those observed in the context of socio-environmental adversity. Neglect and maltreatment may contribute to CT reductions in FEP. Our findings provide new insights into the specific neurobiological effects of CA in early psychosis.  ∏ The Author(s), 2024.",Article,1,1,0,0,0,,amplitude,
PM_0107,Feurer C.; Jimmy J.; Uribe M.; Shankman S.A.; Langenecker S.A.; Craske M.G.; Ajilore O.; Phan K.L.; Klumpp H.,Brain activity during reappraisal and associations with psychotherapy response in social anxiety and major depression: A randomized trial,2024,Psychological Medicine,,,,,,,https://doi.org/10.1017/S0033291724001120,"Background Cognitive behavioral therapy (CBT) is an effective treatment for patients with social anxiety disorder (SAD) or major depressive disorder (MDD), yet there is variability in clinical improvement. Though prior research suggests pre-treatment engagement of brain regions supporting cognitive reappraisal (e.g. dorsolateral prefrontal cortex [dlPFC]) foretells CBT response in SAD, it remains unknown if this extends to MDD or is specific to CBT. The current study examined associations between pre-treatment neural activity during reappraisal and clinical improvement in patients with SAD or MDD following a trial of CBT or supportive therapy (ST), a common-factors comparator arm. Methods Participants were 75 treatment-seeking patients with SAD (n = 34) or MDD (n = 41) randomized to CBT (n = 40) or ST (n = 35). Before randomization, patients completed a cognitive reappraisal task during functional magnetic resonance imaging. Additionally, patients completed clinician-administered symptom measures and a self-report cognitive reappraisal measure before treatment and every 2 weeks throughout treatment. Results Results indicated that pre-treatment neural activity during reappraisal differentially predicted CBT and ST response. Specifically, greater trajectories of symptom improvement throughout treatment were associated with less ventrolateral prefrontal cortex (vlPFC) activity for CBT patients, but more vlPFC activity for ST patients. Also, less baseline dlPFC activity corresponded with greater trajectories of self-reported reappraisal improvement, regardless of treatment arm. Conclusions If replicated, findings suggest individual differences in brain response during reappraisal may be transdiagnostically associated with treatment-dependent improvement in symptom severity, but improvement in subjective reappraisal following psychotherapy, more broadly. Copyright ∏ The Author(s), 2024. Published by Cambridge University Press.",Article,1,1,0,0,1,1,amplitude; sum score,
PM_0108,Zhang J.; Toulopoulou T.; Li Q.; Niu L.; Peng L.; Dai H.; Chen K.; Wang X.; Huang R.; Wei X.; Zhang R.,Charting brain GABA and glutamate levels across psychiatric disorders by quantitative analysis of 121 1H-MRS studies,2024,Psychological Medicine,,,,,,,https://doi.org/10.1017/S0033291724001673,"Background Psychiatric diagnosis is based on categorical diagnostic classification, yet similarities in genetics and clinical features across disorders suggest that these classifications share commonalities in neurobiology, particularly regarding neurotransmitters. Glutamate (Glu) and gamma-Aminobutyric acid (GABA), the brain's primary excitatory and inhibitory neurotransmitters, play critical roles in brain function and physiological processes. Methods We examined the levels of Glu, combined glutamate and glutamine (Glx), and GABA across psychiatric disorders by pooling data from 121 1H-MRS studies and further divided the sample based on Axis I disorders. Results Statistically significant differences in GABA levels were found in the combined psychiatric group compared with healthy controls (Hedge's g =-0.112, p = 0.008). Further analyses based on brain regions showed that brain GABA levels significantly differed across Axis I disorders and controls in the parieto-occipital cortex (Hedge's g = 0.277, p = 0.019). Furthermore, GABA levels were reduced in affective disorders in the occipital cortex (Hedge's g =-0.468, p = 0.043). Reductions in Glx levels were found in neurodevelopmental disorders (Hedge's g =-0.287, p = 0.022). Analysis focusing on brain regions suggested that Glx levels decreased in the frontal cortex (Hedge's g =-0.226, p = 0.025), and the reduction of Glu levels in patients with affective disorders in the frontal cortex is marginally significant (Hedge's g =-0.172, p = 0.052). When analyzing the anterior cingulate cortex and prefrontal cortex separately, reductions were only found in GABA levels in the former (Hedge's g =-0.191, p = 0.009) across all disorders. Conclusions Altered glutamatergic and GABAergic metabolites were found across psychiatric disorders, indicating shared dysfunction. We found reduced GABA levels across psychiatric disorders and lower Glu levels in affective disorders. These results highlight the significance of GABA and Glu in psychiatric etiology and partially support rethinking current diagnostic categories.  Copyright ∏ The Author(s), 2024. Published by Cambridge University Press.",Article,0,,,,,,,
PM_0109,Shen Q.; Fu S.; Jiang X.; Huang X.; Lin D.; Xiao Q.; Khadijah S.; Yan Y.; Xiong X.; Jin J.; Ebstein R.P.; Xu T.; Wang Y.; Feng J.,"Factual and counterfactual learning in major adolescent depressive disorder, evidence from an instrumental learning study",2024,Psychological Medicine,54,2,,256,266,10,https://doi.org/10.1017/S0033291723001307,"Background The incidence of adolescent depressive disorder is globally skyrocketing in recent decades, albeit the causes and the decision deficits depression incurs has yet to be well-examined. With an instrumental learning task, the aim of the current study is to investigate the extent to which learning behavior deviates from that observed in healthy adolescent controls and track the underlying mechanistic channel for such a deviation. Methods We recruited a group of adolescents with major depression and age-matched healthy control subjects to carry out the learning task with either gain or loss outcome and applied a reinforcement learning model that dissociates valence (positive v. negative) of reward prediction error and selection (chosen v. unchosen). Results The results demonstrated that adolescent depressive patients performed significantly less well than the control group. Learning rates suggested that the optimistic bias that overall characterizes healthy adolescent subjects was absent for the depressive adolescent patients. Moreover, depressed adolescents exhibited an increased pessimistic bias for the counterfactual outcome. Lastly, individual difference analysis suggested that these observed biases, which significantly deviated from that observed in normal controls, were linked with the severity of depressive symoptoms as measured by HAMD scores. Conclusions By leveraging an incentivized instrumental learning task with computational modeling within a reinforcement learning framework, the current study reveals a mechanistic decision-making deficit in adolescent depressive disorder. These findings, which have implications for the identification of behavioral markers in depression, could support the clinical evaluation, including both diagnosis and prognosis of this disorder. ∏ The Author(s), 2023. Published by Cambridge University Press.",Article,1,1,1,1,0,,binary; computational models parameters,
PM_0110,Hope H.; Pierce M.; Gabr H.; Radoj?i? M.R.; Swift E.; Taxiarchi V.P.; Abel K.M.,"The causal association between maternal depression, anxiety, and infection in pregnancy and neurodevelopmental disorders among 410 461 children: A population study using quasi-negative control cohorts and sibling analysis",2024,Psychological Medicine,54,8,,1693,1701,8,https://doi.org/10.1017/S0033291723003604,"Background To address if the long-standing association between maternal infection, depression/anxiety in pregnancy, and offspring neurodevelopmental disorder (NDD) is causal, we conducted two negative-control studies. Methods Four primary care cohorts of UK children (pregnancy, 1 and 2 years prior to pregnancy, and siblings) born between 1 January 1990 and 31 December 2017 were constructed. NDD included autism/autism spectrum disorder, attention-deficit/hyperactivity disorder, intellectual disability, cerebral palsy, and epilepsy. Maternal exposures included depression/anxiety and/or infection. Maternal (age, smoking status, comorbidities, body mass index, NDD); child (gender, ethnicity, birth year); and area-level (region and level of deprivation) confounders were captured. The NDD incidence rate among (1) children exposed during or outside of pregnancy and (2) siblings discordant for exposure in pregnancy was compared using Cox-regression models, unadjusted and adjusted for confounders. Results The analysis included 410 461 children of 297 426 mothers and 2 793 018 person-years of follow-up with 8900 NDD cases (incidence rate = 3.2/1000 person years). After adjustments, depression and anxiety consistently associated with NDD (pregnancy-adjusted HR = 1.58, 95% CI 1.46-1.72; 1-year adj. HR = 1.49, 95% CI 1.39-1.60; 2-year adj. HR = 1.62, 95% CI 1.50-1.74); and to a lesser extent, of infection (pregnancy adj. HR = 1.16, 95% CI 1.10-1.22; 1-year adj. HR = 1.20, 95% CI 1.14-1.27; 2-year adj. HR = 1.19, 95% CI 1.12-1.25). NDD risk did not differ among siblings discordant for pregnancy exposure to mental illness HR = 0.97, 95% CI 0.77-1.21 or infection HR = 0.99, 95% CI 0.90-1.08. Conclusions Maternal risk appears to be unspecific to pregnancy: our study provided no evidence of a specific, and therefore causal, link between in-utero exposure to infection, common mental illness, and later development of NDD.  ∏ The Author(s), 2024. Published by Cambridge University Press.",Article,1,0,,,,,,
PM_0111,Dai X.; Liu S.; Li X.; Chen K.; Gao S.; Wang J.; Aarsland D.; Han Z.R.; Zhang Z.,Longitudinal association between depressive symptoms and cognitive function: the neurological mechanism of psychological and physical disturbances on memory,2024,Psychological Medicine,,,,,,,https://doi.org/10.1017/S0033291724001612,"Background. The neural correlates underlying late-life depressive symptoms and cognitive deterioration are largely unclear, and little is known about the role of chronic physical conditions in such association. This research explores both concurrent and longitudinal associations between late-life depressive symptoms and cognitive functions, with examining the neural substrate and chronic vascular diseases (CVDs) in these associations. Methods. A total of 4109 participants (mean age = 65.4, 63.0% females) were evaluated for cognitive functions through various neuropsychological assessments. Depressive symptoms were assessed by the Geriatric Depression Scale and CVDs were self-reported. T1-weighted magnetic resonance imaging (MRI), diffusion tensor imaging, and functional MRI (fMRI) data were acquired in a subsample (n = 791). Results. Cognitively, higher depressive symptoms were correlated with poor performance across all cognitive domains, with the strongest association with episodic memory (r = -0.138, p < 0.001). Regarding brain structure, depressive symptoms were negatively correlated with thalamic volume and white matter integrity. Further, white matter integrity was found to mediate the longitudinal association between depressive symptoms and episodic memory (indirect effect = -0.017, 95% CI -0.045 to -0.002) and this mediation was only significant for those with severe CVDs (? = -0.177, p = 0.008). Conclusions. This study is one of the first to provide neural evidence elucidating the longitudinal associations between late-life depressive symptoms and cognitive dysfunction. Additionally, the severity of CVDs strengthened these associations, which enlightens the potential of managing CVDs as an intervention target for preventing depressive symptoms-related cognitive decline. ∏ The Author(s), 2024. Published by Cambridge University Press.",Article,0,,,,,,,
PM_0112,Kim H.; Jung J.H.; Han K.; Jeon H.J.,Weight change in people with depression and the risk of dementia: A nationwide cohort study,2024,Psychological Medicine,54,7,,1284,1293,9,https://doi.org/10.1017/S0033291723003124,"Background Depression is a risk factor for dementia and weight change can appear as a symptom of depression. However, the association between weight change after the diagnosis of depression and the risk of dementia is poorly established. This study aimed to investigate the association between weight change before and after a diagnosis of depression with the subsequent risk of dementia. Methods The National Health Insurance Sharing Service database was used. 1 308 730 patients aged ?40 years diagnosed with depression were identified to be eligible. Weight changes after their depression diagnosis were categorized and subsequent incidence of dementia was followed up. Results During an average follow-up period of 5.2 years (s.d., 2.0 years), 69 373 subjects were newly diagnosed with all-cause dementia (56 351 were Alzheimer's disease and 6877 were vascular dementia). Regarding all outcomes, compared to those with a minimal weight change (-5 to 5%), all groups with weight gain or loss showed increased risks of dementia after adjusting potential risk factors for dementia, in all analysis models with a dose-response relationship, showing a U-shaped association. Conclusions Weight change as a symptom of depression could be a predictor for the future development of dementia. ∏ The Author(s), 2024. Published by Cambridge University Press.",Article,1,1,1,0,0,,binary,
PM_0113,Ellenbogen M.A.; Cardoso C.; Serravalle L.; Vadaga K.; Joober R.,The effects of intranasal oxytocin on the efficacy of psychotherapy for major depressive disorder: A pilot randomized controlled trial,2024,Psychological Medicine,54,9,,2122,2132,10,https://doi.org/10.1017/S0033291724000217,"Background Although both pharmacotherapy and psychological treatments are considered to be efficacious in the treatment of major depressive disorder (MDD), one third of patients do not respond to treatment and many experience residual symptoms post-treatment. In this double-blind placebo-controlled randomized control trial (RCT), we assessed whether intranasal oxytocin (OT) augments the therapeutic efficacy of psychotherapy for MDD and improves the therapeutic alliance. Methods Twenty-three volunteers (12 female) with MDD underwent 16 sessions of interpersonal therapy. Prior to each session, volunteers self-administered 24 International Units of intranasal OT (n = 12; Syntocinon) or placebo (n = 11). Depressive symptoms were assessed with the Inventory of Depressive Symptomatology at pre- and post-treatment, and at a six month follow-up. Results Multilevel modeling found a significant effect of OT on the negative slope of depressive symptoms over time (p < 0.05), with medium-large effect sizes at post-treatment (Cohen's d = 0.75) and follow-up (Cohen's d = 0.82). Drug intervention also predicted the intercept when examining the weekly ratings of the therapeutic alliance (p < 0.05), such that volunteers receiving OT, relative to placebo, reported improved therapeutic alliance at session 1. The agreement of goals between therapists and participants, a facet of the therapeutic alliance, mediated the relationship between drug intervention and clinical outcome. Conclusion In this pilot study, the administration of intranasal OT, relative to placebo, improved the therapeutic alliance at the beginning of therapy and therapeutic efficacy of psychotherapy in persons with MDD. Future RCTs should attempt to replicate these findings in larger samples with different therapeutic modalities (ClinicalTrials.gov: NCT02405715).  ∏ The Author(s), 2024. Published by Cambridge University Press.",Article,1,1,1,1,1,1,sum score; binary,
PM_0114,Neudert M.K.; SchÑfer A.; Zehtner R.I.; Fricke S.; Seinsche R.J.; Stark R.; Hermann A.,Decontextualized fear memories? Stronger conditioned fear responses during extinction learning and extinction recall in a safe context predict the development of long-term analog intrusions,2024,Psychological Medicine,54,1,,159,168,9,https://doi.org/10.1017/S0033291723001125,"Background Difficulties in the context-dependent modulation of conditioned fear are known for posttraumatic stress disorder and may explain the occurrence of intrusive memories in safe contexts. The current study therefore investigated if reduced context-dependent modulation of conditioned fear and its underlying neural circuitry constitute risk factors for the development of analog intrusions in response to an experimental trauma. Methods Eighty-five healthy women participated in the trauma film paradigm to investigate the development of analog intrusions as well as explicit memory for an experimental trauma after one week and three months, respectively. Before, participants underwent a context-dependent fear conditioning paradigm during functional magnetic resonance imaging with fear acquisition in context A and extinction training in context B on a first day, as well as extinction recall in context B and fear renewal in a novel context C one day later. Skin conductance responses (SCRs) and blood oxygen level dependent responses were main outcome measures. Results In addition to stronger fear acquisition in context A, stronger conditioned fear responses in the safe context B, as indicated by stronger conditioned SCRs or stronger activation of fear expressing regions during extinction learning and recall, predicted the development of long-term analog intrusions. Conclusions Stronger fear responses in safe and danger contexts were risk factors for the development of long-term analog intrusions and point to decontextualized fear memories and difficulties in the context-dependent modulation of conditioned fear. Altered fear conditioning processes and reduced storage of contextual information may cause the occurrence of fear independent of context. ∏ The Author(s), 2023. Published by Cambridge University Press.",Article,1,0,,,,,,
PM_0115,Van Der Schaaf M.E.; Geerligs L.; Toni I.; Knoop H.; Oosterman J.M.,Disentangling pain and fatigue in chronic fatigue syndrome: A resting state connectivity study before and after cognitive behavioral therapy,2024,Psychological Medicine,54,8,,1735,1748,13,https://doi.org/10.1017/S0033291723003690,"Background Fatigue is a central feature of myalgic encephalomyelitis or chronic fatigue syndrome (ME/CFS), but many ME/CFS patients also report comorbid pain symptoms. It remains unclear whether these symptoms are related to similar or dissociable brain networks. This study used resting-state fMRI to disentangle networks associated with fatigue and pain symptoms in ME/CFS patients, and to link changes in those networks to clinical improvements following cognitive behavioral therapy (CBT). Methods Relationships between pain and fatigue symptoms and cortico-cortical connectivity were assessed within ME/CFS patients at baseline (N = 72) and after CBT (N = 33) and waiting list (WL, N = 18) and compared to healthy controls (HC, N = 29). The analyses focused on four networks previously associated with pain and/or fatigue, i.e. the fronto-parietal network (FPN), premotor network (PMN), somatomotor network (SMN), and default mode network (DMN). Results At baseline, variation in pain and fatigue symptoms related to partially dissociable brain networks. Fatigue was associated with higher SMN-PMN connectivity and lower SMN-DMN connectivity. Pain was associated with lower PMN-DMN connectivity. CBT improved SMN-DMN connectivity, compared to WL. Larger clinical improvements were associated with larger increases in frontal SMN-DMN connectivity. No CBT effects were observed for PMN-DMN or SMN-PMN connectivity. Conclusions These results provide insight into the dissociable neural mechanisms underlying fatigue and pain symptoms in ME/CFS and how they are affected by CBT in successfully treated patients. Further investigation of how and in whom behavioral and biomedical treatments affect these networks is warranted to improve and individualize existing or new treatments for ME/CFS. Copyright ∏ The Author(s), 2024. Published by Cambridge University Press.",Article,1,1,0,0,0,,zcor,
PM_0116,Ni H.-C.; Chen Y.-L.; Hsieh M.-Y.; Wu C.-T.; Chen R.-S.; Juan C.-H.; Li C.-T.; Gau S.S.-F.; Lin H.-Y.,Improving social cognition following theta burst stimulation over the right inferior frontal gyrus in autism spectrum: An 8-week double-blind sham-controlled trial,2024,Psychological Medicine,,,,,,,https://doi.org/10.1017/S0033291724001387,"Background The right inferior frontal gyrus (RIFG) is a potential beneficial brain stimulation target for autism. This randomized, double-blind, two-arm, parallel-group, sham-controlled clinical trial assessed the efficacy of intermittent theta burst stimulation (iTBS) over the RIFG in reducing autistic symptoms (NCT04987749). Methods Conducted at a single medical center, the trial enrolled 60 intellectually able autistic individuals (aged 8-30 years; 30 active iTBS). The intervention comprised 16 sessions (two stimulations per week for eight weeks) of neuro-navigated iTBS or sham over the RIFG. Fifty-seven participants (28 active) completed the intervention and assessments at Week 8 (the primary endpoint) and follow-up at Week 12. Results Autistic symptoms (primary outcome) based on the Social Responsiveness Scale decreased in both groups (significant time effect), but there was no significant difference between groups (null time-by-treatment interaction). Likewise, there was no significant between-group difference in changes in repetitive behaviors and exploratory outcomes of adaptive function and emotion dysregulation. Changes in social cognition (secondary outcome) differed between groups in feeling scores on the Frith-Happe Animations (Week 8, p = 0.026; Week 12, p = 0.025). Post-hoc analysis showed that the active group improved better on this social cognition than the sham group. Dropout rates did not vary between groups; the most common adverse event in both groups was local pain. Notably, our findings would not survive stringent multiple comparison corrections. Conclusions Our findings suggest that iTBS over the RIFG is not different from sham in reducing autistic symptoms and emotion dysregulation. Nonetheless, RIFG iTBS may improve social cognition of mentalizing others' feelings in autistic individuals. ∏ The Author(s), 2024. Published by Cambridge University Press.",Article,1,1,0,0,1,1,sum score; binary,
PM_0117,Kashyap R.; Holla B.; Bhattacharjee S.; Sharma E.; Mehta U.M.; Vaidya N.; Bharath R.D.; Murthy P.; Basu D.; Nanjayya S.B.; Singh R.L.; Lourembam R.; Chakrabarti A.; Kartik K.; Kalyanram K.; Kumaran K.; Krishnaveni G.; Krishna M.; Kuriyan R.; Kurpad S.S.; Desrivieres S.; Purushottam M.; Barker G.; Orfanos D.P.; Hickman M.; Heron J.; Toledano M.; Schumann G.; Benegal V.,Childhood adversities characterize the heterogeneity in the brain pattern of individuals during neurodevelopment,2024,Psychological Medicine,,,,,,,https://doi.org/10.1017/S0033291724000710,"Background Several factors shape the neurodevelopmental trajectory. A key area of focus in neurodevelopmental research is to estimate the factors that have maximal influence on the brain and can tip the balance from typical to atypical development. Methods Utilizing a dissimilarity maximization algorithm on the dynamic mode decomposition (DMD) of the resting state functional MRI data, we classified subjects from the cVEDA neurodevelopmental cohort (n = 987, aged 6-23 years) into homogeneously patterned DMD (representing typical development in 809 subjects) and heterogeneously patterned DMD (indicative of atypical development in 178 subjects). Results Significant DMD differences were primarily identified in the default mode network (DMN) regions across these groups (p < 0.05, Bonferroni corrected). While the groups were comparable in cognitive performance, the atypical group had more frequent exposure to adversities and faced higher abuses (p < 0.05, Bonferroni corrected). Upon evaluating brain-behavior correlations, we found that correlation patterns between adversity and DMN dynamic modes exhibited age-dependent variations for atypical subjects, hinting at differential utilization of the DMN due to chronic adversities. Conclusion Adversities (particularly abuse) maximally influence the DMN during neurodevelopment and lead to the failure in the development of a coherent DMN system. While DMN's integrity is preserved in typical development, the age-dependent variability in atypically developing individuals is contrasting. The flexibility of DMN might be a compensatory mechanism to protect an individual in an abusive environment. However, such adaptability might deprive the neural system of the faculties of normal functioning and may incur long-term effects on the psyche. Copyright ∏ The Author(s), 2024. Published by Cambridge University Press.",Article,1,0,,,,,,
PM_0118,Beatty C.C.; Gair K.; Anatala J.; Klein D.N.; Hajcak G.; Nelson B.D.,Neural response to monetary and social rewards and familial risk for psychopathology in adolescent females,2024,Psychological Medicine,54,8,,1768,1778,10,https://doi.org/10.1017/S0033291723003720,"Background Adolescence is a key developmental period for the emergence of psychopathology. Reward-related brain activity increases across adolescence and has been identified as a potential neurobiological mechanism of risk for different forms of psychopathology. The reward positivity (RewP) is an event-related potential component that indexes reward system activation and has been associated with both concurrent and family history of psychopathology. However, it is unclear whether the RewP is also associated with higher-order psychopathology subfactors and whether this relationship is present across different types of reward. Methods In a sample of 193 adolescent females and a biological parent, the present study examined the association between adolescent and parental psychopathology subfactors and adolescent RewP to monetary and social reward. Results Results indicated that the adolescent and parental distress subfactors were negatively associated with the adolescent domain-general RewP. The adolescent and parental positive mood subfactors were negatively associated with the adolescent domain-general and domain-specific monetary RewP, respectively. Conversely, the adolescent and parental fear/obsessions subfactors were positively associated with the adolescent domain-general RewP. The associations between parental and adolescent psychopathology subfactors and the adolescent RewP were independent of each other. Conclusions The RewP in adolescent females is associated with both concurrent and parental psychopathology symptoms, suggesting that it indexes both severity and risk for higher-order subfactors. Copyright ∏ The Author(s), 2024. Published by Cambridge University Press.",Article,1,1,0,0,0,,amplitude,
PS_0001,Wald K.A.; Kardas M.; Epley N.,Misplaced Divides? Discussing Political Disagreement With Strangers Can Be Unexpectedly Positive,2024,Psychological Science,35,5,,471,488,17,https://doi.org/10.1177/09567976241230005,"Differences of opinion between people are common in everyday life, but discussing those differences openly in conversation may be unnecessarily rare. We report three experiments (N = 1,264 U.S.-based adults) demonstrating that people?s interest in discussing important but potentially divisive topics is guided by their expectations about how positively the conversation will unfold, leaving them more interested in having a conversation with someone who agrees versus disagrees with them. People?s expectations about their conversations, however, were systematically miscalibrated such that people underestimated how positive these conversations would be?especially in cases of disagreement. Miscalibrated expectations stemmed from underestimating the degree of common ground that would emerge in conversation and from failing to appreciate the power of social forces in conversation that create social connection. Misunderstanding the outcomes of conversation could lead people to avoid discussing disagreements more often, creating a misplaced barrier to learning, social connection, free inquiry, and free expression. ∏ The Author(s) 2024.",Article,1,1,0,0,1,1,sum scores,
PS_0002,Martel C.; Rathje S.; Clark C.J.; Pennycook G.; Van Bavel J.J.; Rand D.G.; van der Linden S.,On the Efficacy of Accuracy Prompts Across Partisan Lines: An Adversarial Collaboration,2024,Psychological Science,35,4,,435,450,15,https://doi.org/10.1177/09567976241232905,"The spread of misinformation is a pressing societal challenge. Prior work shows that shifting attention to accuracy increases the quality of people?s news-sharing decisions. However, researchers disagree on whether accuracy-prompt interventions work for U.S. Republicans/conservatives and whether partisanship moderates the effect. In this preregistered adversarial collaboration, we tested this question using a multiverse meta-analysis (k = 21; N = 27,828). In all 70 models, accuracy prompts improved sharing discernment among Republicans/conservatives. We observed significant partisan moderation for single-headline ?evaluation? treatments (a critical test for one research team) such that the effect was stronger among Democrats than Republicans. However, this moderation was not consistently robust across different operationalizations of ideology/partisanship, exclusion criteria, or treatment type. Overall, we observed significant partisan moderation in 50% of specifications (all of which were considered critical for the other team). We discuss the conditions under which moderation is observed and offer interpretations. ∏ The Author(s) 2024.",Article,0,,,,,,,
PS_0003,Balducci M.; Larose M.-P.; Stoet G.; Geary D.C.,The Gender-Equality Paradox in Intraindividual Academic Strengths: A Cross-Temporal Analysis,2024,Psychological Science,35,11,,1246,1259,13,https://doi.org/10.1177/09567976241271330,"Independent of overall achievement, girls? intraindividual academic strength is typically reading, whereas boys? strength is typically mathematics or science. Sex differences in intraindividual strengths are associated with educational and occupational sex disparities in science, technology, engineering, and mathematics (STEM) fields. Paradoxically, these sex differences are larger in more gender-equal countries, but the stability of this paradox is debated. We assessed the stability of the gender-equality paradox in intraindividual strengths, and its relation to wealth, by analyzing the academic achievement of nearly 2.5 million adolescents across 85 countries and regions in five waves (from 2006 to 2018) of the Programme for International Student Assessment (PISA). Girls? intraindividual strength in reading and boys? strength in mathematics and science were stable across countries and waves. Boys? advantage in science as an intraindividual strength was larger in more gender-equal countries, whereas girls? advantage in reading was larger in wealthier countries. The results have implications for reducing sex disparities in STEM fields. ∏ The Author(s) 2024.",Article,1,0,,,,,,
PS_0004,Ryan W.H.; Baum S.M.; Evers E.R.K.,Biases in Improvement Decisions: People Focus on the Relative Reduction in Bad Outcomes,2024,Psychological Science,35,5,,558,574,16,https://doi.org/10.1177/09567976241232891,"People often decide whether to invest scarce resources?such as time, money, or energy?to improve their chances of a positive outcome. For example, a doctor might decide whether to utilize scarce medicine to improve a patient?s chances of recovery, or a student might decide whether to study a few additional hours to increase their chances of passing an exam. We conducted 11 studies (N = 5,342 adults) and found evidence that people behave as if they focus on the relative reduction in bad outcomes caused by such improvements. As a consequence, the same improvements (e.g., 10-percentage-point improvements) are valued very differently depending on whether one?s initial chances of success are high or low. This focus on the relative reduction of bad outcomes drives risk preferences that violate normative standards (Studies 1a?1g and 2a), is amplified when decisions become more consequential (Study 2b), and leads even experienced professionals to make suboptimal decisions (Study 3). ∏ The Author(s) 2024.",Article,1,1,0,0,1,1,slider; binary,
PS_0005,Bennett D.; Albertella L.; Forbes L.; Hayes T.; Verdejo-Garcia A.; Walasek L.; Ludvig E.A.,People Place Larger Bets When Risky Choices Provide a Postbet Option to Cash Out,2024,Psychological Science,35,11,,1231,1245,14,https://doi.org/10.1177/09567976241266516,"After a risky choice, decision makers must frequently wait out a delay period before the outcome of their choice becomes known. In contemporary sports-betting apps, decision makers can ?cash out? of their bet during this delay period by accepting a discounted immediate payout. An important open question is how availability of a postchoice cash-out option alters choice. We investigated this question using a novel gambling task that incorporated a cash-out option during the delay between bet and outcome. Across two experiments (N = 240 adults, recruited via Prolific), cash-out availability increased participants? bet amounts by up to 35%. Participants who were more likely to cash out when odds deteriorated were less likely to cash out when odds improved. Furthermore, the effect of cash-out availability on bet amounts was positively correlated with individual differences in cash-out propensity for bets with deteriorating odds only. These results suggest that cash-out availability may promote larger bets by allowing bettors to avoid losing their entire stake. ∏ The Author(s) 2024.",Article,1,1,1,0,1,1,binary; slider,
PS_0006,Hauenstein C.E.; Thomas R.P.; Illingworth D.A.; Dougherty M.R.,Rethinking the Role of Teams and Training in Geopolitical Forecasting: The Effect of Uncontrolled Method Variance on Statistical Conclusions,2024,Psychological Science,,,,,,,https://doi.org/10.1177/09567976241266481,"Using data from a geopolitical forecasting tournament, Mellers et al. (2014) [Psychological strategies for winning a geopolitical forecasting tournament. Psychological Science, 25, 1106?1115] concluded that forecasting ability was improved by allowing participants to work in teams and providing them with probability training. Here, we reevaluated Mellers et al.?s conclusions using an item response theory framework that models latent ability from forecasting choices. We found that the relationship between latent ability estimates and forecast accuracy differed from the interpretation of the original findings once key extraneous variables were statistically controlled. The best fit models across the first 2 years of the tournament included one or more extraneous variables that substantially eliminated, reduced, and, in some cases, even reversed the effects of the experimental manipulations of teaming and training on latent forecasting ability. We also show that latent traits associated with strategic responding can discriminate between superforecasters and non-superforecasters, making it difficult to identify the latent factors that underlie the superforecasters? superior performance. ∏ The Author(s) 2024.",Article,0,,,,,,,actually only tests interactions using latent variables - so as per deviation was considered not eligible
PS_0007,Herzenstein M.; Rosario S.; Oblander S.; Netzer O.,The Language of (Non)Replicable Social Science,2024,Psychological Science,35,9,,1048,1061,13,https://doi.org/10.1177/09567976241254037,"Using publicly available data from 299 preregistered replications from the social sciences, we found that the language used to describe a study can predict its replicability above and beyond a large set of controls related to the article characteristics, study design and results, author information, and replication effort. To understand why, we analyzed the textual differences between replicable and nonreplicable studies. Our findings suggest that the language in replicable studies is transparent and confident, written in a detailed and complex manner, and generally exhibits markers of truthful communication, possibly demonstrating the researchers? confidence in the study. Nonreplicable studies, however, are vaguely written and have markers of persuasion techniques, such as the use of positivity and clout. Thus, our findings allude to the possibility that authors of nonreplicable studies are more likely to make an effort, through their writing, to persuade readers of their (possibly weaker) results. ∏ The Author(s) 2024.",Article,1,0,,,,,,
PS_0008,Ramos M.R.; Li D.; Bennett M.R.; Mogra U.; Massey D.S.; Hewstone M.,Variety Is the Spice of Life: Diverse Social Networks Are Associated With Social Cohesion and Well-Being,2024,Psychological Science,35,6,,665,680,15,https://doi.org/10.1177/09567976241243370,"Both homophily and heterophily are observed in humans. Homophily reinforces homogeneous social networks, and heterophily creates new experiences and collaborations. However, at the extremes, high levels of homophily can cultivate prejudice toward out-groups, whereas high levels of heterophily can weaken in-group support. Using data from 24,726 adults (M = 46 years; selected from 10,398 English neighborhoods) and the composition of their social networks based on age, ethnicity, income, and education, we tested the hypothesis that a middle ground between homophily and heterophily could be the most beneficial for individuals. We found that network homophily, mediated by perceived social cohesion, is associated with higher levels of subjective well-being but that there are diminishing returns, because at a certain point increasing network homophily is associated with lower social cohesion and, in turn, lower subjective well-being. Our results suggest that building diverse social networks provides benefits that cannot be attained by homogeneous networks. ∏ The Author(s) 2024.",Article,1,0,,,,,,
PS_0009,Villano W.J.; Kraus N.I.; Reneau T.R.; Jaso B.A.; Otto A.R.; Heller A.S.,The Causes and Consequences of Drifting Expectations,2024,Psychological Science,35,8,,900,917,17,https://doi.org/10.1177/09567976241235930,"Awaiting news of uncertain outcomes is distressing because the news might be disappointing. To prevent such disappointments, people often ?brace for the worst,? pessimistically lowering expectations before news arrives to decrease the possibility of surprising disappointment (a negative prediction error, or PE). Computational decision-making research commonly assumes that expectations do not drift within trials, yet it is unclear whether expectations pessimistically drift in real-world, high-stakes settings, what factors influence expectation drift, and whether it effectively buffers emotional responses to goal-relevant outcomes. Moreover, individuals learn from PEs to accurately anticipate future outcomes, but it is unknown whether expectation drift also impedes PE-based learning. In a sample of students awaiting exam grades (N = 625), we found that expectations often drift and tend to drift pessimistically. We demonstrate that bracing is preferentially modulated by uncertainty; it transiently buffers the initial emotional impact of negative PEs but impairs PE-based learning, counterintuitively sustaining uncertainty into the future. ∏ The Author(s) 2024.",Article,1,1,1,1,1,1,sum scores,sum score di sliders
PS_0010,Ben-Asher E.; Porter B.M.; Church J.A.,Distinct Constellations of Common Risk Factors Differentially Relate to Executive-Function Ability in Children,2024,Psychological Science,35,5,,489,503,14,https://doi.org/10.1177/09567976241235931,"Executive functioning (EF) has been shown to relate to academic achievement and well-being. Independent bodies of work have aimed to understand what environmental or personal attributes influence EF ability. However, most research has not considered how constellations of risk factors create distinct patterns of influence on EF ability. The current study tested a sample of children aged 9 to 10 years from the United States (N = 10,323, 48.06% female, Mage = 9.9 years, age range = 8.9?11.08 years) using a latent profile analysis (LPA) to detect subgroups that varied in their combinations of various risk factors. Six distinct groups of risk factors for children emerged, which in turn related to different average EF abilities. We found that family socioeconomic measures related to a subgroup having above- or below-average EF ability, but we also found an effect on EF across different risk factors. These results inform our understanding of individual variations in EF ability and highlight the idea that EF interventions should consider risk holistically. ∏ The Author(s) 2024.",Article,1,0,,,,,,
PS_0011,Hutchings R.J.; Freiburger E.; Sim M.; Hugenberg K.,Racial Prejudice Affects Representations of Facial Trustworthiness,2024,Psychological Science,35,3,,263,276,13,https://doi.org/10.1177/09567976231225094,"What makes faces seem trustworthy? We investigated how racial prejudice predicts the extent to which perceivers employ racially prototypical cues to infer trustworthiness from faces. We constructed participant-level computational models of trustworthiness and White-to-Black prototypicality from U.S. college students? judgments of White (Study 1, N = 206) and Black?White morphed (Study 3, N = 386) synthetic faces. Although the average relationships between models differed across stimuli, both studies revealed that as participants? anti-Black prejudice increased and/or intergroup contact decreased, so too did participants? tendency to conflate White prototypical features with trustworthiness and Black prototypical features with untrustworthiness. Study 2 (N = 324) and Study 4 (N = 397) corroborated that untrustworthy faces constructed from participants with pro-White preferences appeared more Black prototypical to naive U.S. adults, relative to untrustworthy faces modeled from other participants. This work highlights the important role of racial biases in shaping impressions of facial trustworthiness. ∏ The Author(s) 2024.",Article,1,1,0,0,1,1,sum scores,
PS_0012,Martin A.; Adger D.; Abels K.; Kanampiu P.; Culbertson J.,A Universal Cognitive Bias in Word Order: Evidence From Speakers Whose Language Goes Against It,2024,Psychological Science,35,3,,304,311,7,https://doi.org/10.1177/09567976231222836,"There is a long-standing debate in cognitive science surrounding the source of commonalities among languages of the world. Indeed, there are many potential explanations for such commonalities?accidents of history, common processes of language change, memory limitations, constraints on linguistic representations, and so on. Recent research has used psycholinguistic experiments to provide empirical evidence linking common linguistic patterns to specific features of human cognition, but these experiments tend to use English speakers, who in many cases have direct experience with the common patterns of interest. Here we highlight the importance of testing populations whose languages go against cross-linguistic trends. We investigate whether adult monolingual speakers of Kååtharaka, which has an unusual way of ordering words, mirror the word-order preferences of English speakers. We find that they do, supporting the hypothesis that universal cognitive representations play a role in shaping word order. ∏ The Author(s) 2024.",Article,1,0,,,,,,
PS_0013,Oktar K.; Lombrozo T.; Griffiths T.L.,Learning From Aggregated Opinion,2024,Psychological Science,35,9,,1010,1024,14,https://doi.org/10.1177/09567976241251741,"The capacity to leverage information from others? opinions is a hallmark of human cognition. Consequently, past research has investigated how we learn from others? testimony. Yet a distinct form of social information?aggregated opinion?increasingly guides our judgments and decisions. We investigated how people learn from such information by conducting three experiments with participants recruited online within the United States (N = 886) comparing the predictions of three computational models: a Bayesian solution to this problem that can be implemented by a simple strategy for combining proportions with prior beliefs, and two alternatives from epistemology and economics. Across all studies, we found the strongest concordance between participants? judgments and the predictions of the Bayesian model, though some participants? judgments were better captured by alternative strategies. These findings lay the groundwork for future research and show that people draw systematic inferences from aggregated opinion, often in line with a Bayesian solution. ∏ The Author(s) 2024.",Article,1,0,,,,,,
PS_0014,Tsubomi H.; Fukuda K.; Kikumoto A.; Mayr U.; Vogel E.K.,Task Termination Triggers Spontaneous Removal of Information From Visual Working Memory,2024,Psychological Science,35,9,,995,1009,14,https://doi.org/10.1177/09567976241246709,"Working memory (WM) is a goal-directed memory system that actively maintains a limited amount of task-relevant information to serve the current goal. By this definition, WM maintenance should be terminated after the goal is accomplished, spontaneously removing no-longer-relevant information from WM. Past studies have failed to provide direct evidence of spontaneous removal of WM content by allowing participants to engage in a strategic reallocation of WM resources to competing information within WM. By contrast, we provide direct neural and behavioral evidence that visual WM content can be largely removed less than 1 s after it becomes obsolete, in the absence of a strategic allocation of resources (total N = 442 adults). These results demonstrate that visual WM is intrinsically a goal-directed system, and spontaneous removal provides a means for capacity-limited WM to keep up with ever-changing demands in a dynamic environment. ∏ The Author(s) 2024.",Article,1,0,,,,,,
PS_0015,Zhou X.; Hong X.; Wong P.C.M.,Autistic Traits Modulate Social Synchronizations Between School-Aged Children: Insights From Three fNIRS Hyperscanning Experiments,2024,Psychological Science,35,8,,840,857,17,https://doi.org/10.1177/09567976241237699,"The current study investigated how autistic traits modulate peer interactions using functional near-infrared spectroscopy (fNIRS) hyperscanning. Across three experiments, we tested the effect of copresence, joint activity, and a tangible goal during cooperative interactions on interbrain coherence (IBC) in school-aged children between 9 and 11 years old. Twenty-three dyads of children watched a video alone or together in Experiment 1, engaged in joint or self-paced book reading in Experiment 2, and pretended to play a Jenga game or played for real in Experiment 3. We found that all three formats of social interactions increased IBC in the frontotemporoparietal networks, which have been reported to support social interaction. Further, our results revealed the shared and unique interbrain connections that were predictive of the lower and higher parent-reported autism-spectrum quotient scores, which indicated child autistic traits. Results from a convergence of three experiments provide the first evidence to date that IBC is modulated by child autistic traits. ∏ The Author(s) 2024.",Article,1,0,,,,,,
PS_0016,Ren Z.; Schaumberg R.,Disagreement Gets Mistaken for Bad Listening,2024,Psychological Science,35,5,,455,470,15,https://doi.org/10.1177/09567976241239935,"It is important for people to feel listened to in professional and personal communications, and yet they can feel unheard even when others have listened well. We propose that this feeling may arise because speakers conflate agreement with listening quality. In 11 studies (N = 3,396 adults), we held constant or manipulated a listener?s objective listening behaviors, manipulating only after the conversation whether the listener agreed with the speaker. Across various topics, mediums (e.g., video, chat), and cues of objective listening quality, speakers consistently perceived disagreeing listeners as worse listeners. This effect persisted after controlling for other positive impressions of the listener (e.g., likability). This effect seemed to emerge because speakers believe their views are correct, leading them to infer that a disagreeing listener must not have been listening very well. Indeed, it may be prohibitively difficult for someone to simultaneously convey that they disagree and that they were listening. ∏ The Author(s) 2024.",Article,1,1,0,0,1,1,ordinal,
PS_0017,GuÇrette J.; Blais C.; Fiset D.,Verbal Aggressions Against Major League Baseball Umpires Affect Their Decision Making,2024,Psychological Science,35,3,,288,303,15,https://doi.org/10.1177/09567976241227411,"Excessively criticizing a perceived unfair decision is considered to be common behavior among people seeking to restore fairness. However, the effectiveness of this strategy remains unclear. Using an ecological environment where excessive criticism is rampant?Major League Baseball?we assess the impact of verbal aggression on subsequent home-plate umpire decision making during the 2010 to 2019 seasons (N = 153,255 pitches). Results suggest a two-sided benefit of resorting to verbal abuse. After being excessively criticized, home-plate umpires (N = 110 adults, employed in the United States) were less likely to call strikes to batters from the complaining team and more prone to call strikes to batters on the opposing team. A series of additional analyses lead us to reject an alternative hypothesis, namely that umpires, after ejecting the aggressor, seek to compensate for the negative consequences brought on by the loss of a teammate. Rather, our findings support the hypothesis that, under certain conditions, verbal aggression may offer an advantage to complainants. ∏ The Author(s) 2024.",Article,1,1,1,1,0,,binary,
PS_0018,von Stumm S.,Adolescents? Perceptions of Household Chaos Predict Their Adult Mental Health: A Twin-Difference Longitudinal Cohort Study,2024,Psychological Science,35,7,,736,748,12,https://doi.org/10.1177/09567976241242105,"This study tested whether adolescents who perceived less household chaos in their family?s home than their same-aged, same-sex sibling achieved more favorable developmental outcomes in young adulthood, independent of parent-reported household chaos and family-level confounding. Data came from 4,732 families from the Twins Early Development Study, a longitudinal, U.K.-population representative cohort study of families with twins born in 1994 through 1996 in England and Wales. Adolescents who reported experiencing greater household chaos than their sibling at the age of 16 years suffered significantly poorer mental-health outcomes at the age of 23 years, independent of family-level confounding. Mental-health predictions from perceived household chaos at earlier ages were not significant, and neither were predictions for other developmental outcomes in young adulthood, including socioeconomic status indicators, sexual risk taking, cannabis use, and conflict with the law. The findings suggest that altering children?s subjective perceptions of their rearing environments may help improve their adult mental health. ∏ The Author(s) 2024.",Article,1,0,,,,,,
PS_0019,Cardinale E.M.; Bezek J.; Siegal O.; Freitag G.F.; Subar A.; Khosravi P.; Mallidi A.; Peterson O.; Morales I.; Haller S.P.; Filippi C.; Lee K.; Brotman M.A.; Leibenluft E.; Pine D.S.; Linke J.O.; Kircanski K.,Multivariate Assessment of Inhibitory Control in Youth: Links With Psychopathology and Brain Function,2024,Psychological Science,35,4,,376,389,13,https://doi.org/10.1177/09567976241231574,"Inhibitory control is central to many theories of cognitive and brain development, and impairments in inhibitory control are posited to underlie developmental psychopathology. In this study, we tested the possibility of shared versus unique associations between inhibitory control and three common symptom dimensions in youth psychopathology: attention-deficit/hyperactivity disorder (ADHD), anxiety, and irritability. We quantified inhibitory control using four different experimental tasks to estimate a latent variable in 246 youth (8?18 years old) with varying symptom types and levels. Participants were recruited from the Washington, D.C., metro region. Results of structural equation modeling integrating a bifactor model of psychopathology revealed that inhibitory control predicted a shared or general psychopathology dimension, but not ADHD-specific, anxiety-specific, or irritability-specific dimensions. Inhibitory control also showed a significant, selective association with global efficiency in a frontoparietal control network delineated during resting-state functional magnetic resonance imaging. These results support performance-based inhibitory control linked to resting-state brain function as an important predictor of comorbidity in youth psychopathology. ∏ The Author(s) 2024.",Article,1,0,,,,,,
PS_0020,Lee S.H.; Song M.S.; Oh M.-H.; Ahn W.-Y.,Bridging the Gap Between Self-Report and Behavioral Laboratory Measures: A Real-Time Driving Task With Inverse Reinforcement Learning,2024,Psychological Science,35,4,,345,357,12,https://doi.org/10.1177/09567976241228503,"A major challenge in assessing psychological constructs such as impulsivity is the weak correlation between self-report and behavioral task measures that are supposed to assess the same construct. To address this issue, we developed a real-time driving task called the ?highway task,? in which participants often exhibit impulsive behaviors mirroring real-life impulsive traits captured by self-report questionnaires. Here, we show that a self-report measure of impulsivity is highly correlated with performance in the highway task but not with traditional behavioral task measures of impulsivity (47 adults aged 18?33 years). By integrating deep neural networks with an inverse reinforcement learning (IRL) algorithm, we inferred dynamic changes of subjective rewards during the highway task. The results indicated that impulsive participants attribute high subjective rewards to irrational or risky situations. Overall, our results suggest that using real-time tasks combined with IRL can help reconcile the discrepancy between self-report and behavioral task measures of psychological constructs. ∏ The Author(s) 2024.",Article,1,1,0,0,1,1,sum scores,
PS_0021,Roth N.; McLaughlin J.; Obermayer K.; Rolfs M.,Gaze Behavior Reveals Expectations of Potential Scene Changes,2024,Psychological Science,35,12,,1350,1363,13,https://doi.org/10.1177/09567976241279198,"Even if the scene before our eyes remains static for some time, we might explore it differently compared with how we examine static images, which are commonly used in studies on visual attention. Here we show experimentally that the top-down expectation of changes in natural scenes causes clearly distinguishable gaze behavior for visually identical scenes. We present free-viewing eye-tracking data of 20 healthy adults on a new video dataset of natural scenes, each mapped for its potential for change (PfC) in independent ratings. Observers looking at frozen videos looked significantly more often at the parts of the scene with a high PfC compared with static images, with substantially higher interobserver coherence. This viewing difference peaked right before a potential movement onset. Established concepts like object animacy or salience alone could not explain this finding. Images thus conceal experience-based expectations that affect gaze behavior in the potentially dynamic real world. ∏ The Author(s) 2024.",Article,1,1,0,0,1,0,PfC scores,
PS_0022,Imhoff R.; MÅller B.C.N.; Heidrich V.,Do They Look the Same Unless They Are Angry? Investigating the Other-Race Effect in the Presence of Angry Expressions,2024,Psychological Science,35,4,,405,414,9,https://doi.org/10.1177/09567976231218640,"Ethnic out-group members are disproportionately more often the victim of misidentifications. The so-called other-race effect (ORE), the tendency to better remember faces of individuals belonging to one?s own ethnic in-group than faces belonging to an ethnic out-group, has been identified as one causal ingredient in such tragic incidents. Investigating an important aspect for the ORE?that is, emotional expression?the seminal study by Ackerman and colleagues (2006) found that White participants remembered neutral White faces better than neutral Black faces, but crucially, Black angry faces were better remembered than White angry faces (i.e., a reversed ORE). In the current study, we sought to replicate this study and directly tackle the potential causes for different results with later work. Three hundred ninety-six adult White U.S. citizens completed our study in which we manipulated the kind of employed stimuli (as in the original study vs. more standardized ones) whether participants knew of the recognition task already at the encoding phase. Additionally, participants were asked about the unusualness of the presented faces. We were able to replicate results from the Ackerman et al. (2006) study with the original stimuli but not with more standardized stimuli. ∏ The Author(s) 2024.",Article,1,1,0,0,1,1,proportions; ordinal; binary,
PS_0023,Tarder-Stoll H.; Baldassano C.; Aly M.,Consolidation Enhances Sequential Multistep Anticipation but Diminishes Access to Perceptual Features,2024,Psychological Science,35,10,,1178,1199,21,https://doi.org/10.1177/09567976241256617,"Many experiences unfold predictably over time. Memory for these temporal regularities enables anticipation of events multiple steps into the future. Because temporally predictable events repeat over days, weeks, and years, we must maintain?and potentially transform?memories of temporal structure to support adaptive behavior. We explored how individuals build durable models of temporal regularities to guide multistep anticipation. Healthy young adults (Experiment 1: N = 99, age range = 18?40 years; Experiment 2: N = 204, age range = 19?40 years) learned sequences of scene images that were predictable at the category level and contained incidental perceptual details. Individuals then anticipated upcoming scene categories multiple steps into the future, immediately and at a delay. Consolidation increased the efficiency of anticipation, particularly for events further in the future, but diminished access to perceptual features. Further, maintaining a link-based model of the sequence after consolidation improved anticipation accuracy. Consolidation may therefore promote efficient and durable models of temporal structure, thus facilitating anticipation of future events. ∏ The Author(s) 2024.",Article,1,1,1,0,1,1,binary; times,
PS_0024,Williams J.R.; Stîrmer V.S.,Cutting Through the Noise: Auditory Scenes and Their Effects on Visual Object Processing,2024,Psychological Science,35,7,,814,824,10,https://doi.org/10.1177/09567976241237737,"Despite the intuitive feeling that our visual experience is coherent and comprehensive, the world is full of ambiguous and indeterminate information. Here we explore how the visual system might take advantage of ambient sounds to resolve this ambiguity. Young adults (ns = 20?30) were tasked with identifying an object slowly fading in through visual noise while a task-irrelevant sound played. We found that participants demanded more visual information when the auditory object was incongruent with the visual object compared to when it was not. Auditory scenes, which are only probabilistically related to specific objects, produced similar facilitation even for unheard objects (e.g., a bench). Notably, these effects traverse categorical and specific auditory and visual-processing domains as participants performed across-category and within-category visual tasks, underscoring cross-modal integration across multiple levels of perceptual processing. To summarize, our study reveals the importance of audiovisual interactions to support meaningful perceptual experiences in naturalistic settings. ∏ The Author(s) 2024.",Article,1,0,,,,,,
PS_0025,Van Marcke H.; Denmat P.L.; Verguts T.; Desender K.,Manipulating Prior Beliefs Causally Induces Under- and Overconfidence,2024,Psychological Science,35,4,,358,375,17,https://doi.org/10.1177/09567976241231572,"Humans differ vastly in the confidence they assign to decisions. Although such under- and overconfidence relate to fundamental life outcomes, a computational account specifying the underlying mechanisms is currently lacking. We propose that prior beliefs in the ability to perform a task explain confidence differences across participants and tasks, despite similar performance. In two perceptual decision-making experiments, we show that manipulating prior beliefs about performance during training causally influences confidence in healthy adults (N = 50 each; Experiment 1: 8 men, one nonbinary; Experiment 2: 5 men) during a test phase, despite unaffected objective performance. This is true when prior beliefs are induced via manipulated comparative feedback and via manipulated training-phase difficulty. Our results were accounted for within an accumulation-to-bound model, explicitly modeling prior beliefs on the basis of earlier task exposure. Decision confidence is quantified as the probability of being correct conditional on prior beliefs, causing under- or overconfidence. We provide a fundamental mechanistic insight into the computations underlying under- and overconfidence. ∏ The Author(s) 2024.",Article,1,1,1,0,1,1,binary; ordinal; times,
PS_0026,Kim M.; Doeller C.F.,Cognitive Maps for a Non-Euclidean Environment: Path Integration and Spatial Memory on a Sphere,2024,Psychological Science,35,11,,1217,1230,13,https://doi.org/10.1177/09567976241279291,"Humans build mental models of the world and utilize them for various cognitive tasks. The exact form of cognitive maps is not fully understood, especially for novel and complex environments beyond the flat Euclidean environment. To address this gap, we investigated path integration?a critical process underlying cognitive mapping?and spatial-memory capacity on the spherical (non-Euclidean) and planar (Euclidean) environments in young healthy adults (N = 20) using immersive virtual reality. We observed a strong Euclidean bias during the path-integration task on the spherical surface, even among participants who possessed knowledge of non-Euclidean geometry. Notably, despite this bias, participants demonstrated reasonable navigation ability on the sphere. This observation and simulation suggest that humans navigate nonflat surfaces by constructing locally confined Euclidean maps and flexibly combining them. This insight sheds light on potential neural mechanisms and behavioral strategies for solving complex cognitive tasks. ∏ The Author(s) 2024.",Article,1,1,0,0,1,1,distance/angular difference,
PS_0027,Brandt E.; Maner J.K.,Attitudes and Laws About Abortion Are Linked to Extrinsic Mortality Risk: A Life-History Perspective on Variability in Reproductive Rights,2024,Psychological Science,35,2,,111,125,14,https://doi.org/10.1177/09567976231217410,"Abortion policy is conventionally viewed as a political matter with religious overtones. This article offers a different view. From the perspective of evolutionary biology, abortion at a young age can represent prioritization of long-term development over immediate reproduction, a pattern established in other animal species as resulting from stable ecologies with low mortality risk. We examine whether laws and moral beliefs about abortions are linked to local mortality rates. Data from 50 U.S. states, 202 world societies, 2,596 adult individuals in 363 U.S. counties, and 147,260 respondents across the globe suggest that lower levels of mortality risk are associated with more permissive laws and attitudes toward abortion. Those associations were observed when we controlled for religiosity, political ideology, wealth, education, and industrialization. Integrating evolutionary and cultural perspectives offers an explanation as to why moral beliefs and legal norms about reproduction may be sensitive to levels of ecological adversity. ∏ The Author(s) 2024.",Article,1,1,0,0,1,0,ordinal,
PS_0028,Brody G.; Feiman R.; Aravind A.,Why Do Children Think Words Are Mutually Exclusive?,2024,Psychological Science,35,12,,1315,1324,9,https://doi.org/10.1177/09567976241287732,"How do children learn what a word means when its uses are consistent with many possible meanings? One influential idea is that children rely on an inductive bias that ensures that novel words get assigned distinct meanings from known words?mutual exclusivity. Here, we explore the possibility that mutual-exclusivity phenomena do not reflect a bias but rather information encoded in the message. Learners might effectively be told when (and when not) to assume that word meanings are mutually exclusive. In three experiments (N = 106 from across the United States; ages 2 years, 0 months?2 years, 11 months), we show that 2-year-olds only assumed that novel words have distinct meanings if the words were spoken with focus, an information-structural marker of contrast. Without focus, we found no mutual exclusivity; novel words were understood to label familiar objects. These results provide a novel account of mutual exclusivity and demonstrate an early emerging understanding of focus and information structure. ∏ The Author(s) 2024.",Article,1,0,,,,,,
PS_0029,Wan Q.; Sloutsky V.M.,"Exploration, Distributed Attention, and Development of Category Learning",2024,Psychological Science,35,10,,1164,1177,13,https://doi.org/10.1177/09567976241258146,"Category learning is a crucial aspect of cognition that involves organizing entities into equivalence classes. Whereas adults tend to focus on category-relevant features, young children often distribute attention between relevant and irrelevant ones. The reasons for children?s distributed attention are not fully understood. In two category-learning experiments with adults and with children aged 4, 5, and 6 (N = 201), we examined potential drivers of distributed attention, including (a) immature filtering of distractors and (b) the general tendency for exploration or broad information sampling. By eliminating distractor competition, we reduced filtering demands. Despite identifying the features critical for accurate categorization, children, regardless of their categorization performance, continued sampling more information than was necessary. These results indicate that the tendency to sample information extensively contributes to distributed attention in young children. We identify candidate drivers of this tendency that need to be examined in future research. ∏ The Author(s) 2024.",Article,1,1,0,0,1,1,binary; proportion; entropy,
PS_0030,Al-Kire R.L.; Miller C.A.; Pasek M.H.; Perry S.L.; Wilkins C.L.,White by Another Name? Can Anti-Christian Bias Claims Serve as a Racial Dog Whistle?,2024,Psychological Science,35,4,,415,434,19,https://doi.org/10.1177/09567976241236162,"Four preregistered experiments (N = 4,307) explored whether anti-Christian bias claims can discreetly signal White allyship among Christian American adults. In Experiments 1 and 2, reading about anti-Christian bias led White, but not Black, Christians to perceive more anti-White bias. Experiments 3 and 4 demonstrate the connection between Christian and White can be leveraged by politicians in the form of a racial dog whistle. In Experiment 3, White Christians perceived a politician concerned about anti-Christian bias as caring more about anti-White bias and more willing to fight for White people (relative to a control). This politician was also perceived as less offensive than a politician concerned about anti-White bias. In Experiment 4, Black Christians perceived a politician concerned about anti-Christian bias as less offensive than one concerned about anti-White bias yet still unlikely to fight for Black people. Results suggest ?anti-Christian bias? can provide a relatively palatable way to signal allegiance to White people. ∏ The Author(s) 2024.",Article,1,0,,,,,,reconsidered and removed: does not report interaction results in an intelligible way
PS_0031,Karimpur H.; Wolf C.; Fiehler K.,The (Un)ideal Physicist: How Humans Rely on Object Interaction for Friction Estimates,2024,Psychological Science,35,2,,191,201,10,https://doi.org/10.1177/09567976231221789,"To estimate object properties such as mass or friction, our brain relies on visual information to efficiently compute approximations. The role of sensorimotor feedback, however, is not well understood. Here we tested healthy adults (N = 79) in an inclined-plane problem, that is, how much a plane can be tilted before an object starts to slide, and contrasted the interaction group with observation groups who accessed involved forces by watching objects being manipulated. We created objects of different masses and levels of friction and asked participants to estimate the critical tilt angle after pushing an object, lifting it, or both. Estimates correlated with applied forces and were biased toward object mass, with higher estimates for heavier objects. Our findings highlight that inferences about physical object properties are tightly linked to the human sensorimotor system and that humans integrate sensorimotor information even at the risk of nonveridical perceptual estimates. ∏ The Author(s) 2024.",Article,1,1,0,0,1,1,distance/angular difference,
PS_0032,Siev J.J.; Teeny J.D.,Personal Misconduct Elicits Harsher Professional Consequences for Artists (vs. Scientists): A Moral-Decoupling Process,2024,Psychological Science,35,1,,82,92,10,https://doi.org/10.1177/09567976231214739,"Recent years have brought increased accountability for personal misconduct, yet often, unequal consequences have resulted from similar offenses. Findings from a unique archival data set (N = 619; all university faculty) and three preregistered experiments (N = 2,594) show that the perceived artistic-versus-scientific nature of the offender?s professional contributions influences the professional punishment received. In Study 1, analysis of four decades of university sexual-misconduct cases reveals that faculty in artistic (vs. scientific) fields have on average received more severe professional consequences. Study 2 demonstrates this experimentally, offering mediational evidence that greater difficulty morally decoupling art (vs. science) contributes to the phenomenon. Study 3 provides further evidence for this mechanism through experimental moderation. Finally, Study 4 shows that merely framing an individual?s work as artistic versus scientific results in replication of these effects. Several potential alternative mechanisms to moral decoupling are tested but not supported. Practical and theoretical implications are discussed. ∏ The Author(s) 2023.",Article,1,1,0,0,1,1,sum scores; ordinal,
PS_0033,Sobel D.M.; Kamper D.G.; Song J.-H.,Distinct Inhibitory-Control Processes Underlie Children?s Judgments of Fairness,2024,Psychological Science,35,1,,93,107,14,https://doi.org/10.1177/09567976231217420,"We examined how 5- to 8-year-olds (N = 51; Mage = 83 months; 27 female, 24 male; 69% White, 12% Black/African American, 8% Asian/Asian American, 6% Hispanic, 6% not reported) and adults (N = 18; Mage = 20.13 years; 11 female, 7 male) accepted or rejected different distributions of resources between themselves and others. We used a reach-tracking method to track finger movement in 3D space over time. This allowed us to dissociate two inhibitory processes. One involved pausing motor responses to detect conflict between observed information and how participants thought resources should be divided; the other involved resolving the conflict between the response and the alternative. Reasoning about disadvantageous inequities involved more of the first system, and this was stable across development. Reasoning about advantageous inequities involved more of the second system and showed more of a developmental progression. Generally, reach tracking offers an on-line measure of inhibitory control for the study of cognition. ∏ The Author(s) 2024.",Article,1,1,1,1,1,1,binary; times; deviance,
PS_0034,Prowten S.; Walker E.; London B.; Pearce E.; Napoli A.; Chenevert B.; Clevenger C.; Smith A.R.,Does Physiological Arousal Increase Social Transmission of Information? Two Replications of Berger (2011),2024,Psychological Science,35,9,,1025,1034,9,https://doi.org/10.1177/09567976241257255,"People share information for many reasons. For example, Berger (2011, N = 40) found that undergraduate participants manipulated to have higher physiological arousal were more likely to share a news article with others via email than people who had low arousal. Berger?s research is widely cited as evidence of the causal role of arousal in sharing information and has been used to explain why information that induces high-arousal emotions is shared more than information that induces low-arousal emotions. We conducted two replications (N = 111, N = 160) of Berger?s study, using the same arousal manipulation but updating the sharing measure to reflect the rise of information sharing through social media. Both studies failed to find an impact of incidental physiological arousal on undergraduate participants? willingness to share news articles on social media. Our studies cast doubt on the idea that incidental physiological arousal?in the absence of other factors?impacts people?s decisions to share information on social networking sites. ∏ The Author(s) 2024.",Article,0,,,,,,,
PS_0035,Odic D.; Knowlton T.; Wellwood A.; Pietroski P.; Lidz J.; Halberda J.,Observers Efficiently Extract the Minimal and Maximal Element in Perceptual Magnitude Sets: Evidence for a Bipartite Format,2024,Psychological Science,35,2,,162,174,12,https://doi.org/10.1177/09567976231223130,"The mind represents abstract magnitude information, including time, space, and number, but in what format is this information stored? We show support for the bipartite format of perceptual magnitudes, in which the measured value on a dimension is scaled to the dynamic range of the input, leading to a privileged status for values at the lowest and highest end of the range. In six experiments with college undergraduates, we show that observers are faster and more accurate to find the endpoints (i.e., the minimum and maximum) than any of the inner values, even as the number of items increases beyond visual short-term memory limits. Our results show that length, size, and number are represented in a dynamic format that allows for comparison-free sorting, with endpoints represented with an immediately accessible status, consistent with the bipartite model of perceptual magnitudes. We discuss the implications for theories of visual search and ensemble perception. ∏ The Author(s) 2024.",Article,1,1,0,0,1,1,accuracy; times,
PS_0036,Prinzing M.,Proenvironmental Behavior Increases Subjective Well-Being: Evidence From an Experience-Sampling Study and a Randomized Experiment,2024,Psychological Science,35,9,,951,961,10,https://doi.org/10.1177/09567976241251766,"Two preregistered studies investigated whether engaging in proenvironmental behavior increases a person?s well-being. A 10-day experience-sampling study (7,161 observations from 181 adults in 14 countries, primarily the United States) revealed positive within-person and between-person associations, and a randomized controlled experiment (N = 545 U.S. undergraduates) found that incorporating proenvironmental behavior into individuals? daily activities increased their experiences of happiness and meaning in life. Indeed, the effect was comparable to incorporating activities selected specifically to elicit such positive states, though these results may be affected by demand characteristics. The studies also offered some tentative preliminary evidence about why such an effect might emerge. There was some support for the hypothesis that proenvironmental behavior affects well-being by creating a ?warm glow.? But overall the findings align more closely with the hypothesis that proenvironmental behavior helps to satisfy individuals? basic psychological needs. ∏ The Author(s) 2024.",Article,1,1,0,0,1,1,slider; sum score,
PS_0037,Rude E.D.; Shaddy F.,People Endorse Harsher Policies in Principle Than in Practice: Asymmetric Beliefs About Which Errors to Prevent Versus Fix,2024,Psychological Science,35,5,,529,542,13,https://doi.org/10.1177/09567976241228504,"Countless policies are crafted with the intention of punishing all who do wrong or rewarding only those who do right. However, this requires accommodating certain mistakes: some who do not deserve to be punished might be, and some who deserve to be rewarded might not be. Six preregistered experiments (N = 3,484 U.S. adults) reveal that people are more willing to accept this trade-off in principle, before errors occur, than in practice, after errors occur. The result is an asymmetry such that for punishments, people believe it is more important to prevent false negatives (e.g., criminals escaping justice) than to fix them, and more important to fix false positives (e.g., wrongful convictions) than to prevent them. For rewards, people believe it is more important to prevent false positives (e.g., welfare fraud) than to fix them and more important to fix false negatives (e.g., improperly denied benefits) than to prevent them. ∏ The Author(s) 2024.",Article,1,1,1,1,1,1,binary; sum score,
PS_0038,Wu Q.; Flombaum J.I.,The Motion-Silencing Illusion Depends on Object-Centered Representation,2024,Psychological Science,35,5,,504,516,12,https://doi.org/10.1177/09567976241235104,"Motion silencing is a striking and unexplained visual illusion wherein changes that are otherwise salient become difficult to perceive when the changing elements also move. We develop a new method for quantifying illusion strength (Experiments 1a and 1b), and we demonstrate a privileged role for rotational motion on illusion strength compared with highly controlled stimuli that lack rotation (Experiments 2a to 3b). These contrasts make it difficult to explain the illusion in terms of lower-level detection limits. Instead, we explain the illusion as a failure to attribute changes to locations. Rotation exacerbates the illusion because its perception relies upon structured object representations. This aggravates the difficulty of attributing changes by demanding that locations are referenced relative to both an object-internal frame and an external frame. Two final experiments (4a and 4b) add support to this account by employing a synchronously rotating external frame of reference that diminishes otherwise strong motion silencing. All participants were Johns Hopkins University undergraduates. ∏ The Author(s) 2024.",Article,1,1,0,0,1,0,times,
PS_0039,Yoon Y.R.; Woolley K.,The Interactive Effect of Incentive Salience and Prosocial Motivation on Prosocial Behavior,2024,Psychological Science,35,4,,390,404,14,https://doi.org/10.1177/09567976241234560,"Charities often use incentives to increase prosocial action. However, charities sometimes downplay these incentives in their messaging (pilot study), possibly to avoid demotivating donors. We challenge this strategy, examining whether increasing the salience of incentives for prosocial action can in fact motivate charitable behavior. Three controlled experiments (N = 2,203 adults) and a field study with an alumni-donation campaign (N = 22,468 adults) found that more (vs. less) salient incentives are more effective at increasing prosocial behavior when prosocial motivation is low (vs. high). This is because more (vs. less) salient incentives increase relative consideration of self-interest (vs. other-regarding) benefits, which is a stronger driver of behavior at low (vs. high) levels of prosocial motivation. By identifying that prosocial motivation moderates the effect of incentive salience on charitable behavior, and by detailing the underlying mechanism, we advance theory and practice on incentive salience, motivation, and charitable giving. ∏ The Author(s) 2024.",Article,1,1,1,1,1,1,ordinal; count; binary,
PS_0040,Sargent K.S.; Martinez E.L.; Reed A.C.; Guha A.; Bartholomew M.E.; Diehl C.K.; Chang C.S.; Salama S.; Popov T.; Thayer J.F.; Miller G.A.; Yee C.M.,Oscillatory Coupling Between Neural and Cardiac Rhythms,2024,Psychological Science,35,5,,517,528,11,https://doi.org/10.1177/09567976241235932,"Oscillations serve a critical role in organizing biological systems. In the brain, oscillatory coupling is a fundamental mechanism of communication. The possibility that neural oscillations interact directly with slower physiological rhythms (e.g., heart rate, respiration) is largely unexplored and may have important implications for psychological functioning. Oscillations in heart rate, an aspect of heart rate variability (HRV), show remarkably robust associations with psychological health. Mather and Thayer proposed coupling between high-frequency HRV (HF-HRV) and neural oscillations as a mechanism that partially accounts for such relationships. We tested this hypothesis by measuring phase-amplitude coupling between HF-HRV and neural oscillations in 37 healthy adults at rest. Robust coupling was detected in all frequency bands. Granger causality analyses indicated stronger heart-to-brain than brain-to-heart effects in all frequency bands except gamma. These findings suggest that cardiac rhythms play a causal role in modulating neural oscillations, which may have important implications for mental health. ∏ The Author(s) 2024.",Article,1,0,,,,,,
PS_0041,Townsend C.H.; Mishra S.; Kray L.J.,Not All Powerful People Are Created Equal: An Examination of Gender and Pathways to Social Hierarchy Through the Lens of Social Cognition,2024,Psychological Science,35,9,,962,975,13,https://doi.org/10.1177/09567976241260251,"Across four studies (N = 816 U.S. adults), we uncovered a gender stereotype about dual pathways to social hierarchy: Men were associated with power, and women were associated with status. We detected this pattern both explicitly and implicitly in perceptions of individuals drawn from Forbes magazine?s powerful people lists in undergraduate and online samples. We examined social-cognitive implications, including prominent people?s degree of recognition by individuals and society, and the formation of men?s and women?s self-concepts. We found that power (status) ratings predicted greater recognition of men (women) and lesser recognition of women (men). In terms of the self-concept, we found that women internalized the stereotype associating women with status more than power implicitly and explicitly. Although men explicitly reported having less status and more power than women, men implicitly associated the self with status as much as power. No gender differences emerged in the desires for power and status. ∏ The Author(s) 2024.",Article,1,1,1,0,1,1,binary; sum score; logCount,
PS_0042,Dou W.; Martinez Arango L.J.; Castaneda O.G.; Arellano L.; Mcintyre E.; Yballa C.; Samaha J.,Neural Signatures of Evidence Accumulation Encode Subjective Perceptual Confidence Independent of Performance,2024,Psychological Science,35,7,,760,779,19,https://doi.org/10.1177/09567976241246561,"Confidence is an adaptive computation when environmental feedback is absent, yet there is little consensus regarding how perceptual confidence is computed in the brain. Difficulty arises because confidence correlates with other factors, such as accuracy, response time (RT), or evidence quality. We investigated whether neural signatures of evidence accumulation during a perceptual choice predict subjective confidence independently of these factors. Using motion stimuli, a central-parietal positive-going electroencephalogram component (CPP) behaves as an accumulating decision variable that predicts evidence quality, RT, accuracy, and confidence (Experiment 1, N = 25 adults). When we psychophysically varied confidence while holding accuracy constant (Experiment 2, N = 25 adults), the CPP still predicted confidence. Statistically controlling for RT, accuracy, and evidence quality (Experiment 3, N = 24 adults), the CPP still explained unique variance in confidence. The results indicate that a predecision neural signature of evidence accumulation, the CPP, encodes subjective perceptual confidence in decision-making independent of task performance. ∏ The Author(s) 2024.",Article,1,0,,,,,,
PS_0043,Huang K.-J.,Does Valuing Happiness Lead to Well-Being?,2024,Psychological Science,35,10,,1155,1163,8,https://doi.org/10.1177/09567976241263784,"Happiness has become one of the most important life goals worldwide. However, does valuing happiness lead to better well-being? This study investigates the effect of valuing happiness on well-being using a population-based longitudinal survey of Dutch adults (N = 8,331) from 2019 to 2023. Random-intercept cross-lagged panel models indicated that those who valued happiness generally exhibited higher well-being as manifested by life satisfaction, more positive affect, and less negative affect. However, increases in valuing happiness did not result in changes in life satisfaction 1 year later and had mixed emotional consequences (i.e., increasing both positive and negative affect). Additional analyses using fixed-effects models indicated that valuing happiness had contemporaneous positive effects on well-being. These findings indicate that endorsing happiness goals may have immediate psychological benefits but may not necessarily translate into long-term positive outcomes. ∏ The Author(s) 2024.",Article,0,,,,,,,
PS_0044,Pillaud N.; Ric F.,The Affect Misattribution Procedure Revisited: An Informational Account,2024,Psychological Science,35,12,,1340,1349,9,https://doi.org/10.1177/09567976241287735,"The aim of this research was to test an informational explanation of the effects observed in the affect misattribution procedure (AMP). According to this explanation, participants performing the AMP would simplify the task by asking whether the target is pleasant (yes vs. no) and would use the affective information provided by the prime to answer the question (positive = yes, negative = no). In line with this proposition, we observed in three preregistered experiments that slightly modifying the response options proposed in the task moderated the effect, which can be canceled (Experiment 1) and even reversed (Experiments 2 and 3). These results are consistent with the informational explanation and seem difficult to explain by the operation of misattribution processes. ∏ The Author(s) 2024.",Article,1,1,0,0,1,1,binary,
PS_0045,Deng C.-Z.; Lee H.-C.; Chen L.-Y.A.; Chen S.-H.,The Impact of Relocation Patterns on Psychological Stress,2024,Psychological Science,35,6,,597,612,15,https://doi.org/10.1177/09567976241239915,"This study investigated how relocation patterns affect disaster survivors? psychological stress on the diverse durations and spaces of relocation. It analyzed a 10-year data set of 1,236 families affected by 2009?s Typhoon Morakot in Taiwan, identifying six relocation patterns through dynamic time warping (DTW). A hierarchical linear model was utilized, revealing the discernible impacts of environmental factors, sociocultural factors, and family-level socioeconomic factors on psychological stress. The study revealed that survivors who quickly found stable residences after the disaster initially experienced lower stress levels, but in the long term, their stress increased. Conversely, those with unstable residences experienced higher initial stress but lower long-term stress. Comparing similar patterns, we found that survivors who had more time for preparation and who sought opportunities, coped, or adapted to secondary stressors before long-distance relocation faced lower stress levels. These findings suggest that relocation patterns have a greater impact on the psychosocial stress of disaster survivors than time or relocation distance. ∏ The Author(s) 2024.",Article,1,0,,,,,,
PS_0046,Wald K.A.; Abraham M.; Pike B.; Galinsky A.D.,Gender Differences in Climbing up the Ladder: Why Experience Closes the Ambition Gender Gap,2024,Psychological Science,35,11,,1287,1307,20,https://doi.org/10.1177/09567976241266778,"Women are unequally represented in the highest positions in society. Beyond discrimination and bias, women are missing from the top because they are less likely to pursue high-ranking opportunities. We propose that experience is a critical moderator of gender differences in pursuing leadership opportunities, with low-experience women being particularly unlikely to seek higher level positions. We used field analyses of 96 years of U.S. senator and governor elections to examine male and female politicians? propensity to run for higher political offices. As predicted, among those with little political experience, women were less likely than men to run for higher office, but experience closed this gender gap. A preregistered experiment among U.S.-based adults replicated the field findings and revealed that it was the increased self-confidence of experienced women that reduced the gender gap. The findings suggest experience, and the self-confidence that comes with it, is one lever for closing the gender gap in seeking to climb professional hierarchies. ∏ The Author(s) 2024.",Article,1,1,1,1,1,1,binary; ordinal; sum score,
PS_0047,Robertson C.E.; Akles M.; Van Bavel J.J.,Preregistered Replication and Extension of ?Moral Hypocrisy: Social Groups and the Flexibility of Virtue?,2024,Psychological Science,35,7,,798,813,15,https://doi.org/10.1177/09567976241246552,"The tendency for people to consider themselves morally good while behaving selfishly is known as moral hypocrisy. Influential work by Valdesolo and DeSteno (2007) found evidence for intergroup moral hypocrisy such that people were more forgiving of transgressions when they were committed by an in-group member than an out-group member. We conducted two experiments to examine moral hypocrisy and group membership in an online paradigm with Prolific workers from the United States: a direct replication of the original work with minimal groups (N = 610; nationally representative) and a conceptual replication with political groups (N = 606; 50% Democrats and 50% Republicans). Although the results did not replicate the original findings, we observed evidence of in-group favoritism in minimal groups and out-group derogation in political groups. The current research finds mixed evidence of intergroup moral hypocrisy and has implications for understanding the contextual dependencies of intergroup bias and partisanship. ∏ The Author(s) 2024.",Article,1,1,0,0,1,1,ordinal,
PS_0048,Semin G.R.; DePhillips M.; Gomes N.,Investigating Inattentional Blindness Through the Lens of Fear Chemosignals,2024,Psychological Science,35,1,,72,81,9,https://doi.org/10.1177/09567976231213572,"Inattentional blindness is a phenomenon wherein people fail to perceive obvious stimuli within their vision, sometimes leading to dramatic consequences. Research on the effects of fear chemosignals suggests that they facilitate receivers? sensory acquisition. We aimed to examine the interplay between these phenomena, investigating whether exposure to fear chemosignals (vs. rest body odors) can reduce the inattentional-blindness handicap. Utilizing a virtual-reality aquarium, we asked participants to count how many morsels a school of fish consumed while two unexpected stimuli swam by. We predicted that participants exposed to fear chemosignals (N = 131) would detect unexpected stimuli significantly more often than participants exposed to rest body odors (N = 125). All participants were adult Portuguese university students aged 18 to 40 years. The results confirmed our hypothesis, ?2(1) = 6.10, p =.014, revealing that exposure to fear chemosignals significantly increased the detection of unexpected stimuli by about 10%. The implications of our findings open a novel avenue for reducing the adverse consequences of inattentional blindness. ∏ The Author(s) 2023.",Article,1,0,,,,,,
PS_0049,Hillman H.; Botthof T.; Forrence A.D.; McDougle S.D.,Dissociable Codes in Motor Working Memory,2024,Psychological Science,35,2,,150,161,11,https://doi.org/10.1177/09567976231221756,"Working memory has been comprehensively studied in sensory domains, like vision, but little attention has been paid to how motor information (e.g., kinematics of recent movements) is maintained and manipulated in working memory. ?Motor working memory? (MWM) is important for short-term behavioral control and skill learning. Here, we employed tasks that required participants to encode and recall reaching movements over short timescales. We conducted three experiments (N = 65 undergraduates) to examine MWM under varying cognitive loads, delays, and degrees of interference. The results support a model of MWM that includes an abstract code that flexibly transfers across effectors, and an effector-specific code vulnerable to interfering movements, even when interfering movements are irrelevant to the task. Neither code was disrupted by increasing visuospatial working memory load. These results echo distinctions between representational formats in other domains, suggesting that MWM shares a basic computational structure with other working memory subsystems. ∏ The Author(s) 2024.",Article,1,1,0,0,1,0,distance; variability,
PS_0050,Zhang X.; Bloom P.; Jara-Ettinger J.,People Have Systematically Different Ownership Intuitions in Seemingly Simple Cases,2024,Psychological Science,35,8,,858,871,13,https://doi.org/10.1177/09567976241240424,"Our understanding of ownership influences how we interact with objects and with each other. Here, we studied people?s intuitions about ownership transfer using a set of simple, parametrically varied events. We found that people (N = 120 U.S. adults) had similar intuitions about ownership for some events but sharply opposing intuitions for others (Experiment 1). People (N = 120 U.S. adults) were unaware of these conflicts and overestimated ownership consensus (Experiment 2). Moreover, differences in people?s ownership intuitions predicted their intuitions about the acceptability of using, altering, controlling, and destroying the owned object (N = 130 U.S. adults; Experiment 3), even when ownership was not explicitly mentioned (N = 130 U.S. adults; Experiment 4). Subject-level analyses suggest that these disagreements reflect at least two underlying intuitive theories, one in which intentions are central to ownership and another in which physical possession is prioritized. ∏ The Author(s) 2024.",Article,1,0,,,,,,
PS_0051,Woitzel J.; Alves H.,The Formation of Negative Attitudes Toward Novel Groups,2024,Psychological Science,35,6,,613,622,9,https://doi.org/10.1177/09567976241239932,"People perceive out-groups, minorities, and novel groups more negatively than in-groups, majorities, and familiar groups. Previous research has argued that such intergroup biases may be caused by the order in which people typically encounter social groups. Groups that are relatively novel to perceivers (e.g., out-groups, minorities) are primarily associated with distinct attributes that differentiate them from familiar groups. Because distinct attributes are typically negative, attitudes toward novel groups are negatively biased. Five experiments (N = 2,615 adults) confirmed the generalizability of the novel groups? disadvantage to different aspects of attitude formation (i.e., evaluations, memory, stereotyping), to cases with more than two groups, and to cases in which groups were majority/minority or in-groups/out-groups. Our findings revealed a remarkably robust influence of learning order in the formation of group attitudes, and they imply that people often perceive novel groups more negatively than they actually are. ∏ The Author(s) 2024.",Article,1,1,1,1,1,1,ordinal; binary,
PS_0052,Kathios N.; Sachs M.E.; Zhang E.; Ou Y.; Loui P.,Generating New Musical Preferences From Multilevel Mapping of Predictions to Reward,2024,Psychological Science,35,1,,34,54,20,https://doi.org/10.1177/09567976231214185,"Much of what we know and love about music hinges on our ability to make successful predictions, which appears to be an intrinsically rewarding process. Yet the exact process by which learned predictions become pleasurable is unclear. Here we created novel melodies in an alternative scale different from any established musical culture to show how musical preference is generated de novo. Across nine studies (n = 1,185), adult participants learned to like more frequently presented items that adhered to this rapidly learned structure, suggesting that exposure and prediction errors both affected self-report liking ratings. Learning trajectories varied by music-reward sensitivity but were similar for U.S. and Chinese participants. Furthermore, functional MRI activity in auditory areas reflected prediction errors, whereas functional connectivity between auditory and medial prefrontal regions reflected both exposure and prediction errors. Collectively, results support predictive coding as a cognitive mechanism by which new musical sounds become rewarding. ∏ The Author(s) 2023.",Article,1,1,0,0,1,1,ordinal; cor,
PS_0053,Nair K.; Mosleh M.; Kouchaki M.,Racial Minorities Face Discrimination From Across the Political Spectrum When Seeking to Form Ties on Social Media: Evidence From a Field Experiment,2024,Psychological Science,35,11,,1278,1286,8,https://doi.org/10.1177/09567976241274738,"We conducted a preregistered field experiment examining racial discrimination in tie formation on social media. We randomly assigned research accounts varying on race (Black, White) and politics (liberal/Democrat, conservative/Republican, neutral) to follow a politically balanced sample of Twitter (i.e., X) users (N = 5,951) who were unaware they were in a research study. We examined three predictions from the social and political psychology literatures: i) individuals favor White over Black targets, ii) this tendency is stronger for conservatives/Republicans than for liberals/Democrats, and iii) greater discrimination by conservatives/Republicans is explained by the assumption that racial minorities are liberal/Democrat. We found evidence that individuals were less likely to reciprocate social ties with Black accounts than White accounts. However, this tendency was not moderated by individuals? political orientation, shared partisanship, or partisan mismatch. In sum, this work provides field experimental evidence for racial discrimination in tie formation on social media by individuals across political backgrounds. ∏ The Author(s) 2024.",Article,1,1,0,0,1,0,binary,
PS_0054,Stern J.; KrÑmer M.D.; Schumacher A.; MacDonald G.; Richter D.,Differences Between Lifelong Singles and Ever-Partnered Individuals in Big Five Personality Traits and Life Satisfaction,2024,Psychological Science,35,12,,1364,1381,17,https://doi.org/10.1177/09567976241286865,"Being romantically partnered is widely seen as a societal norm, and it has been shown to be positively associated with important life outcomes, such as physical and mental health. However, the percentage of singles is steadily increasing, with more people staying single for life. We used the Survey of Health, Ageing and Retirement in Europe (SHARE; N = 77,064, mainly ? 50 years, 27 countries) to investigate Big Five personality traits and life satisfaction in lifelong singles compared with ever-partnered individuals. Specification-curve analyses suggested that lifelong singles were less extraverted, less conscientious, less open to experiences (dependent on singlehood definition), and less satisfied with their lives. Effects were stronger for never-partnered than for never-cohabitating or never-married individuals and were partly moderated by gender, age, country-level singlehood, and gender ratio. Our study provides insights into the characteristics of lifelong singles and has implications for understanding mental health and structures of social support in older individuals. ∏ The Author(s) 2024.",Article,1,1,0,0,1,1,sum scores; slider,
PS_0055,KrÑmer M.D.; Bleidorn W.,The Well-Being Costs of Informal Caregiving,2024,Psychological Science,35,12,,1382,1394,12,https://doi.org/10.1177/09567976241279203,"How does informal care affect caregivers? well-being? Theories and existing research provide conflicting answers to this question, partly because the temporal processes and conditions under which different aspects of well-being are affected are unknown. Here, we used longitudinal data from Dutch, German, and Australian representative panels (281,884 observations, 28,663 caregivers) to examine theoretically derived hypotheses about changes in caregivers? life satisfaction, affective experiences, depression/anxiety, and loneliness. Overall, results provided evidence for negative well-being effects after the transition into a caregiver role, with more pronounced and longer-lasting well-being losses in women than in men. We further found that well-being losses were larger with more time spent on caregiving, in both men and women. These results were robust across moderators of the caregiving context (care tasks, relationship with care recipient, and full-time employment). Together, the present findings support predictions of stress theory and highlight lingering questions in theoretical frameworks of care-related well-being costs. ∏ The Author(s) 2024.",Article,1,1,0,0,1,1,,
PS_0056,Ji H.; Wang K.; Kong G.; Zhang X.; He W.; Ding X.,"The Basic Units of Working Memory Manipulation Are Boolean Maps, Not Objects",2024,Psychological Science,35,8,,887,899,12,https://doi.org/10.1177/09567976241257443,"Determining the manipulation unit of working memory is one of the fundamental questions in understanding how working memory functions. The prevalent object-based theory in cognitive research predicts that memory manipulation is performed on the level of objects. Here we show instead that the basic units of working memory manipulation are Boolean maps, a data structure describing what can be perceived in an instant. We developed four new manipulation tasks (with data from 80 adults) and showed that manipulation times only increased when the number of Boolean maps manipulated increased. Increasing the number of orientations manipulated did not induce longer manipulation times, consistent with a key prediction of the Boolean map theory. Our results show that Boolean maps are the manipulation unit of working memory. ∏ The Author(s) 2024.",Article,1,1,0,1,1,1,times; binary,
PS_0057,Merrell W.N.; Choi S.; Ackerman J.M.,When and Why People Conceal Infectious Disease,2024,Psychological Science,35,3,,215,225,10,https://doi.org/10.1177/09567976231221990,"People sick with infectious illnesses face negative social outcomes, like exclusion, and may take steps to conceal their illnesses from others. In 10 studies of past, current, and projected illness, we examined the prevalence and predictors of infection concealment in adult samples of U.S. university students, health-care employees, and online crowdsourced workers (total N = 4,110). About 75% reported concealing illness in interpersonal interactions, possibly placing others in harm?s way. Concealment motives were largely social (e.g., wanting to attend events like parties) and achievement oriented (e.g., completing work objectives). Disease characteristics, including potential harm and illness immediacy, also influenced concealment decisions. People imagining harmful (vs. mild) infections concealed illness less frequently, whereas participants who were actually sick concealed frequently regardless of illness harm, suggesting state-specific biases underlying concealment decisions. Disease concealment appears to be a widely prevalent behavior by which concealers trade off risks to others in favor of their own goals, creating potentially important public-health consequences. ∏ The Author(s) 2024.",Article,1,1,0,0,1,1,sum scores,
PS_0058,Dai B.; Zhai Y.; Long Y.; Lu C.,How the Listener?s Attention Dynamically Switches Between Different Speakers During a Natural Conversation,2024,Psychological Science,35,6,,635,652,17,https://doi.org/10.1177/09567976241243367,"The neural mechanisms underpinning the dynamic switching of a listener?s attention between speakers are not well understood. Here we addressed this issue in a natural conversation involving 21 triadic adult groups. Results showed that when the listener?s attention dynamically switched between speakers, neural synchronization with the to-be-attended speaker was significantly enhanced, whereas that with the to-be-ignored speaker was significantly suppressed. Along with attention switching, semantic distances between sentences significantly increased in the to-be-ignored speech. Moreover, neural synchronization negatively correlated with the increase in semantic distance but not with acoustic change of the to-be-ignored speech. However, no difference in neural synchronization was found between the listener and the two speakers during the phase of sustained attention. These findings support the attenuation model of attention, indicating that both speech signals are processed beyond the basic physical level. Additionally, shifting attention imposes a cognitive burden, as demonstrated by the opposite fluctuations of interpersonal neural synchronization. ∏ The Author(s) 2024.",Article,1,1,0,0,0,,distance,
PS_0059,Zhong C.; Qu Z.; Yang N.; Sun M.; Wang Y.; Ding Y.,Susceptibility to Attentional Capture by Target-Matching Distractors Predicts High Visual Working Memory Capacity,2024,Psychological Science,35,11,,1203,1216,13,https://doi.org/10.1177/09567976241279520,"Recent event-related potential (ERP) studies showed that individuals with low visual working memory (VWM) capacity are more susceptible to salience-driven attentional capture than high-capacity individuals are, with the latter being able to proactively suppress salient but irrelevant distractors. However, it remains unclear whether and how contingent attentional capture by distractors that possess a task-relevant (target) feature is related to VWM capacity. Here, we adopted a central focused-attention task that contained peripheral target-matching distractors to investigate this issue (N = 51 adults). Surprisingly, we revealed that target-matching distractors elicited both a larger N2-posterior-contralateral (N2pc) and a larger post-N2pc distractor positivity (PD) component in high-capacity individuals than in low-capacity ones, meaning that high-capacity individuals are less able to ignore such distractors initially, though they could call on a stronger reactive suppression mechanism afterward. These findings illustrate that high-capacity individuals are more (rather than less or equally) susceptible to contingent attention capture compared with low-capacity ones. ∏ The Author(s) 2024.",Article,1,0,,,,,,
PS_0060,Lind M.; Ture S.; McAdams D.P.; Cowan H.R.,"Narrative Identity, Traits, and Trajectories of Depression and Well-Being: A 9-Year Longitudinal Study",2024,Psychological Science,35,12,,1325,1339,14,https://doi.org/10.1177/09567976241296512,"Mental health and well-being tend to improve with age, and personality differences affect these trajectories. Although it is well established that dispositional traits, such as extraversion and neuroticism, relate to well-being, the incremental validity of other important personality constructs, such as narrative identity, remains unknown. Across 9 years, 157 late-midlife adults (Mage = 56.4 years, SD = 0.96) self-reported their well-being and symptoms of depression each year and wrote an annual narrative account describing their greatest life challenge (Nchallenges = 1,211). The narrative accounts were content-coded for themes of agency and communion. Results showed that themes of agency and communion in narrative identity were significantly and uniquely associated with well-being and depression across time, over and above the effects of traits. The benefits of considering both narrative identity and dispositional personality traits as they jointly apply to mental health are discussed. ∏ The Author(s) 2024.",Article,1,1,0,0,1,1,sum scores,
PS_0061,Golec de Zavala A.; Keenan O.; Ziegler M.; Mazurkiewicz M.; Nalberczak-Sk¢ra M.; Ciesielski P.; Wahl J.E.; Sedikides C.,Mindful-Gratitude Practice Reduces Prejudice at High Levels of Collective Narcissism,2024,Psychological Science,35,2,,137,149,12,https://doi.org/10.1177/09567976231220902,"This research tested the hypothesis that mindful-gratitude practice attenuates the robust association between collective narcissism and prejudice. In Study 1 (a between-subjects study using a nationally representative sample of 569 Polish adults; 313 female), 10 min of mindful-gratitude practice?compared to mindful-attention practice and control?did not decrease prejudice (anti-Semitism), but weakened the positive link between collective narcissism and prejudice. In Study 2 (a preregistered, randomized, controlled-trial study using a convenience sample of 219 Polish adults; 168 female), a 6-week mobile app supported training in daily mindful-gratitude practice decreased prejudice (anti-Semitism, sexism, homophobia, anti-immigrant sentiment) and its link with collective narcissism compared to a wait-list control. The hypothesis-consistent results emphasize the social relevance of mindful-gratitude practice, a time- and cost-effective intervention. ∏ The Author(s) 2024.",Article,1,1,0,0,1,1,sum scores,
PS_0062,McEllin L.; Sebanz N.,Synchrony Influences Estimates of Cooperation in a Public-Goods Game,2024,Psychological Science,35,2,,202,212,10,https://doi.org/10.1177/09567976231223410,"Benefiting from a cooperative interaction requires people to estimate how cooperatively other members of a group will act so that they can calibrate their own behavior accordingly. We investigated whether the synchrony of a group?s actions influences observers? estimates of cooperation. Participants (recruited through Prolific) watched animations of actors deciding how much to donate in a public-goods game and using a mouse to drag donations to a public pot. Participants then estimated how much was in the pot in total (as an index of how cooperative they thought the group members were). Experiment 1 (N = 136 adults) manipulated the synchrony between players? decision-making time, and Experiment 2 (N = 136 adults) manipulated the synchrony between players? decision-implementing movements. For both experiments, estimates of how much was in the pot were higher for synchronous than asynchronous groups, demonstrating that the temporal dynamics of an interaction contain signals of a group?s level of cooperativity. ∏ The Author(s) 2024.",Article,1,1,0,0,1,1,slider-like,
PS_0063,Cornell C.A.; Norman K.A.; Griffiths T.L.; Zhang Q.,Improving Memory Search Through Model-Based Cue Selection,2024,Psychological Science,35,1,,55,71,16,https://doi.org/10.1177/09567976231215298,"We often use cues from our environment when we get stuck searching our memories, but prior research has failed to show benefits of cuing with other, randomly selected list items during memory search. What accounts for this discrepancy? We proposed that cues? content critically determines their effectiveness and sought to select the right cues by building a computational model of how cues affect memory search. Participants (N = 195 young adults from the United States) recalled significantly more items when receiving our model?s best (vs. worst) cue. Our model provides an account of why some cues better aid recall: Effective cues activate contexts most similar to the remaining items? contexts, facilitating recall in an unsearched area of memory. We discuss our contributions in relation to prominent theories about the effect of external cues. ∏ The Author(s) 2024.",Article,1,0,,,,,,
PS_0064,Le Forestier J.M.; Page-Gould E.; Chasteen A.,Identity Concealment May Discourage Health-Seeking Behaviors: Evidence From Sexual-Minority Men During the 2022 Global Mpox Outbreak,2024,Psychological Science,35,2,,126,136,10,https://doi.org/10.1177/09567976231217416,"People who conceal their stigmatized identities often experience worse physical health. One possibility for why is that concealment may render certain health-seeking behaviors more difficult. We tested this possibility during the 2022 global mpox outbreak, a public-health emergency that disproportionately affected sexual-minority men. We recruited adult sexual-minority men from Prolific at two time points near the outbreak?s peak and attenuation (n = 864 and n = 685, respectively). We found that men who concealed their minority sexual orientations were less likely to (a) receive a vaccine to protect against mpox, (b) receive an mpox test, and (c) report having received an mpox vaccine. The relationship between concealment and vaccine receipt was serially mediated by reduced community connectedness and reduced knowledge of mpox resources. We call for thoughtful consideration of how to reach stigmatized groups with public-health resources, inclusive of those who conceal. ∏ The Author(s) 2024.",Article,1,0,,,,,,
PS_0065,Michal A.L.; Shah P.,A Practical Significance Bias in Laypeople?s Evaluation of Scientific Findings,2024,Psychological Science,35,4,,315,327,12,https://doi.org/10.1177/09567976241231506,"People often rely on scientific findings to help them make decisions?however, failing to report effect magnitudes might lead to a potential bias in assuming findings are practically significant. Across two online studies (Prolific; N = 800), we measured U.S. adults? endorsements of expensive interventions described in media reports that led to effects that were small, large, or of unreported magnitude between groups. Participants who viewed interventions with unreported effect magnitudes were more likely to endorse interventions compared with those who viewed interventions with small effects and were just as likely to endorse interventions as those who viewed interventions with large effects, suggesting a practical significance bias. When effect magnitudes were reported, participants on average adjusted their evaluations accordingly. However, some individuals, such as those with low numeracy skills, were more likely than others to act on small effects, even when explicitly prompted to first consider the meaningfulness of the effect. ∏ The Author(s) 2024.",Article,1,1,0,0,1,1,slider,
