"id...1","Authors","Author.full.names","Author.s..ID","Title","Year","Source.title","Volume","Issue","Art..No.","Page.start","Page.end","Page.count","DOI","Link","Abstract","Document.Type","Source","Eligible","Tests_interactions","CD1_Uses_non_identity_link_function","CD1_Explicit_link_function","CD1_Incorrect_identity_link_function","CD1_Finds_significant_interaction","CD1_Response_variable_types","CD1_Notes","CD2_Uses_non_identity_link_function","CD2_Explicit_link_function","CD2_Incorrect_identity_link_function","CD2_Finds_significant_interaction","CD2_Response_variable_types","CD2_Notes","id...33","Uses_non_identity_link_function","Explicit_link_function","Incorrect_identity_link_function","Finds_significant_interaction","Response_variable_types","Notes","Tests_observed_outcome_interactions"
"DS_0001","Zanto T.P.; Giannakopoulou A.; Gallen C.L.; Ostrand A.E.; Younger J.W.; Anguera-Singla R.; Anguera J.A.; Gazzaley A.","Zanto, Theodore P. (26430175700); Giannakopoulou, Anastasia (55925820000); Gallen, Courtney L. (50961097700); Ostrand, Avery E. (57218417866); Younger, Jessica W. (57190439339); Anguera-Singla, Roger (57221744374); Anguera, Joaquin A. (23017788300); Gazzaley, Adam (6602657531)","26430175700; 55925820000; 50961097700; 57218417866; 57190439339; 57221744374; 23017788300; 6602657531","Digital rhythm training improves reading fluency in children",2024,"Developmental Science",27,"3","e13473",NA,NA,NA,"https://doi.org/10.1111/desc.13473","https://www.scopus.com/inward/record.uri?eid=2-s2.0-85181653212&doi=10.1111%2fdesc.13473&partnerID=40&md5=1097d9e0b8908de9d27c4d382a633009","Musical instrument training has been linked to improved academic and cognitive abilities in children, but it remains unclear why this occurs. Moreover, access to instrument training is not always feasible, thereby leaving less fortunate children without opportunity to benefit from such training. Although music-based video games may be more accessible to a broader population, research is lacking regarding their benefits on academic and cognitive performance. To address this gap, we assessed a custom-designed, digital rhythm training game as a proxy for instrument training to evaluate its ability to engender benefits in math and reading abilities. Furthermore, we tested for changes in core cognitive functions related to math and reading to inform how rhythm training may facilitate improved academic abilities. Classrooms of 8–9 year old children were randomized to receive either 6 weeks of rhythm training (N = 32) or classroom instruction as usual (control; N = 21). Compared to the control group, results showed that rhythm training improved reading, but not math, fluency. Assessments of cognition showed that rhythm training also led to improved rhythmic timing and language-based executive function (Stroop task), but not sustained attention, inhibitory control, or working memory. Interestingly, only the improvements in rhythmic timing correlated with improvements in reading ability. Together, these results provide novel evidence that a digital platform may serve as a proxy for musical instrument training to facilitate reading fluency in children, and that such reading improvements are related to enhanced rhythmic timing ability and not other cognitive functions associated with reading performance. Research Highlights: Digital rhythm training in the classroom can improve reading fluency in 8–9 year old children Improvements in reading fluency were positively correlated with enhanced rhythmic timing ability Alterations in reading fluency were not predicted by changes in other executive functions that support reading A digital platform may be a convenient and cost-effective means to provide musical rhythm training, which in turn, can facilitate academic skills. © 2024 The Authors. Developmental Science published by John Wiley & Sons Ltd.","Article","Scopus",1,1,"0",0,1,1,"accuracy/time ratio; standard deviation; average set size recalled (span)",NA,0,0,1,1,"proportions; variability; span",NA,"DS_0001",0,0,1,1,"proportions; standard deviation; span size",NA,1
"DS_0003","Ossmy O.; Han D.; MacAlpine P.; Hoch J.; Stone P.; Adolph K.E.","Ossmy, Ori (55338997600); Han, Danyang (57211441555); MacAlpine, Patrick (55351712200); Hoch, Justine (55539342000); Stone, Peter (7203001213); Adolph, Karen E. (7006292490)","55338997600; 57211441555; 55351712200; 55539342000; 7203001213; 7006292490","Walking and falling: Using robot simulations to model the role of errors in infant walking",2024,"Developmental Science",27,"2","e13449",NA,NA,NA,"https://doi.org/10.1111/desc.13449","https://www.scopus.com/inward/record.uri?eid=2-s2.0-85172117518&doi=10.1111%2fdesc.13449&partnerID=40&md5=5ea1c2088e542e57f6a0872b156f76fb","What is the optimal penalty for errors in infant skill learning? Behavioral analyses indicate that errors are frequent but trivial as infants acquire foundational skills. In learning to walk, for example, falling is commonplace but appears to incur only a negligible penalty. Behavioral data, however, cannot reveal whether a low penalty for falling is beneficial for learning to walk. Here, we used a simulated bipedal robot as an embodied model to test the optimal penalty for errors in learning to walk. We trained the robot to walk using 12,500 independent simulations on walking paths produced by infants during free play and systematically varied the penalty for falling—a level of precision, control, and magnitude impossible with real infants. When trained with lower penalties for falling, the robot learned to walk farther and better on familiar, trained paths and better generalized its learning to novel, untrained paths. Indeed, zero penalty for errors led to the best performance for both learning and generalization. Moreover, the beneficial effects of a low penalty were stronger for generalization than for learning. Robot simulations corroborate prior behavioral data and suggest that a low penalty for errors helps infants learn foundational skills (e.g., walking, talking, and social interactions) that require immense flexibility, creativity, and adaptability. Research Highlights: During infant skill acquisition, errors are commonplace but appear to incur a low penalty; when learning to walk, for example, falls are frequent but trivial. To test the optimal penalty for errors, we trained a simulated robot to walk using real infant paths and systematically manipulated the penalty for falling. Lower penalties in training led to better performance on familiar, trained paths and on novel untrained paths, and zero penalty was most beneficial. Benefits of a low penalty were stronger for untrained than for trained paths, suggesting that discounting errors facilitates acquiring skills that require immense flexibility and generalization. © 2023 The Authors. Developmental Science published by John Wiley & Sons Ltd.","Article","Scopus",1,1,"0",0,1,0,"distance; sum score minus penalty; percentage",NA,0,0,1,0,"proportions; meters",NA,"DS_0003",0,0,1,0,"distance; percentage",NA,1
"DS_0005","Özkan F.E.; Hartwell K.; Köymen B.","Özkan, F. Ece (58108309500); Hartwell, Kirstie (57556256300); Köymen, Bahar (55823427600)","58108309500; 57556256300; 55823427600","A cross-linguistic approach to children's reasoning: Turkish- and English-speaking children's use of metatalk",2024,"Developmental Science",27,"5","e13374",NA,NA,NA,"https://doi.org/10.1111/desc.13374","https://www.scopus.com/inward/record.uri?eid=2-s2.0-85148358590&doi=10.1111%2fdesc.13374&partnerID=40&md5=f9e0d026b3516f7577daa87ac5cde95f","When collaboratively solving problems, children discuss information reliability, for example, whether claims are based on direct or indirect observation, termed as “metatalk”. Unlike English in which evidential marking is optional, languages with obligatory evidential marking such as Turkish, might provide children some advantages in communicating the reliability of their claims. The current preregistered online study investigated Turkish- and English-speaking 3- and 5-year-old children's (N = 144) use of metatalk. The child and the experimenter (E) were asked to decide in which of the two houses a toy was hiding. One house had the toy's footprints. When E left the Zoom meeting, an informant told the child that the toy was in the other house without the footprints in three within-subjects conditions. In the direct-observation condition, the child witnessed the informant move the toy. In the indirect-witness condition, the informant checked both houses and said that the toy was in the other house. In the indirect-hearsay condition, the informant simply said that the toy was in the other house. When E returned, the child had to convince E about how they knew the toy was in the other house using metatalk (e.g., “I saw it move”). Turkish-speaking children used metatalk more often than did English-speaking children, especially in the direct-observation condition. In the two indirect conditions, both groups of 5-year-olds were similar in their use of metatalk, but Turkish speaking 3-year-olds produced metatalk more often than did English-speaking 3-year-olds. Thus, languages with obligatory evidential marking might facilitate children's collaborative reasoning. Research Highlights: Children as young as 3 years of age can produce metatalk. Turkish-speaking children produce metatalk more often than English-speaking children. The difference between the two linguistic groups is more pronounced at age 3. © 2023 The Authors. Developmental Science published by John Wiley & Sons Ltd.","Article","Scopus",1,1,"1",0,0,NA,"binary",NA,1,0,0,NA,"binary",NA,"DS_0005",1,0,0,NA,"binary",NA,1
"DS_0006","Gönül B.; Sahin-Acar B.; Killen M.","Gönül, Buse (57211014492); Sahin-Acar, Basak (56268767000); Killen, Melanie (7004441194)","57211014492; 56268767000; 7004441194","Perceived contact with friends from lower socioeconomic status reduces exclusion based on social class",2024,"Developmental Science",27,"5","e13440",NA,NA,NA,"https://doi.org/10.1111/desc.13440","https://www.scopus.com/inward/record.uri?eid=2-s2.0-85168863061&doi=10.1111%2fdesc.13440&partnerID=40&md5=e7b66b08a6b83f329a5c51c7cf6bb612","This study investigated children's and adolescents’ reasoning about intergroup exclusion based on social class from educational opportunities in Türkiye. The role of children's and adolescents’ perceived contact with friends from different socioeconomic backgrounds on their evaluations of exclusion and personal solutions to the exclusion was also examined. Participants (N = 270) included 142 children (8–10 years old, Mage = 9.80; SD = 0.82; 53.5% girls) and 128 adolescents (14–16 years old, Mage = 15.46; SD = 0.91, 61.7% girls) from lower (N = 144) and higher (N = 126) socioeconomic backgrounds. Results showed that while most participants viewed social class-based exclusion as wrong, adolescents were more likely to view it as wrong than were children. Adolescents from lower SES approached social class-based exclusion as less acceptable than did adolescents from higher SES who referred to expectations about conformity to authority and the status quo. Moderation analyses showed that for adolescents from higher SES, higher perceived contact with friends from lower SES was associated with decreased acceptability of exclusion and increased motivation to provide equity. Research Highlights: Overall, adolescents living in a country with economic instability evaluated social class-based exclusion from educational opportunities among peers as unfair and wrong. Adolescents from lower SES viewed social class-based exclusion as less acceptable than did adolescents from higher SES. Adolescents from higher SES expected that excluders’ intentions were motivated by conforming to authority and supporting the status quo more frequently than did children. For adolescents from higher SES, perceived contact with friends from lower SES was associated with decreased acceptability of exclusion and increased motivation to provide equity. © 2023 The Authors. Developmental Science published by John Wiley & Sons Ltd.","Article","Scopus",1,1,"0",0,1,1,"sum score",NA,0,0,1,1,"sum scores","ordinal?","DS_0006",0,0,1,1,"sum scores",NA,1
"DS_0012","Bowman L.C.; Brandone A.C.","Bowman, Lindsay C. (27667452600); Brandone, Amanda C. (24381773000)","27667452600; 24381773000","Neural correlates of preschoolers’ passive-viewing false belief: Insights into continuity and change and the function of right temporoparietal activity in theory of mind development",2024,"Developmental Science",27,"6","e13530",NA,NA,NA,"https://doi.org/10.1111/desc.13530","https://www.scopus.com/inward/record.uri?eid=2-s2.0-85196662969&doi=10.1111%2fdesc.13530&partnerID=40&md5=190666ea42bff22121e040a1ceaba3b7","Behavioral research demonstrates a critical transition in preschooler's mental-state understanding (i.e., theory of mind; ToM), revealed most starkly in performance on tasks about a character's false belief (e.g., about an object's location). Questions remain regarding the neural and cognitive processes differentiating children who pass versus fail behavioral false-belief tasks and the extent to which there is continuity versus change in the ToM neural network. To address these questions, we analyzed event-related spectral power in the electroencephalogram (EEG) to investigate how preschoolers’ neural activity during passive viewing of false-belief scenarios related to their explicit behavioral ToM performance. We found that neural activity during passive viewing of false-belief events (6–9 Hz EEG ‘alpha’ suppression in right temporoparietal [RTP] electrodes) strongly related to children's explicit ToM. However, children's RTP alpha suppression differed depending on their explicit behavioral ToM performance: Children who did better on a broad battery of standard ToM tasks and who passed explicit behavioral false-belief tasks showed greater RTP alpha suppression when the character's belief first became false (during the ‘location-change’ event); whereas children who did worse on the ToM battery and who failed explicit behavioral false-belief tasks showed greater RTP alpha suppression only later when they could evaluate the character's behavior in the context of prior events (during the ‘active-search’ event). Findings shed light on what differentiates preschoolers who pass versus fail explicit false-belief tasks and raise questions about how to interpret existing neuroscience data from ToM tasks across infancy to adulthood. Research Highlights: Preschool children's neural activity (EEG 6–9 Hz suppression in right temporoparietal [RTP] electrodes) during passive-viewing of false-belief events was related to their explicit behavioral theory-of-mind performance. Children who did better on a theory-of-mind (ToM) battery and passed explicit false-belief tasks showed greater RTP alpha suppression when the character's belief first became false. Children who performed worse on the ToM battery and failed explicit false-belief tasks showed greater RTP alpha suppression later when observing the character's search behavior. Findings reveal change in preschoolers’ ToM neural correlates and suggest that the presence of RTP activity does not necessarily indicate ‘mature’ theory of mind. © 2024 The Author(s). Developmental Science published by John Wiley & Sons Ltd.","Article","Scopus",1,1,"0",0,0,NA,"amplitude",NA,0,0,0,NA,"amplitude","Event-related alpha suppression (differenza?)","DS_0012",0,0,0,NA,"amplitude",NA,1
"DS_0013","Hassan R.; Schmidt L.A.","Hassan, Raha (57201338044); Schmidt, Louis A. (57220789031)","57201338044; 57220789031","A dyadic investigation of shy children's behavioral and affective responses to delivering a speech",2024,"Developmental Science",27,"6","e13558",NA,NA,NA,"https://doi.org/10.1111/desc.13558","https://www.scopus.com/inward/record.uri?eid=2-s2.0-85201562636&doi=10.1111%2fdesc.13558&partnerID=40&md5=c223cf96c85111a87ea9e822952e7afc","Shyness is typically associated with avoidant social behavior and restricted affect in new social situations. However, we know considerably less about how one child's shyness influences another child's behavior and affect in new social situations. Children's shyness was parent-reported when children were age 3 (N = 105, 52 girls, Mage= 3.50 years), and children were tested approximately 1 year later (Mage= 4.76 years) in same-gender dyads where they were asked to give an impromptu speech about their most recent birthday in front of an experimenter and the other member of the dyad. We examined whether children's shyness and speech order influenced their own and their social partner's observed behavior and affect during the speech. Regardless of speech order, children's own shyness was positively associated with their own avoidant social behavior and gaze aversion. Regardless of shyness, children who gave their speech second averted their gaze more than children who gave their speech first. We also found that children who gave their speech second displayed less positive affect if their social partner who they watched give the speech first was shyer. We speculate that some 4-year-old children may be sensitive to the avoidant behaviors of their shy peers and, in turn, respond with less animation when it is their turn to participate in the same activity. Research Highlights: We examined whether preschool children's shyness and speech order influenced their own and their social partner's observed behavior and affect during a dyadic speech task Children's own shyness was positively associated with their own avoidant social behavior and gaze aversion Children who gave their speech second averted their gaze more than children who gave their speech first. Children who gave their speech second displayed less positive affect if their social partner who they watched give a speech first was shyer These findings suggest that preschool-aged children are sensitive to learning about their environment indirectly through social observation. © 2024 John Wiley & Sons Ltd.","Article","Scopus",1,1,"0",0,1,1,"proportion, sum scores, mean times","proportion for positive affect (actually seconds, but out of 60); sum scores for observed gaze aversion, which is coded every 10 seconds for 60 seconds; mean times for observed behavioral avoidance",0,0,1,1,"count; times",NA,"DS_0013",0,0,1,1,"times; count",NA,1
"DS_0014","Keshavarzi M.; Di Liberto G.M.; Gabrielczyk F.; Wilson A.; Macfarlane A.; Goswami U.","Keshavarzi, Mahmoud (55657249300); Di Liberto, Giovanni M. (56893669400); Gabrielczyk, Fiona (57302033100); Wilson, Angela (57199229248); Macfarlane, Annabel (57302983800); Goswami, Usha (7004856869)","55657249300; 56893669400; 57302033100; 57199229248; 57302983800; 7004856869","Atypical speech production of multisyllabic words and phrases by children with developmental dyslexia",2024,"Developmental Science",27,"1","e13428",NA,NA,NA,"https://doi.org/10.1111/desc.13428","https://www.scopus.com/inward/record.uri?eid=2-s2.0-85163592227&doi=10.1111%2fdesc.13428&partnerID=40&md5=14d0a8b68192ddba31f6bf752afe90ee","The prevalent ""core phonological deficit"" model of dyslexia proposes that the reading and spelling difficulties characterizing affected children stem from prior developmental difficulties in processing speech sound structure, for example, perceiving and identifying syllable stress patterns, syllables, rhymes and phonemes. Yet spoken word production appears normal. This suggests an unexpected disconnect between speech input and speech output processes. Here we investigated the output side of this disconnect from a speech rhythm perspective by measuring the speech amplitude envelope (AE) of multisyllabic spoken phrases. The speech AE contains crucial information regarding stress patterns, speech rate, tonal contrasts and intonational information. We created a novel computerized speech copying task in which participants copied aloud familiar spoken targets like “Aladdin.” Seventy-five children with and without dyslexia were tested, some of whom were also receiving an oral intervention designed to enhance multi-syllabic processing. Similarity of the child's productions to the target AE was computed using correlation and mutual information metrics. Similarity of pitch contour, another acoustic cue to speech rhythm, was used for control analyses. Children with dyslexia were significantly worse at producing the multi-syllabic targets as indexed by both similarity metrics for computing the AE. However, children with dyslexia were not different from control children in producing pitch contours. Accordingly, the spoken production of multisyllabic phrases by children with dyslexia is atypical regarding the AE. Children with dyslexia may not appear to listeners to exhibit speech production difficulties because their pitch contours are intact. Research Highlights: Speech production of syllable stress patterns is atypical in children with dyslexia. Children with dyslexia are significantly worse at producing the amplitude envelope of multi-syllabic targets compared to both age-matched and reading-level-matched control children. No group differences were found for pitch contour production between children with dyslexia and age-matched control children. It may be difficult to detect speech output problems in dyslexia as pitch contours are relatively accurate. © 2023 The Authors. Developmental Science published by John Wiley & Sons Ltd.","Article","Scopus",1,1,"0",0,0,NA,"cor","transformed correlations and information values using Gaussian kernel estimator",0,0,1,0,"cor","Mutual Information (MI) ??","DS_0014",0,0,1,0,"cor",NA,1
"DS_0017","Symeonidou M.; Mizokawa A.; Kabaya S.; Doherty M.J.; Ross J.","Symeonidou, Mariel (58479905300); Mizokawa, Ai (23985540800); Kabaya, Shinsuke (58480281300); Doherty, Martin J. (7203078266); Ross, Josephine (7404966637)","58479905300; 23985540800; 58480281300; 7203078266; 7404966637","Contrasting one's share of the shared life space: Comparing the roles of metacognition and inhibitory control in the development of theory of mind among Scottish and Japanese children",2024,"Developmental Science",27,"5","e13417",NA,NA,NA,"https://doi.org/10.1111/desc.13417","https://www.scopus.com/inward/record.uri?eid=2-s2.0-85164327869&doi=10.1111%2fdesc.13417&partnerID=40&md5=ff0f056a8a5e7121a1a30496af6571cd","Cultural comparisons suggest that an understanding of other minds may develop sooner in independent versus interdependent settings, and vice versa for inhibitory control. From a western lens, this pattern might be considered paradoxical, since there is a robust positive relationship between theory of mind (ToM) and inhibitory control in western samples. In independent cultures, an emphasis on one's own mind offers a clear route to ‘simulate’ other minds, and inhibitory control may be required to set aside one's own perspective to represent the perspective of others. However, in interdependent cultures, social norms are considered the key catalyst for behaviour, and metacognitive reflection and/or suppression of one's own perspective may not be necessary. The cross-cultural generalizability of the western developmental route to ToM is therefore questionable. The current study used an age-matched cross-sectional sample to contrast 56 Japanese and 56 Scottish 3–6-year-old's metacognition, ToM and inhibitory control skills. We replicated the expected cultural patterns for ToM (Scotland > Japan) and inhibitory control (Japan > Scotland). Supporting western developmental enrichment theories, we find that inhibitory control and metacognition predict theory of mind competence in Scotland. However, these variables cannot be used to predict Japanese ToM. This confirms that individualistic mechanisms do not capture the developmental mechanism underlying ToM in Japan, highlighting a bias in our understanding of ToM development. Research Highlights: We replicate an independent cultural advantage for theory of mind (Scotland > Japan) and interdependent advantage for inhibitory control (Japan > Scotland). From a western lens, this pattern might be considered paradoxical, since there is a robust positive relationship between theory of mind and inhibitory control. Supporting western developmental enrichment theories, we find that the development of inhibitory control mediates the link between metacognition and theory of mind in Scotland. However, this model does not predict Japanese theory of mind, highlighting an individualistic bias in our mechanistic understanding of theory of mind development. © 2023 The Authors. Developmental Science published by John Wiley & Sons Ltd.","Article","Scopus",1,1,"0",0,1,1,"binary, sum scores","ToM (0-9); inhibitory control",0,0,1,1,"proportion","They calculate the proportions of correct answers","DS_0017",0,0,1,1,"binary",NA,1
"DS_0018","Tang Y.; Gonzalez M.R.; Deák G.O.","Tang, Yueyan (58537283500); Gonzalez, Marybel Robledo (57192811431); Deák, Gedeon O. (7005293862)","58537283500; 57192811431; 7005293862","The slow emergence of gaze- and point-following: A longitudinal study of infants from 4 to 12 months",2024,"Developmental Science",27,"3","e13457",NA,NA,NA,"https://doi.org/10.1111/desc.13457","https://www.scopus.com/inward/record.uri?eid=2-s2.0-85176249021&doi=10.1111%2fdesc.13457&partnerID=40&md5=ffe5c3da8ef06019c2dec111b64b9d38","Acquisition of visual attention-following skills, notably gaze- and point-following, contributes to infants' ability to share attention with caregivers, which in turn contributes to social learning and communication. However, the development of gaze- and point-following in the first 18 months remains controversial, in part because of different testing protocols and standards. To address this, we longitudinally tested N = 43 low-risk, North American middle-class infants' tendency to follow gaze direction, pointing gestures, and gaze-and-point combinations. Infants were tested monthly from 4 to 12 months of age. To control motivational differences, infants were taught to expect contingent reward videos in the target locations. No-cue trials were included to estimate spontaneous target fixation rates. A comparison sample (N = 23) was tested at 9 and 12 months to estimate practice effects. Results showed gradual increases in both gaze- and point-following starting around 7 months, and modest month-to-month individual stability from 8 to 12 months. However, attention-following did not exceed chance levels until after 6 months. Infants rarely followed cues to locations behind them, even at 12 months. Infants followed combined gaze-and-point cues more than gaze alone, and followed points at intermediate levels (not reliably different from the other cues). The comparison group's results showed that practice effects did not explain the age-related increase in attention-following. The results corroborate and extend previous findings that North American middle-class infants' attention-following in controlled laboratory settings increases slowly and incrementally between 6 and 12 months of age. Research Highlights: A longitudinal experimental study documented the emergence and developmental trajectories of North American middle-class infants' visual attention-following skills, including gaze-following, point-following, and gaze-and-point-following. A new paradigm controlled for factors including motivation, attentiveness, and visual-search baserates. Motor development was ruled out as a predictor or limiter of the emergence of attention-following. Infants did not follow attention reliably until after 6 months, and following increased slowly from 7 to 12 months. Infants' individual trajectories showed modest month-to-month stability from 8 to 12 months of age. © 2023 The Authors. Developmental Science published by John Wiley & Sons Ltd.","Article","Scopus",1,1,"0",0,1,1,"binary","proportion correct",0,0,1,1,"proportion","Proportion of correct answers (binary?)","DS_0018",0,0,1,1,"binary",NA,1
"DS_0021","Tyborowska A.; Volman I.; Niermann H.C.M.; Dapprich A.L.; Smeekens S.; Cillessen A.H.N.; Toni I.; Roelofs K.","Tyborowska, Anna (55841635900); Volman, Inge (26659316500); Niermann, Hannah C. M. (57193067726); Dapprich, Anna L. (57223956176); Smeekens, Sanny (16647081300); Cillessen, Antonius H. N. (6602876074); Toni, Ivan (6603768534); Roelofs, Karin (35585571200)","55841635900; 26659316500; 57193067726; 57223956176; 16647081300; 6602876074; 6603768534; 35585571200","Developmental shift in testosterone influence on prefrontal emotion control",2024,"Developmental Science",27,"1","e13415",NA,NA,NA,"https://doi.org/10.1111/desc.13415","https://www.scopus.com/inward/record.uri?eid=2-s2.0-85162730578&doi=10.1111%2fdesc.13415&partnerID=40&md5=4c836ffa1b997044878b792fe1252923","A paradox of testosterone effects is seen in adolescents versus adults in social emotional approach-avoidance behavior. During adolescence, high testosterone levels are associated with increased anterior prefrontal (aPFC) involvement in emotion control, whereas during adulthood this neuro-endocrine relation is reversed. Rodent work shows that, during puberty, testosterone transitions from a neuro-developmental to a social-sexual activating hormone. In this study, we explored whether this functional transition is also present in human adolescents and young adults. Using a prospective longitudinal design, we investigated the role of testosterone on neural control of social emotional behavior during the transitions from middle to late adolescence and into young adulthood. Seventy-one individuals (tested at ages 14, 17, and 20 years) performed an fMRI-adapted approach-avoidance (AA) task involving automatic and controlled actions in response to social emotional stimuli. In line with predictions from animal models, the effect of testosterone on aPFC engagement decreased between middle and late adolescence, and shifted into an activational role by young adulthood—impeding neural control of emotions. This change in testosterone function was accompanied by increased testosterone-modulated amygdala reactivity. These findings qualify the testosterone-dependent maturation of the prefrontal-amygdala circuit supporting emotion control during the transition from middle adolescence into young adulthood. © 2023 The Authors. Developmental Science published by John Wiley & Sons Ltd.","Article","Scopus",1,1,"0",0,0,NA,"logRT, amplitude","BOLD fmri; reaction times; connectivity?",0,0,1,1,"times; mri",NA,"DS_0021",0,0,0,NA,"RT; amplitude",NA,1
"DS_0022","Bains A.; Barber A.; Nell T.; Ripollés P.; Krishnan S.","Bains, Amrita (57222285689); Barber, Annaliese (59012227900); Nell, Tau (59012722200); Ripollés, Pablo (6504219503); Krishnan, Saloni (55630793700)","57222285689; 59012227900; 59012722200; 6504219503; 55630793700","The role of intrinsic reward in adolescent word learning",2024,"Developmental Science",27,"5","e13513",NA,NA,NA,"https://doi.org/10.1111/desc.13513","https://www.scopus.com/inward/record.uri?eid=2-s2.0-85191958042&doi=10.1111%2fdesc.13513&partnerID=40&md5=549ed6ba7d76b8e8fcd56f4b1a226451","Relatively little work has focused on why we are motivated to learn words. In adults, recent experiments have shown that intrinsic reward signals accompany successful word learning from context. In addition, the experience of reward facilitated long-term memory for words. In adolescence, developmental changes are seen in reward and motivation systems as well as in reading and language systems. Here, in the face of this developmental change, we ask whether adolescents experience reward from word learning, and how the reward and memory benefit seen in adults is modulated by age. We used a naturalistic reading paradigm, which involved extracting novel word meanings from sentence context without the need for explicit feedback. By exploring ratings of enjoyment during the learning phase, as well as recognition memory for words a day later, we assessed whether adolescents show the same reward and learning patterns as adults. We tested 345 children between the ages of 10–18 (N > 84 in each 2-year age-band) using this paradigm. We found evidence for our first prediction: children aged 10–18 report greater enjoyment for successful word learning. However, we did not find evidence for age-related change in this developmental period, or memory benefits. This work gives us greater insight into the process of language acquisition and sets the stage for further investigations of intrinsic reward in typical and atypical development. Research Highlights: We constantly learn words from context, even in the absence of explicit rewards or feedback. In adults, intrinsic reward experienced during word learning is linked to a dopaminergic circuit in the brain, which also fuels enhancements in memory for words. We find adolescents also report enhanced reward or enjoyment when they successfully learn words from sentence context. The relationship between reward and learning is maintained between the ages of 10 and 18. Unlike in adults, we did not observe ensuing memory benefits. © 2024 The Authors. Developmental Science published by John Wiley & Sons Ltd.","Article","Scopus",1,1,"0",0,1,1,"sum scores","pleasure, confidence, arousal measured with 9-point scales responses which were then averaged",0,0,1,1,"ordinal",NA,"DS_0022",0,0,1,1,"sum scores",NA,1
"DS_0023","Zhou X.; Wang L.; Hong X.; Wong P.C.M.","Zhou, Xin (57191094929); Wang, Luchang (57221850232); Hong, Xuancu (58314575500); Wong, Patrick C. M. (14018817600)","57191094929; 57221850232; 58314575500; 14018817600","Infant-directed speech facilitates word learning through attentional mechanisms: An fNIRS study of toddlers",2024,"Developmental Science",27,"1","e13424",NA,NA,NA,"https://doi.org/10.1111/desc.13424","https://www.scopus.com/inward/record.uri?eid=2-s2.0-85162068453&doi=10.1111%2fdesc.13424&partnerID=40&md5=3dccc58173f6caca8a04d3cf8a260979","The speech register that adults especially caregivers use when interacting with infants and toddlers, that is, infant-directed speech (IDS) or baby talk, has been reported to facilitate language development throughout the early years. However, the neural mechanisms as well as why IDS results in such a developmental faciliatory effect remain to be investigated. The current study uses functional near-infrared spectroscopy (fNIRS) to evaluate two alternative hypotheses of such a facilitative effect, that IDS serves to enhance linguistic contrastiveness or to attract the child's attention. Behavioral and fNIRS data were acquired from twenty-seven Cantonese-learning toddlers 15–20 months of age when their parents spoke to them in either an IDS or adult-directed speech (ADS) register in a naturalistic task in which the child learned four disyllabic pseudowords. fNIRS results showed significantly greater neural responses to IDS than ADS register in the left dorsolateral prefrontal cortex (L-dlPFC), but opposite response patterns in the bilateral inferior frontal gyrus (IFG). The differences in fNIRS responses to IDS and to ADS in the L-dlPFC and the left parietal cortex (L-PC) showed significantly positive correlations with the differences in the behavioral word-learning performance of toddlers. The same fNIRS measures in the L-dlPFC and right PC (R-PC) of toddlers were significantly correlated with pitch range differences of parents between the two speech conditions. Together, our results suggest that the dynamic prosody in IDS increased toddlers’ attention through greater involvement of the left frontoparietal network that facilitated word learning, compared to ADS. Research Highlights: This study for the first time examined the neural mechanisms of how infant-directed speech (IDS) facilitates word learning in toddlers. Using fNIRS, we identified the cortical regions that were directly involved in IDS processing. Our results suggest that IDS facilitates word learning by engaging a right-lateralized prosody processing and top-down attentional mechanisms in the left frontoparietal networks. The language network including the inferior frontal gyrus and temporal cortex was not directly involved in IDS processing to support word learning. © 2023 The Authors. Developmental Science published by John Wiley & Sons Ltd.","Article","Scopus",1,1,"0",0,0,NA,"amplitude","fNIRS",0,0,1,1,NA,"fNIRS","DS_0023",0,0,0,NA,"amplitude",NA,1
"DS_0024","Bradshaw J.; Fu X.; Richards J.E.","Bradshaw, Jessica (35100081700); Fu, Xiaoxue (55507158500); Richards, John E. (7403707224)","35100081700; 55507158500; 7403707224","Infant sustained attention differs by context and social content in the first 2 years of life",2024,"Developmental Science",27,"4","e13500",NA,NA,NA,"https://doi.org/10.1111/desc.13500","https://www.scopus.com/inward/record.uri?eid=2-s2.0-85188453322&doi=10.1111%2fdesc.13500&partnerID=40&md5=779b5befd21a435deb42679c0cc020e7","Sustained attention (SA) is an endogenous form of attention that emerges in infancy and reflects cognitive engagement and processing. SA is critical for learning and has been measured using different methods during screen-based and interactive contexts involving social and nonsocial stimuli. How SA differs by measurement method, context, and stimuli across development in infancy is not fully understood. This 2-year longitudinal study examines attention using one measure of overall looking behavior and three measures of SA—mean look duration, percent time in heart rate-defined SA, and heart rate change during SA—in N = 53 infants from 1 to 24 months across four unique task conditions: social videos, nonsocial videos, social interactions (face-to-face play), and nonsocial interactions (toy engagement). Results suggest that developmental changes in attention differ by measurement method, task context (screen or interaction), and task stimulus (social or nonsocial). During social interactions, overall looking and look durations declined after age 3–4 months, whereas heart rate-defined attention measures remained stable. All SA measures were greater for videos than for live interaction conditions throughout the first 6 months, but SA to social and nonsocial stimuli within each task context were equivalent. In the second year of life, SA measured with look durations was greater for social videos compared to other conditions, heart rate-defined SA was greater for social videos compared to nonsocial interactions, and heart rate change during SA was similar across conditions. Together, these results suggest that different measures of attention to social and nonsocial stimuli may reflect unique developmental processes and are important to compare and consider together, particularly when using infant attention as a marker of typical or atypical development. Research Highlights: Attention measure, context, and social content uniquely differentiate developmental trajectories of attention in the first 2 years of life. Overall looking to caregivers during dyadic social interactions declines significantly from 4 to 6 months of age while sustained attention (SA) to caregivers remains stable. Heart rate-defined SA generally differentiates stimulus context where infants show greater SA while watching videos than while engaging with toys. © 2024 The Authors. Developmental Science published by John Wiley & Sons Ltd.","Article","Scopus",1,1,"0",0,1,1,"logRT, proportion, time interval","log-transformed look duration; percent heart-defined sustained attention; IBI change sustained attention (difference in time interval)",0,0,1,1,"hr; proportions; times","inter-beat-intervals??","DS_0024",0,0,1,1,"logRT; times; proportions; hr",NA,1
"DS_0025","Hoid D.; Guo Z.; He Z.; Wu J.; Wu Z.","Hoid, Delhii (57215428218); Guo, Ziyan (57431213800); He, Zhibin (57204562664); Wu, Junhui (56888043200); Wu, Zhen (36616037700)","57215428218; 57431213800; 57204562664; 56888043200; 36616037700","To risk or not: The impact of socioeconomic status on preschoolers’ risky decision-making for gains and losses",2024,"Developmental Science",27,"4","e13485",NA,NA,NA,"https://doi.org/10.1111/desc.13485","https://www.scopus.com/inward/record.uri?eid=2-s2.0-85185471415&doi=10.1111%2fdesc.13485&partnerID=40&md5=6092173ebf2d211cb45b2caee1c4b085","Disparities in socioeconomic status (SES) may affect individuals’ risk preferences, which have important developmental consequences across the lifespan. Yet, previous research has shown inconsistent associations between SES and risky decision-making, and little is known about how this link develops from a young age. The current research is among the first to examine how SES influences preschoolers’ risky decisions in both gain and loss frames. Across two studies, children aged 5 to 6 years (total N = 309, 154 boys) were asked to choose between certain and risky options. The risky option was more advantageous, equal to, or less advantageous than the certain option. Study 1 revealed that in the loss frame, high-SES children (n = 84, 44 boys) chose more risky options and were more sensitive to the expected value compared to low-SES children (n = 78, 42 boys), especially when the risk was more advantageous. However, this SES difference was not significant in the gain frame. Supporting the potential causal link between SES and risky decision-making, Study 2 further found that experimentally increasing low-SES children's (n = 68, 30 boys) status by providing additional resources increased their risk-seeking behavior in the loss frame. Overall, our findings suggest an interaction between environmental cues (gain vs. loss) and early life circumstances (SES) in shaping children's risk preferences. Research Highlights: This research is among the first to examine how school backgrounds and experimentally manipulated SES influence preschoolers’ risk preferences in gain and loss frames. Children were more risk-seeking for losses than for gains; this framing effect was stronger in higher-SES than lower-SES children. Lower-SES children exhibited fewer risk-seeking behaviors and decreased sensitivity to the expected value of options for losses, but not for gains. A temporary boost in SES increased children's risk-seeking behavior, but not sensitivity to expected values. © 2024 John Wiley & Sons Ltd.","Article","Scopus",1,1,"1",1,0,NA,"binary","risky decision-making",1,1,0,NA,"binary",NA,"DS_0025",1,1,0,NA,"binary",NA,1
"DS_0026","Jenifer J.B.; Jaxon J.; Levine S.C.; Cimpian A.","Jenifer, Jalisha B. (57211980913); Jaxon, Jilana (57211452076); Levine, Susan C. (7403575948); Cimpian, Andrei (9747828300)","57211980913; 57211452076; 7403575948; 9747828300","“You need to be super smart to do well in math!” Young children's field-specific ability beliefs",2024,"Developmental Science",27,"1","e13429",NA,NA,NA,"https://doi.org/10.1111/desc.13429","https://www.scopus.com/inward/record.uri?eid=2-s2.0-85164312084&doi=10.1111%2fdesc.13429&partnerID=40&md5=8b20783385b8abafe381c8f5210382cc","Success in science, technology, engineering, and mathematics (STEM) fields is often believed to require intellectual talent (“brilliance”). Given that many cultures associate men more than women with brilliance, this belief poses an obstacle to women's STEM pursuits. Here, we investigated the developmental roots of this phenomenon, focusing specifically on young children's beliefs about math (N = 174 U.S. students in Grades 1–4; 93 girls, 81 boys; 52% White, 17% Asian, 13% Hispanic/Latinx). We found that field-specific ability beliefs (FABs) that associate success in math (vs. reading/writing) with brilliance are already present in early elementary school. We also found that brilliance-oriented FABs about math are negatively associated with elementary school students’ (and particularly girls’) math motivation—specifically, their math self-efficacy and interest. The early emergence of brilliance-oriented FABs about math and the negative relation between FABs and math motivation underscore the need to understand the sources and long-term effects of these beliefs. Research Highlights: Field-specific ability beliefs (FABs) are beliefs about the extent to which intellectual talent (or “brilliance”) is required for success in a particular field or context. Among adults, brilliance-oriented FABs are an obstacle to diversity in science and technology, but the childhood antecedents of these beliefs are not well understood. The present study (N = 174) found that FABs that associate success in math (vs. reading/writing) with brilliance were already present in Grades 1−4. Brilliance-oriented FABs about math were negatively associated with elementary school students’ (and particularly girls’) math motivation—specifically, their math self-efficacy and interest. © 2023 John Wiley & Sons Ltd.","Article","Scopus",1,1,"0",0,1,1,"sum scores, binary","beliefs and motivation variables are sum scores, math performance items are binary",0,0,1,1,"sum scores",NA,"DS_0026",0,0,1,1,"sum scores",NA,1
"DS_0027","Zinszer B.D.; Hannon J.; Hu A.; Kouadio A.É.; Akpé H.; Tanoh F.; Wang M.; Qi Z.; Jasińska K.","Zinszer, Benjamin D. (55293661700); Hannon, Joelle (57949308900); Hu, Anqi (57217532042); Kouadio, Aya Élise (58519780800); Akpé, Hermann (57479953400); Tanoh, Fabrice (57209399326); Wang, Madeleine (58622118000); Qi, Zhenghan (57192666551); Jasińska, Kaja (41761477300)","55293661700; 57949308900; 57217532042; 58519780800; 57479953400; 57209399326; 58622118000; 57192666551; 41761477300","Statistical learning and children's emergent literacy in rural Côte d'Ivoire",2024,"Developmental Science",27,"5","e13448",NA,NA,NA,"https://doi.org/10.1111/desc.13448","https://www.scopus.com/inward/record.uri?eid=2-s2.0-85172466659&doi=10.1111%2fdesc.13448&partnerID=40&md5=e6498ffbcb40c270c8a3e547c1cefd0e","Studies of non-linguistic statistical learning (SL) have often linked performance in SL tasks with differences in language outcomes. Most of these studies have focused on Western and high-income educational contexts, but children worldwide learn in radically different educational systems and communities, and often in a second language. In the west African nation of Côte d'Ivoire, children enter fifth grade (CM-1) with widely varying ages and literacy skills. Across three iteratively-developed experiments, 157 children, age 8–15 years, in rural communities in the greater-Adzópe region of Côte d'Ivoire watched sequences of cartoon images with embedded triplet patterns on touchscreen tablets, while performing a target-detection task. We assessed these tablet-based adaptations of non-linguistic visual SL and asked whether the children's individual differences in performance on the SL tasks were related to their first and second language and literacy skills. We found group-level evidence that children used the statistical regularities in the image sequence to gradually decrease their response times, but their responses on post-test discrimination did not reflect this learning. When evaluating the correlation between SL and language skills, individual differences related to other task demands predicted oral language skills shared by first and second languages, while SL better predicted second language print skills. These findings suggest that non-linguistic SL paradigms can measure similar skills in Ivorian children as previous samples, but they also echo recent calls for further cross-cultural validation, greater internal reliability, and tests for confounding variables (such as processing speed) in studies of individual differences in statistical learning. Research Highlights: We iteratively adapted three visual statistical learning studies for children in rural Côte d'Ivoire. Group-level analyses indicates that the children learn the underlying statistical regularities. Individual-differences analyses reveal some evidence that the statistical learning measure is also correlated with task demands that may be driven by cross-cultural differences. Like previous research, statistical learning is correlated with second language literacy, but we did not find a relationship between SL and oral language skills in first and second languages. © 2023 John Wiley & Sons Ltd.","Article","Scopus",1,1,"0",0,1,1,"RT","response times to the target",0,0,1,1,"times",NA,"DS_0027",0,0,1,1,"RT",NA,1
"DS_0028","Gijbels L.; Lee A.K.C.; Yeatman J.D.","Gijbels, Liesbeth (57219652510); Lee, Adrian K. C. (35484356000); Yeatman, Jason D. (35103808100)","57219652510; 35484356000; 35103808100","Children with developmental dyslexia have equivalent audiovisual speech perception performance but their perceptual weights differ",2024,"Developmental Science",27,"1","e13431",NA,NA,NA,"https://doi.org/10.1111/desc.13431","https://www.scopus.com/inward/record.uri?eid=2-s2.0-85164311590&doi=10.1111%2fdesc.13431&partnerID=40&md5=3b7d4aff17d90a1544b1079c2e0ad943","As reading is inherently a multisensory, audiovisual (AV) process where visual symbols (i.e., letters) are connected to speech sounds, the question has been raised whether individuals with reading difficulties, like children with developmental dyslexia (DD), have broader impairments in multisensory processing. This question has been posed before, yet it remains unanswered due to (a) the complexity and contentious etiology of DD along with (b) lack of consensus on developmentally appropriate AV processing tasks. We created an ecologically valid task for measuring multisensory AV processing by leveraging the natural phenomenon that speech perception improves when listeners are provided visual information from mouth movements (particularly when the auditory signal is degraded). We designed this AV processing task with low cognitive and linguistic demands such that children with and without DD would have equal unimodal (auditory and visual) performance. We then collected data in a group of 135 children (age 6.5–15) with an AV speech perception task to answer the following questions: (1) How do AV speech perception benefits manifest in children, with and without DD? (2) Do children all use the same perceptual weights to create AV speech perception benefits, and (3) what is the role of phonological processing in AV speech perception? We show that children with and without DD have equal AV speech perception benefits on this task, but that children with DD rely less on auditory processing in more difficult listening situations to create these benefits and weigh both incoming information streams differently. Lastly, any reported differences in speech perception in children with DD might be better explained by differences in phonological processing than differences in reading skills. Research Highlights: Children with versus without developmental dyslexia have equal audiovisual speech perception benefits, regardless of their phonological awareness or reading skills. Children with developmental dyslexia rely less on auditory performance to create audiovisual speech perception benefits. Individual differences in speech perception in children might be better explained by differences in phonological processing than differences in reading skills. © 2023 John Wiley & Sons Ltd.","Article","Scopus",1,1,"0",0,1,0,"binary, normalized proportion","performance perc correct; AV gain normalized with respect to maximal possible gain AV Gain([AV-A]/[1-A]); sum scores from CTOPP and WJ-BRS are plotted but not tested",0,0,1,1,"differences; proportions",NA,"DS_0028",0,0,1,1,"proportions; binary; differences",NA,1
"DS_0029","Fernandes T.; Velasco S.; Leite I.","Fernandes, Tânia (22950432000); Velasco, Sofia (58608406100); Leite, Isabel (57189578932)","22950432000; 58608406100; 57189578932","Letters away from the looking glass: Developmental trajectory of mirrored and rotated letter processing within words",2024,"Developmental Science",27,"2","e13447",NA,NA,NA,"https://doi.org/10.1111/desc.13447","https://www.scopus.com/inward/record.uri?eid=2-s2.0-85171748750&doi=10.1111%2fdesc.13447&partnerID=40&md5=5fbd807b8c613f80401ba0ac9ed20e06","Discrimination of reversible mirrored letters (e.g., d and b) poses a challenge when learning to read as it requires overcoming mirror invariance, an evolutionary-old perceptual tendency of processing mirror images as equivalent. The present study investigated when, in reading development, mirror-image discrimination becomes automatic during visual word recognition. The developmental trajectory of masked priming effects was investigated from 2nd to 6th grade and in adults, by manipulating letter type (nonreversible; reversible) and prime condition (control; identity; mirrored; rotated). Standardized identity priming increased along reading development. Beginning readers showed mirror invariance during reversible and nonreversible letter processing. A mirror cost (slower word recognition in mirrored-letter than identity prime condition) was found by 5th-grade but only for reversible letters. By 6th grade, orthographic processing was no longer captive of mirror invariance. A multiple linear regression showed that letter representations, but not phonological processes or age, were a reliable predictor of the rise of mirror-image discrimination in 2nd–4th-graders. The present results suggest a protracted development of automatic mirror-image discrimination during orthographic processing, contingent upon the quality of abstract letter representations. Research Highlights: We traced the developmental trajectory of mirrored-letter and rotated-letter priming effects (e.g., ibea and ipea as primes of IDEA) in visual word recognition. Beginning readers (2nd–4th-graders) showed mirror invariance and plane-rotation sensitivity in orthographic processing, thus still being susceptible to the perceptual biases in charge in object recognition. A mirror cost was found in 5th-graders but only for reversible letters; orthographic processing was no longer captive of mirror invariance by 6th-grade. The automation of mirror-image discrimination during orthographic processing depends on the quality of letter representations but not on phonological processes or age. © 2023 John Wiley & Sons Ltd.","Article","Scopus",1,1,"1",0,0,NA,"binary, logRT","error rates (binary), log-transformed RT",1,1,0,NA,"cohen's d; times; binary",NA,"DS_0029",1,0,0,NA,"logRT; binary; differences",NA,1
"DS_0031","Lu H.-H.; Liu H.-H.; Tsao F.-M.","Lu, Hsin-Hui (57203549773); Liu, Hong-Hsiang (57194067514); Tsao, Feng-Ming (7003825862)","57203549773; 57194067514; 7003825862","Event-related potentials of familiar monosyllabic words with unexpected lexical tones: A picture-word study of Mandarin-speaking preschoolers with and without a history of late talking",2024,"Developmental Science",27,"6","e13553",NA,NA,NA,"https://doi.org/10.1111/desc.13553","https://www.scopus.com/inward/record.uri?eid=2-s2.0-85200600649&doi=10.1111%2fdesc.13553&partnerID=40&md5=b716117bbb7481c5ff527808b1dfd04d","This study examined how Mandarin-speaking preschoolers with and without a history of late talking (LT) process familiar monosyllabic words with unexpected lexical tones, focusing on both phonological and semantic violations. This study initially enrolled 64 Mandarin-speaking toddlers: 31 with a history of LT (mean age: 27.67 months) and 33 without a history of LT (non-LT) (mean age: 27.85 months). Event-related potentials were recorded at the age of 4 years during a picture-word mismatch task (LT mean age: 51.36 months; non-LT mean age: 51.20 months); in this task, the participants were presented with auditory words either matching (Tone 3) or mismatching with images in terms of their lexical tones; the mismatches encompassed acoustically dissimilar (Tone 1) and similar (Tone 2) mismatches. A significant difference in the phonological mapping negativity (PMN) responses to Tones 1 and 3 was observed only in the non-LT group. However, differences in the N400 responses to Tones 1 and 3 remained consistent across both groups. In addition, greater differences in the PMN responses between Tones 1 and 3 were associated with higher language proficiency during the preschool period. The PMN response serves as an indicator of neural correlates in lexical tone processing, reflecting challenges encountered by preschoolers with a history of LT when processing the lexical tones of familiar words. Furthermore, the PMN response was correlated with concurrent language abilities. These findings indicate the importance of early tonal perception development for Mandarin speakers with a history of LT. Research Highlights: Preschoolers with a history of late talking (LT), similar to preschoolers without such a history, can establish word expectations and detect the lexical tone violation in real time. However, those with a history of LT require additional time to process acoustic cues and differentiate between word semantics based on lexical tone information. The phonological mapping negativity response serves as an indicator of neural correlates in lexical tone processing, reflecting challenges encountered by preschoolers with a history of LT when processing the lexical tones of familiar words. The present findings indicate the importance of early intervention for Mandarin speakers with a history of LT, with an emphasis on lexical tone processing from toddlerhood. © 2024 The Author(s). Developmental Science published by John Wiley & Sons Ltd.","Article","Scopus",1,1,"0",0,0,NA,"amplitude","EEG amplitude measures",0,0,1,1,"difference scores","differences in ERP amplitudes","DS_0031",0,0,0,NA,"amplitude",NA,1
"DS_0032","Seidl A.H.; Indarjit M.; Borovsky A.","Seidl, Amanda H. (15045491300); Indarjit, Michelle (58312227900); Borovsky, Arielle (57202982064)","15045491300; 58312227900; 57202982064","Touch to learn: Multisensory input supports word learning and processing",2024,"Developmental Science",27,"1","e13419",NA,NA,NA,"https://doi.org/10.1111/desc.13419","https://www.scopus.com/inward/record.uri?eid=2-s2.0-85161629762&doi=10.1111%2fdesc.13419&partnerID=40&md5=6d0a7aa765de43d0f18a37e9270e87e6","Infants experience language in rich multisensory environments. For example, they may first be exposed to the word applesauce while touching, tasting, smelling, and seeing applesauce. In three experiments using different methods we asked whether the number of distinct senses linked with the semantic features of objects would impact word recognition and learning. Specifically, in Experiment 1 we asked whether words linked with more multisensory experiences were learned earlier than words linked fewer multisensory experiences. In Experiment 2, we asked whether 2-year-olds’ known words linked with more multisensory experiences were better recognized than those linked with fewer. Finally, in Experiment 3, we taught 2-year-olds labels for novel objects that were linked with either just visual or visual and tactile experiences and asked whether this impacted their ability to learn the new label-to-object mappings. Results converge to support an account in which richer multisensory experiences better support word learning. We discuss two pathways through which rich multisensory experiences might support word learning. © 2023 The Authors. Developmental Science published by John Wiley & Sons Ltd.","Article","Scopus",1,1,"0",0,0,NA,"logProportion, age","log gaze proportion from eye-tracking, age of acquisition is derived from preliminary logistic-curve modeling",1,1,0,NA,"log(gaze)",NA,"DS_0032",0,0,0,NA,"logProportion",NA,1
"DS_0034","Sia M.Y.; Mather E.; Crocker M.W.; Mani N.","Sia, Ming Yean (57218327839); Mather, Emily (22938517000); Crocker, Matthew W. (7004995455); Mani, Nivedita (16316879900)","57218327839; 22938517000; 7004995455; 16316879900","The role of systematicity in early referent selection",2024,"Developmental Science",27,"2","e13444",NA,NA,NA,"https://doi.org/10.1111/desc.13444","https://www.scopus.com/inward/record.uri?eid=2-s2.0-85169779303&doi=10.1111%2fdesc.13444&partnerID=40&md5=b4a781e1fb79be986ac202f796dd55dd","Previous studies showed that word learning is affected by children's existing knowledge. For instance, knowledge of semantic category aids word learning, whereas a dense phonological neighbourhood impedes learning of similar-sounding words. Here, we examined to what extent children associate similar-sounding words (e.g., rat and cat) with objects of the same semantic category (e.g., both are animals), that is, to what extent children assume meaning overlap given form overlap between two words. We tested this by first presenting children (N = 93, Mage = 22.4 months) with novel word-object associations. Then, we examined the extent to which children assume that a similar sounding novel label, that is, a phonological neighbour, refers to a similar looking object, that is, a likely semantic neighbour, as opposed to a dissimilar looking object. Were children to preferentially fixate the similar-looking novel object, it would suggest that systematic word form-meaning relations aid referent selection in young children. While we did not find any evidence for such word form-meaning systematicity, we demonstrated that children showed robust learning for the trained novel word-object associations, and were able to discriminate between similar-sounding labels and also similar-looking objects. Thus, we argue that unlike iconicity which appears early in vocabulary development, we find no evidence for systematicity in early referent selection. © 2023 The Authors. Developmental Science published by John Wiley & Sons Ltd.","Article","Scopus",1,1,"1",1,0,NA,"proportion","Proportion of Target Looking",1,0,0,NA,NA,"proportion of target looking (PTL) [time / total time]","DS_0034",1,1,0,NA,"proportions",NA,1
"DS_0036","Paz Y.; Frenkel T.I.","Paz, Yael (57194472617); Frenkel, Tahl I. (34881667500)","57194472617; 34881667500","Infant sensitivity to social contingency moderates the predictive link between early maternal reciprocity and infants' emerging social behavior",2024,"Developmental Science",27,"6","e13563",NA,NA,NA,"https://doi.org/10.1111/desc.13563","https://www.scopus.com/inward/record.uri?eid=2-s2.0-85203426642&doi=10.1111%2fdesc.13563&partnerID=40&md5=a839ed00bd7cd335bcc0d44e0553295a","The scientific study of love underscores the importance of dyadic reciprocity in laying the foundation for infants’ social development. While research establishes links between early reciprocity and children's social capacities, some infants appear to benefit from reciprocity more than others. A central feature of reciprocity is its contingent structure, that is, the extent to which maternal behaviors are temporally associated with and contingent upon infants’ dynamically changing cues. As such, infants’ sensitivity to social contingencies may define the extent to which an infant benefits from maternal reciprocity. The current study examined the role of infants’ sensitivity to social contingency (SC) in moderating associations between early maternal reciprocity and subsequent infants’ social behavior. The study followed 157 children (47% females), across the first year of life (4, 10, and 12 months) and at preschool age (48 months). Infants' SC at 4 and 10 months moderated the link between early maternal reciprocity and infants' prosocial behavior observed at 12 months. SC at 10 months moderated the link between early reciprocity and reported peer problems at 48 months. Maternal reciprocity predicted more helping behavior in infancy and fewer peer problems at preschool, but only for infants who displayed high SC. Findings highlight the contingent nature of reciprocal mother-infant interactions revealing that an infant's sensitivity to breaks in social-contingency moderates the developmental benefit of reciprocity. Future research is necessary to directly test the underlying mechanisms of these processes and better understand the individual characteristics of infants’ sensitivity to social contingency and its’ role in typical and atypical development. Research Highlights: Individual differences in infants’ sensitivity to breaks in social contingencies may moderate the extent to which infants benefit from contingent reciprocal maternal behavior (i.e., maternal reciprocity). Maternal reciprocity predicted more helping behavior in infancy and fewer peer problems at preschool, but only for infants who displayed high sensitivity to breaks in social contingency. Findings highlight the contingent nature of reciprocal mother-infant interactions revealing that infants’ sensitivity to breaks in social-contingency moderates the developmental benefit of reciprocity. Findings emphasize the need to develop measurement methods and direct empirical attention to the important yet understudied individual characteristic of infants’ sensitivity to social contingency and its role in shaping social development. © 2024 The Author(s). Developmental Science published by John Wiley & Sons Ltd.","Article","Scopus",1,1,"0",0,1,1,"sum scores, sqrt sum scores","prosocial behavior, peer problems",0,0,1,1,"ordinal; sum scores",NA,"DS_0036",0,0,1,1,"sum scores; square root sum scores; ordinal",NA,1
"DS_0038","Rocha S.; Attaheri A.; Ní Choisdealbha Á.; Brusini P.; Mead N.; Olawole-Scott H.; Boutris P.; Gibbon S.; Williams I.; Grey C.; Alfaro e Oliveira M.; Brough C.; Flanagan S.; Ahmed H.; Macrae E.; Goswami U.","Rocha, Sinead (56312385700); Attaheri, Adam (56454382600); Ní Choisdealbha, Áine (37065037300); Brusini, Perrine (55877608300); Mead, Natasha (36466870700); Olawole-Scott, Helen (57221349037); Boutris, Panagiotis (57221341823); Gibbon, Samuel (57221346660); Williams, Isabel (57221338797); Grey, Christina (57223351100); Alfaro e Oliveira, Maria (58079987200); Brough, Carmel (58080285600); Flanagan, Sheila (57195416981); Ahmed, Henna (57218527829); Macrae, Emma (58932509600); Goswami, Usha (7004856869)","56312385700; 56454382600; 37065037300; 55877608300; 36466870700; 57221349037; 57221341823; 57221346660; 57221338797; 57223351100; 58079987200; 58080285600; 57195416981; 57218527829; 58932509600; 7004856869","Precursors to infant sensorimotor synchronization to speech and non-speech rhythms: A longitudinal study",2024,"Developmental Science",27,"4","e13483",NA,NA,NA,"https://doi.org/10.1111/desc.13483","https://www.scopus.com/inward/record.uri?eid=2-s2.0-85187429675&doi=10.1111%2fdesc.13483&partnerID=40&md5=e60df08687febc492a3b4df445569250","Impaired sensorimotor synchronization (SMS) to acoustic rhythm may be a marker of atypical language development. Here, Motion Capture was used to assess gross motor rhythmic movement at six time points between 5- and 11 months of age. Infants were recorded drumming to acoustic stimuli of varying linguistic and temporal complexity: drumbeats, repeated syllables and nursery rhymes. Here we show, for the first time, developmental change in infants’ movement timing in response to auditory stimuli over the first year of life. Longitudinal analyses revealed that whilst infants could not yet reliably synchronize their movement to auditory rhythms, infant spontaneous motor tempo became faster with age, and by 11 months, a subset of infants decelerate from their spontaneous motor tempo, which better accords with the incoming tempo. Further, infants became more regular drummers with age, with marked decreases in the variability of spontaneous motor tempo and variability in response to drumbeats. This latter effect was subdued in response to linguistic stimuli. The current work lays the foundation for using individual differences in precursors of SMS in infancy to predict later language outcomes. Research Highlight: We present the first longitudinal investigation of infant rhythmic movement over the first year of life Whilst infants generally move more quickly and with higher regularity over their first year, by 11 months infants begin to counter this pattern when hearing slower infant-directed song Infant movement is more variable to speech than non-speech stimuli In the context of the larger Cambridge UK BabyRhythm Project, we lay the foundation for rhythmic movement in infancy to predict later language outcomes. © 2024 The Authors. Developmental Science published by John Wiley & Sons Ltd.","Article","Scopus",1,1,"0",0,1,1,"time interval, autocorrelation","tempo mismatch, periodicity, regularity",0,0,1,1,"times; difference score; cor",NA,"DS_0038",0,0,1,1,"times; differences; cor",NA,1
"DS_0040","Beck M.M.; Kristensen F.T.; Abrahamsen G.; Spedden M.E.; Christensen M.S.; Lundbye-Jensen J.","Beck, Mikkel Malling (57190303734); Kristensen, Frederikke Toft (59167996900); Abrahamsen, Gitte (59168122000); Spedden, Meaghan Elizabeth (57197768669); Christensen, Mark Schram (35551571200); Lundbye-Jensen, Jesper (14008322700)","57190303734; 59167996900; 59168122000; 57197768669; 35551571200; 14008322700","Distinct mechanisms for online and offline motor skill learning across human development",2024,"Developmental Science",27,"6","e13536",NA,NA,NA,"https://doi.org/10.1111/desc.13536","https://www.scopus.com/inward/record.uri?eid=2-s2.0-85195698875&doi=10.1111%2fdesc.13536&partnerID=40&md5=b4669c34603286382ef036af42dcf71d","The human central nervous system (CNS) undergoes tremendous changes from childhood to adulthood and this may affect how individuals at different stages of development learn new skills. Here, we studied motor skill learning in children, adolescents, and young adults to test the prediction that differences in the maturation of different learning mechanisms lead to distinct temporal patterns of motor learning during practice and overnight. We found that overall learning did not differ between children, adolescents, and young adults. However, we demonstrate that adult-like skill learning is characterized by rapid and large improvements in motor performance during practice (i.e., online) that are susceptible to forgetting and decay over time (i.e., offline). On the other hand, child-like learning exhibits slower and less pronounced improvements in performance during practice, but these improvements are robust against forgetting and lead to gains in performance overnight without further practice. The different temporal dynamics of motor skill learning suggest an engagement of distinct learning mechanisms in the human CNS during development. In conclusion, adult-like skill learning mechanisms favor online improvements in motor performance whereas child-like learning mechanisms favors offline behavioral gains. Research Highlights: Many essential motor skills, like walking, talking, and writing, are acquired during childhood, and it is colloquially thought that children learn better than adults. We investigated dynamics of motor skill learning in children, adolescents, and young adults. Adults displayed substantial improvements during practice that was susceptible to forgetting over time. Children displayed smaller improvements during practice that were resilient against forgetting. The distinct age-related characteristics of these processes of acquisition and consolidation suggest that skill learning relies on different mechanisms in the immature and mature central nervous system. © 2024 The Author(s). Developmental Science published by John Wiley & Sons Ltd.","Article","Scopus",1,1,"0",0,1,1,"percentage","time on target",0,0,1,1,"times",NA,"DS_0040",0,0,1,1,"proportions","%time on task",1
"DS_0041","Chai Q.; Yin J.; Shen M.; He J.","Chai, Qiao (57194705474); Yin, Jun (55242885300); Shen, Mowei (14036448500); He, Jie (55683698600)","57194705474; 55242885300; 14036448500; 55683698600","Act generously when others do so: Majority influence on young children's sharing behavior",2024,"Developmental Science",27,"3","e13472",NA,NA,NA,"https://doi.org/10.1111/desc.13472","https://www.scopus.com/inward/record.uri?eid=2-s2.0-85181675609&doi=10.1111%2fdesc.13472&partnerID=40&md5=e183d6ebca9409e25f5dfd0e04354f14","Children's sharing behavior is profoundly shaped by social norms within their society, and they can learn these norms by directly observing how most others share in their immediate environment. Here we systematically investigated the impact of majority influence on the sharing behavior of young Chinese children through three studies (N = 336, 168 girls). Four- and 6-year-olds were allowed to choose 10 favorite stickers and had an opportunity to engage in anonymous sharing. Before making the sharing decision, children were assigned to one of two conditions: watching a video in which three peers all shared 8 out of 10 stickers (i.e., the majority sharing condition) or making their decisions without watching the video (i.e., the control condition). Results showed that both the 4- and 6-year-old children shared more stickers in the majority sharing condition than in the control condition (Studies 1 & 2). Moreover, the influence of the majority had a stronger effect compared to the influence of a single role model. Children shared more stickers after observing three peers sharing, compared to watching one peer sharing three times (Study 2). Furthermore, children were less likely to copy the majority's non-sharing behavior when it came to giving away stickers without prosocial outcomes, which was particularly evident among 4-year-olds (Study 3). The results reveal that majority influence uniquely shapes children's sharing behavior and that children selectively follow the majority based on whether the behavior exhibits prosocial attributes. A video abstract of this article can be viewed at https://youtu.be/8qNNhf9754I?si=7YfpaFpcD_IjlXjJ. Research Highlights: Observing a majority of three peers’ unanimous generous sharing promoted sharing behavior in both 4- and 6-year-olds. The influence of three peers on children's sharing was stronger than that of one peer sharing three times. Four-year-olds, but not 6-year-olds, did not copy the non-sharing behavior of the majority as it did not lead to prosocial outcomes. © 2024 John Wiley & Sons Ltd.","Article","Scopus",1,1,"0",0,1,1,"binary","sticker shared could be Count, but since it's 10, it's coded as Binary",0,0,1,1,"count",NA,"DS_0041",0,0,1,1,"binary","sticker shared could be Count, but since it's 10, it's coded as Binary",1
"DS_0042","Shu Y.; Li H.; Ma S.; Bian L.","Shu, Yuhang (57705838700); Li, Huisi (57205388084); Ma, Shaocong (57212513950); Bian, Lin (57044208100)","57705838700; 57205388084; 57212513950; 57044208100","The impact of sufferers’ wealth status on pain perceptions: Its development and relation to allocation of healthcare resources",2024,"Developmental Science",27,"3","e13467",NA,NA,NA,"https://doi.org/10.1111/desc.13467","https://www.scopus.com/inward/record.uri?eid=2-s2.0-85180218132&doi=10.1111%2fdesc.13467&partnerID=40&md5=252a90d97f1155cbff789573b6ae391c","Wealth-based disparities in health care wherein the poor receive undertreatment in painful conditions are a prominent issue that requires immediate attention. Research with adults suggests that these disparities are partly rooted in stereotypes associating poor individuals with pain insensitivity. However, whether and how children consider a sufferer's wealth status in their pain perceptions remains unknown. The present work addressed this question by testing 4- to 9-year-olds from the US and China. In Study 1 (N = 108, 56 girls, 79% White), US participants saw rich and poor White children experiencing identical injuries and indicated who they thought felt more pain. Although 4- to 6-year-olds responded at chance, children aged seven and above attributed more pain to the poor than to the rich. Study 2 with a new sample of US children (N = 111, 56 girls, 69% White) extended this effect to judgments of White adults’ pain. Pain judgments also informed children's prosocial behaviors, leading them to provide medical resources to the poor. Studies 3 (N = 118, 59 girls, 100% Asian) and 4 (N = 80, 40 girls, 100% Asian) found that, when evaluating White and Asian people's suffering, Chinese children began to attribute more pain to the poor than to the rich earlier than US children. Thus, unlike US adults, US children and Chinese children recognize the poor's pain from early on. These findings add to our knowledge of group-based beliefs about pain sensitivity and have broad implications on ways to promote equitable health care. Research Highlights: Four studies examined whether 4- to 9-year-old children's pain perceptions were influenced by sufferers’ wealth status. US children attributed more pain to White individuals of low wealth status than those of high wealth status by age seven. Chinese children demonstrated an earlier tendency to attribute more pain to the poor (versus the rich) compared to US children. Children's wealth-based pain judgments underlied their tendency to provide healthcare resources to people of low wealth status. © 2023 The Authors. Developmental Science published by John Wiley & Sons Ltd.","Article","Scopus",1,1,"1",1,1,0,"binary","pain judgements, healthcare resource allocation, composite pain perception scores (the latter analyzed with linear regression)",1,0,0,NA,"binary",NA,"DS_0042",1,1,1,0,"binary",NA,1
"DS_0043","Gross E.B.; Fine R.D.; Gülgöz S.; Olson K.R.; Gelman S.A.","Gross, E.B. (59436250100); Fine, Rachel D. (57205614906); Gülgöz, Selin (56281661100); Olson, Kristina R. (15058037500); Gelman, Susan A. (7102254014)","59436250100; 57205614906; 56281661100; 15058037500; 7102254014","Children's gender essentialism and prejudice: Testing causal links via an experimental manipulation",2024,"Developmental Science",27,"5","e13532",NA,NA,NA,"https://doi.org/10.1111/desc.13532","https://www.scopus.com/inward/record.uri?eid=2-s2.0-85195423851&doi=10.1111%2fdesc.13532&partnerID=40&md5=a1de26c16f6a0b678eed31de622528bd","Despite increases in visibility, gender-nonconforming young people continue to be at risk for bullying and discrimination. Prior work has established that gender essentialism in children correlates with prejudice against people who do not conform to gender norms, but to date no causal link has been established. The present study investigated this link more directly by testing whether children's gender essentialism and prejudice against gender nonconformity can be reduced by exposure to anti-essentialist messaging. Children ages 6–10 years of age (N = 102) in the experimental condition viewed a short video describing similarities between boys and girls and variation within each gender; children in the control condition (N = 102) viewed a corresponding video describing similarities between two types of climate and variation within each. Children then received measures of gender essentialism and prejudice against gender nonconformity. Finally, to ask whether manipulating children's gender essentialism extends to another domain, we included assessments of racial essentialism and prejudice. We found positive correlations between gender essentialism and prejudice against gender nonconformity; both also correlated negatively with participant age. However, we observed no differences between children in the experimental versus control conditions in overall essentialism or prejudice, indicating that our video was largely ineffective in manipulating essentialism. Accordingly, we were unable to provide evidence of a causal relationship between essentialism and prejudice. We did, however, see a difference between conditions on the discreteness measure, which is most closely linked to the wording in the video. This finding suggests that specific aspects of essentialism in young children may be modifiable. Research Highlights: Consistent with prior research, we found that greater gender essentialism was associated with greater prejudice against gender-nonconforming children; both decreased with age. We randomly assigned children to view either an anti-essentialist video manipulation or a control video to test if this relation was causal in nature. The anti-essentialist video did not reduce overall essentialism as compared to the control, so we did not find support for a causal link. We observed a reduction in the dimension of essentialism most closely linked to the anti-essentialist video language, suggesting the potential utility of anti-essentialist messaging. © 2024 The Author(s). Developmental Science published by John Wiley & Sons Ltd.","Article","Scopus",1,1,"0",0,1,0,"sum scores, binary","gender essentialism and others are sum scores, friendship preference is binary items with total scores 0-2",0,0,1,0,"ordinal; sum scores",NA,"DS_0043",0,0,1,0,"sum scores; binary",NA,1
"DS_0044","Riggs A.E.; Gonzalez A.M.","Riggs, Anne E. (56037143200); Gonzalez, Antonya Marie (57191809257)","56037143200; 57191809257","Similarity or stereotypes? An investigation of how exemplar gender guides children's math learning",2024,"Developmental Science",27,"6","e13542",NA,NA,NA,"https://doi.org/10.1111/desc.13542","https://www.scopus.com/inward/record.uri?eid=2-s2.0-85197279122&doi=10.1111%2fdesc.13542&partnerID=40&md5=5711b1ba4c21aa84fb8ce2b6d275533b","How does the representation of boy and girl exemplars in curricular materials affect students’ learning? We tested two competing hypotheses about the impact of gender exemplar on learning: First, in line with Social Learning Theory, children might exhibit a same-gender bias such that they prefer to learn from exemplars that match their gender (H1). Second, consistent with research on children's stereotypes about gender and math (e.g., associating boys with math competence), children might prefer to learn from exemplars who match their stereotypes about who is good at math (H2). We tested these hypotheses with children in middle school (N = 166), a time of development in which stereotypes are well-engrained, but before gender differences in math achievement appear. Children viewed two distinct math strategies, each presented by a boy or girl exemplar. We then examined which strategy children employed on a subsequent math test as well as their perceived similarity to the exemplars and their awareness or endorsement of gender-math stereotypes. Children did not preferentially learn from same-gender exemplars. However, children with stereotypes associating boys with math were more likely to learn the more difficult strategy when it was presented by a boy exemplar than children who did not associate boys with math. The results of this study provide valuable insight into how children's stereotypes impact their real-world learning. Research Highlights: How does the representation of boy and girl exemplars in children's curricular materials affect their learning? Past research demonstrates that children prefer to learn from same-gender exemplars, but also hold a stereotype that boys are better at math. In the current study, we test whether children preferentially adopt a math strategy presented by a boy or girl exemplar. Children who held the belief that boys are better at math were more likely to learn a difficult strategy from boy exemplars than children who did not endorse this stereotype. © 2024 John Wiley & Sons Ltd.","Article","Scopus",1,1,"1",1,0,NA,"binary","attempted strategy, correct strategy",1,0,0,NA,"accuracy; binary",NA,"DS_0044",1,1,0,NA,"binary",NA,1
"DS_0045","Wade M.; Parker V.; Tang A.; Fox N.A.; Zeanah C.H.; Nelson C.A.","Wade, Mark (57210637326); Parker, Victoria (57537200100); Tang, Alva (56526055900); Fox, Nathan A. (7201444367); Zeanah, Charles H. (7006020893); Nelson, Charles A. (58728779600)","57210637326; 57537200100; 56526055900; 7201444367; 7006020893; 58728779600","Linking caregiving quality during infancy to brain activity in early childhood and later executive function",2024,"Developmental Science",27,"6","e13517",NA,NA,NA,"https://doi.org/10.1111/desc.13517","https://www.scopus.com/inward/record.uri?eid=2-s2.0-85191193426&doi=10.1111%2fdesc.13517&partnerID=40&md5=1f8e1269d57ca532579017c5b2be6363","There is no relationship more vital than the one a child shares with their primary caregivers early in development. Yet many children worldwide are raised in settings that lack the warmth, connection, and stimulation provided by a responsive primary caregiver. In this study, we used data from the Bucharest Early Intervention Project (BEIP), a longitudinal study of institutionally-reared and family-reared children, to test how caregiving quality during infancy is associated with average EEG power over the first 3.5 years of life in alpha, beta, and theta frequency bands, and associations with later executive function (EF) at age 8 years. The sample comprised 189 children (129 institutionally-reared; 60 family-reared) who contributed data on observed caregiving quality during infancy (baseline; average age of 22 months), resting EEG power at baseline, 30, and 42 months, and performance-based data on a series of EF tasks at 8 years. Using Bayesian estimation, observed caregiving quality at baseline was marginally linked with higher average alpha and beta power, and lower theta power, from baseline to 42 months. In turn, higher average beta power and lower average theta power were marginally associated with higher EF at 8 years. In indirect effects models, higher caregiving quality at baseline was associated with higher EF at 8 years, with a marginal indirect effect through average theta power from baseline to 42 months. Variation in the quality of the early caregiving environment may be associated with later executive function, which is partially underpinned by individual differences in brain activity during early childhood. Research Highlights: Examined associations between caregiving quality during infancy, brain activity during early childhood, and executive function during mid-childhood in sample of never-institutionalized and institutionally-reared children. Significant associations between higher quality caregiving during infancy and higher executive function during middle childhood. Marginal associations between caregiving quality during infancy and brain activity during early childhood. Marginal associations between brain activity during early childhood and executive function during mid-childhood. © 2024 The Authors. Developmental Science published by John Wiley & Sons Ltd.","Article","Scopus",1,1,"0",0,0,NA,"logAmplitude","EEG, another measure of Executive Function is derived from latent factor so it's not considered",0,0,1,1,NA,"latent EF; EEG","DS_0045",0,0,0,NA,"logAmplitude",NA,1
"DS_0046","Carolus A.E.; McLaughlin K.A.; Lengua L.J.; Rowe M.L.; Sheridan M.A.; Zalewski M.; Moran L.; Romeo R.R.","Carolus, Amy E. (58286748000); McLaughlin, Katie A. (35071680600); Lengua, Lilliana J. (6701814209); Rowe, Meredith L. (7202268588); Sheridan, Margaret A. (57206385727); Zalewski, Maureen (36714653200); Moran, Lyndsey (55641100900); Romeo, Rachel R. (57201540021)","58286748000; 35071680600; 6701814209; 7202268588; 57206385727; 36714653200; 55641100900; 57201540021","Conversation disruptions in early childhood predict executive functioning development: A longitudinal study",2024,"Developmental Science",27,"1","e13414",NA,NA,NA,"https://doi.org/10.1111/desc.13414","https://www.scopus.com/inward/record.uri?eid=2-s2.0-85160029090&doi=10.1111%2fdesc.13414&partnerID=40&md5=98d376fb8ab522603bc09f23eb1c0d68","Abstract: Conversational turn-taking is a complex communicative skill that requires both linguistic and executive functioning (EF) skills, including processing input while simultaneously forming and inhibiting responses until one's turn. Adult-child turn-taking predicts children's linguistic, cognitive, and socioemotional development. However, little is understood about how disruptions to temporal contingency in turn-taking, such as interruptions and overlapping speech, relate to cognitive outcomes, and how these relationships may vary across developmental contexts. In a longitudinal sample of 275 socioeconomically diverse mother-child dyads (children 50% male, 65% White), we conducted pre-registered examinations of whether the frequency of dyads’ conversational disruption during free play when children were 3 years old related to children's executive functioning (EF; 9 months later), self-regulation skills (18 months later), and externalizing psychopathology in early adolescence (age 10–12 years). Contrary to hypotheses, more conversational disruptions significantly predicted higher inhibition skills, controlling for sex, age, income-to-needs (ITN), and language ability. Results were driven by maternal disruptions of the child's speech, and could not be explained by measures of overall talkativeness or interactiveness. Exploratory analyses revealed that ITN moderated these relationships, such that the positive effect of disruptions on inhibition was strongest for children from lower ITN backgrounds. We discuss how adult-driven “cooperative overlap” may serve as a form of engaged participation that supports cognition and behavior in certain cultural contexts. © 2023 John Wiley & Sons Ltd.","Article","Scopus",1,1,"0",0,1,0,"sum scores",NA,0,0,1,1,"accuracy; sum scores",NA,"DS_0046",0,0,1,1,"sum scores; binary",NA,1
"DS_0047","de la Cruz-Pavía I.; Hegde M.; Cabrera L.; Nazzi T.","de la Cruz-Pavía, Irene (35224626600); Hegde, Monica (57192857401); Cabrera, Laurianne (51161052100); Nazzi, Thierry (6602854609)","35224626600; 57192857401; 51161052100; 6602854609","Infants’ abilities to segment word forms from spectrally degraded speech in the first year of life",2024,"Developmental Science",27,"5","e13533",NA,NA,NA,"https://doi.org/10.1111/desc.13533","https://www.scopus.com/inward/record.uri?eid=2-s2.0-85195453402&doi=10.1111%2fdesc.13533&partnerID=40&md5=b7bda5be8c2a9c25c7c5ede7a4181bf7","Infants begin to segment word forms from fluent speech—a crucial task in lexical processing—between 4 and 7 months of age. Prior work has established that infants rely on a variety of cues available in the speech signal (i.e., prosodic, statistical, acoustic-segmental, and lexical) to accomplish this task. In two experiments with French-learning 6- and 10-month-olds, we use a psychoacoustic approach to examine if and how degradation of the two fundamental acoustic components extracted from speech by the auditory system, namely, temporal (both frequency and amplitude modulation) and spectral information, impact word form segmentation. Infants were familiarized with passages containing target words, in which frequency modulation (FM) information was replaced with pure tones using a vocoder, while amplitude modulation (AM) was preserved in either 8 or 16 spectral bands. Infants were then tested on their recognition of the target versus novel control words. While the 6-month-olds were unable to segment in either condition, the 10-month-olds succeeded, although only in the 16 spectral band condition. These findings suggest that 6-month-olds need FM temporal cues for speech segmentation while 10-month-olds do not, although they need the AM cues to be presented in enough spectral bands (i.e., 16). This developmental change observed in infants’ sensitivity to spectrotemporal cues likely results from an increase in the range of available segmentation procedures, and/or shift from a vowel to a consonant bias in lexical processing between the two ages, as vowels are more affected by our acoustic manipulations. Research Highlights: Although segmenting speech into word forms is crucial for lexical acquisition, the acoustic information that infants’ auditory system extracts to process continuous speech remains unknown. We examined infants’ sensitivity to spectrotemporal cues in speech segmentation using vocoded speech, and revealed a developmental change between 6 and 10 months of age. We showed that FM information, that is, the fast temporal modulations of speech, is necessary for 6- but not 10-month-old infants to segment word forms. Moreover, reducing the number of spectral bands impacts 10-month-olds’ segmentation abilities, who succeed when 16 bands are preserved, but fail with 8 bands. © 2024 The Author(s). Developmental Science published by John Wiley & Sons Ltd.","Article","Scopus",1,1,"0",0,0,NA,"logRT",NA,0,1,0,NA,"log(times)",NA,"DS_0047",0,0,0,NA,"logRT",NA,1
"DS_0048","Li Y.; Halleck T.Q.; Evans L.; Bassuk P.B.; de la Paz L.; Demir-Lira Ö.E.","Li, Ying (58263053700); Halleck, Talia Q. (59202619900); Evans, Laura (59203072500); Bassuk, Paras Bhagwat (59203072600); de la Paz, Leiana (57214148542); Demir-Lira, Ö. Ece (57190018513)","58263053700; 59202619900; 59203072500; 59203072600; 57214148542; 57190018513","Eye of the beholder: Neural synchrony of dynamically changing relations between parent praise and child affect",2024,"Developmental Science",27,"6","e13541",NA,NA,NA,"https://doi.org/10.1111/desc.13541","https://www.scopus.com/inward/record.uri?eid=2-s2.0-85197461613&doi=10.1111%2fdesc.13541&partnerID=40&md5=d6f0fb26f69858e935c979cf8643ebf5","In this study, we aimed to determine the role of parental praise and child affect in the neural processes underlying parent-child interactions, utilizing functional near-infrared spectroscopy (fNIRS) hyperscanning. We characterized the dynamic changes in interpersonal neural synchrony (INS) between parents and children (4–6 years old, n = 40 dyads) during a cognitively challenging task. We then examined how changes in parent-child INS are influenced by parental feedback and child affect. Parent-child INS showed a quadratic change over time, indicating a decelerated decline during the interaction period. The relationship of parental praise, in the form of positive feedback, to change in INS was contingent upon the child's positive affect during the task. The highest levels of INS were observed when praise was present and child affect was positive. The left temporo-parietal regions of the child and the right dorsolateral prefrontal and right temporo-parietal regions of the parent demonstrated the strongest INS. The dynamic change in INS during the interaction was associated with children's independent performance on a standardized test of visuospatial processing. This research, leveraging fNIRS hyperscanning, elucidates the neural dynamics underlying the interaction between parent praise and child positive affect, thereby contributing to our broader understanding of parent-child dynamics. Research Highlights: The level of interpersonal neural synchrony between parents and children dynamically varies during a cognitively challenging (tangram) task. The left temporo-parietal regions of the child and the right dorsolateral prefrontal and right temporo-parietal regions of the parent demonstrate the strongest parent-child neural synchrony. The relationship between parental praise (positive feedback) and parent-child neural synchrony is contingent upon child positive affect during the task. Change in parent-child neural synchrony relates to children's performance on an independent visuospatial processing measure. © 2024 The Author(s). Developmental Science published by John Wiley & Sons Ltd.","Article","Scopus",1,1,"0",0,0,NA,"zcor","Fisher's z transformed Interpersonal Neural Synchrony (INS) operationalized as Wavelet Transform Coherence (WTC), which is conceptually like a correlation",1,1,0,NA,"zcor",NA,"DS_0048",0,0,0,NA,"zcor",NA,1
"DS_0049","Berger S.; Batterink L.J.","Berger, Sarah (57975357800); Batterink, Laura J. (36099982700)","57975357800; 36099982700","Children extract a new linguistic rule more quickly than adults",2024,"Developmental Science",27,"4","e13498",NA,NA,NA,"https://doi.org/10.1111/desc.13498","https://www.scopus.com/inward/record.uri?eid=2-s2.0-85189108191&doi=10.1111%2fdesc.13498&partnerID=40&md5=eb8edf7882f5f9d68fb99e0569ac1b3b","Children achieve better long-term language outcomes than adults. However, it remains unclear whether children actually learn language more quickly than adults during real-time exposure to input—indicative of true superior language learning abilities—or whether this advantage stems from other factors. To examine this issue, we compared the rate at which children (8–10 years) and adults extracted a novel, hidden linguistic rule, in which novel articles probabilistically predicted the animacy of associated nouns (e.g., “gi lion”). Participants categorized these two-word phrases according to a second, explicitly instructed rule over two sessions, separated by an overnight delay. Both children and adults successfully learned the hidden animacy rule through mere exposure to the phrases, showing slower response times and decreased accuracy to occasional phrases that violated the rule. Critically, sensitivity to the hidden rule emerged much more quickly in children than adults; children showed a processing cost for violation trials from very early on in learning, whereas adults did not show reliable sensitivity to the rule until the second session. Children also showed superior generalization of the hidden animacy rule when asked to classify nonword trials (e.g., “gi badupi”) according to the hidden animacy rule. Children and adults showed similar retention of the hidden rule over the delay period. These results provide insight into the nature of the critical period for language, suggesting that children have a true advantage over adults in the rate of implicit language learning. Relative to adults, children more rapidly extract hidden linguistic structures during real-time language exposure. Research Highlights: Children and adults both succeeded in implicitly learning a novel, uninstructed linguistic rule, based solely on exposure to input. Children learned the novel linguistic rules much more quickly than adults. Children showed better generalization performance than adults when asked to apply the novel rule to nonsense words without semantic content. Results provide insight into the nature of critical period effects in language, indicating that children have an advantage over adults in real-time language learning. © 2024 The Authors. Developmental Science published by John Wiley & Sons Ltd.","Article","Scopus",1,1,"1",1,1,1,"RT, binary","reaction times (z-scored within participant), accuracies",1,0,0,NA,"RT z-scored; binary; BIS","BIS =  composite of speed and accuracy","DS_0049",1,1,0,NA,"zRT; binary",NA,1
"DS_0050","Özçalışkan Ş.; Lucero C.; Goldin-Meadow S.","Özçalışkan, Şeyda (8860890100); Lucero, Ché (57003067000); Goldin-Meadow, Susan (7004380699)","8860890100; 57003067000; 7004380699","Is vision necessary for the timely acquisition of language-specific patterns in co-speech gesture and their lack in silent gesture?",2024,"Developmental Science",27,"5","e13507",NA,NA,NA,"https://doi.org/10.1111/desc.13507","https://www.scopus.com/inward/record.uri?eid=2-s2.0-85191017673&doi=10.1111%2fdesc.13507&partnerID=40&md5=220266e8a4ac8ffab50c1f83e1de2700","Blind adults display language-specificity in their packaging and ordering of events in speech. These differences affect the representation of events in co-speech gesture–gesturing with speech–but not in silent gesture–gesturing without speech. Here we examine when in development blind children begin to show adult-like patterns in co-speech and silent gesture. We studied speech and gestures produced by 30 blind and 30 sighted children learning Turkish, equally divided into 3 age groups: 5–6, 7–8, 9–10 years. The children were asked to describe three-dimensional spatial event scenes (e.g., running out of a house) first with speech, and then without speech using only their hands. We focused on physical motion events, which, in blind adults, elicit cross-linguistic differences in speech and co-speech gesture, but cross-linguistic similarities in silent gesture. Our results showed an effect of language on gesture when it was accompanied by speech (co-speech gesture), but not when it was used without speech (silent gesture) across both blind and sighted learners. The language-specific co-speech gesture pattern for both packaging and ordering semantic elements was present at the earliest ages we tested the blind and sighted children. The silent gesture pattern appeared later for blind children than sighted children for both packaging and ordering. Our findings highlight gesture as a robust and integral aspect of the language acquisition process at the early ages and provide insight into when language does and does not have an effect on gesture, even in blind children who lack visual access to gesture. Research Highlights: Gestures, when produced with speech (i.e., co-speech gesture), follow language-specific patterns in event representation in both blind and sighted children. Gestures, when produced without speech (i.e., silent gesture), do not follow the language-specific patterns in event representation in both blind and sighted children. Language-specific patterns in speech and co-speech gestures are observable at the same time in blind and sighted children. The cross-linguistic similarities in silent gestures begin slightly later in blind children than in sighted children. © 2024 John Wiley & Sons Ltd.","Article","Scopus",1,1,"1",0,0,NA,"binary","analyses are run on ""packaging"" and ""ordering"", which are treated as count (with Poisson), although actually they are binary",1,0,0,NA,"count","poisson non explicit link","DS_0050",1,0,0,NA,"binary",NA,1
"DS_0051","Sawyer H.; Bannard C.; Pine J.","Sawyer, Hannah (57217220737); Bannard, Colin (23967985200); Pine, Julian (7006572840)","57217220737; 23967985200; 7006572840","Gradually increasing context-sensitivity shapes the development of children's verb marking: A corpus study",2024,"Developmental Science",27,"6","e13543",NA,NA,NA,"https://doi.org/10.1111/desc.13543","https://www.scopus.com/inward/record.uri?eid=2-s2.0-85197419428&doi=10.1111%2fdesc.13543&partnerID=40&md5=28511906e4f1e3891532ce27a1987a63","There is substantial evidence that children's apparent omission of grammatical morphemes in utterances such as “She play tennis” and “Mummy eating” is in fact errors of commission in which contextually licensed unmarked forms encountered in the input are reproduced in a context-blind fashion. So how do children stop making such errors? In this study, we test the assumption that children's ability to recover from error is related to their developing sensitivity to longer-range dependencies. We use a pre-registered corpus analysis to explore the predictive value of different cues with regards to children's verb-marking errors and observe a developmental pattern consistent with this account. We look at context-independent cues (the identity of the specific verb being used) and at the relative value of context-dependent cues (the identity of the specific subject+verb sequence being used). We find that the only consistent effect across a group of 2- to 3-year-olds and a group of 3- to 4-year-olds is the relative frequency of unmarked forms of specific subject+verb sequences being used. The relative frequency of unmarked forms of the verb alone is predictive only in the younger age group. This is consistent with an account in which children recover from making errors by becoming progressively more sensitive to context, at first the immediately preceding lexical contexts (e.g., the subject that precedes the verb) and eventually more distant grammatical markers (e.g., the fronted auxiliary that precedes the subject in questions). Research Highlights: We provide a corpus analysis investigating input effects on young children's verb-marking errors (e.g., Mummy go) across development (between 2 and 4 years of age). We find evidence that these apparent errors of omission are in fact input-driven errors of commission that persist into the third year of life. We compare the relative effect on error rates of context-independent (e.g., verb) and context-dependent (e.g., subject+verb sequence) cues across developmental time. Our findings support the proposal that children recover from making verb-marking errors by becoming progressively more sensitive to preceding context. © 2024 The Author(s). Developmental Science published by John Wiley & Sons Ltd.","Article","Scopus",1,1,"1",1,0,NA,"binary","errors in utterances",1,0,0,NA,"binary",NA,"DS_0051",1,1,0,NA,"binary",NA,1
"DS_0052","Ramamurthy M.; White A.L.; Yeatman J.D.","Ramamurthy, Mahalakshmi (7003735941); White, Alex L. (23069317400); Yeatman, Jason D. (35103808100)","7003735941; 23069317400; 35103808100","Children with dyslexia show no deficit in exogenous spatial attention but show differences in visual encoding",2024,"Developmental Science",27,"3","e13458",NA,NA,NA,"https://doi.org/10.1111/desc.13458","https://www.scopus.com/inward/record.uri?eid=2-s2.0-85177189865&doi=10.1111%2fdesc.13458&partnerID=40&md5=5f35007e417b1929495da01182a77040","In the search for mechanisms that contribute to dyslexia, the term “attention” has been invoked to explain performance in a variety of tasks, creating confusion since all tasks do, indeed, demand “attention.” Many studies lack an experimental manipulation of attention that would be necessary to determine its influence on task performance. Nonetheless, an emerging view is that children with dyslexia have an impairment in the exogenous (automatic/reflexive) orienting of spatial attention. Here we investigated the link between exogenous attention and reading ability by presenting exogenous spatial cues in the multi-letter processing task—a task relevant for reading. The task was gamified and administered online to a large sample of children (N = 187) between 6 and 17 years. Children with dyslexia performed worse overall at rapidly recognizing and reporting strings of letters. However, we found no evidence for a difference in the utilization of exogenous spatial cues, resolving two decades of ambiguity in the field. Previous studies that claimed otherwise may have failed to distinguish attention effects from overall task performance or found spurious group differences in small samples. Research Highlights: We manipulated exogenous visual spatial attention using pre-cues in a task that is relevant for reading and we see robust task effects of exogenous attention. We found no evidence for a deficit in utilizing exogenous spatial pre-cues in children with dyslexia. However, children with dyslexia showed reduced recognition ability for all letter positions. Children with dyslexia were just as likely to make letter transposition errors as typical readers. © 2023 John Wiley & Sons Ltd.","Article","Scopus",1,1,"0",0,1,1,"proportions, dprime","errors are divided by the total number of trials (separately for each group), accuracy was separately computed with dprime",0,0,1,1,"accuracy; proportions; differences",NA,"DS_0052",0,0,1,1,"dprime; proportions; differences",NA,1
"DS_0053","Stanaland A.; Gaither S.; Gassman-Pines A.; Galvez-Cepeda D.; Cimpian A.","Stanaland, Adam (57221920186); Gaither, Sarah (55352098800); Gassman-Pines, Anna (11140985000); Galvez-Cepeda, Daniela (59218467900); Cimpian, Andrei (9747828300)","57221920186; 55352098800; 11140985000; 59218467900; 9747828300","Adolescent boys’ aggressive responses to perceived threats to their gender typicality",2024,"Developmental Science",27,"6","e13544",NA,NA,NA,"https://doi.org/10.1111/desc.13544","https://www.scopus.com/inward/record.uri?eid=2-s2.0-85198510031&doi=10.1111%2fdesc.13544&partnerID=40&md5=db3ec76ef6887182429e5d9126dfc4fe","When adult men are made to feel gender-atypical, they often lash out with aggression, particularly when they are pressured (vs. autonomously motivated) to be gender-typical. Here, we examined the development of this phenomenon. Specifically, we provided a first experimental test of whether threatening adolescent boys’ perceived gender typicality elicits aggression as a function of their pressured (vs. autonomous) motivation to be gender-typical. We also investigated whether this causal link emerges as a function of boys’ chronological age versus pubertal development. Participants were a geographically diverse sample of 207 adolescent US boys (ages 10–14; 23.2% boys of color) and one of their parents. Boys played a “game” and received randomly-assigned feedback that their score was atypical versus typical of their gender. For boys in mid-to-late puberty (but not before), feedback that they are gender-atypical predicted an aggressive reaction, particularly among boys whose motivation to be gender-typical was pressured (vs. autonomous). Next, we explored which aspects of boys’ social environments predicted their pressured motivation to be gender-typical. Boys’ pressured motivation was positively correlated with their perceptions that their parents and peers would be “upset” if they deviated from gender norms, as well as with their parents’ endorsement of so-called hegemonic beliefs about masculinity (i.e., that men should hold power over women). Parents with these beliefs resided in more conservative areas, had less formal education, and had lower incomes. Our results inform theorizing on gender identity development and lay the foundation for mitigating the harmful effects of gender typicality threat among adult men. Research Highlights: Similar to young adult men, adolescent boys in mid-to-late puberty (but not before) responded with aggression to perceived threats to their gender typicality. Aggression was heightened among boys whose motivation to be gender-typical was pressured (i.e., driven by social expectations) rather than autonomous. Which boys showed pressured motivation? Those whose parents endorsed hegemonic beliefs about masculinity (e.g., that men should have more power than people of other genders). Hegemonic beliefs about masculinity were strongest among parents who resided in more conservative US counties, had less formal education, and had lower incomes. © 2024 John Wiley & Sons Ltd.","Article","Scopus",1,1,"0",0,1,1,"proportions","proportion of aggressive words as proxy of aggressive cognition",0,0,1,1,"proportions",NA,"DS_0053",0,0,1,1,"proportions",NA,1
"DS_0054","Yang R.; Gu Y.; Cui L.; Li X.; Way N.; Yoshikawa H.; Chen X.; Okazaki S.; Zhang G.; Liang Z.; Waters T.E.A.","Yang, Rui (57224863451); Gu, Yufei (58859306100); Cui, Lixian (55933404600); Li, Xuan (56374859500); Way, Niobe (6701355737); Yoshikawa, Hirokazu (7403289726); Chen, Xinyin (8563040900); Okazaki, Sumie (7202222684); Zhang, Guangzhen (56054694900); Liang, Zongbao (56054737600); Waters, Theodore E. A. (36619247600)","57224863451; 58859306100; 55933404600; 56374859500; 6701355737; 7403289726; 8563040900; 7202222684; 56054694900; 56054737600; 36619247600","A cognitive script perspective on how early caregiving experiences inform adolescent peer relationships and loneliness: A 14-year longitudinal study of Chinese families",2024,"Developmental Science",27,"6","e13522",NA,NA,NA,"https://doi.org/10.1111/desc.13522","https://www.scopus.com/inward/record.uri?eid=2-s2.0-85191687976&doi=10.1111%2fdesc.13522&partnerID=40&md5=513038848ce122115ca27d8a892b6967","Leveraging data from a longitudinal study of Chinese families (n = 364), this research aims to understand the role of secure base script knowledge as a cognitive mechanism by which early caregiving experiences inform adolescents’ friendship quality and feelings of loneliness. Results showed that observed maternal sensitivity at 14 and 24 months old was negatively associated with adolescents’ self-reported conflicts with close friends (β = −0.17, p = 0.044) at 15 years old, and this association was partially mediated by their secure base script knowledge assessed at 10 years old. Further, secure base script knowledge moderated the link between adolescents’ friend conflict and feelings of loneliness (β = −0.15, p = 0.037). The results support a cognitive script perspective on the association between early caregiving experiences and later socio-emotional adjustment. Furthermore, this study adds to the developmental literature that has previously focused on more stringent and authoritarian aspects of parenting in Chinese families, thereby contributing to our understanding of how sensitive and supportive parenting practices contribute to socio-emotional development outside of Western contexts. Research Highlights: Maternal sensitivity during infancy and toddlerhood has a long-term association with adolescents’ friendship quality and adolescents' secure base script partially explains the association. First evidence to demonstrate that the secure base script in attachment relationships mediates the association between early maternal caregiving and socio-emotional development in Chinese adolescents. Adolescents lacking secure base script knowledge are particularly vulnerable to feelings of loneliness when facing high levels of conflict in close friendships. © 2024 John Wiley & Sons Ltd.","Article","Scopus",1,1,"0",0,1,1,"sum scores","adolescent loneliness",0,0,1,1,"sum scores",NA,"DS_0054",0,0,1,1,"sum scores",NA,1
"DS_0063","Hippe L.; Hennessy V.; Ramirez N.F.; Zhao T.C.","Hippe, Lindsay (58480371600); Hennessy, Victoria (59133367400); Ramirez, Naja Ferjan (56627026600); Zhao, T. Christina (56562267400)","58480371600; 59133367400; 56627026600; 56562267400","Comparison of speech and music input in North American infants’ home environment over the first 2 years of life",2024,"Developmental Science",27,"5","e13528",NA,NA,NA,"https://doi.org/10.1111/desc.13528","https://www.scopus.com/inward/record.uri?eid=2-s2.0-85193515358&doi=10.1111%2fdesc.13528&partnerID=40&md5=5e23af0807dc85e2f6a08d3011a567ee","Infants are immersed in a world of sounds from the moment their auditory system becomes functional, and experience with the auditory world shapes how their brain processes sounds in their environment. Across cultures, speech and music are two dominant auditory signals in infants’ daily lives. Decades of research have repeatedly shown that both quantity and quality of speech input play critical roles in infant language development. Less is known about the music input infants receive in their environment. This study is the first to compare music input to speech input across infancy by analyzing a longitudinal dataset of daylong audio recordings collected in English-learning infants’ home environments, at 6, 10, 14, 18, and 24 months of age. Using a crowdsourcing approach, 643 naïve listeners annotated 12,000 short snippets (10 s) randomly sampled from the recordings using Zooniverse, an online citizen-science platform. Results show that infants overall receive significantly more speech input than music input and the gap widens as the infants get older. At every age point, infants were exposed to more music from an electronic device than an in-person source; this pattern was reversed for speech. The percentage of input intended for infants remained the same over time for music while that percentage significantly increased for speech. We propose possible explanations for the limited music input compared to speech input observed in the present (North American) dataset and discuss future directions. We also discuss the opportunities and caveats in using a crowdsourcing approach to analyze large audio datasets. A video abstract of this article can be viewed at https://youtu.be/lFj_sEaBMN4. Research Highlights: This study is the first to compare music input to speech input in infants’ natural home environment across infancy. We utilized a crowdsourcing approach to annotate a longitudinal dataset of daylong audio recordings collected in North American home environments. Our main results show that infants overall receive significantly more speech input than music input. This gap widens as the infants get older. Our results also showed that the music input was largely from electronic devices and not intended for the infants, a pattern opposite to speech input. © 2024 John Wiley & Sons Ltd.","Article","Scopus",1,1,"0",0,1,1,"percentage","number of snippets as count but bounded to 100",0,0,1,1,"count",NA,"DS_0063",0,0,1,1,"binary",NA,1
"DS_0065","Benton D.T.; Kamper D.; Beaton R.M.; Sobel D.M.","Benton, Deon T. (57204598087); Kamper, David (57928990700); Beaton, Rebecca M. (58748993200); Sobel, David M. (7004480764)","57204598087; 57928990700; 58748993200; 7004480764","Don't throw the associative baby out with the Bayesian bathwater: Children are more associative when reasoning retrospectively under information processing demands",2024,"Developmental Science",27,"3","e13464",NA,NA,NA,"https://doi.org/10.1111/desc.13464","https://www.scopus.com/inward/record.uri?eid=2-s2.0-85178924509&doi=10.1111%2fdesc.13464&partnerID=40&md5=6733551ecfac234e17899e19a7e414e1","Causal reasoning is a fundamental cognitive ability that enables individuals to learn about the complex interactions in the world around them. However, the mechanisms that underpin causal reasoning are not well understood. For example, it remains unresolved whether children's causal inferences are best explained by Bayesian inference or associative learning. The two experiments and computational models reported here were designed to examine whether 5- and 6-year-olds will retrospectively reevaluate objects—that is, adjust their beliefs about the causal status of some objects presented at an earlier point in time based on the observed causal status of other objects presented at a later point in time—when asked to reason about 3 and 4 objects and under varying degrees of information processing demands. Additionally, the experiments and models were designed to determine whether children's retrospective reevaluations were best explained by associative learning, Bayesian inference, or some combination of both. The results indicated that participants retrospectively reevaluated causal inferences under minimal information-processing demands (Experiment 1) but failed to do so under greater information processing demands (Experiment 2) and that their performance was better captured by an associative learning mechanism, with less support for descriptions that rely on Bayesian inference. Research Highlights: Five- and 6-year-old children engage in retrospective reevaluation under minimal information-processing demands (Experiment 1). Five- and 6-year-old children do not engage in retrospective reevaluation under more extensive information-processing demands (Experiment 2). Across both experiments, children's retrospective reevaluations were better explained by a simple associative learning model, with only minimal support for a simple Bayesian model. These data contribute to our understanding of the cognitive mechanisms by which children make causal judgements. © 2023 John Wiley & Sons Ltd.","Article","Scopus",1,1,"1",1,0,NA,"binary","response to the question ""is this a blicket""",0,1,0,NA,"binary",NA,"DS_0065",1,1,0,NA,"binary",NA,1
"JEPG_0001","Yehuda M.B.; Murphy R.A.; Le Pelley M.E.; Navarro D.J.; Yeung N.","Yehuda, Michael Ben (57221564182); Murphy, Robin A. (7403470954); Le Pelley, Mike E. (6603589906); Navarro, Danielle J. (7004873645); Yeung, Nick (6603836808)","57221564182; 7403470954; 6603589906; 7004873645; 6603836808","Confidence Regulates Feedback Processing During Human Probabilistic Learning",2024,"Journal of Experimental Psychology: General",154,"1",NA,80,95,15,"https://doi.org/10.1037/xge0001669","https://www.scopus.com/inward/record.uri?eid=2-s2.0-85210738759&doi=10.1037%2fxge0001669&partnerID=40&md5=6f27bc9bc242bb533bd2e2a022851f3d","Uncertainty presents a key challenge when learning how best to act to attain a desired outcome. People can report uncertainty in the form of confidence judgments, but how such judgments contribute to learning and subsequent decisions remains unclear. In a series of three experiments employing an operant learning task, we tested the hypothesis that confidence plays a central role in learning by regulating resource allocation to the seeking and processing of feedback. We predicted that, as participants’ confidence in their task knowledge grew, they would discount feedback when it was provided and be correspondingly less willing to pay for it when it was costly. Consistent with these predictions, we found that higher confidence was associated with reduced electrophysiological markers of feedback processing and decreased updating of beliefs following feedback receipt. Bayesian modeling suggests that this decrease in processing was due to a drop in the expected informative value of novel information when participants were highly confident. Thus, when choosing whether to pay a fee to receive further feedback, participants’ subjective confidence, rather than the objective accuracy of their decisions, guided their choices. Overall, our results suggest that confidence regulates learning and subsequent decision making. © 2024 The Author(s)","Article","Scopus",1,1,"0",0,1,1,"amplitude; binary",NA,0,0,1,1,"amplitude; proportion;","mi sembra facciano l'anova, e poi usano dei modelli per predire il comportamento ma mi sembra che non fittino i dati","JEPG_0001",0,0,1,1,"amplitude; binary (proportion);","mi sembra facciano l'anova, e poi usano dei modelli per predire il comportamento ma mi sembra che non fittino i dati",1
"JEPG_0002","Strueder J.D.; Windschitl P.D.","Strueder, Jeremy D. (58698888300); Windschitl, Paul D. (6701587876)","58698888300; 6701587876","Combining Forecasts From Advisors: The Impact of Advice Independence and Verbal Versus Numeric Format",2024,"Journal of Experimental Psychology: General",153,"8",NA,2088,2099,11,"https://doi.org/10.1037/xge0001611","https://www.scopus.com/inward/record.uri?eid=2-s2.0-85200525521&doi=10.1037%2fxge0001611&partnerID=40&md5=486d6281b994faf44aa85336ff3a37ff","Past research on advice-taking has suggested that people are often insensitive to the level of advice independence when combining forecasts from advisors. However, this has primarily been tested for cases in which people receive numeric forecasts. Recent work by Mislavsky and Gaertig (2022) shows that people sometimes employ different strategies when combining verbal versus numeric forecasts about the likelihood of future events. Specifically, likelihood judgments based on two verbal forecasts (e.g., “rather likely”) are more often extreme (relative to the forecasts) than are likelihood judgments based on two numeric forecasts (e.g., “70% probability”). The goal of the present research was to investigate whether advice-takers’ use of combination strategies can be sensitive to advice independence when differences in independence are highly salient and whether sensitivity to advice independence depends on the format in which advice is given. In two studies, we found that advice-takers became more extreme with their own likelihood estimate when combining forecasts from advisors who use separate evidence, as opposed to the same evidence. We also found that two verbal forecasts generally resulted in more extreme combined likelihood estimates than two numeric forecasts. However, the results did not suggest that sensitivity to advice independence depends on the format of advice. © 2024 American Psychological Association","Article","Scopus",1,1,"1",1,1,1,"binary; difference scores",NA,1,1,0,0,"binary; difference scores","controllare likelihood adj","JEPG_0002",1,1,1,1,"binary; difference scores","controllare likelihood adj",1
"JEPG_0003","Schotter E.R.; Stringer C.; Saunders E.; Cooley F.G.; Sinclair G.; Emmorey K.","Schotter, Elizabeth R. (36440275400); Stringer, Casey (57565756700); Saunders, Emily (57226714862); Cooley, Frances G. (57194535151); Sinclair, Grace (59365679700); Emmorey, Karen (6603692155)","36440275400; 57565756700; 57226714862; 57194535151; 59365679700; 6603692155","The role of perceptual and word identification spans in reading efficiency: Evidence from hearing and deaf readers",2024,"Journal of experimental psychology. General",153,"10",NA,2359,2377,18,"https://doi.org/10.1037/xge0001633","https://www.scopus.com/inward/record.uri?eid=2-s2.0-85206276360&doi=10.1037%2fxge0001633&partnerID=40&md5=ad80d9667fa45434eafe5081b117dfd7","Theories of reading posit that decisions about ""where"" and ""when"" to move the eyes are driven by visual and linguistic factors, extracted from the perceptual span and word identification span, respectively. We tested this hypothesized dissociation by masking, outside of a visible window, either the spaces between the words (to assess the perceptual span, Experiment 1) or the letters within the words (to assess the word identification span, Experiment 2). We also investigated whether deaf readers' previously reported larger reading span was specifically linked to one of these spans. We analyzed reading rate to test overall reading efficiency, as well as average saccade length to test ""where"" decisions and average fixation duration to test ""when"" decisions. Both hearing and deaf readers' perceptual spans extended between 10 and 14 characters, and their word identification spans extended to eight characters to the right of fixation. Despite similar sized rightward spans, deaf readers read more efficiently overall and showed a larger increase in reading rate when leftward text was available, suggesting they attend more to leftward information. Neither rightward span was specifically related to where or when decisions for either group. Our results challenge the assumed dissociation between type of reading span and type of saccade decision and indicate that reading efficiency requires access to both perceptual and linguistic information in the parafovea. (PsycInfo Database Record (c) 2024 APA, all rights reserved).","Article","Scopus",1,1,"1",0,1,1,"rate; count; times","le interazioni sono testate sia con lmer (identity) sia con glmer (Poisson)",1,0,1,0,"rate; time; count","trattano bene i count espliciatando familiy e poi sbagliano con i tempi, con i rate non so se sbaglino perché la distibuzione dovrebbe essere una normale con bound","JEPG_0003",1,0,1,1,"rate; times; count","trattano bene i count espliciatando familiy e poi sbagliano con i tempi, con i rate non so se sbaglino perché la distibuzione dovrebbe essere una normale con bound",1
"JEPG_0004","Atwood S.; Gibson D.J.; Ramírez S.B.; Olson K.R.","Atwood, S. (57214973368); Gibson, Dominic J. (56329283500); Ramírez, Sofía Briones (58965517500); Olson, Kristina R. (15058037500)","57214973368; 56329283500; 58965517500; 15058037500","Flexibility in Continuous Judgments of Gender/Sex and Race",2024,"Journal of Experimental Psychology: General",153,"12",NA,2931,2950,19,"https://doi.org/10.1037/xge0001512","https://www.scopus.com/inward/record.uri?eid=2-s2.0-85189178278&doi=10.1037%2fxge0001512&partnerID=40&md5=595fffe676974cb9565c47f0bf01fb59","Across six preregistered studies (N = 1,292; recruited from university subject pools and Prolific Academic), we investigate how face perception along the dimensions of gender/sex and race can vary based on immediate contextual information as well as personal experience. In Studies 1a and 1b, we find that when placing stimuli along a continuum from male to female, cisgender participants sort prototypical gender/sex faces in a bimodal fashion and show less consensus and greater error when placing faces of intermediate gender/sex. We replicate and extend these findings to race in Study 2. In Study 3, we test whether sorting patterns can be influenced by preexisting experiences, and find evidence that transgender/nonbinary participants show less error than cisgender heterosexual participants when sorting intermediary faces. Finally, in Studies 4 and 5, we test whether cisgender participants’ judgments of intermediary faces along the continuum are influenced by the specific circumstances under which they are asked to sort. Here, we find that changing the sorting framework to include a third category resulted in less error when placing intermediary faces along the continuum than when participants were provided with only two category labels or two categories and a line at the midpoint, suggesting that new perceptual categories introduced with minimal training can be adopted quickly and successfully in a perceptual task. These data suggest that both long-term life experiences and quick experimental interventions can shape how we think about gender/sex and race. © 2024 American Psychological Association","Article","Scopus",1,1,"0",0,1,1,"distance",NA,0,0,1,1,"times; difference scores (slider)","nel supplementary: Model: latency ~ androgyny_level*response_window*participant_group +
(androgyny_level*response_window | subjectID) + (1|face_pair)","JEPG_0004",0,0,1,1,"times; difference scores (slider)","nel supplementary: Model: latency ~ androgyny_level*response_window*participant_group +
(androgyny_level*response_window | subjectID) + (1|face_pair)",1
"JEPG_0005","Cusimano C.; Zorrilla N.; Danks D.; Lombrozo T.","Cusimano, Corey (56895998000); Zorrilla, Natalia (58903640000); Danks, David (36169046300); Lombrozo, Tania (22935014100)","56895998000; 58903640000; 36169046300; 22935014100","Psychological Freedom, Rationality, and the Naive Theory of Reasoning",2024,"Journal of Experimental Psychology: General",153,"3",NA,837,863,26,"https://doi.org/10.1037/xge0001540","https://www.scopus.com/inward/record.uri?eid=2-s2.0-85185833193&doi=10.1037%2fxge0001540&partnerID=40&md5=90fc148d6b4fef97303145ba3d1af122","To make sense of the social world, people reason about others’ mental states, including whether and in what ways others can form new mental states. We propose that people’s judgments concerning the dynamics of mental state change invoke a “naive theory of reasoning.” On this theory, people conceptualize reasoning as a rational, semi-autonomous process that individuals can leverage, but not override, to form new rational mental states. Across six experiments, we show that this account of people’s naive theory of reasoning predicts judgments about others’ ability to form rational and irrational beliefs, desires, and intentions, as well as others’ ability to act rationally and irrationally. This account predicts when, and explains why, people judge others as psychologically constrained by coercion and other forms of situational pressure. © 2024 American Psychological Association","Article","Scopus",1,1,"0",0,1,1,"ordinal",NA,0,0,1,1,"ordinal",NA,"JEPG_0005",0,0,1,1,"ordinal",NA,1
"JEPG_0006","Martínez E.; Mollica F.; Gibson E.","Martínez, Eric (57313840500); Mollica, Francis (57208255845); Gibson, Edward (7103129379)","57313840500; 57208255845; 7103129379","So Much for Plain Language: An Analysis of the Accessibility of U.S. Federal Laws Over Time",2024,"Journal of Experimental Psychology: General",153,"5",NA,1153,1164,11,"https://doi.org/10.1037/xge0001572","https://www.scopus.com/inward/record.uri?eid=2-s2.0-85191368286&doi=10.1037%2fxge0001572&partnerID=40&md5=d63172a85b2dd39d41c51ea1b674e1ee","Over the last 50 years, there have been efforts on behalf of the U.S. government to simplify legal documents for society at large. However, there has been no systematic evaluation of how effective these efforts— collectively referred to as the “plain-language movement”—have been. Here we report the results of a large-scale longitudinal corpus analysis (n ≈ 225 million words), in which we compared every law passed by congress with a comparably sized sample of English texts from four different baseline genres published during approximately the same time period. We also compared the entirety of the U.S. Code (the official compilation of all federal legislation currently in force) with a large sample of recently published texts from six baseline genres of English. We found that laws remain laden with features associated with psycholinguistic complexity—including center-embedding, passive voice, low-frequency jargon, capitalization, and sentence length—relative to the baseline genres of English, and that the prevalence of most of these features has not meaningfully declined since the initial onset of the plain-language efforts. These findings suggest top-down efforts to simplify legal texts have thus far remained largely ineffectual, despite the apparent tractability of these changes, and call into question the coherence and legitimacy of legal doctrines whose validity rests on the notion of laws being easily interpretable by laypeople. © 2024 American Psychological Association","Article","Scopus",1,1,"0",0,1,1,"sum scores",NA,1,1,0,0,"frequency;binary;count;proportions","controllare","JEPG_0006",1,1,0,0,"frequency (count) ;binary","controllare",1
"JEPG_0007","Swire-Thompson B.; Kilgallen K.; Dobbs M.; Bodenger J.; Wihbey J.; Johnson S.","Swire-Thompson, Briony (57189828166); Kilgallen, Kristen (59319017700); Dobbs, Mitch (57899410800); Bodenger, Jacob (59319007900); Wihbey, John (57191845244); Johnson, Skyler (55776993100)","57189828166; 59319017700; 57899410800; 59319007900; 57191845244; 55776993100","Discrediting Health Disinformation Sources: Advantages of Highlighting Low Expertise",2024,"Journal of Experimental Psychology: General",153,"9",NA,2299,2313,14,"https://doi.org/10.1037/xge0001627","https://www.scopus.com/inward/record.uri?eid=2-s2.0-85203420035&doi=10.1037%2fxge0001627&partnerID=40&md5=92b6f3c8e7f798d2d7c0260cc410c095","Disinformation is false information spread intentionally, and it is particularly harmful for public health. We conducted three preregistered experiments (N = 1,568) investigating how to discredit dubious health sources and disinformation attributed to them. Experiments 1 and 2 used cancer information and recruited representative U.S. samples. Participants read a vignette about a seemingly reputable source and rated their credibility. Participants were randomly assigned to a control condition or interventions that (a) corrected the source’s disinformation, (b) highlighted the source’s low expertise, or (c) corrected disinformation and highlighted low expertise (Experiment 2). Next, participants rated their belief in the source’s disinformation claims and rerated their credibility. We found that highlighting low expertise was equivalent to (or more effective than) other interventions for reducing belief in disinformation. Highlighting low expertise was also more effective than correcting disinformation for reducing source credibility, although combining it with correcting disinformation outperformed low expertise alone (Experiment 2). Experiment 3 extended this paradigm to vaccine information in vaccinated and unvaccinated subgroups. A conflict-of-interest intervention and 1 week retention interval were also added. Highlighting low expertise was the most effective intervention in both vaccinated and unvaccinated participants for reducing belief in disinformation and source credibility. It was also the only condition where belief change was sustained over 1 week, but only in the vaccinated subgroup. In sum, highlighting a source’s lack of expertise is a promising option for fact-checkers and health practitioners to reduce belief in disinformation and perceived credibility. © 2024 The Author(s)","Article","Scopus",1,1,"0",0,1,1,"sum scores",NA,0,0,1,1,"ordinal;",NA,"JEPG_0007",0,0,1,1,"sum scores (ordinal)",NA,1
"JEPG_0008","Bailey A.H.; Dembroff R.; Wodak D.; Ikizer E.G.; Cimpian A.","Bailey, April H. (56599785000); Dembroff, Robin (57096111000); Wodak, Daniel (56830483000); Ikizer, Elif G. (57189636736); Cimpian, Andrei (9747828300)","56599785000; 57096111000; 56830483000; 57189636736; 9747828300","People’s Beliefs About Pronouns Reflect Both the Language They Speak and Their Ideologies",2024,"Journal of Experimental Psychology: General",153,"5",NA,1388,1406,18,"https://doi.org/10.1037/xge0001565","https://www.scopus.com/inward/record.uri?eid=2-s2.0-85191373736&doi=10.1037%2fxge0001565&partnerID=40&md5=14e1f0abf573e9622e2c290ea3c07d1e","Pronouns often convey information about a person’s social identity (e.g., gender). Consequently, pronouns have become a focal point in academic and public debates about whether pronouns should be changed to be more inclusive, such as for people whose identities do not fit current pronoun conventions (e.g., gender nonbinary individuals). Here, we make an empirical contribution to these debates by investigating which social identities lay speakers think that pronouns should encode (if any) and why. Across four studies, participants were asked to evaluate different types of real and hypothetical pronouns, including binary gender pronouns, race pronouns, and identity-neutral pronouns. We sampled speakers of two languages with different pronoun systems: English (N = 1,120) and Turkish (N = 260). English pronouns commonly denote binary gender (e.g., “he” for men), whereas Turkish pronouns are identity-neutral (e.g., “o” for anyone). Participants’ reasoning about pronouns reflected both a familiarity preference (i.e., participants preferred the pronoun type used in their language) and—critically—participants’ social ideologies. In both language contexts, participants’ ideological beliefs that social groups are inherently distinct (essentialism) and should be hierarchal (social dominance orientation) predicted relatively greater endorsement of binary gender pronouns and race pronouns. A preregistered experimental study with an English-speaking sample showed that the relationship between ideology and pronoun endorsement is causal: Ideologies shape attitudes toward pronouns. Together, the present research contributes to linguistic and psychological theories concerning how people reason about language and informs policy-relevant questions about whether and how to implement language changes for social purposes. © 2024 American Psychological Association","Article","Scopus",1,1,"0",0,1,1,"sum scores",NA,0,0,1,1,"ordinal","ma hanno standardazzinato la DV?","JEPG_0008",0,0,1,1,"sum scores (ordinal)","ma hanno standardazzinato la DV?",1
"JEPG_0009","Flanagan T.; Zhao X.; Xu F.; Kushnir T.","Flanagan, Teresa (57247366200); Zhao, Xin (57199992362); Xu, Fei (36350399600); Kushnir, Tamar (15760251500)","57247366200; 57199992362; 36350399600; 15760251500","Is It Personal or Is It Social? The Interaction of Knowledge Domain and Statistical Evidence in U.S. and Chinese Preschoolers’ Social Generalizations",2024,"Journal of Experimental Psychology: General",153,"7",NA,1887,1903,16,"https://doi.org/10.1037/xge0001605","https://www.scopus.com/inward/record.uri?eid=2-s2.0-85195541954&doi=10.1037%2fxge0001605&partnerID=40&md5=2aeccc34d232e61982a1e587ebc7f016","Children make inferences about the social world by observing human actions. However, human actions can be ambiguous: They can be sources of information about personal, idiosyncratic characteristics of individuals or socially shared knowledge. In two cross-cultural studies (N = 420; Mage = 4.05 years, SD =0.77, 47% female), we ask if U.S. and Chinese children’s inferences about whether an action is personal or social vary by domain, statistical evidence, and culture. We did this with a generalization method: Preschoolers learn about one agent’s actions and then are asked what they think a new agent will do. Low rates of generalization suggest children inferred something unique to an individual, while high rates suggest that children inferred that the action represented socially shared knowledge. In a mixed between- and within-participant design, children observed agents demonstrate sequences of statistically random (or nonrandom, between participants) actions that were verbally framed as relevant to a particular domain (agent’s personal preferences, labels, object functions, or game rules). We found that children’s social generalizations about actions were on a continuum: with linguistic conventions (e.g., labels) being the most social, preferences being the most personal, and nonlinguistic conventions (i.e., object functions, game rules) falling somewhere in between. Furthermore, the influence of statistical evidence and cultural variation varied for each domain. These findings highlight how children combine knowledge and evidence to infer social meaning from actions and have implications for rational constructivist accounts of cultural learning. © 2024 American Psychological Association","Article","Scopus",1,1,"1",0,0,NA,"binary",NA,1,0,0,0,"binary","binomial?","JEPG_0009",1,0,0,0,"binary","binomial?",1
"JEPG_0010","Bustos B.; Mordkoff J.T.; Hazeltine E.; Jiang J.","Bustos, Bettina (59127324300); Mordkoff, J. Toby (55664412800); Hazeltine, Eliot (6701367727); Jiang, Jiefeng (21740955100)","59127324300; 55664412800; 6701367727; 21740955100","Task Switch Costs Scale With Dissimilarity Between Task Rules",2024,"Journal of Experimental Psychology: General",153,"7",NA,1873,1886,13,"https://doi.org/10.1037/xge0001598","https://www.scopus.com/inward/record.uri?eid=2-s2.0-85195609399&doi=10.1037%2fxge0001598&partnerID=40&md5=05b639016a7a788ae194078124d635ec","Cognitive flexibility enables humans to voluntarily switch tasks. Task switching requires replacing the previously active task representation with a new one, an operation that typically results in a switch cost. Thus, understanding cognitive flexibility requires understanding how tasks are represented in the brain. We hypothesize that task representations are cognitive map-like, such that the magnitude of the difference between task representations reflects their conceptual differences: The greater the distinction between the two task representations, the more updating is required. This hypothesis predicts that switch costs should increase with between task dissimilarity. To test this hypothesis, we use an experimental design that parametrically manipulates the similarity between task rules.We observe that response time scales with the dissimilarity between the task rules. The findings shed light on the organizational principles of task representations and extend the conventional binary task-switch effect (task repeat vs. switch) to a theoretical framework with parametric task switches. © 2024 American Psychological Association","Article","Scopus",1,1,"0",0,1,1,"times; proportions",NA,0,0,1,1,"times;binary",NA,"JEPG_0010",0,0,1,1,"times;binary (proportions)",NA,1
"JEPG_0011","Ragland K.P.; Sommers S.R.","Ragland, Keturah P. (59166465300); Sommers, Samuel R. (7005639939)","59166465300; 7005639939","Can I See Myself There? How Black Potential Applicants Use Diversity Cues to Learn About Graduate Program Climate",2024,"Journal of Experimental Psychology: General",153,"11",NA,2742,2750,8,"https://doi.org/10.1037/xge0001571","https://www.scopus.com/inward/record.uri?eid=2-s2.0-85195580564&doi=10.1037%2fxge0001571&partnerID=40&md5=b133913ed7646b240dfd60b104f6664c","In academia, showcasing diversity, equity, and inclusion (DEI) values has become increasingly prominent in efforts to recruit students and faculty with marginalized identities, yet little work has examined the empirical effects that such DEI practices and identity safety cues have on the perceptions of these institutions. In the present study, we examine the contextual factors that shape how Black science, technology, engineering, and mathematics (STEM) students learn and draw inferences about diversity and cultural climate in the graduate programs to which they consider applying. A sample of 217 Black participants with background in a STEM discipline viewed a mock academic department website which presented varied combinations of expressed diversity cues (diversity vs. neutral mission statement) and/or evidence-based diversity cues (racially diverse vs. all-White faculty). Participants reported perceptions of the department’s DEI culture, their own perceived fit within the program, and belief of future personal success within that institution. Results indicated a significant main effect of evidence-based cue, in the form of faculty diversity, on all examined outcomes, with Black participants more positively assessing a program exhibiting this cue. An expressed cue, in the form of diversity statement, did not have significant effects. These results indicate that in higher education, as in other settings, evidence-based cues may be more effective means to cue identity safety. This study provides a foundation for future research to help guide efforts of academic programs seeking to create a welcoming and supportive climate for all potential applicants. © 2024 American Psychological Association","Article","Scopus",1,1,"0",0,1,0,"sum scores",NA,0,0,1,0,"ordinal;",NA,"JEPG_0011",0,0,1,0,"sum scores (ordinal)",NA,1
"JEPG_0016","Hartston M.; Lulav-Bash T.; Goldstein-Marcusohn Y.; Avidan G.; Hadad B.-S.","Hartston, Marissa (58080982000); Lulav-Bash, Tal (58503849700); Goldstein-Marcusohn, Yael (57216820801); Avidan, Galia (6602075204); Hadad, Bat-Sheva (9432393600)","58080982000; 58503849700; 57216820801; 6602075204; 9432393600","Experience-Dependent Biases in Face Discrimination Reveal Associations Between Perceptual Specialization and Narrowing",2024,"Journal of Experimental Psychology: General",NA,NA,NA,NA,NA,NA,"https://doi.org/10.1037/xge0001686","https://www.scopus.com/inward/record.uri?eid=2-s2.0-85213540526&doi=10.1037%2fxge0001686&partnerID=40&md5=5ac82dfab1e009f75913ce1af165ecbe","Experience is known to be a key element involved in the modulation of face-processing abilities as manifested by the inversion effect, other-race, and other-age effects. Yet, it is unclear how exposure refines internal perceptual representations of faces to give rise to such behavioral effects. To address this issue, we investigated short- and long-term experienced stimulus history on face processing. Participants performed same–different judgments in a serial discrimination task where two consecutive faces were drawn from a distribution of morphed faces. The use of stimulus statistics was measured by testing the gravitation of representations toward the experienced mean (regression-to-the-mean), and the dynamic of the biases was tested by investigating trial-by-trial performance. Own-race and own-age faces were tested alongside other-race and other-age faces employing a within-subject design. Results demonstrated greater regression biases in other-race and other-age faces than in own-race and own-age faces. Perceptual narrowing, measured by the ability to form and use the representation of the overall mean of the nonnative faces, varied with proficiency levels, with only those with low proficiency in face recognition showing the use of overall stimulus history for other-race faces. In contrast, the use of stimulus history for other-age faces was similarly affected by statistics in the low- and high-proficiency groups. The results demonstrate that narrowing is associated with specialization levels occurring more robustly for other-race faces, for which exposure is limited during sensitive periods in development. © 2024 American Psychological Association","Article","Scopus",1,1,"0",1,1,1,"times; proportions","il GLMer non viene usato per testare interazioni",1,1,1,1,"proportions;d-prime;","non sicura sia sbagliato","JEPG_0016",0,1,1,1,"proportions(binary);d-prime;times","non sicura sia sbagliato",1
"JEPG_0017","Greene N.R.; Naveh-Benjamin M.","Greene, Nathaniel R. (57200544800); Naveh-Benjamin, Moshe (7004337207)","57200544800; 7004337207","The Time Course of Encoding Specific and Gist Episodic Memory Representations Among Young and Older Adults",2024,"Journal of Experimental Psychology: General",153,"6",NA,1671,1697,26,"https://doi.org/10.1037/xge0001589","https://www.scopus.com/inward/record.uri?eid=2-s2.0-85195287143&doi=10.1037%2fxge0001589&partnerID=40&md5=b96c922afffffe3a469ad6bea800fafe","How rapidly can we encode the specifics versus the gist of episodic memories? Competing theories have opposing answers, but empirical tests are based primarily on tasks of item memory. Few studies have addressed this question with tasks measuring the binding of event components (e.g., a person and a location), which forms the core of episodic memory. None of these prior studies included older adults, whose episodic memories are less specific in nature. We addressed this critical gap by presenting face–scene pairs (e.g., an old man with a park) at various encoding presentation rates to 80 young (M = 21.83 years) and 86 older (M = 68.62 years) adults. Participants completed associative recognition tests featuring old/intact (e.g., the old man with the same park), similar (e.g., the old man with a different park), and unrelated (e.g., the old man with a kitchen) pairs. Multinomial-processing-tree model analyses revealed that young and older adults encoded each pair’s gist representation more rapidly than its specific representation, supporting fuzzy-trace theory. No age-related differences in gist representations were obtained at any presentation rate, but older adults required more time to encode specific representations commensurate with those of younger adults. However, older adults’ abilities to retrieve these representations were cue-dependent, as they were more susceptible than younger adults to experiencing vivid false memories of similar lures. These phantom recollections were remediated with further increases in encoding time. Thus, slower speed of encoding partially underlies age-related declines in episodic memory specificity, but retrieval mechanisms also play a role. © 2024 American Psychological Association","Article","Scopus",1,1,"0",0,1,1,"binary; difference scores","le interazioni sono testate con ANOVA, non con MPT",1,0,1,1,"proportions(binary);difference-score",NA,"JEPG_0017",0,0,1,1,"proportions(binary);difference-score",NA,1
"JEPG_0018","Cyr T.G.; Hirst W.","Cyr, Travis G. (56971048800); Hirst, William (7005120274)","56971048800; 7005120274","Malleable National Collective Memories Among Black and White Americans",2024,"Journal of Experimental Psychology: General",153,"8",NA,1973,1996,23,"https://doi.org/10.1037/xge0001613","https://www.scopus.com/inward/record.uri?eid=2-s2.0-85200531363&doi=10.1037%2fxge0001613&partnerID=40&md5=602f8077aabebeb4c14b124a9a820317","How do groups remember their shared past? Are there individual differences within a group? How easy is it to change collective memories? The present article addresses these questions by focusing on differences within national subgroups, exploring how national collective memories might differ for Black and White Americans, how individual differences and external influences might moderate or alter any differences, and the temporal extent of any changes that might occur due to external influences. Across four studies, participants were asked to identify the five “most important” events in U.S. history and then asked about their political ideology and racial and national identification, though not in every study. Although individual differences emerged, Black and White participants differed in the types of events they identified as important in U.S. history, with Black participants identifying more race-relevant events than White participants and White participants identifying more traditional founding events than Black participants. As to changes in collective memory, in response to a minimal identity salience manipulation, the murder of George Floyd, and July 4th celebrations, national collective memories evidenced malleability only after the murder of George Floyd. In this instance, the mention of race-relevant events increased, even as the frequency of mention of traditional founding events remained stable. The observed increase in race-relevant events was temporary, however. Findings are discussed in relation to contemporary discussions on collective memory, especially with respect to group differences, individual differences within groups, and mnemonic inertia. © 2024 American Psychological Association","Article","Scopus",1,1,"1",1,1,1,"binary",NA,0,0,1,1,"binary; count","proportions of events","JEPG_0018",1,1,1,1,"binary; count","proportions of events",1
"JEPG_0019","Camponogara I.; Farnè A.; Volcic R.","Camponogara, Ivan (56095930200); Farnè, Alessandro (57207584923); Volcic, Robert (16647753500)","56095930200; 57207584923; 16647753500","Tool-Sensed Object Information Effectively Supports Vision for Multisensory Grasping",2024,"Journal of Experimental Psychology: General",153,"8",NA,2127,2141,14,"https://doi.org/10.1037/xge0001592","https://www.scopus.com/inward/record.uri?eid=2-s2.0-85200529009&doi=10.1037%2fxge0001592&partnerID=40&md5=ebf9f0a6a158009583bfde9acf75143c","Tools enable humans to extend their sensing abilities beyond the natural limits of their hands, allowing them to sense objects as if they were using their hands directly. The similarities between direct hand interactions with objects (hand-based sensing) and the ability to extend sensory information processing beyond the hand (tool-mediated sensing) entail the existence of comparable processes for integrating tool- and hand-sensed information with vision, raising the question of whether tools support vision in bimanual object manipulations. Here, we investigated participants’ performance while grasping objects either held with a tool or with their hand and compared these conditions with visually guided grasping (Experiment 1). By measuring reaction time, peak velocity, and peak of grip aperture, we found that actions were initiated earlier and performed with a smaller peak grip aperture when the object was seen and held with the tool or the contralateral hand compared to when it was only seen. Thus, tool-mediated sensing effectively supports vision in multisensory grasping and, even more intriguingly, resembles hand-based sensing. We excluded that results were due to the force exerted on the tool’s handle (Experiment 2). Additionally, as for hand-based sensing, we found evidence that the tool supports vision by mainly providing object positional information (Experiment 3). Thus, integrating the tool-sensed position of the object with vision is sufficient to promote a multisensory advantage in grasping. Our findings indicate that multisensory integration mechanisms significantly improve grasping actions and fine-tune contralateral hand movements even when object information is only indirectly sensed through a tool. © 2024 The Author(s)","Article","Scopus",1,1,"0",0,1,0,"times",NA,0,0,1,0,"times;peak velocity; peak grip aperture",NA,"JEPG_0019",0,0,1,0,"times;peak velocity; peak grip aperture",NA,1
"JEPG_0021","Schwartzman E.; Rule N.O.","Schwartzman, Emily (57222274492); Rule, Nicholas O. (22836444000)","57222274492; 22836444000","Sexual Orientation as a Contextual Frame for Attractiveness Judgments",2024,"Journal of Experimental Psychology: General",153,"11",NA,2899,2917,18,"https://doi.org/10.1037/xge0001563","https://www.scopus.com/inward/record.uri?eid=2-s2.0-85190877685&doi=10.1037%2fxge0001563&partnerID=40&md5=8aa19adef4e4d7f0eab156aaf8cca46c","Despite strong consensus about the basic features that make someone look objectively attractive, contextual variation may modulate subjective assessments. Here, we investigate how social group membership provides such a context, comparing attractiveness judgments between lesbian, gay, and bisexual (LGB) versus straight perceivers, and examining how these attractiveness judgments relate to beliefs about the target person’s sexual orientation. We indeed find that perceivers rate targets as more attractive when they believe the target’s sexual majority/minority status matches their own (Study 1). This association differs according to context, however: Although straight and LGB perceivers evaluate the components of facial attractiveness similarly (Study 2), straight men use attractiveness as a cue to sexual orientation (i.e., deeming unattractive women lesbians; Study 3) whereas LGB perceivers use sexual orientation as a cue to attractiveness (e.g., gay men rate men they believe are gay as more attractive than men they believe are straight; Studies 4 and 5). Thus, LGB identity seems to create a context in which sexual minority perceivers learn to attend to information about sexual diversity that straight perceivers may ignore. These findings highlight how group membership provides a lens for social perception, specifically pointing to how the contextual mindset of partner selection may transmute otherwise objective judgments, such as facial attractiveness. © 2024 American Psychological Association","Article","Scopus",1,1,"0",0,1,1,"ordinal",NA,0,0,1,1,"ordinal",NA,"JEPG_0021",0,0,1,1,"ordinal",NA,1
"JEPG_0022","Wu J.; Guo Y.; Chen Z.; Shen M.; Gao Z.","Wu, Jinglan (57463442100); Guo, Yang (57210602318); Chen, Zhiyun (57990847000); Shen, Mowei (14036448500); Gao, Zaifeng (18037019800)","57463442100; 57210602318; 57990847000; 14036448500; 18037019800","Dual Routes of Chunking Social Interaction: Insights From Grouping Two Agent Actions in Working Memory",2024,"Journal of Experimental Psychology: General",153,"4",NA,982,993,11,"https://doi.org/10.1037/xge0001539","https://www.scopus.com/inward/record.uri?eid=2-s2.0-85188536112&doi=10.1037%2fxge0001539&partnerID=40&md5=0ceec80d22de86d7f51113557d8cd276","Humans have evolved the sophisticated ability to extract social relations embedded in interactive entities. One typical demonstration is a social chunking phenomenon wherein the cognitive system chunks individual actions into a unified episode basing on perceived interactive actions. However, the mechanisms underlying social chunking remain to be elucidated. Most studies have adopted static images and manipulated interactions through agents’ facingness (face-to-face vs. back-to-back). Connecting agents via directed contingent actions is crucial in forming real-life social interaction. Hence, we employed dynamic actions as stimuli, separated physical- and communicative-contingency interactive actions, and predicted that domain-general physical regularities and domain-specific social relationships are crucial in social interactions, respectively. We tested this prediction by using an involuntary chunking effect in working memory, wherein two individual actions are involuntarily chunked when containing task-irrelevant interactive information. We found that involuntary chunking occurred for both types of upright interactive actions (Experiments 1, 3, 5, and 6). Inverting actions erased the chunking of communicative- but not physical-contingency actions (Experiments 2, 4, and 5). The facingness of dyads did not participate in chunking physical-contingency actions but was a prerequisite for chunking communicative-contingency actions (Experiments 3 and 6). These results reveal the dual routes of chunking interactive actions. Moreover, they suggest that the chunking mechanisms of dynamic social interaction are distinct from those of static images, highlighting the importance of using dynamic stimuli to explore the mechanisms of social interaction in emerging people-watching interdisciplinarity. © 2024 American Psychological Association","Article","Scopus",1,1,"0",0,0,NA,"d prime",NA,0,0,0,0,"dprime",NA,"JEPG_0022",0,0,0,0,"dprime",NA,1
"JEPG_0023","Puig V.A.; Poizner R.; Read K.; Szpunar K.K.","Puig, Vannia A. (57193333404); Poizner, Ruthie (59371869700); Read, Katriel (59371339200); Szpunar, Karl K. (6602612962)","57193333404; 59371869700; 59371339200; 6602612962","Mental Simulation of the Approximal Future: Imagining What Might Happen Next",2024,"Journal of Experimental Psychology: General",154,"2",NA,405,419,14,"https://doi.org/10.1037/xge0001667","https://www.scopus.com/inward/record.uri?eid=2-s2.0-85206692916&doi=10.1037%2fxge0001667&partnerID=40&md5=e65869d8e8f900320f9913b86f4418a8","In the course of daily life, various events—such as driving in suboptimal weather conditions, going on a first date, or walking home alone at night—evoke cognitions about what might happen next in the context of ongoing experience. Nonetheless, little is currently known about the phenomenological experience of anticipating events that might occur next—or what we refer to as simulation of the approximal future. We present novel evidence from a retrospective survey, a diary study, and an experimental laboratory study indicating that people commonly experience simulations of the approximal future, and that simulations of the approximal future can be reliably distinguished, in terms of their valence and function, from simulations of future events that are expected to occur in spatiotemporal contexts that are distinct from ongoing experience. Simulation of the approximal future represents an understudied mental experience that carries important implications for understanding the nature of constructive perceptual and memory-based processes as they pertain to event cognition, threat detection, individual differences, and psychopathology. © 2024 American Psychological Association","Article","Scopus",1,1,"0",1,1,1,"difference scores; ordinal",NA,0,0,1,1,"difference between ordinal",NA,"JEPG_0023",0,1,1,1,"difference scores (ordinal)",NA,1
"JEPG_0025","Greene N.R.; Forsberg A.; Guitard D.; Naveh-Benjamin M.; Cowan N.","Greene, Nathaniel R. (57200544800); Forsberg, Alicia (57208280511); Guitard, Dominic (57196007486); Naveh-Benjamin, Moshe (7004337207); Cowan, Nelson (7102688380)","57200544800; 57208280511; 57196007486; 7004337207; 7102688380","A Lifespan Study of the Confidence–Accuracy Relation in Working Memory and Episodic Long-Term Memory",2024,"Journal of Experimental Psychology: General",153,"5",NA,1336,1360,24,"https://doi.org/10.1037/xge0001551","https://www.scopus.com/inward/record.uri?eid=2-s2.0-85189333684&doi=10.1037%2fxge0001551&partnerID=40&md5=6bd5d85e8fcae4a3078d8905c6ef8bbc","The relation between an individual’s memory accuracy and reported confidence in their memories can indicate self-awareness of memory strengths and weaknesses. We provide a lifespan perspective on this confidence–accuracy relation, based on two previously published experiments with 320 participants, including children aged 6–13, young adults aged 18–27, and older adults aged 65–77, across tests of working memory (WM) and long-term memory (LTM). Participants studied visual items in arrays of varying set sizes and completed item recognition tests featuring 6-point confidence ratings either immediately after studying each array (WM tests) or following a long period of study events (LTM tests). Confidence–accuracy characteristic analyses showed that accuracy improved with increasing confidence for all age groups and in both WM and LTM tests. These findings reflect a universal ability across the lifespan to use awareness of the strengths and limitations of one’s memories to adjust reported confidence. Despite this age invariance in the confidence–accuracy relation, however, young children were more prone to high-confidence memory errors than other groups in tests of WM, whereas older adults were more susceptible to high-confidence false alarms in tests of LTM. Thus, although participants of all ages can assess when their memories are weaker or stronger, individuals with generally weaker memories are less adept at this confidence–accuracy calibration. Findings also speak to potential different sources of high-confidence memory errors for young children and older adults, relative to young adults. © 2024 American Psychological Association","Article","Scopus",1,1,"0",0,1,1,"proportions",NA,0,0,1,1,"proportions; ROC",NA,"JEPG_0025",0,0,1,1,"proportions (binary)",NA,1
"JEPG_0026","Surdel N.; Bigman Y.E.; Shen X.; Lee W.-Y.; Jung M.F.; Ferguson M.J.","Surdel, Nicholas (57527442500); Bigman, Yochanan E. (56572824200); Shen, Xi (57206934108); Lee, Wen-Ying (57204952765); Jung, Malte F. (15073123400); Ferguson, Melissa J. (7402593082)","57527442500; 56572824200; 57206934108; 57204952765; 15073123400; 7402593082","Judging Robot Ability: How People Form Implicit and Explicit Impressions of Robot Competence",2024,"Journal of Experimental Psychology: General",153,"5",NA,1309,1335,26,"https://doi.org/10.1037/xge0001548","https://www.scopus.com/inward/record.uri?eid=2-s2.0-85191422648&doi=10.1037%2fxge0001548&partnerID=40&md5=671c71a29330e16639b5afc0329c60f6","Robots’ proliferation throughout society offers many opportunities and conveniences. However, our ability to effectively employ these machines relies heavily on our perceptions of their competence. In six studies (N = 2,660), participants played a competitive game with a robot to learn about its capabilities. After the learning experience, we measured explicit and implicit competence impressions to investigate how they reflected the learning experience. We observed two distinct dissociations between people’s implicit and explicit competence impressions. Firstly, explicit impressions were uniquely sensitive to oddball behaviors. Implicit impressions only incorporated unexpected behaviors when they were moderately prevalent. Secondly, after forming a strong initial impression, explicit, but not implicit, impression updating demonstrated a positivity bias (i.e., an overvaluation of competence information). These findings suggest that the same learning experience with a robot is expressed differently at the implicit versus explicit level. We discuss implications from a social cognitive perspective, and how this work may inform emerging work on psychology toward robots. © 2024 American Psychological Association 2024","Article","Scopus",1,1,"0",0,1,1,"sum scores; proportions; difference scores",NA,0,0,1,1,"difference between proportions",NA,"JEPG_0026",0,0,1,1,"difference scores (proportions); z-score",NA,1
"JEPG_0027","Shahbazi G.; Samani H.; Mandalaywala T.M.; Borhani K.; Davoodi T.","Shahbazi, Ghazale (59261374900); Samani, Hossein (59261195100); Mandalaywala, Tara M. (37088907400); Borhani, Khatereh (56786167000); Davoodi, Telli (56957212200)","59261374900; 59261195100; 37088907400; 56786167000; 56957212200","The Development of Social Essentialist Reasoning in Iran: Insight Into Biological Perception, Cultural Input, and Motivational Factors",2024,"Journal of Experimental Psychology: General",153,"11",NA,2822,2848,26,"https://doi.org/10.1037/xge0001616","https://www.scopus.com/inward/record.uri?eid=2-s2.0-85202729438&doi=10.1037%2fxge0001616&partnerID=40&md5=c7b6ad6f61b442e1f29d292fe01c8bf7","People express essentialist beliefs about social categories from an early age, but essentialist beliefs about specific social categories vary over development and in different contexts. Adapting two paradigms used with Western samples to measure social essentialism, we examined the development of essentialist beliefs about seven social categories (gender, race, nationality, religion, socioeconomic status, ethnicity, and team fan bases) among 5- to 10-year-old children (N = 88) and adults (N = 273) in Iran, a population that is underrepresented in psychology research. Focusing on natural-kind reasoning, we investigated the relative contribution of biological perception of social categories as well as cultural and motivational factors in the development of essentialist beliefs about these categories. Our findings suggest that biological perception of social categories plays a key role and that cultural and motivational factors become more relevant in essentialist reasoning about social categories that are not perceived as biologically marked. The developmental patterns of essentialist reasoning in our study also closely parallel those found in other cultures, namely the United States and Turkey, further suggesting the primary role of biological perception of social categories in natural-kind reasoning about the social world. © 2024 American Psychological Association","Article","Scopus",1,1,"0",1,1,1,"sum scores",NA,0,0,1,1,"ordinal (sum score); binary; likert","binomial when binary but not interactions tested","JEPG_0027",0,1,1,1,"sum scores (ordinal)","binomial when binary but not interactions tested",1
"JEPG_0028","Gong T.; Bramley N.R.","Gong, Tianwei (57189692116); Bramley, Neil R. (56790033000)","57189692116; 56790033000","Evidence From the Future",2024,"Journal of Experimental Psychology: General",153,"3",NA,864,872,8,"https://doi.org/10.1037/xge0001534","https://www.scopus.com/inward/record.uri?eid=2-s2.0-85185703927&doi=10.1037%2fxge0001534&partnerID=40&md5=f66b4225f65dab0c0e2063f285b7f5e2","The outcome of any scientific experiment or intervention will naturally unfold over time. How then should individuals make causal inferences from measurements over time? Across three experiments, we had participants observe experimental and control groups over several days posttreatment in a fictional biological research setting. We identify competing perspectives in the literature: contingency-driven accounts predict no effect of the outcome timing while the contiguity principle suggests people will view a treatment as more harmful to the extent that bad treatment outcomes occur earlier rather than later. In contrast, inference of the functional form of a treatment effect can license extrapolation beyond the measurements and lead to different causal inferences. We find participants’ causal strength and direction judgments in temporal settings vary with minimal manipulations of instruction framing. When it is implied that the observations are made over a preplanned number of days, causal judgments depend strongly on contiguity. When it is implied that the observation may be ongoing, participants extrapolate current trends into the future and adapt their causal judgments accordingly. When data are revealed sequentially, participants rely on extrapolation regardless of instruction framing. Our results demonstrate human flexibility in interpreting temporal evidence for causal reasoning and emphasize human tendency to generalize from evidence in ways that are acutely sensitive to task framing. © 2024 American Psychological Association","Article","Scopus",1,1,"0",0,1,1,"ordinal",NA,0,0,1,1,"ordinal",NA,"JEPG_0028",0,0,1,1,"ordinal",NA,1
"JEPG_0029","Strand J.F.; Brown V.A.; Sewell K.; Lin Y.; Lefkowitz E.; Saksena C.G.","Strand, Julia F. (49962336000); Brown, Violet A. (57196353690); Sewell, Katrina (58729852300); Lin, Yuxin (59349823100); Lefkowitz, Emmett (59350049300); Saksena, Caroline G. (57221915036)","49962336000; 57196353690; 58729852300; 59349823100; 59350049300; 57221915036","Assessing the Effects of “Native Speaker” Status on Classic Findings in Speech Research",2024,"Journal of Experimental Psychology: General",153,"12",NA,3027,3041,14,"https://doi.org/10.1037/xge0001640","https://www.scopus.com/inward/record.uri?eid=2-s2.0-85205337789&doi=10.1037%2fxge0001640&partnerID=40&md5=6e6994d6418a3aac70d6741087fb32a5","It is common practice in speech research to only sample participants who self-report being “native English speakers.” Although there is research on differences in language processing between native and nonnative listeners (see Lecumberri et al., 2010, for a review), the majority of speech research that aims to establish general findings (e.g., testing models of spoken word recognition) only includes native speakers in their sample. Not only is the “native English speaker” criterion poorly defined, but it also excludes historically underrepresented groups from speech perception research, often without attention to whether this exclusion is likely to affect study outcomes. The purpose of this study is to empirically test whether and how using different inclusion criteria (“native English speakers” vs. “nonnative English speakers”) affects several well-known phenomena in speech perception research. Five hundred participants completed word (N = 200) and sentence (N = 300) identification tasks in quiet and in moderate levels of background noise. Results indicate that multiple classic findings in speech perception research—including the effects of noise level, lexical density, and semantic context on speech intelligibility—persist regardless of “native English” speaking status. However, the magnitude of some of these effects differed across participant groups. Taken together, these results suggest that researchers should carefully consider whether native speaker status is likely to affect outcomes and make decisions about inclusion criteria on a study-by-study basis. © 2024 American Psychological Association","Article","Scopus",1,1,"1",1,1,1,"binary; slider",NA,1,1,0,0,"binary; slider","1-100; trocavano int su slider ma secondo me ok usare la normale","JEPG_0029",1,1,0,0,"binary; slider","1-100; trocavano int su slider ma secondo me ok usare la normale",1
"JEPG_0030","Wang S.; Woodman G.F.","Wang, Sisi (57205468121); Woodman, Geoffrey F. (57207897073)","57205468121; 57207897073","Intentional Learning Establishes Multiple Attentional Sets That Simultaneously Guide Attention",2024,"Journal of Experimental Psychology: General",153,"9",NA,2314,2327,13,"https://doi.org/10.1037/xge0001628","https://www.scopus.com/inward/record.uri?eid=2-s2.0-85202726137&doi=10.1037%2fxge0001628&partnerID=40&md5=8a2fd6eab1d019569edc937d7b3929af","One of the key human cognitive capabilities is to extract regularities from the environment to guide behavior. An attentional set for a target feature can be established through statistical learning of probabilistic target associations; however, whether an array of attentional sets of predictive target features can be established during intentional learning, and how they might guide attention, is not known yet. To address these questions, we had human observers perform a visual search task where we instructed them to try to use color to find their target shape. We structured the task with a fine-grained statistical regularity such that the target shapes appeared in different colors with five unique probabilities (i.e., 33%, 26%, 19%, 12%, and 5%) while we recorded their electroencephalogram. Observers rapidly learned these regularities, evidenced by being faster to report targets that appeared in higher probability colors. These effects were not due to unequal sample sizes or simple feature priming. More importantly, equivalent speeding across a set of high-probability colors suggests that the brain was driving attention to multiple targets simultaneously. Our electrophysiological results showed larger amplitude N2 posterior contralateral component, indexing perceptual attention, and late positive complex (LPC) component, indexing postperceptual processes, for targets paired with high-probability colors. These electrophysiological data suggest that the learned attentional sets change both perceptual selection and how postperceptual decisions are made. In sum, we show that multiple attentional sets can be established during intentional learning that accompanies general task acquisition and that these attentional sets can simultaneously guide attention by enhancing both perceptual attention and postperceptual processes. © 2024 American Psychological Association","Article","Scopus",1,1,"0",0,1,0,"times; amplitude",NA,0,0,1,0,"times",NA,"JEPG_0030",0,0,1,0,"times",NA,1
"JEPG_0031","Viviani G.; Visalli A.; Montefinese M.; Vallesi A.; Ambrosini E.","Viviani, Giada (57224509412); Visalli, Antonino (57200643741); Montefinese, Maria (55735884100); Vallesi, Antonino (10639787000); Ambrosini, Ettore (36647283500)","57224509412; 57200643741; 55735884100; 10639787000; 36647283500","Tango of Control: The Interplay Between Proactive and Reactive Control",2024,"Journal of Experimental Psychology: General",153,"6",NA,1644,1670,26,"https://doi.org/10.1037/xge0001585","https://www.scopus.com/inward/record.uri?eid=2-s2.0-85195581625&doi=10.1037%2fxge0001585&partnerID=40&md5=bd98b885ab1fc244f9a9d99efca4821b","Cognitive control has been theorized operating through two distinct mechanisms, proactive and reactive control, as posited by the dual mechanism of control model. Despite its potential to explain cognitive control variability, the supporting evidence for this model remains inconclusive. Prior studies frequently employed the Stroop task to assess this model, manipulating the proportion congruency (PC) at the list-wide and/or item-specific levels to target proactive and reactive control, respectively. However, these manipulations have been questioned as they may invoke low-level associative learning instead of control-driven mechanisms. Although solutions have been proposed to address these concerns, they still have limitations and impracticalities. In pursuit of a clearer understanding of this issue, we manipulated proactive and reactive control simultaneously to more directly investigate their separability. We conducted two experiments using a peripheral and a perifoveal spatial Stroop task version, respectively, and we adopted state-of-theart methodologies, leveraging trial-level multilevel modeling analytical approaches, to effectively estimate the Stroop effect and its control-related modulations while controlling for confounding factors. Notably, we manipulated both list-wide and item-specific PCs at the trial level, allowing for a fine-grained analysis. Our results provide compelling evidence for the existence of a list-wide, PC-dependent proactive control mechanism, influencing Stroop performance independently of reactive control and confounding factors. Additionally, an item-specific PC-dependent reactive control effect was found to influence Stroop performance only in interaction with proactive control. These findings contribute to a better understanding of the interplay between proactive and reactive control mechanisms, shedding light on the intricate nature of cognitive control. © 2024 American Psychological Association","Article","Scopus",1,1,"0",0,0,NA,"inv(times)",NA,0,0,0,0,"1/rt",NA,"JEPG_0031",0,0,0,0,"1/rt",NA,1
"JEPG_0032","Kim A.J.; Joshua, Sr; Chu S.; Mather M.","Kim, Andy Jeesu (56528827800); Joshua (59166081200); Chu, Sonali (57255642700); Mather, Mara (35612038600)","56528827800; 59166081200; 57255642700; 35612038600","Aging Impairs Reactive Attentional Control but Not Proactive Distractor Inhibition",2024,"Journal of Experimental Psychology: General",153,"7",NA,1938,1959,21,"https://doi.org/10.1037/xge0001602","https://www.scopus.com/inward/record.uri?eid=2-s2.0-85195588197&doi=10.1037%2fxge0001602&partnerID=40&md5=6567546359a5fedf07553011a9a1d595","Older adults tend to be more prone to distraction compared with young adults, and this age-related deficit has been attributed to a deficiency in inhibitory processing. However, recent findings challenge the notion that aging leads to global impairments in inhibition. To reconcile these mixed findings, we investigated how aging modulates multiple mechanisms of attentional control by tracking the timing and direction of eye movements. When engaged in feature-search mode and proactive distractor suppression, older adults made fewer first fixations to the target but inhibited the task-irrelevant salient distractor as effectively as did young adults. However, when engaged in singleton-search mode and required to reactively disengage from the distractor, older adults made significantly more first saccades toward the task-irrelevant salient distractor and showed increased fixation times in orienting to the target, longer dwell times on incorrect saccades, and increased saccadic reaction times compared with young adults. Our findings reveal that aging differently impairs attentional control depending on whether visual search requires proactive distractor suppression or reactive distractor disengagement. Furthermore, our oculomotor measures reveal both age-related deficits and age equivalence in various mechanisms of attention, including goal-directed orienting, selection history, disengagement, and distractor inhibition. These findings help explain why conclusions of age-related declines or age equivalence in mechanisms of attentional control are task specific and reveal that older adults do not exhibit global impairments in mechanisms of inhibition. © 2024 American Psychological Association","Article","Scopus",1,1,"0",0,1,1,"binary; times; difference scores",NA,0,0,1,1,"proportions;times",NA,"JEPG_0032",0,0,1,1,"proportions (binary); times; difference score proportion",NA,1
"JEPG_0034","Lu Z.; Golomb J.D.","Lu, Zitong (57198843958); Golomb, Julie D. (57204279904)","57198843958; 57204279904","Dynamic Saccade Context Triggers More Stable Object-Location Binding",2024,"Journal of Experimental Psychology: General",153,"4",NA,873,888,15,"https://doi.org/10.1037/xge0001545","https://www.scopus.com/inward/record.uri?eid=2-s2.0-85189316089&doi=10.1037%2fxge0001545&partnerID=40&md5=568b65c5b3d428a4294386faf31ad3bb","Our visual systems rapidly perceive and integrate information about object identities and locations. There is long-standing debate about if and how we achieve world-centered (spatiotopic) object representations across eye movements, with many studies reporting persistent retinotopic (eye-centered) effects even for higher level object-location binding. But these studies are generally conducted in fairly static experimental contexts. Might spatiotopic object-location binding only emerge in more dynamic saccade contexts? In the present study, we inves-tigated this using the spatial congruency bias paradigm in healthy adults. In the static (single-saccade) context, we found purely retinotopic binding, as before. However, robust spatiotopic binding emerged in the dynamic saccade context (multiple frequent saccades and saccades during stimulus presentation). We further isolated specific factors that modulate retinotopic and spatiotopic binding. Our results provide strong evidence that dynamic saccade context can trigger more stable object-location binding in ecologically relevant spatiotopic coordinates, perhaps via a more flexible brain state that accommodates improved visual stability in the dynamic world. © 2024 American Psychological Association","Article","Scopus",1,1,"0",0,1,1,"binary; times",NA,0,0,0,0,"dprime;bias",NA,"JEPG_0034",0,0,0,0,"bias",NA,1
"JEPG_0036","Mikami A.Y.; Khalis A.; Karasavva V.","Mikami, Amori Yee (8055033500); Khalis, Adri (57196287045); Karasavva, Vasileia (57219923597)","8055033500; 57196287045; 57219923597","Logging Out or Leaning In? Social Media Strategies for Enhancing Well-Being",2024,"Journal of Experimental Psychology: General",154,"1",NA,171,189,18,"https://doi.org/10.1037/xge0001668","https://www.scopus.com/inward/record.uri?eid=2-s2.0-85208741706&doi=10.1037%2fxge0001668&partnerID=40&md5=a8097d76107b93aa68d0813cc90e2dde","Social media use is endemic among emerging adults, raising concerns that this trend may harm users. We tested whether reducing the quantity of social media use, relative to improving the way users engage with social media, benefits psychological well-being. Participants were 393 social media users (ages 17–29) in Canada, with elevated psychopathology symptoms, who perceived social media to negatively impact their life somewhat. They were randomized to either (a) assistance to engage with social media in a way to enhance connectedness (tutorial), (b) encouragement to abstain from social media (abstinence), or (c) no instructions to change behavior (control). Participants’ social media behaviors were self-reported and tracked using phone screen time apps while well-being was self-reported, over four timepoints (6 weeks in total). Results suggested that the tutorial and abstinence groups, relative to control, reduced their quantity of social media use and the amount of social comparisons they made on social media, with abstinence being the most effective. Tutorial was the only condition to reduce participants’ fear of missing out and loneliness, and abstinence was the only condition to reduce internalizing symptoms, relative to control. No condition differences emerged in eating pathology or the tendency to make social comparisons in an upward direction. Changes in social media behaviors mediated the effects of abstinence (but not of tutorial) on well-being outcomes. Participant engagement and perceptions of helpfulness were acceptable, but the abstinence group possibly perceived the content as less helpful. In conclusion, using social media differently and abstaining from social media may each benefit well-being. © 2024 The Author(s)","Article","Scopus",1,1,"0",0,1,1,"times; sum scores",NA,0,0,1,1,"sqrt(times); sum scores; factor score
estimates","factor score?","JEPG_0036",0,0,1,1,"sqrt(times); sum scores; factor score
estimates","factor score?",1
"JEPG_0037","Yacovone A.; Waite B.; Levari T.; Snedeker J.","Yacovone, Anthony (57208318905); Waite, Briony (59488400400); Levari, Tatyana (57193773512); Snedeker, Jesse (6603155929)","57208318905; 59488400400; 57193773512; 6603155929","Let Them Eat Ceke: An Electrophysiological Study of Form-Based Prediction in Rich Naturalistic Contexts",2024,"Journal of Experimental Psychology: General",154,"3",NA,711,738,27,"https://doi.org/10.1037/xge0001677","https://www.scopus.com/inward/record.uri?eid=2-s2.0-85213202902&doi=10.1037%2fxge0001677&partnerID=40&md5=80cccd7c038b326db8884d1c4f618213","It is well-established that people make predictions during language comprehension––the nature and specificity of these predictions, however, remain unclear. For example, do comprehenders routinely make predictions about which words (and phonological forms) might come next in a conversation, or do they simply make broad predictions about the gist of the unfolding context? Prior EEG studies using tightly controlled experimental designs have shown that form-based prediction can occur during comprehension, as N400s to unexpected words are reduced when they resemble the form of a predicted word (e.g., ceke when expecting cake). One limitation, however, is that these studies often create environments that are optimal for eliciting form-based prediction (e.g., highly constraining sentences, slower-than-natural rates of presentation). Thus, questions remain about whether form-based prediction can occur in settings that more closely resemble everyday comprehension. To address this, the present study explores form-based prediction during naturalistic spoken language comprehension. English-speaking adults listened to a story in which some of the words had been altered. Specifically, we experimentally manipulated whether participants heard the original word from the story (cake), a form-similar nonword (ceke), or a less-similar nonword (vake). Half of the target words were predictable given their context, and the other half were unpredictable. Consistent with the prior work, we found reduced N400s for form-similar nonwords (ceke) relative to less-similar nonwords (vake)––but only in predictable contexts. This study demonstrates that form-based prediction can emerge in naturalistic contexts, and therefore, it is likely to be a common aspect of language comprehension in the wild. © 2024 American Psychological Association","Article","Scopus",1,1,"0",0,0,NA,"amplitude",NA,0,0,0,0,"amplitude",NA,"JEPG_0037",0,0,0,0,"amplitude",NA,1
"JEPG_0038","von Clarenau V.C.; Appelhoff S.; Pachur T.; Spitzer B.","von Clarenau, Verena Clarmann (58953889700); Appelhoff, Stefan (57192913960); Pachur, Thorsten (57203156219); Spitzer, Bernhard (6602490112)","58953889700; 57192913960; 57203156219; 6602490112","Over- and Underweighting of Extreme Values in Decisions From Sequential Samples",2024,"Journal of Experimental Psychology: General",153,"3",NA,814,826,12,"https://doi.org/10.1037/xge0001530","https://www.scopus.com/inward/record.uri?eid=2-s2.0-85185721674&doi=10.1037%2fxge0001530&partnerID=40&md5=3e21d44e94cb76b41b3ba5334a07d9cd","People routinely make decisions based on samples of numerical values. A common conclusion from the literature in psychophysics and behavioral economics is that observers subjectively compress magnitudes, such that extreme values have less sway over people’s decisions than prescribed by a normative model (underweighting). However, recent studies have reported evidence for anti-compression, that is, the relative overweighting of extreme values. Here, we investigate potential reasons for this discrepancy in findings and propose that it might reflect adaptive responses to different task requirements. We performed a large-scale study (n = 586) of sequential numerical integration, manipulating (a) the task requirement (averaging a single stream or comparing two interleaved streams of numbers), (b) the distribution of sample values (uniform or Gaussian), and (c) their range (1–9 or 100–900). The data showed compression of subjective values in the averaging task, but anticompression in the comparison task. This pattern held for both distribution types and for both ranges. In model simulations, we show that either compression or anticompression can be beneficial for noisy observers, depending on the sample-level processing demands imposed by the task. This suggests that the empirically observed patterns of over- and underweighting might reflect adaptive responses. © 2024 American Psychological Association","Article","Scopus",1,1,"0",1,1,0,"binary",NA,1,1,0,0,"binary",NA,"JEPG_0038",0,1,1,0,"binary",NA,1
"JEPG_0039","Recht S.; Li C.; Yang Y.; Chiu K.","Recht, Samuel (57210564374); Li, Canqi (59493993800); Yang, Yifan (59493839800); Chiu, Kaiki (59493529300)","57210564374; 59493993800; 59493839800; 59493529300","Adaptive Curiosity About Metacognitive Ability",2024,"Journal of Experimental Psychology: General",154,"3",NA,852,863,11,"https://doi.org/10.1037/xge0001690","https://www.scopus.com/inward/record.uri?eid=2-s2.0-85213564891&doi=10.1037%2fxge0001690&partnerID=40&md5=c316a3ccbff3ff3209eb9f6b53092631","Metacognition provides control and oversight to the process of acquiring and using knowledge. Efficient metacognition is essential to many aspects of daily life, from health care to finance and education. Across three experiments, we found a specific form of curiosity in humans about the quality of their own metacognition, using a novel approach that dissociates perceptual from metacognitive information searches. Observers displayed a strategic balance in their curiosity, alternating between a focus on perceptual accuracy and metacognitive performance. Depending on the context, this metacognitive curiosity was modulated by an internal evaluation of metacognition, leading to increased feedback requests when metacognition was likely to be inaccurate. Using an ideal observer model, we describe how this curiosity trade-off can arise naturally from a recursive evaluation and transformation of decisions’ evidence. These results show that individuals are inherently curious about their metacognitive abilities and can compare perceptual and metacognitive precision to fine-tune performance monitoring. We propose that this form of curiosity may reflect humans’ drive to refine their self-model. © 2024 The Author(s)","Article","Scopus",1,1,"1",1,1,1,"distance; binary",NA,1,1,0,0,"perceptual performace from 0 to 100; binary","absolute deviation, is it normal?","JEPG_0039",1,1,1,1,"perceptual performace from 0 to 100; binary","absolute deviation, is it normal?",1
"JEPG_0040","Sinclair A.H.; Wang Y.C.; Adcock R.A.","Sinclair, Alyssa H. (57203461808); Wang, Yuxi C. (57377722200); Adcock, R. Alison (57220081618)","57203461808; 57377722200; 57220081618","First Impressions or Good Endings? Preferences Depend on When You Ask",2024,"Journal of Experimental Psychology: General",153,"10",NA,2588,2604,16,"https://doi.org/10.1037/xge0001638","https://www.scopus.com/inward/record.uri?eid=2-s2.0-85205383196&doi=10.1037%2fxge0001638&partnerID=40&md5=47be5118a53eb308d3fabd1da26bd749","Rewards often unfold over time; we must summarize events in memory to guide future choices. Do first impressions matter most, or is it better to end on a good note? Across nine studies (N = 569), we tested these competing intuitions and found that preferences depend on when rewards occur and when we are asked to evaluate an experience. In our “garage sale” task, participants opened boxes containing sequences of objects with values. All boxes were equally valuable, but rewards were either evenly distributed or clustered at the beginning, middle, or end of the sequence. First, we tested preferences and valuation shortly after learning; we consistently found that boxes with rewards at the beginning were strongly preferred and overvalued. Object-value associative memory was impaired in boxes with early rewards, suggesting that value information was linked to the box rather than the objects. However, when tested after an overnight delay, participants equally preferred boxes with any cluster of rewards, whether at the beginning, middle, or end of the experience. Finally, we demonstrated that evaluating shortly after an experience led to lasting preferences for early rewards. Overall, we show that people summarize rewarding experiences in a nonlinear and time-dependent way, unifying prior work on affect, memory, and decision making. We propose that short-term preferences are biased by first impressions. However, when we wait and evaluate an experience after a delay, we summarize rewarding events in memory to inform adaptive longer term preferences. Preferences depend on when rewards occur and when we first evaluate an experience. © 2024 American Psychological Association","Article","Scopus",1,1,"1",0,1,1,"binary; slider",NA,1,0,0,0,"binary;estimation error (difference score from continous variable)",NA,"JEPG_0040",1,0,0,0,"binary;estimation error (difference score from continous variable)",NA,1
"JEPG_0041","Boettcher S.E.P.; Nobre A.C.","Boettcher, Sage E. P. (55883264100); Nobre, Anna C. (35476748000)","55883264100; 35476748000","Going Through the Motions: Biasing of Dynamic Attentional Templates",2024,"Journal of Experimental Psychology: General",154,"1",NA,111,127,16,"https://doi.org/10.1037/xge0001665","https://www.scopus.com/inward/record.uri?eid=2-s2.0-85208716514&doi=10.1037%2fxge0001665&partnerID=40&md5=6f5906d499828ea8833af2b61b05c238","Attention must coordinate with memory to actively anticipate sensory input and guide action. Memory content may be biased away from veridical when it is functionally adaptive. So far, research has considered the biasing of still features in static displays. It is unknown whether the biasing of attentional templates can functionally adapt dynamic stimuli to facilitate search when targets and distractors compete within temporally extended contexts. Biasing of dynamic templates would require learning and modulatory mechanisms capable of abstracting over space and time to guide perception. Four experiments used a novel dynamic visual search task combined with a memory probe to test whether dynamic attentional templates can be biased. In Experiments 1–3, participants searched for a moving target among distractors that systematically moved either clockwise or counterclockwise relative to the target. On memory probe trials, participants recalled the target direction as biased away from the distractors. The distortion bias was adaptively changed (Experiment 2), grew over time (Experiment 2), and occurred even when motion direction was not the target-defining feature (Experiment 3). Experiment 4 manipulated the speed of targets and distractors to test the generalizability of the findings. Participants searched for a target of a given speed among faster or slower distractors. Memory probing revealed that participants remembered the target speed as biased away from that of distractors. Across different tasks, the magnitude of the biasing correlated positively with search performance. Our findings provide compelling evidence that dynamic stimulus attributes in attentional templates can become functionally biased when adaptive. © 2024 The Author(s)","Article","Scopus",1,1,"1",0,1,0,"binary; distance",NA,1,1,0,0,"binary; Relative deviation","relative deviation identity link","JEPG_0041",1,1,1,1,"binary; absolute deviation","relative deviation identity link",1
"JEPG_0042","Seo M.; Watanabe S.; Kim Y.-H.; Laurent S.M.","Seo, Minjae (57190577990); Watanabe, Shoko (57210599575); Kim, Young-Hoon (56472982200); Laurent, Sean M. (25227239600)","57190577990; 57210599575; 56472982200; 25227239600","Interdependent Versus Independent Inconsistency: Cultural Differences in How East Asian and Western People Attribute Hypocrisy",2024,"Journal of Experimental Psychology: General",153,"8",NA,2043,2067,24,"https://doi.org/10.1037/xge0001608","https://www.scopus.com/inward/record.uri?eid=2-s2.0-85200621940&doi=10.1037%2fxge0001608&partnerID=40&md5=8d69da0318a8f6f47f8b873fbff28dcb","Humans worldwide have long deplored hypocrisy, a concept that has been mentioned in texts dating back 100–1,000 years (e.g., the Analects of Confucius, the Tao Te Ching, the Bible, and the Qur’an). However, what influences the extent of hypocrisy attribution or counts as hypocrisy may differ as a function of culture. Previous studies have shown that Westerners attribute greater hypocrisy for within-person attitude–behavior inconsistency than East Asians. Building on this, we predict that East Asians’ (vs. Westerners’) hypocrisy attribution is more heavily influenced by social relationships. Consistent with past research, this can lead to greater leniency. However, as we show, this can also result in the novel finding we present that attributions of mild-to-moderate hypocrisy are made even when no explicit within-person attitude–behavior inconsistency is present. Across six experiments, we found that Koreans (vs. participants from the United States) attributed more hypocrisy to attitude-contradicting behavior when the person enacting the behavior was not the person who stated the attitude but was someone who shared social bonds with that person (i.e., cross-person, within-relationship attitude–behavior inconsistency; “relational hypocrisy”). Specifically, Koreans attributed more hypocrisy than Americans when a child’s behavior contradicted their parent’s views (Experiments 1a and 1b) or when attitude-contradicting behavior was enacted by the child of a close friend (Experiment 2). Experiments 3–5 replicated the findings from Experiments 1–2 using additional social contexts (e.g., a spousal relationship). Supplementary analyses showed that differences in hypocrisy attribution between Americans and Koreans were mediated by cultural differences in their perceptions of shared responsibility within relationships. © 2024 American Psychological Association","Article","Scopus",1,1,"0",0,1,1,"ordinal; sum scores",NA,0,0,1,1,"ordinal",NA,"JEPG_0042",0,0,1,1,"sum scores (ordinal)",NA,1
"JEPG_0043","Newman D.B.; Gordon A.M.; O’Bryan J.; Mendes W.B.","Newman, David B. (55646876500); Gordon, Amie M. (24544440200); O’Bryan, Julia (58244255400); Mendes, Wendy Berry (7003469947)","55646876500; 24544440200; 58244255400; 7003469947","Stress Reduction Experiments in Daily Life: Scaling From the Lab to the World",2024,"Journal of Experimental Psychology: General",153,"4",NA,1076,1092,16,"https://doi.org/10.1037/xge0001546","https://www.scopus.com/inward/record.uri?eid=2-s2.0-85189371998&doi=10.1037%2fxge0001546&partnerID=40&md5=dafe99135d750c35dc3da3804563fdd0","Paced breathing—longer exhalation than inhalation—can show short-term improvement of physiologic responses and affective well-being, though most studies have relied on narrow sample demographics, small samples, and control conditions that fail to address expectancy effects. We addressed these limitations through an app-based experiment where participants were randomly assigned to paced breathing or sham control (hand closure) conditions. We first validated the conditions in an online sample (N= 201; Study 1) and in a lab environment (N=72; Study 2). In the primary app-based experiment, participants (N= 3,277; Study 3) completed 3 days of baseline assessments that included three check-ins each day inwhichwe obtained heart rate and blood pressure responses using an optic sensor and assessed current stress and emotions. Participants were then randomly assigned to either the paced breathing or hand closure condition for the next 6 days. Relative to baseline days, both conditions were associated with increased positive emotions and perceived coping, and reduced blood pressure. Moreover, the increase in positive emotions and perceived coping was not evident among a comparison sample (N= 2,600) who completed check-ins but did not participate in either of the paced breathing or sham-control conditions. However, their blood pressure declined over time, suggesting that the continual monitoring of one’s blood pressure may result in detectable decreases. Our results highlight the importance of designing experiments with appropriately matched control conditions and suggest that changes associated with techniques like paced breathing, in part, may stem from positive incidental features of the technique. © 2024 American Psychological Association","Article","Scopus",1,1,"0",0,1,1,"ordinal; HR; amplitude; HRV",NA,0,0,1,1,"ordinal",NA,"JEPG_0043",0,0,1,1,"sum scores (ordinal); HR; blood pressure",NA,1
"JEPG_0044","Addleman D.A.; Rajasingh R.; Störmer V.S.","Addleman, Douglas A. (57195384649); Rajasingh, Reshma (57222021329); Störmer, Viola S. (59454528900)","57195384649; 57222021329; 59454528900","Attention to Object Categories: Selection History Determines the Breadth of Attentional Tuning During Real-World Object Search",2024,"Journal of Experimental Psychology: General",153,"6",NA,1568,1581,13,"https://doi.org/10.1037/xge0001575","https://www.scopus.com/inward/record.uri?eid=2-s2.0-85195576369&doi=10.1037%2fxge0001575&partnerID=40&md5=4e50278a34b554b852234fd6c6587a3a","People excel at learning the statistics of their environments. For instance, people rapidly learn to pay attention to locations that frequently contain visual search targets. Here, we investigated how frequently finding specific objects as search targets influences attentional selection during real-world object search. We investigated how learning that a specific object (e.g., a coat) is task-relevant affects searching for that object and whether a previously frequent target would influence search more broadly for all items of that target’s category (e.g., all coats). Across five experiments, one or more objects from a single category were likely targets during a training phase, after which objects from many categories became equally likely to be targets in a neutral testing phase. Participants learned to find a single frequent target object faster than other objects (Experiment 1, N = 44). This learning was specific to that object, with no advantage in finding a novel category-matched object (Experiment 2, N = 32). In contrast, learning to prioritize multiple exemplars from one category spread to untrained objects from the same category, and this spread was comparable whether participants learned to find two, four, or six exemplars (Experiment 3, N = 72). These differences in the breadth of attention were due to variability in the learning environment and not differences in task (Experiment 4, N = 24). Finally, a set-size manipulation showed that learning affects attentional guidance itself, not only postselective processing (Experiment 5, N = 96). These experiments demonstrate that the breadth of attentional tuning is flexibly adjusted based on recent experience to effectively address task demands. © 2024 American Psychological Association","Article","Scopus",1,1,"0",0,1,1,"times",NA,0,0,1,1,"times",NA,"JEPG_0044",0,0,1,1,"times",NA,1
"JEPG_0045","Grzyb B.; Frank S.L.; Vigliocco G.","Grzyb, Beata (25649411600); Frank, Stefan L. (7202570349); Vigliocco, Gabriella (55919485500)","25649411600; 7202570349; 55919485500","Communicative Efficiency in Multimodal Language Directed at Children and Adults",2024,"Journal of Experimental Psychology: General",153,"7",NA,1904,1919,15,"https://doi.org/10.1037/xge0001588","https://www.scopus.com/inward/record.uri?eid=2-s2.0-85197308823&doi=10.1037%2fxge0001588&partnerID=40&md5=22fb06083c65cf0f7cc956e26fc00fad","The ecology of human communication is face to face. In these contexts, speakers dynamically modify their communication across vocal (e.g., speaking rate) and gestural (e.g., cospeech gestures related in meaning to the content of speech) channels while speaking. What is the function of these adjustments? Here we ask whether speakers dynamically make these adjustments to increase communicative success, and decrease cognitive effort while speaking. We assess whether speakers modulate word durations and produce iconic (i.e., imagistically evoking properties of referents) gestures depending on the predictability of each word they utter. Predictability is operationalized as surprisal and computed from computational language models trained on corpora of child-directed, or adult-directed language. Using data from a novel corpus (Ecological Language Corpus) of naturalistic interactions between adult–child (aged 3–4), and adult– adult, we show that surprisal predicts speakers’ multimodal adjustments and that some of these effects are modulated by whether the comprehender is a child or an adult. Thus, communicative efficiency applies generally across vocal and gestural communicative channels not being limited to structural properties of language or vocal modality. © 2024 The Author(s)","Article","Scopus",1,1,"1",1,0,0,"log(times); binary",NA,1,1,0,0,"log(rt); binary","not word logit, but logistic","JEPG_0045",1,1,0,0,"log(rt); binary","not word logit, but logistic",1
"JEPG_0047","Hochman S.; Havedanloo R.; Heysieattalab S.; Soltanlou M.","Hochman, Shachar (57201995161); Havedanloo, Reyhane (59458306200); Heysieattalab, Soomaayeh (36088892300); Soltanlou, Mojtaba (55229311000)","57201995161; 59458306200; 36088892300; 55229311000","How Does Language Modulate the Association Between Number and Space? A Registered Report of a Cross-Cultural Study of the Spatial–Numerical Association of Response Codes Effect",2024,"Journal of Experimental Psychology: General",154,"2",NA,305,324,19,"https://doi.org/10.1037/xge0001653","https://www.scopus.com/inward/record.uri?eid=2-s2.0-85211050005&doi=10.1037%2fxge0001653&partnerID=40&md5=ff4e2ec63b4ec01e0a0b2a68c7917f58","Past investigations into the connection between space and numbers have revealed its potential vulnerability to external influences such as cultural factors, including language. This study aims to examine whether language moderates the association between space and number in the spatial–numerical association of response codes (SNARC) effect, which is demonstrated in an interaction between number magnitude and response side. The SNARC effect has been observed across various stimuli. However, research on the influence of linguistic factors, such as reading direction, on the SNARC effect has yielded contradictory findings.We systematically examined the moderating effect of language on the SNARC effect in a cross-cultural design.A group of British English speakers and a group of Iranian Farsi speakers performed four SNARC tasks including both explicit (magnitude classification) and implicit (parity judgment) processing of number magnitude in two modalities of visual and auditory presentations. To the best of our knowledge, this is the first systematic investigation of language, magnitude processing, and sensory modalities altogether. While our registered analyses found no group differences in SNARC tasks, nonregistered analyses using a Bayesian ex-Gaussian framework revealed novel findings: a stronger SNARC effect in slower responses and auditory tasks. These findings challenge the idea of a substantial language role in shaping the SNARC effect but also indicate large uncertainty regarding the exact nature of language-induced effects, highlighting the need for further investigations of spatial– numerical interactions that may be differently influenced by linguistic and cultural factors. © 2024 American Psychological Association","Article","Scopus",1,1,"1",0,0,NA,"log(times); times","""Modello bayesiano gerarchico con likelihood ex-Gaussian"" vale come presumibile uso del non-identity link",1,0,0,0,"log(rt)","ex-gaussian","JEPG_0047",1,0,0,0,"log(rt)","ex-gaussian",1
"JEPG_0048","Minton A.R.; Snyder J.S.; Young N.A.; Graupmann V.; Mikels J.A.","Minton, Alyssa R. (57221860495); Snyder, Jason S. (58352036100); Young, Nathaniel A. (57203498959); Graupmann, Verena (6505474582); Mikels, Joseph A. (6507399574)","57221860495; 58352036100; 57203498959; 6505474582; 6507399574","Motives Matter More With Age: Adult Age Differences in Response to Sociomoral Violations",2024,"Journal of Experimental Psychology: General",153,"7",NA,1705,1724,19,"https://doi.org/10.1037/xge0001578","https://www.scopus.com/inward/record.uri?eid=2-s2.0-85195551860&doi=10.1037%2fxge0001578&partnerID=40&md5=bfd220ac624cbc60e1eee0a4678e59a5","Moral judgments and emotional reactions to sociomoral violations are heavily impacted by a perpetrator’s intentions and desires, which pose a threat to social harmony. Given that older adults are more motivated to maintain interpersonal harmony relative to younger adults, older adults may be more reactive to malicious desires. In three studies, we investigated adult age differences in moral judgments and emotional reactions to sociomoral violations. In all studies, participants read scenarios in which a perpetrator either (a) desired to harm another but nothing happened, or (b) harmed another accidentally without malicious desire. Study 2 incorporated additional scenarios designed to evoke anger and disgust without explicitly implicating another person to evaluate whether age differences emerge only when sociomoral violations against another are salient. In Study 3, we examined the combined effects of malicious desires and harmful outcomes by including scenarios in which (a) harmful desires were coupled with harmful outcomes, and (b) benign desires were coupled with benign outcomes. Predominantly across the studies, older adults judged perpetrators who desired to harm another more harshly but judged perpetrators who accidentally harmed another more leniently than younger adults. Emotional reactions generally corresponded with the differences in judgments. Taken together, this work suggests that desires more strongly impact older relative to younger adults’ judgments and emotional reactions in sociomoral contexts. © 2024 American Psychological Association","Article","Scopus",1,1,"0",0,1,1,"sum scores",NA,0,0,1,1,"ordinal",NA,"JEPG_0048",0,0,1,1,"sum scores (ordinal)",NA,1
"JEPG_0049","Gok S.; Fyfe E.R.","Gok, Sebahat (58069144000); Fyfe, Emily R. (51260926000)","58069144000; 51260926000","Learning From Failure: The Roles of Self-Focused Feedback, Task Expectations, and Subsequent Instruction",2024,"Journal of Experimental Psychology: General",153,"9",NA,2328,2344,16,"https://doi.org/10.1037/xge0001632","https://www.scopus.com/inward/record.uri?eid=2-s2.0-85203420424&doi=10.1037%2fxge0001632&partnerID=40&md5=cf01f70101f573243c2e686317e3e30f","Previous research indicates that failure feedback leads people to tune out from the task, which is detrimental to their learning (Eskreis-Winkler & Fishbach, 2019; Keith et al., 2022). The current work aims to identify ways to optimize learning from failure feedback. We conducted six preregistered experiments (N = 1,306) to replicate and extend the findings from Eskreis-Winkler and Fishbach (2019) with novel tests of self-focused feedback, task expectations, and subsequent instruction. The detriments of failure feedback were replicated in Studies 1a, 1b, and 1c, which altered the focus of the feedback message to be self-focused (e.g., your answer) or task-focused (e.g., the answer). The detriments of failure feedback were also replicated in Study 2 when the task expectations were manipulated to easy versus hard. These results generally underscored the robustness of the results from the original study. However, Study 3 established boundary conditions. When it was a rule-based task and brief instructions on the rule were provided after feedback, there was no evidence of a detrimental effect of failure, and failure feedback, in some conditions, resulted in even better learning than success feedback for learning new material. We conclude that the tune-out reactions to failure during feedback disappear and may even be reversed when subsequent learning opportunities are provided. © 2024 American Psychological Association","Article","Scopus",1,1,"0",0,1,1,"binary; ordinal",NA,0,0,1,1,"from binary to percentage; ordinal",NA,"JEPG_0049",0,0,1,1,"binary; ordinal",NA,1
"JPSP_0007","Bai H.; Zhao X.","Bai, Hui (57211785696); Zhao, Xian (59443993200)","57211785696; 59443993200","Asian = Machine, Black = Animal? The Racial Asymmetry of Dehumanization",2024,"Journal of Personality and Social Psychology",127,"5",NA,1038,1061,23,"https://doi.org/10.1037/pspi0000455","https://www.scopus.com/inward/record.uri?eid=2-s2.0-85203011313&doi=10.1037%2fpspi0000455&partnerID=40&md5=a3980d9ea082d9f85200bf69bafee15a","How different racial minorities experience racism differently remains underexplored in existing research. Here, we show that Asian and Black people are often dehumanized differently. Twelve studies spotlight a racial asymmetry in dehumanization using a wide array of methods (experimental, archival, and computational) and data sources (online samples, word embeddings, and U.S. Bureau of Labor Statistics data): Whereas Black people are more often subjected to animalistic dehumanization, Asian people are predominantly subjected to mechanistic dehumanization. We demonstrate this asymmetry from the vantage point of victims (Studies 1a and 1b) and perpetrators (Studies 2a–2d). We further document the prevalence of this asymmetry across diverse domains, from everyday language (Study 3) to perceptions in the realms of romantic relationships (Study 4a), crime rates (Study 4b), and business skills (Study 4c). Finally, we demonstrate the asymmetry’s real-world consequences in labor market segregation (Studies 5 and 6). Our findings shed light on the distinct experiences of racism encountered by different racial groups and, more critically, introduce a framework that unifies and integrates scattered empirical observations on perceptions of Asian people. © 2024 American Psychological Association","Article","Scopus",1,1,"1",1,1,1,"slider; cosine similarity; proportions",NA,1,1,1,1,"slider-like; cosine similarity; proportion",NA,"JPSP_0007",1,1,1,1,"slider-like; cosine similarity; proportion",NA,1
"JPSP_0008","Lemay E.P.; Cutri J.; Teneva N.","Lemay, Edward P. (6603485631); Cutri, Jennifer (57222423297); Teneva, Nadya (57215602323)","6603485631; 57222423297; 57215602323","How Loneliness Undermines Close Relationships and Persists Over Time: The Role of Perceived Regard and Care",2024,"Journal of Personality and Social Psychology",127,"3",NA,609,637,28,"https://doi.org/10.1037/pspi0000451","https://www.scopus.com/inward/record.uri?eid=2-s2.0-85189310387&doi=10.1037%2fpspi0000451&partnerID=40&md5=40ac3dd851f553c6e22bdba99381b54b","Although loneliness has been associated with negative perceptions of social life in past research, little is known about the implications of loneliness for interpersonal perception within close relationships. The current research includes three studies (total N = 1,197) suggesting that loneliness is associated with a negative bias in perceiving relationship partners’ regard and care and that this bias partially accounts for the effects of loneliness on lower relationship quality and problematic interpersonal behaviors. Loneliness was associated with perceiving family members (Study 1), friends (Studies 1 and 2), and romantic partners (Studies 1–3) as less admiring and caring, and these effects were independent of a variety of accuracy benchmarks, including partners’self-reports (Studies 1–3), reports from informants (Study 2), and objective observers’ assessments of partners’ responsive behavior (Study 3). Loneliness also predicted changes in perceptions of partners’ regard over time (Study 3) and indirectly predicted lower relationship satisfaction, commitment, self-disclosure, and support provision through negative perceptions of relationship partners’ regard and care (Studies 1–3). Studies 2 and 3 replicated these results in terms of day-to-day experiences (total daily observations = 16,064). The negative perceptions of partners’ regard and care associated with loneliness predicted subsequent loneliness (Studies 2–3). Loneliness effects were statistically independent of self-esteem and attachment insecurity in all studies. Taken together, these findings suggest that, due to negative biases in perceiving relationship partners’ regard and care, loneliness may compromise the quality of close relationships, motivate interpersonally problematic behaviors, and become persistent. Implications are discussed. © 2024 American Psychological Association","Article","Scopus",1,1,"0",0,1,1,"sum scores",NA,0,0,1,1,"sum score",NA,"JPSP_0008",0,0,1,1,"sum score",NA,1
"JPSP_0009","Eskreis-Winkler L.; Peres L.T.T.; Fishbach A.","Eskreis-Winkler, Lauren (56037177600); Peres, Luiza Tanoue Troncoso (59396864500); Fishbach, Ayelet (6603551816)","56037177600; 59396864500; 6603551816","The Bigger the Problem the Littler: When the Scope of a Problem Makes It Seem Less Dangerous",2024,"Journal of Personality and Social Psychology",NA,NA,NA,NA,NA,NA,"https://doi.org/10.1037/pspa0000409","https://www.scopus.com/inward/record.uri?eid=2-s2.0-85208251833&doi=10.1037%2fpspa0000409&partnerID=40&md5=ca487791adaebe67065edd405596132a","Across 15 studies (N = 2,636), people who considered the prevalence of a problem (e.g., 4.2 million people drive drunk each month) inferred it caused less harm, a phenomenon we dub the big problem paradox. People believed dire problems—ranging from poverty to drunk driving—were less problematic upon learning the number of people they affect (Studies 1–2). Prevalence information caused medical experts to infer medication nonadherence was less dangerous, just as it led women to underestimate their true risk of contracting cancer. The big problem paradox results from an optimistic view of the world. When people believe the world is good, they assume widespread problems have been addressed and, thus, cause less harm (Studies 3–4). The big problem paradox has key implications for motivation and helping behavior (Studies 5–6). Learning the prevalence of medical conditions (i.e., chest pain, suicidal ideation) led people to think a symptomatic individual was less sick and, as a result, to help less—in violation of clinical guidelines. The finding that scale warps judgments and de-motivates action is of particular relevance in the globalized 21st century. © 2024 The Author(s)","Article","Scopus",1,1,"0",0,1,1,"slider",NA,0,0,1,1,"slider-like",NA,"JPSP_0009",0,0,1,1,"slider",NA,1
"JPSP_0012","Fincher K.M.; Zhang T.; Percaya A.; Galinsky A.","Fincher, Katrina M. (26648460200); Zhang, Ting (56411258600); Percaya, Asteya (58025864600); Galinsky, Adam (6701326505)","26648460200; 56411258600; 58025864600; 6701326505","The Effect of Configural Processing on Mentalization",2024,"Journal of Personality and Social Psychology",126,"5",NA,758,778,20,"https://doi.org/10.1037/pspa0000361","https://www.scopus.com/inward/record.uri?eid=2-s2.0-85190841259&doi=10.1037%2fpspa0000361&partnerID=40&md5=9d3fd371e0026c1a38a999b3c5c503a4","Eight studies (N = 2,561) reveal that how we perceptually process a person’s face affects our capacity to understand their mind. Studies 1A and B indicate this relationship functions via two separate pathways: (a) indirectly by increasing our sensitivity to the cues of a mind in a face and (b) directly by changing the way we relate to the mind behind the face. Six additional studies adopt perspective taking paradigms to provide further support for a direct effect of configural processing on mentalization. Studies 2 and 3 find that processing faces configurally increases perspective taking on spatial tasks compared to processing faces featurally. Study 4 demonstrates configural face processing gives rise to inferences about the target’s mental states such as beliefs and desires. Study 5 finds manipulation of a target’s face that heightens configural processing increases perspective taking. Using a positive control, Study 6 demonstrates real-world consequences. Taken together, these findings document that the multiple and complex consequences of configural processing are critical to the social function of mentalization. © 2024 American Psychological Association","Article","Scopus",1,1,"1",1,1,1,"slider; ordinal; binary",NA,1,1,1,1,"slider-like; ordinal; binary",NA,"JPSP_0012",1,1,1,1,"slider; ordinal; binary",NA,1
"JPSP_0013","Teng F.; Wang X.; Lei Q.; Poon K.-T.","Teng, Fei (43761632800); Wang, Xijing (57191165353); Lei, Qiao (57915933400); Poon, Kai-Tak (55196208400)","43761632800; 57191165353; 57915933400; 55196208400","Love Me, Because I Rely on You: Dependency-Oriented Help-Seeking as a Strategy for Human Mating",2024,"Journal of Personality and Social Psychology",127,"6",NA,1215,1236,21,"https://doi.org/10.1037/pspi0000458","https://www.scopus.com/inward/record.uri?eid=2-s2.0-85189331076&doi=10.1037%2fpspi0000458&partnerID=40&md5=88e0a9eaff9c5b95de836199d62fe611","Existing research has suggested a predominantly negative view of dependency-oriented help. In contrast, the current research aims to test the positive function of dependency-oriented help in intimate relationships where interpersonal dependency is valued. We hypothesized that dependency-oriented help-seeking could function in communicating liking and romantic interests and, therefore, can be instrumental in attracting mates. Our hypothesis was confirmed across nine studies (N = 2, 535). For help-seekers, a mate-seeking motivation could positively predict (Study 1) and lead to (Studies 2A–4) dependency-oriented help-seeking behavior tendencies (Studies 1–2B) and actual behavior (Studies 3 and 4). For help-providers, after activating a mating goal, imagining (Studies 5A and 5B) and actually receiving (Study 6) dependency-oriented (vs. autonomy-oriented) help-seeking requests from a potential mate increased help-providers’ romantic interests in that mate. Study 7 further showed the function of dependency-oriented help from the perspective of romantic competitors. As such, people in romantic relationships were more likely to see a potential competitor as a mate poacher when this person asked for dependency-oriented help from their partner. Theoretical and practical implications have been discussed. © 2024 American Psychological Association","Article","Scopus",1,1,"0",0,1,1,"sum scores",NA,0,0,1,1,"sum scores",NA,"JPSP_0013",0,0,1,1,"sum scores",NA,1
"JPSP_0014","De Dreu C.K.W.; Gross J.; Arciniegas A.; Hoenig L.C.; Rojek-Giffin M.; Scheepers D.T.","De Dreu, Carsten K. W. (7004919593); Gross, Jörg (57194694526); Arciniegas, Andrea (59003120100); Hoenig, Laura C. (58100887600); Rojek-Giffin, Michael (57217011519); Scheepers, Daan T. (6603304898)","7004919593; 57194694526; 59003120100; 58100887600; 57217011519; 6603304898","On Being Unpredictable and Winning",2024,"Journal of Personality and Social Psychology",126,"3",NA,369,389,20,"https://doi.org/10.1037/pspa0000378","https://www.scopus.com/inward/record.uri?eid=2-s2.0-85191361665&doi=10.1037%2fpspa0000378&partnerID=40&md5=7f1e43044de68c6705690b5733e40e2e","In theory, it can be strategically advantageous for competitors to make themselves unpredictable to their opponents, for example, by variably mixing hostility and friendliness. Empirically, it remains open whether and how competitors make themselves unpredictable, why they do so, and how this conditions conflict dynamics and outcomes. We examine these questions in interactive attacker–defender contests, in which attackers invest to capture resources held and defended by their opponent. Study 1, a reanalysis of nine (un)published experiments (total N = 650), reveals significant cross-trial variability especially in proactive attacks and less in reactive defense. Study 2 (N = 200) shows that greater variability makes both attacker’s and defender’s next move more difficult to predict, especially when variability is due to occasional rather than (in)frequent extreme investments in conflict. Studies 3 (N = 27) and 4 (N = 106) show that precontest testosterone, a hormone associated with risk-taking and status competition, drives variability during attack which, in turn, increases sympathetic arousal in defenders and defender variability (Study 4). Rather than being motivated by wealth maximization, being unpredictable in conflict and competition emerges in function of the attacker’s desire to win “no matter what” and comes with significant welfare cost to both victor and victim. © 2024 American Psychological Association","Article","Scopus",1,1,"0",0,1,1,"ordinal; sum scores; counts; differences; variability",NA,0,0,1,1,"logAmplitude; variance; slider; proportion; percentage","amplitude is for testosterone and cortisol, variance for variability, slider for conflict investment, proportions for O-E investments, percentage for attacker victories","JPSP_0014",0,0,1,1,"slider; variability; binary",NA,1
"JPSP_0015","Bühler J.L.; Orth U.","Bühler, Janina Larissa (57201462639); Orth, Ulrich (12807985300)","57201462639; 12807985300","How Relationship Satisfaction Changes Within and Across Romantic Relationships: Evidence From a Large Longitudinal Study",2024,"Journal of Personality and Social Psychology",126,"5",NA,930,945,15,"https://doi.org/10.1037/pspp0000492","https://www.scopus.com/inward/record.uri?eid=2-s2.0-85183536984&doi=10.1037%2fpspp0000492&partnerID=40&md5=2bf5a650479cfc8022c2bc3c67480664","Research suggests that relationship satisfaction changes in systematic ways over the course of a relationship. In this preregistered study, we tested whether relationship satisfaction changes differently as a function of the eventual outcome of the relationship, that is, whether the relationship lasted, whether it was dissolved, and whether people began a new relationship after separation. Data came from a large longitudinal study (the Longitudinal Study of Generations), including 2,268 participants aged 16–90 years, who were assessed at up to seven waves across 20 years. We used multilevel models to examine change in relationship satisfaction within relationships (i.e., comparing continuing and dissolving relationships) and across relationships (i.e., comparing consecutive relationships of the same persons). The results indicated that satisfaction in dissolving (vs. continuing) relationships was lower and showed a more pronounced decrease over the course of the relationship. Individuals who began a new relationship after separation were more satisfied at the beginning of the new relationship compared to the beginning of the previous relationship. However, satisfaction declined within both relationships (i.e., the previous and the new relationship). Moderator analyses indicated that relationship satisfaction decreased more strongly when participants had children, were in a dissolving relationship of briefer duration, and when the time lag between the previous and current relationship had been shorter. Overall, the findings contribute to understanding change in satisfaction within and across relationships. The Discussion addresses the possibility that couples tend to separate when relationship satisfaction falls below a critical value. © 2024 American Psychological Association","Article","Scopus",1,1,"0",0,1,1,"sum scores",NA,0,0,1,1,"sum scores",NA,"JPSP_0015",0,0,1,1,"sum scores",NA,1
"JPSP_0016","Pleasant A.; Barclay P.","Pleasant, Aleta (57202199776); Barclay, Pat (57202508546)","57202199776; 57202508546","Mutual Cooperation Gives You a Stake in Your Partner’s Welfare, Especially if They Are Irreplaceable",2024,"Journal of Personality and Social Psychology",NA,NA,NA,NA,NA,NA,"https://doi.org/10.1037/pspi0000470","https://www.scopus.com/inward/record.uri?eid=2-s2.0-85210765267&doi=10.1037%2fpspi0000470&partnerID=40&md5=06a618225d6e1cc921568a5adafb58d0","Why do we care so much for friends—much more than one might predict from reciprocity alone? According to a recent theory, organisms who cooperate with each other come to have a stake in each other’s well-being: A good cooperator is worth protecting—even anonymously if necessary—so they can be available to cooperate in the future. Here, we present three experiments showing that reciprocity creates a stake in a partner’s well-being, such that people are willing to secretly pay to protect good cooperative partners, if doing so keeps those partners available for future interaction. Participants played five rounds of a cooperative game (Prisoner’s Dilemma) and then received an opportunity to help their partner, without the partner ever knowing. In Experiments 1 and 2, participants were more willing to help a cooperative partner if doing so kept that partner available for future rounds, compared to when the help simply raised the partner’s earnings. This effect was specific to cooperative partners: The type of help mattered less for uncooperative partners or for recipients that participants did not directly interact with. In other words, an ongoing history of reciprocity gave people a stake in their partner’s good condition but not their partner’s payoff. Experiment 3 showed that participants had less stake in their partners if those partners could be easily replaced by another cooperator. These findings show that reciprocity and stake are not separate processes. Instead, even shallow reciprocity creates a deeper stake in a partner’s well-being, including a willingness to help with zero expectation of recognition. Future work should examine how one’s stake in partners is affected by ecological factors that affect the gains of cooperation and the ease of finding new partners. © 2024 The Author(s)","Article","Scopus",1,1,"1",0,0,NA,"binary",NA,1,0,0,NA,"binary","willingness to help","JPSP_0016",1,0,0,NA,"binary",NA,1
"JPSP_0017","Sng O.; Choi M.; Williams K.E.G.; Neel R.","Sng, Oliver (55927380500); Choi, Minyoung (58293860400); Williams, Keelah E. G. (57061442700); Neel, Rebecca (36629043700)","55927380500; 58293860400; 57061442700; 36629043700","The Directed Nature of Social Stereotypes",2024,"Journal of Personality and Social Psychology",NA,NA,NA,NA,NA,NA,"https://doi.org/10.1037/pspa0000425","https://www.scopus.com/inward/record.uri?eid=2-s2.0-85208270259&doi=10.1037%2fpspa0000425&partnerID=40&md5=8a3b58b7012e36edf87ff8b3d7842741","Stereotypes are strategically complex. We propose that people hold not just stereotypes about what groups are generally like (e.g., “men are competitive”) but stereotypes about how groups behave toward specific groups (e.g., “men are competitive toward”)—what we call directed stereotypes. Across studies, we find that perceivers indeed hold directed stereotypes. Four studies examine directed stereotypes of sex and age (Studies 1 and 2; N = 541) and of race/ethnicity (of Asian/Black/Latino/White Americans; Studies 3 and 4; N = 769), with a focus on stereotypes of competitiveness, aggressiveness, cooperativeness, and communion. Across studies, directed stereotypes present unique patterns that both qualify and reverse well-documented stereotype patterns in the literature. For example, men are typically stereotyped as more competitive than women. However, directed stereotypes show that women are stereotyped to be more competitive than men, when this competitiveness is directed toward young women. Multiple such patterns emerge in the current data, across sex, age, and racial/ethnic stereotypes. Directed stereotypes also uniquely predict intergroup attitudes, over and above general stereotypes (Study 4). The idea of directed stereotypes is compatible with multiple theoretical perspectives and intuitive. However, they have been unexamined. We discuss the implications of the current work for thinking about the nature and measurement of social stereotypes, stereotype content, and social perception more broadly. © 2024 American Psychological Association","Article","Scopus",1,1,"0",0,1,1,"sum scores",NA,0,0,1,1,"ordinal, sum scores","competitive and aggressive are measured with a single ordinal item; caring/nurturant/helpful with composite averaging items","JPSP_0017",0,0,1,1,"sum scores; ordinal",NA,1
"JPSP_0018","Johnson I.R.; Pietri E.S.","Johnson, India R. (57189505346); Pietri, Evava S. (55354709200)","57189505346; 55354709200","Signaling Safety and Fostering Fairness: Exploring the Psychological Processes Underlying (In)Congruent Cues Among Black Women",2024,"Journal of Personality and Social Psychology",NA,NA,NA,NA,NA,NA,"https://doi.org/10.1037/pspi0000466","https://www.scopus.com/inward/record.uri?eid=2-s2.0-85197375395&doi=10.1037%2fpspi0000466&partnerID=40&md5=a59a9c39cbaa67ef3b2b8dab75de7166","Exposure to an organizational diversity cue may help attract Black women to professional spaces. The cue transfer framework contends that because intergroup attitudes co-occur, both cues congruent or incongruent with one’s minoritized identity signal an environment that welcomes all minoritized persons. Critically, the utility of such cues had yet to be explored among Black women. Integrating cue transfer with social identity complexity theory, across six studies (N = 2,167), we tested the novel prediction that Black women utilize a racial dominance identity structure and investigated the benefits of organizational diversity cues congruent and incongruent with Black women’s identities. We also drew from stigma solidarity and examined whether perceiving an outgroup associated with an incongruent cue as experiencing similar bias (i.e., shared discrimination) facilitated cue efficacy. Ultimately, only racially congruent cues encouraged organizational safety (Studies 1, 2, and 6) and procedural fairness (Studies 2, 4, and 6), while cues aimed at lesbian, gay, bisexual, transgender, or Latino individuals (Studies 1–4) were ineffective. Moreover, despite reporting greater shared discrimination with Latino than lesbian, gay, bisexual & transgender persons (Study 4), shared discrimination was inconsequential for cue efficacy (Study 3). Black women’s lay theories revealed that although they perceived negative intergroup attitudes as co-occurring, positive attitudes toward other minoritized groups were seen as unrelated to attitudes toward Black individuals (Studies 5a/5b). Finally, racially (but not gender) congruent cues mitigated organizational invisibility (Study 6). Collectively, the present investigation supports our assertion that Black women adopt a racial dominance lens and, more broadly, underscores the necessity of an intersectional framework when examining cue efficacy. © 2024 American Psychological Association. All Rights Reserved.","Article","Scopus",1,1,"0",0,1,1,"sum scores",NA,0,0,1,1,"sum scores","""we measured all continuous variables using a 5-point Likert-type scale … averaged participants responses to the items""","JPSP_0018",0,0,1,1,"sum scores",NA,1
"JPSP_0019","Go´mez A.; Vázquez A.; Alba B.; Blanco L.; Chinchilla J.; Chiclana S.; Jr. W.B.S.","Go´mez, Angel (55387490000); Vázquez, Alexandra (50961710800); Alba, Beatriz (57456515000); Blanco, Laura (57456298300); Chinchilla, Juana (57201031207); Chiclana, Sandra (57222187884); Jr., William B. Swann (59142031200)","55387490000; 50961710800; 57456515000; 57456298300; 57201031207; 57222187884; 59142031200","Feeling Understood Fosters Identity Fusion",2024,"Journal of Personality and Social Psychology",NA,NA,NA,NA,NA,NA,"https://doi.org/10.1037/pspi0000464","https://www.scopus.com/inward/record.uri?eid=2-s2.0-85194083292&doi=10.1037%2fpspi0000464&partnerID=40&md5=ad4087c7e72f1ff2bceb9a9bddf1b639","If the consequences of identity fusion are well established, its psychological antecedents are not. To address this shortcoming, eight studies tested the hypothesis that self-verification (receiving evaluations that confirm one’s self-views) increases fusion (a synergistic union with a group, individual, or cause), which, in turn, increases behavioral support for the target of fusion. Correlational studies showed that perceived self-verification was positively associated with fusion, which was positively associated with willingness to fight and die for a group (Study 1a), a value (Study 1b), and a leader (Study 1c). Study 2 revealed that increasing perceived self-verification fostered greater willingness to fight and die for the group but only indirectly through increases in fusion. Study 3 showed that 4 months after indicating the degree of fusion with a group, increasing perceived self-verification augmented endorsement of fighting and dying for the group indirectly through elevations in fusion. In Study 4, relational ties mediated the relationship between perceived self-verification and fusion. Finally, face-to-face interviews with incarcerated members of street gangs and organized crime gangs (Studies 5a–5b) showed that perceived self-verification was positively associated with fusion, which was positively associated with sacrifices for the gang (replicating Studies 1a–1c). No evidence emerged supporting a rival causal path in which fusion caused willingness to fight and die through perceived self-verification. Implications for related theoretical approaches and for conceptualizing the relationship between personal identities, social identities, and group processes are discussed. © 2024 American Psychological Association","Article","Scopus",1,1,"0",0,1,1,"sum scores",NA,0,0,1,1,"sum scores","willingness to fight and die","JPSP_0019",0,0,1,1,"sum scores",NA,1
"JPSP_0021","Albuja A.F.; Gaither S.E.; Sanchez D.T.; Nixon J.","Albuja, Analía F. (57190760721); Gaither, Sarah E. (55352098800); Sanchez, Diana T. (8967546800); Nixon, Jaelyn (59166858200)","57190760721; 55352098800; 8967546800; 59166858200","Testing intergroup contact theory through a natural experiment of randomized college roommate assignments in the United States.",2024,"Journal of Personality and Social Psychology",127,"2",NA,277,290,13,"https://doi.org/10.1037/pspa0000393","https://www.scopus.com/inward/record.uri?eid=2-s2.0-85195546262&doi=10.1037%2fpspa0000393&partnerID=40&md5=92de424be40aa2a377a21c87781b961b","Many colleges and universities seek to leverage the promise of intergroup contact theory by adopting housing policies that randomly assign first-year students to roommates, with the goal of increasing intergroup contact. Yet, it is unclear whether random roommate assignment policies increase cross-race contact, whether this (potentially involuntary, but sanctioned by authorities) contact improves racial attitudes or behaviors, or how these effects may differ for racial majority and minority students. The present studies used a natural experiment of random roommate assignment to directly test roommate relationship, attitudinal, and behavioral changes based on roommate race. Across three samples drawn from two student cohorts, the random assignment policy increased the likelihood that students had a cross-race roommate because without the policy, students tended to self-segregate by race. Moreover, selecting (Study 1) or being randomly assigned (Study 2) a cross-race roommate was associated with having more racial outgroup friends and demonstrating more positive verbal and nonverbal behavior during a novel cross-race interaction (Study 3). There were no roommate group (same vs. cross-race roommates) differences in relationship quality, and the results were largely independent of participant race. These findings suggest randomized roommate assignment is a promising avenue for universities to promote cross-race contact amid persistent racial segregation on college campuses with limited negative consequences for relationship quality. (PsycInfo Database Record (c) 2024 APA, all rights reserved) © 2024 American Psychological Association","Article","Scopus",1,1,"0",0,1,1,"sum scores; ordinal; percentage; counts",NA,0,0,1,1,"sum scores, proportion, ordinal","relationship quality is composite z-score from ordinal, racial outgroup friends is percentage (proportion), conflict with roomate is ordinal 1-7 single item","JPSP_0021",1,1,1,1,"sum scores; ordinal; proportion",NA,1
"JPSP_0023","Bjornsdottir R.T.; Connor P.; Rule N.O.","Bjornsdottir, R. Thora (57188725514); Connor, Paul (49360971800); Rule, Nicholas O. (22836444000)","57188725514; 49360971800; 22836444000","Social Judgments From Faces and Bodies",2024,"Journal of Personality and Social Psychology",127,"3",NA,455,468,13,"https://doi.org/10.1037/pspa0000397","https://www.scopus.com/inward/record.uri?eid=2-s2.0-85197370844&doi=10.1037%2fpspa0000397&partnerID=40&md5=4256d24ce6f6e04237685f795840cd25","Despite the primacy of the face in social perception research, people often base their impressions on whole persons (i.e., faces and bodies). Yet, perceptions of whole persons remain critically underresearched. We address this knowledge gap by testing the relative contributions of faces and bodies to various fundamental social judgments. Results show that faces and bodies contribute different amounts to particular social judgments on orthogonal axes of social perception: Bodies primarily influence status and ability judgments, whereas faces primarily influence warmth-related evaluations. One possible reason for this may be differences in signal that bodies and faces provide for judgments along these two axes. To test this, we extended our investigation to social judgment accuracy, given that signal is a precondition to accuracy. Focusing on one kind of status/ability judgment—impressions of social class standing—we found that perceivers can discern individuals’ social class standing from faces, bodies, and whole persons. Conditions that included bodies returned higher accuracy, indicating that bodies may contain more signal to individuals’ social class than faces do. Within bodies, shape cued social class more than details of individuals’ clothing. Altogether, these findings highlight the importance of the body for fully understanding processes and outcomes in person perception. © 2024 American Psychological Association","Article","Scopus",1,1,"0",0,1,0,"accuracy",NA,1,1,1,1,"proportion, A' scaled in 0-1","Intra Class Correlation ICC is seen as proportion, A' used for accuracy using signal detection computation but apparently scaled in 0-1 (0.5 is chance level)","JPSP_0023",0,0,1,1,"proportion",NA,1
"JPSP_0026","Hughes E.K.; Emery L.F.; McGorray E.L.; Gardner W.L.; Finkel E.J.","Hughes, Erin K. (57205247694); Emery, Lydia F. (56002007200); McGorray, Emma L. (57216146808); Gardner, Wendi L. (7202841160); Finkel, Eli J. (7005246359)","57205247694; 56002007200; 57216146808; 7202841160; 7005246359","The Delusion of the Disappearing Self? Attachment Avoidance and the Experience of Externally Invisible Self-Loss in Romantic Relationships",2024,"Journal of Personality and Social Psychology",NA,NA,NA,NA,NA,NA,"https://doi.org/10.1037/pspi0000468","https://www.scopus.com/inward/record.uri?eid=2-s2.0-85205394224&doi=10.1037%2fpspi0000468&partnerID=40&md5=7d625847957151df338b77efce729ce0","All of us experience self-change in relationships, but our subjective experiences of change may not always align with external metrics of such change. We hypothesized that people with higher attachment avoidance are more likely to experience self-change as a loss, which in turn predicts lower relationship commitment. We further hypothesized, however, that there would be a disparity in perceptions, such that avoidant people will experience self-loss that external metrics—including their own behaviors and ratings from third-party coders—do not detect. Results from four studies, which employed a variety of cross-sectional (Studies 1 and 4) and longitudinal (Studies 2 and 3) methods, demonstrated that higher attachment avoidance predicted greater experienced loss of self, which in turn predicted lower commitment. Studies 2–4 also revealed evidence for the hypothesized disparity in perceptions: Avoidantly attached individuals’ experience of greater self-loss failed to emerge when using a variety of external metrics of self-loss, producing Avoidance × Loss Type (experienced vs. external metric) interaction effects. These studies suggest that avoidantly attached people, who tend to be vigilant to autonomy threats in relationships, experience relationship-linked changes as losses, even though external metrics fail to detect such loss. © 2024 American Psychological Association","Article","Scopus",1,1,"0",0,1,1,"sum scores",NA,0,0,1,1,"sum scores","Experienced self-loss, Coded self-loss: both are measured with two ordinal items, then averaged","JPSP_0026",0,0,1,1,"sum scores",NA,1
"JPSP_0030","Le P.Q.; Scholer A.A.; Fujita K.","Le, Phuong Q. (58828627900); Scholer, Abigail A. (16070566900); Fujita, Kentaro (12787537400)","58828627900; 16070566900; 12787537400","The Role of Conflict Representation in Abstinence Versus Moderation in Self-Control",2024,"Journal of Personality and Social Psychology",126,"6",NA,947,977,30,"https://doi.org/10.1037/pspa0000381","https://www.scopus.com/inward/record.uri?eid=2-s2.0-85189137027&doi=10.1037%2fpspa0000381&partnerID=40&md5=26df95fd3a2e9a6a4524b10691820832","Self-control—the prioritization of valued global goals over immediate local rewards—is typically conceptualized and studied as isolated decisions. Goal pursuit, however, generally requires people to make repeated self-control decisions across contexts. We adopt a higher order, strategic level of analysis of self-control and explore, for the first time, people’s preferences for abstinence (a pattern of choices in which one never indulges) versus moderation (a pattern of choices in which one indulges when doing so does not harm one’s goals or even helps promote the pursuit of those goals). To understand when and why people may opt for one over the other, the present work explores one psychological feature that may support these strategy preferences: the representation of self-control conflicts as inherent (i.e., choice options are mutually contradictory) versus situational (i.e., choice options compete for limited resources). We present eight studies in the main text and three in the online Supplemental Materials documenting that people associate inherent and situational conflict representations with abstinence and moderation, respectively. By documenting that strategy preferences may differ as a function of conflict representations, this work questions the assumption of abstinence as the primary indicator of self-control success, raises methodological and conceptual questions about how best to assess these strategy preferences, and calls for greater understanding of self-control as a recurrent decision-making process. © 2024 American Psychological Association","Article","Scopus",1,1,"0",0,1,1,"ordinal; sum scores",NA,0,1,1,1,"ordinal","strategy preference and conflict representation are measured with ordinal single items; the article also presents binary response  (abstainer vs moderator categorization), but only main effects seems to be tested here","JPSP_0030",0,1,1,1,"ordinal",NA,1
"JPSP_0031","Martin D.; Hutchison J.; Konopka A.E.; Dallimore C.J.; Slessor G.; Swainson R.","Martin, Douglas (37058848200); Hutchison, Jacqui (56389257100); Konopka, Agnieszka E. (24467756400); Dallimore, Carolyn J. (59003228300); Slessor, Gillian (22235510900); Swainson, Rachel (57204998898)","37058848200; 56389257100; 24467756400; 59003228300; 22235510900; 57204998898","Intergroup Processes and the Happy Face Advantage: How Social Categories Influence Emotion Categorization",2024,"Journal of Personality and Social Psychology",126,"3",NA,390,412,22,"https://doi.org/10.1037/pspa0000386","https://www.scopus.com/inward/record.uri?eid=2-s2.0-85191391972&doi=10.1037%2fpspa0000386&partnerID=40&md5=efdbb7a1020aec5b853a71243e104eaf","There is abundant evidence that emotion categorization is influenced by the social category membership of target faces, with target sex and target race modulating the ease with which perceivers can categorize happy and angry emotional expressions. However, theoretical interpretation of these findings is constrained by gender and race imbalances in both the participant samples and target faces typically used when demonstrating these effects (e.g., most participants have been White women and most Black targets have been men). Across seven experiments, the current research used gender-matched samples (Experiments 1a and 1b), gender- and racial identity-matched samples (Experiments 2a and 2b), and manipulations of social context (Experiments 3a, 3b, and 4) to establish whether emotion categorization is influenced by interactions between the social category membership of perceivers and target faces. Supporting this idea, we found the presence and size of the happy face advantage were influenced by interactions between perceivers and target social categories, with reliable happy face advantages in reaction times for ingroup targets but not necessarily for outgroup targets. White targets and female targets were the only categories associated with a reliable happy face advantage that was independent of perceiver category. The interactions between perceiver and target social category were eliminated when targets were blocked by social category (e.g., a block of all White female targets; Experiments 3a and 3b) and accentuated when targets were associated with additional category information (i.e., ingroup/outgroup nationality; Experiment 4). These findings support the possibility that contextually sensitive intergroup processes influence emotion categorization. © 2024 American Psychological Association","Article","Scopus",1,1,"1",0,1,1,"times; errors",NA,1,0,1,1,"RT, binary","response times are RT (lmer) and Errors (glmer binomial); Errors are treated in an unclear way, says ""log errors were analyzed"" but this is probably incorrect as ""binomail"" glmm is said to be used","JPSP_0031",1,0,1,1,"times; binary",NA,1
"JPSP_0032","Hütter M.; Sweldens S.","Hütter, Mandy (36105993900); Sweldens, Steven (36553194500)","36105993900; 36553194500","How People (Fail to) Control the Influence of Affective Stimuli on Attitudes",2024,"Journal of Personality and Social Psychology",NA,NA,NA,NA,NA,NA,"https://doi.org/10.1037/pspa0000426","https://www.scopus.com/inward/record.uri?eid=2-s2.0-85211041266&doi=10.1037%2fpspa0000426&partnerID=40&md5=85d238c7e31c1a734899fb0b3b1c3935","People’s attitudes toward almost any stimulus (e.g., brands, people, food items) can change in line with the valence of co-occurring stimuli (e.g., images, messages, other people), a phenomenon known as the evaluative conditioning (EC) effect. Recent research has shown that EC effects are not always controlled, which is problematic in many circumstances (e.g., advertising, misinformation). We examined conditions under which uncontrolled EC effects are more likely to reflect retrieval failures or uncontrolled encoding processes. To provide an experimental test of this question, we propose that people can either integrate or add validity information to the stimulus valence. Specifically, we propose that controlled processes can integrate validity information into the stored valence representations mostly when validity information is provided at the time of exposure to the evaluative information. Control attempts taking place later are more likely to add than to integrate the validity information to the stored representation. Moreover, if validity information is merely added to the stimulus valence as compared to integrated, forgetting this information potentially inflates indices of uncontrolled processes. Our findings demonstrate important boundary conditions for the interpretation of measures of uncontrolled encoding processes. Nevertheless, they provide further evidence that uncontrolled encoding processes can contribute to EC effects. We discuss implications for theories of attitude change and for protection from misinformation. © 2024 American Psychological Association","Article","Scopus",1,1,"0",0,1,1,"ordinal; accuracy",NA,1,0,1,1,"slider, model parameters as proportions","evaluative ratings are sliders -100 to 100; other responses are derived as model parameters","JPSP_0032",1,0,1,1,"binary; slider; proportion",NA,1
"JPSP_0033","Roos Y.; Krämer M.D.; Richter D.; Wrzus C.","Roos, Yannick (57211282669); Krämer, Michael D. (57208213476); Richter, David (55555107600); Wrzus, Cornelia (37082400100)","57211282669; 57208213476; 55555107600; 37082400100","Persons in Contexts: The Role of Social Networks and Social Density for the Dynamic Regulation of Face-to-Face Interactions in Daily Life",2024,"Journal of Personality and Social Psychology",127,"4",NA,920,935,15,"https://doi.org/10.1037/pspp0000512","https://www.scopus.com/inward/record.uri?eid=2-s2.0-85197455383&doi=10.1037%2fpspp0000512&partnerID=40&md5=e0f2b50e683cc697a6df5d48d7903ef7","Current psychological theories on daily social interactions emphasize individual differences yet are underspecified regarding contextual factors. We aim to extend this research by examining how two context factors shape social interactions in daily life: how many relationships people maintain and how densely people live together. In Study 1, 307 German participants (Mage = 39.44 years, SDage = 14.14) answered up to 20 experience sampling questionnaires regarding their social interactions over 2 days. In Study 2, 313 German participants (Mage = 48.96 years, SDage = 15.54) summarized their daily interactions in daily diaries for 14 days. Participants reported on their social network size and the social density (i.e., household and neighborhood density) of their living situations. Mobile sensing provided additional measures of social interactions and network size. The results showed that participants living in densely populated households transitioned faster from solitude to social interactions but slower from social interactions to solitude. Participants living in dwellings with more homes also transitioned slower from solitude to social interactions. Contrary to the hypothesis, social network size was inconsistently linked with transitions from solitude to social interactions and vice versa. Furthermore, current social desires predicted subsequent social interactions within days, but not across days—irrespective of individuals’ social network size or social density. Together the results point out that people live their daily life in social contexts, which contribute to how they engage in social interactions. The findings thus call for a greater integration of contextual factors in personality theories of social interactions. © (2024), (American Psychological Association). All rights reserved.","Article","Scopus",1,1,"1",0,0,NA,"binary",NA,1,1,0,NA,"binary","transitions solitude-social interaction; unclear if proportion of conversation in time window (proportion) is also analyzed with interactions","JPSP_0033",1,1,0,NA,"binary; slider",NA,1
"JPSP_0038","Sng O.; Williams K.E.G.; Tsukamoto S.; Neuberg S.L.","Sng, Oliver (55927380500); Williams, Keelah E. G. (57061442700); Tsukamoto, Saori (55983506700); Neuberg, Steven L. (6602581741)","55927380500; 57061442700; 55983506700; 6602581741","Ecology Stereotypes Exist Across Societies and Override Race and Family Structure Stereotypes",2024,"Journal of Personality and Social Psychology",128,"2",NA,243,261,18,"https://doi.org/10.1037/pspa0000421","https://www.scopus.com/inward/record.uri?eid=2-s2.0-85207716267&doi=10.1037%2fpspa0000421&partnerID=40&md5=bbe853853f65105146d0bdaba8101939","Perceivers hold ecology stereotypes—beliefs about how the environments others live in shape their behavior. Drawing upon a life history perspective, we examine the stereotypes people hold about those who live in relatively harsh and unpredictable ecologies. First, across diverse demographic groups and societies (the United States, India, Japan, Romania, the United Kingdom), people believe that individuals who live in harsh and unpredictable environments engage in “faster” behaviors (n = 2,078; ds from.80 to 2.14)—that they are more impulsive, sexually unrestricted, opportunistic, and invest less in education and their own children (Studies 1, 2, and 3). Second, these ecology stereotypes seem to underlie certain Black/White race stereotypes held by White perceivers in the United States (Study 1) and family structure stereotypes (i.e., growing up in a single-mother home) held by perceivers in both Japan and the United States (Studies 4a and 5a). Supporting this, the application of these race and family structure stereotypes is overridden or attenuated when perceivers are presented with direct information about a specific person’s ecology (Studies 1, 4A, and 5B). Third, beliefs that there is high ecological mobility within a society reduce the magnitude of ecology stereotypes (Study 3), as one would expect if ecology stereotypes function to help perceivers better predict others’ behavior. Last, ecology stereotypes do not seem to be just general valence biases or to simply reflect social class stereotypes. In sum, ecology stereotypes may be an influential but relatively unexamined type of stereotype, with broad implications for thinking about other group stereotypes. © 2024 American Psychological Association","Article","Scopus",1,1,"0",0,1,1,"sum scores",NA,0,0,1,1,"sum scores","life history stereotypes","JPSP_0038",0,0,1,1,"sum scores",NA,1
"JPSP_0040","Pan X.; Jiang T.; Yuan W.; Hao C.; Bai Y.; Keltner D.","Pan, Xinyu (57226176299); Jiang, Tonglin (57116963500); Yuan, Wenying (58646978700); Hao, Chenxiao (58647054500); Bai, Yang (57195037996); Keltner, Dacher (57214579516)","57226176299; 57116963500; 58646978700; 58647054500; 57195037996; 57214579516","A Balanced Mind: Awe Fosters Equanimity via Temporal Distancing",2024,"Journal of Personality and Social Psychology",127,"6",NA,1127,1145,18,"https://doi.org/10.1037/pspa0000410","https://www.scopus.com/inward/record.uri?eid=2-s2.0-85213199420&doi=10.1037%2fpspa0000410&partnerID=40&md5=47c7bd0a321fd088bd89b44cf6cd4f6a","Awe has been shown to promote well-being through various mechanisms (see Monroy & Keltner, 2023). In this research, we propose a novel perspective for the well-being benefits of awe: Awe fosters equanimity—a balanced state of mind toward all experiences of any valence—and we document how this works, namely, through temporal distancing. Across seven studies, using a combination of experiments, big data analytics, and intervention methods, we provide support for our hypotheses. In Studies 1–3, induced awe increased equanimity, indexed by a self-report scale (Study 1), a decrease in emotional reactivity (Study 2), and an unbiased behavioral approach to positive and negative experiences (Study 3). In Studies 4–6, awe increased equanimity via temporal distancing. This effect persisted beyond self-diminishment (i.e., feeling small and insignificant) and proved to be cross-culturally robust (Study 4). An analysis of almost 200, 000 posts on social media (Study 5) revealed that the proposed mediation model manifested in ecologically rich contexts. Study 6 provided causal evidence for the mediation model. Finally, in a 5-day awe intervention (Study 7), awe increased psychological and physical well-being, with equanimity accounting for these benefits. Taken together, these findings reveal that awe cultivates a balanced state of mind by shifting one’s temporal perspective on life events. © 2024 American Psychological Association","Article","Scopus",1,1,"0",0,1,1,"sum scores",NA,0,0,1,1,"sum scores","sum scores for equanimity, temporal distancing, and other variables; multinomial alternative choices are also used for music preference options, but no interactions are tested here","JPSP_0040",0,0,1,1,"sum scores",NA,1
"JPSP_0041","Turner A.F.; Thomsen D.K.; Tuval-Mashiach R.; Sevilla-Liu A.; Cowan H.R.; Sumner S.; McAdams D.P.","Turner, Ariana F. (56571975800); Thomsen, Dorthe K. (7006154149); Tuval-Mashiach, Rivka (7801620079); Sevilla-Liu, Anton (57222063035); Cowan, Henry R. (57201008542); Sumner, Stuart (59371165000); McAdams, Dan P. (35606332800)","56571975800; 7006154149; 7801620079; 57222063035; 57201008542; 59371165000; 35606332800","Narrative Identity in Context: How Adults in Japan, Denmark, Israel, and the United States Narrate Difficult Life Events",2024,"Journal of Personality and Social Psychology",127,"6",NA,1263,1287,24,"https://doi.org/10.1037/pspp0000523","https://www.scopus.com/inward/record.uri?eid=2-s2.0-85206691595&doi=10.1037%2fpspp0000523&partnerID=40&md5=dafa5509cc63c8b00a6afc10edee9761","Integrating the selective reconstruction of the past with an imagined future, narrative identity is a person’s internalized and evolving story of the self, functioning to provide life with some degree of meaning and purpose (McAdams & McLean, 2013). While narrative identity has been found to be associated with a range of psychological and social phenomena (e.g., Adler et al., 2015; McAdams & Guo, 2015), cross-national variation in narrative identity has been only minimally examined. For the purposes of the current inquiry, 438 adults from the United States (N = 102), Japan (N = 122), Israel (N = 103), and Denmark (N = 111) wrote narratives on adversity (low point and life challenge) and completed self-report measures on psychological well-being. Part 1 examined the narrative topics discussed, the frequency of narrative indices (redemption, contamination, agency, communion, meaning-making), and their relationship to well-being across the four countries, finding the most cultural difference in levels of redemption and meaning-making and the kinds of events narrated. Part 2 involved a qualitative, thematic analysis of the Japanese, Danish, and Israeli narratives to derive a set of narrative indices characterizing each country. Several emerged in the Japanese narratives (acceptance, attribution of blame, unresolved), the Danish narratives (balanced affect, communal growth, normality), and Israeli narratives (collective responsibility). Taken together, our findings regarding narratives of adversity support the idea that narrative identity cannot be fully captured without an understanding of culture but needs to instead be studied in tandem with the cultural context in which stories reside. © 2024 American Psychological Association","Article","Scopus",1,1,"0",0,1,0,"sum scores",NA,0,0,1,0,"sum scores",NA,"JPSP_0041",0,0,1,0,"sum scores",NA,1
"JPSP_0044","Haehner P.; Kritzler S.; Luhmann M.","Haehner, Peter (57343330100); Kritzler, Sarah (57209730787); Luhmann, Maike (26644097300)","57343330100; 57209730787; 26644097300","Individual Differences in Changes in Subjective Well-Being: The Role of Event Characteristics After Negative Life Events",2024,"Journal of Personality and Social Psychology",127,"3",NA,702,729,27,"https://doi.org/10.1037/pspp0000511","https://www.scopus.com/inward/record.uri?eid=2-s2.0-85202732727&doi=10.1037%2fpspp0000511&partnerID=40&md5=24e0e4e4ea1ec745618885e21cca78f2","Negative life events can lead to lasting changes in subjective well-being (SWB). However, people change differently in their SWB after negative life events, and our understanding of factors explaining these individual differences is still limited—possibly because research so far has neglected to investigate differences in the characteristics of the experienced events (e.g., perceived impact, causes of the event). To address this gap, we examined whether perceived event characteristics and objective-descriptive characteristics of negative life events can explain individual differences in changes in SWB. We used data from a longitudinal study in which the SWB of participants (N = 1,068) who had recently experienced a negative life event was assessed at five measurement occasions over 6 months. Perceived event characteristics and objective-descriptive event characteristics were significantly related to each other. Furthermore, both kinds of event characteristics were associated with individual differences in changes in SWB. Finally, specification curve analyses illustrated that several analytical decisions (e.g., the examined SWB component) influenced the association between an event characteristic and changes in SWB. Results from these specification curve analyses can be accessed via a ShinyApp (https://life-event-research.shinyapps.io/EventCharacteristics/). Our findings provide insights into possible causes of the event perception and show that both perceived event characteristics and objective-descriptive event characteristics can help to better understand individual differences in the reaction to major life events. However, as effects seem to depend on several analytical decisions, future research is needed to identify the important characteristics of life events for different events and outcomes. © 2024 American Psychological Association","Article","Scopus",1,1,"0",0,1,1,"sum scores",NA,0,0,1,1,"sum scores",NA,"JPSP_0044",0,0,1,1,"sum scores",NA,1
"JPSP_0045","Edershile E.A.; Szücs A.; Dombrovski A.Y.; Wright A.G.C.","Edershile, Elizabeth A. (57201393238); Szücs, Anna (57201977396); Dombrovski, Alexandre Y. (8703476000); Wright, Aidan G. C. (57198696716)","57201393238; 57201977396; 8703476000; 57198696716","Dynamics of Narcissistic Grandiosity and Vulnerability in Naturalistic and Experimental Settings",2024,"Journal of Personality and Social Psychology",127,"1",NA,199,216,17,"https://doi.org/10.1037/pspp0000510","https://www.scopus.com/inward/record.uri?eid=2-s2.0-85201438494&doi=10.1037%2fpspp0000510&partnerID=40&md5=626f60a32f3e7a9ca483a28dfea71390","Theoretical accounts of narcissism emphasize the dynamic shifting of self-states in response to social feedback. Status threats are thought to set narcissism’s dynamics in motion. Naturalistic ecological momentary assessment (EMA) studies have characterized dynamics of narcissistic grandiosity and vulnerability in relation to perceptions of the interpersonal environment. Experimental studies have emphasized the behavioral responses of narcissistic individuals to putative threats to status. Naturalistic and experimental studies suffer from opposing limitations, namely, a potential for confounding variables to impact results versus ambiguous generalizability to real-life and longer time scales, respectively. Integrating naturalistic and experimental studies has the potential to provide a comprehensive model of how dynamics within narcissism unfold in response to status threat. The present study examined shifts in grandiosity and vulnerability in both naturalistic EMA and experimentally controlled (rigged tournament game) social interactions (N = 437). Grandiosity decreased and vulnerability increased in response to both naturalistic and experimental status threats. Further, the same people who responded with decreased grandiosity in response to status threat in daily life responded with similar decreases in grandiosity to experimental defeat. Trait narcissistic agency amplified many of the observed links between narcissism and status threat experimentally and naturalistically. Given that warmth (in addition to dominance) emerged as an important predictor of shifts in narcissism, implications for status-threatening environments are discussed. The present study elucidates important differences with respect to expressions of grandiosity and vulnerability across naturalistic and experimental methods. © 2024 American Psychological Association","Article","Scopus",1,1,"0",0,1,1,"ordinal; slider",NA,0,0,1,0,"slider; ordinal","tutte le interazioni sono stimate dentro ad un multilevel SEM","JPSP_0045",0,0,1,1,"slider; ordinal",NA,1
"JPSP_0046","Sepehri A.; Duclos R.; Haghighi N.","Sepehri, Amir (57218513742); Duclos, Rod (55505064200); Haghighi, Nasir (57340388700)","57218513742; 55505064200; 57340388700","Ideas Worth Spreading? When, How, and for Whom Information Load Hurts Online Talks’ Popularity",2024,"Journal of Personality and Social Psychology",128,"2",NA,281,299,18,"https://doi.org/10.1037/pspa0000430","https://www.scopus.com/inward/record.uri?eid=2-s2.0-85213260698&doi=10.1037%2fpspa0000430&partnerID=40&md5=1550dc87817d733f69c4045ff650f04a","What makes cultural products such as edutainment (i.e., online talks) successful versus not? Asked differently, which characteristics make certain addresses more (vs. less) appealing? Across 12 field and lab studies, we explore when, why, and for whom the information load carried in TED talks causes them to gain (vs. lose) popularity. First and foremost, we uncover a negative effect whereby increases in the number of topics broached in a talk (i.e., information load) hurt viewer adoption. The cause? Processing disfluency. As information load soars, content becomes more difficult to process, which in turn reduces interest. Probing process further, we show this effect fades among audience members with greater need for cognition, a personality trait marking a penchant for deep and broad information processing. Similarly, the effect fades among edutainment viewers favoring education goals (i.e., cognitive enrichment) whereas it amplifies among those favoring entertainment (i.e., hedonic pleasure). Our investigation also documents the counterintuitiveness of our findings (i.e., how individuals mispredict which talks they would actually [dis] like). From these results, we derive theoretical insights for processing fluency research and the psychology of cultural products adoption (i.e., we weigh in on when, why, and for whom fluency has favorable vs. unfavorable downstream effects). We also derive prescriptive insights for (a) players of the edutainment industry whose very business hinges on curating appealing content (e.g., TED, Talks@Google, The Moth, Big Think, Spotify) and (b) communicators of all creeds wishing to broaden their reach and appeal (e.g., professors, scientists, politicians, journalists, bloggers, podcasters, content editors, online community managers). © 2024 American Psychological Association","Article","Scopus",1,1,"1",0,1,1,"count; sum scores",NA,0,0,1,1,"log(count); ordinal",NA,"JPSP_0046",0,0,1,1,"log(count); ordinal",NA,1
"JPSP_0047","Argaman Y.; Elishmereni L.; Kron A.","Argaman, Yiftach (57192372595); Elishmereni, Leehee (59336779600); Kron, Assaf (35200985200)","57192372595; 59336779600; 35200985200","Studies on the Functions and Mechanisms of Shame and Pride: A Systematic Examination of the Relationship Between Shame/Pride and Concealment/Exposure Behaviors",2024,"Journal of Personality and Social Psychology",127,"3",NA,469,496,27,"https://doi.org/10.1037/pspa0000399","https://www.scopus.com/inward/record.uri?eid=2-s2.0-85204510488&doi=10.1037%2fpspa0000399&partnerID=40&md5=9e45ad67e6167cb03b3c403e245ad172","A series of four studies systematically investigated the boundary conditions of the shame–concealment/ pride–exposure relationship through an experimental paradigm. Experiment 1 developed an experimental procedure to assess the shame/pride–concealment/exposure relationship. Shame and pride were induced by randomly assigning participants to either low or high fictitious IQ score conditions, followed by an assessment of concealment and exposure behaviors. The results suggested a strong relationship between failure and concealment, as well as between success and exposure behaviors, a finding that was replicated in the subsequent three experiments. Experiment 2 examined the sensitivity of the shame–concealment relationship to changes in social status by manipulating the relevance of those to whom IQ scores would be disclosed. The results suggested weak to moderate evidence for the effect of status relevance on the shame–concealment relationship. Experiment 3 investigated whether concealment was specific to IQ scores or generalized to other types of information. Moderate evidence was found for the generalization of concealment beyond IQ scores. Experiment 4 distinguished between the effects of receiving a low/high score, the disclosure of the score, and the anticipation of its disclosure on shame feelings and concealment behavior. Results suggested moderate support for the effect of receiving the score on the elicitation of shame and concealment, with inconclusive support for the effect of disclosure compared to anticipated disclosure. The relevance of these results to theories of shame and pride, intra- and interpersonal determinants, and a functional perspective on emotions is discussed. © 2024 American Psychological Association","Article","Scopus",1,1,"1",0,1,1,"binary; sum scores",NA,1,1,1,1,"binary; sum scores",NA,"JPSP_0047",1,1,1,1,"binary; sum scores",NA,1
"JPSP_0048","Fearon P.A.; Götz F.M.","Fearon, Patricia Andrews (57192708495); Götz, Friedrich M. (56681836600)","57192708495; 56681836600","The Zero-Sum Mindset",2024,"Journal of Personality and Social Psychology",127,"4",NA,758,795,37,"https://doi.org/10.1037/pspa0000404","https://www.scopus.com/inward/record.uri?eid=2-s2.0-85210461580&doi=10.1037%2fpspa0000404&partnerID=40&md5=a211f219815ca3f239a9f3339bdba263","Seeing a situation as a zero-sum game, where one party’s success must come at the expense of another, stifles cooperation—even when such cooperation could greatly benefit both parties. Consequently, zero-sum beliefs can undermine progress when cooperation is needed for success. In this article, we propose that zero-sum thinking (any specific instance of zero-sum construals or beliefs) can also be understood as a broader mindset—a generalized belief about how the world works. Thus, the zero-sum mindset predisposes one toward zero-sum thinking, and its cognitive and strategic consequences, across situations and domains. In an investigation spanning six countries (Belgium, India, Italy, Pakistan, the United Kingdom, and United States) on three continents, and more than 10, 000 unique participants, we use cross-sectional, longitudinal, and experimental methods to provide foundational evidence for the zero-sum mindset. In Studies 1–5 (Concept), we show that the zero-sum mindset is distinct from existing concepts, stable over time, and predictive of disparate instances of zero-sum thinking and its strategic implications across domains and cultures. In Studies 6–7 (Cognitions), we show that zero-sum configurations of success promote hostile interpretations of others and that the zero-sum mindset predicts this bias even in objectively non-zero-sum situations. In Studies 8–9 (Consequences), we show that the zero-sum mindset predicts lower cooperation even in situations where cooperation is a matter of life or death. These findings call attention to the way lay game theories such as the zero-sum mindset bear critical implications for the cognitions and attitudes that drive social behavior and success. © 2024 American Psychological Association","Article","Scopus",1,1,"0",0,1,1,"ordinal",NA,0,0,1,1,"ordinal",NA,"JPSP_0048",0,0,1,1,"ordinal",NA,1
"JPSP_0049","Wald K.A.; Chaudhry S.J.","Wald, Kristina A. (57211582290); Chaudhry, Shereen J. (57205764437)","57211582290; 57205764437","Ignorance Can Be Trustworthy: The Effect of Social Self-Awareness on Trust",2024,"Journal of Personality and Social Psychology",NA,NA,NA,NA,NA,NA,"https://doi.org/10.1037/pspi0000481","https://www.scopus.com/inward/record.uri?eid=2-s2.0-85211036807&doi=10.1037%2fpspi0000481&partnerID=40&md5=ce036d9454dd9bbff97593c866b3c832","Much research has found self-awareness to be associated with positive qualities, but we explore cases in which self-awareness sends a negative signal to others. Specifically, we propose that when a target person appears to be high in social self-awareness—that is, the person seems to accurately know what others think of them—observers infer that the target’s actions are more intentional because the target is acting while seeming to know what others think of their actions. Because perceived intent is the key input to trust judgments, perceived self-awareness impacts observers’ trust toward the target but does so differently depending on whether the target behaves in ways that positively or negatively impact others. When the target behaves in positive ways, exhibiting high (relative to low) self-awareness should increase trust as the positive behaviors will be interpreted as conveying stronger positive intentions toward others. However, for negative behaviors, exhibiting self-awareness should decrease trust, as it should convey stronger negative intent toward others. Across six studies (N = 4,707) using online experiments, a recall study paradigm, and live interactions in a laboratory setting, we find support for this framework. We also show that when we constrain the extent to which people can infer a target’s intentions toward others from their behaviors—by reducing the target’s control over their own behavior or by reducing the impact of the target’s actions on others—the effect of self-awareness on trust attenuates. Our findings suggest that self-awareness, though often considered a desirable quality, does not universally increase others’ trust. © 2024 American Psychological Association","Article","Scopus",1,1,"0",0,1,1,"ordinal; sum scores",NA,0,0,1,1,"sum scores; ordinal",NA,"JPSP_0049",0,0,1,1,"sum scores; ordinal",NA,1
"JPSP_0051","Song R.; Levine C.S.","Song, Rachel (58499448900); Levine, Cynthia S. (55818100400)","58499448900; 55818100400","Gentrification Creates Social Class Disparities in Belonging",2024,"Journal of Personality and Social Psychology",NA,NA,NA,NA,NA,NA,"https://doi.org/10.1037/pspi0000477","https://www.scopus.com/inward/record.uri?eid=2-s2.0-85206632421&doi=10.1037%2fpspi0000477&partnerID=40&md5=943c563e3afcb468c057188a5d3fdddf","Gentrification impacts nearly every major city in the United States, posing a potential threat to lower social class residents’ sense of belonging in their neighborhoods. In one survey and three preregistered experiments, we investigated how gentrification affects the belonging of residents across the social class spectrum and how to invest in working-class neighborhoods without undermining lower social class residents’ sense of belonging. Studies 1–3 (Ns = 141, 1,085, and 510, respectively) provided correlational and experimental evidence that lower social class residents feel less belonging than higher social class residents in gentrifying neighborhoods. Study 3 showed that this belonging disparity was mediated by lower social class individuals perceiving themselves to be less similar to and less trusting of other residents and higher social class individuals feeling the amenities would better suit them in the gentrifying neighborhood. Nevertheless, neighborhood investment does not always threaten lower social class individuals’ sense of belonging. Study 4 (N = 402) showed that lower social class individuals anticipated greater belonging and were more supportive when neighborhood investment was community driven (i.e., prioritized the needs of existing residents) than capital driven (i.e., prioritized economic growth). We discuss implications for equitable urban policy and future directions for a social psychology of gentrification. © 2024 American Psychological Association","Article","Scopus",1,1,"0",0,1,1,"sum scores",NA,0,0,1,1,"sum scores",NA,"JPSP_0051",0,0,1,1,"sum scores",NA,1
"JPSP_0052","Gordon A.M.; Luciani M.; From A.","Gordon, Amie M. (24544440200); Luciani, Maria (59308410300); From, Annika (58260644200)","24544440200; 59308410300; 58260644200","I Love You but I Hate Your Politics: The Role of Political Dissimilarity in Romantic Relationships",2024,"Journal of Personality and Social Psychology",NA,NA,NA,NA,NA,NA,"https://doi.org/10.1037/pspi0000467","https://www.scopus.com/inward/record.uri?eid=2-s2.0-85202719104&doi=10.1037%2fpspi0000467&partnerID=40&md5=8c3d7c1668ab695396af91d9a9070ebe","Amid heightened political polarization in the United States, have politics worked their way into the bedroom? An increase in political similarity between romantic partners has consequences not just for romantic relationships but for society as a whole; political homophily increases our political echo chambers and affects future generations. We drew upon 11 data sets with over 4,000 individuals (including more than 500 couples) to test four preregistered research questions about the prevalence, correlates, consequences, and potential buffers of political dissimilarity in modern-day relationships. Across measures of similarity (overall perceptions, partisanship matching, shared political ideology), couples in our sample showed high levels of political similarity (e.g., 23% were cross-partisan, with fewer than 8% composed of one Democrat and one Republican). Examining 18 potential correlates of political dissimilarity, we found little evidence that certain factors predispose people to end up in a politically dissimilar relationship. When considering the potential consequences of political dissimilarity, we found a small association between political dissimilarity and relationship quality in general and in daily life. The effect was evident when examining perceived political dissimilarity (over and above perceptions of overall similarity) and, to a lesser extent, dissimilarity in terms of partisanship and political ideology. Prosocial processes such as appreciation and perspective-taking may moderate these effects. Taken together, these findings speak to the need to further consider the ways in which the sociopolitical context is shaping the formation and maintenance of close relationships. © 2024 American Psychological Association","Article","Scopus",1,1,"0",0,1,1,"ordinal; sum scores",NA,0,0,1,1,"sum scores; ordinal",NA,"JPSP_0052",0,0,1,1,"sum scores; ordinal",NA,1
"JPSP_0054","Kakkar H.","Kakkar, Hemant (57189686825)","57189686825","Achieving Social Influence Across Gender and Time: Are Dominance and Prestige Equally Viable for Men and Women?",2024,"Journal of Personality and Social Psychology",127,"3",NA,562,580,18,"https://doi.org/10.1037/pspa0000380","https://www.scopus.com/inward/record.uri?eid=2-s2.0-85189349598&doi=10.1037%2fpspa0000380&partnerID=40&md5=526def3ab101db37ce0feddf6de88575","The dual framework of social rank allocation discusses dominance and prestige as two viable routes to status or social influence. In doing so, this literature has largely neglected findings demonstrating backlash against men and women for behaving in gender-incongruent ways. Likewise, it remains unclear if dominance and prestige continue to be effective means to status over time. This study investigates the viability of dominance or prestige in contributing to an individual’s social influence, conditional on their gender and across time. Using a stereotype-neutral context of an online social network, I unobtrusively tracked individuals’ changes in social influence among their network members on Twitter. By analyzing almost 230,000 tweets, it was found that men’s influence increased with greater dominance, whereas women’s decreased. At the same time, women’s influence increased with greater prestige, whereas men’s decreased. Network centrality (in-degree centrality) explained this differential interaction pattern. Additionally, longitudinal analysis provided a more nuanced understanding. Over time, role incongruence effects dampened, dominance became less effective, even for men, and prestige became viable for both men and women. Thus, by jointly considering the role of gender and time, this research offers key theoretical caveats to the dual rank framework. © 2024 American Psychological Association","Article","Scopus",1,1,"1",1,0,NA,"count",NA,1,0,0,NA,"count",NA,"JPSP_0054",1,0,0,NA,"count",NA,1
"JPSP_0055","Kazarovytska F.; Imhoff R.","Kazarovytska, Fiona (57833178100); Imhoff, Roland (35200726200)","57833178100; 35200726200","Rejecting an Intergroup Apology Attenuates Perceived Differences Between Victim and Perpetrator Groups in Morality and Power",2024,"Journal of Personality and Social Psychology",127,"4",NA,846,879,33,"https://doi.org/10.1037/pspi0000456","https://www.scopus.com/inward/record.uri?eid=2-s2.0-85202755582&doi=10.1037%2fpspi0000456&partnerID=40&md5=4c559efd42117ebf6dcdf6f2359ae97d","Intergroup crimes are a ubiquitous element of our political reality, as are attempts to redress these crimes through apologies. Six experiments (N = 2, 432) demonstrate that the victim group’s response to an offered apology has the power to shape uninvolved third parties’ impressions of the conflicting groups and influence their willingness to support the victim group. Across a variety of intergroup contexts, a victim group’s apology rejection attenuated perceived differences between the victim and perpetrator groups by diminishing the morality but increasing the power of the victim group while simultaneously reducing the power of the perpetrator group in the eyes of third parties (Experiments 1–4). These judgments, particularly the less favorable morality judgments of the victim group, suppressed the allocation of valued goods (Experiment 3a), political support (Experiments 3b–4), and actual donations (Experiment 4) granted to the victim group. Regarding the social costs imposed on the perpetrator group, we found mixed evidence. Taken together, these findings highlight the relevance of victim group responses in navigating posttransgression reactions and offer implications for understanding apologetic interactions from the perspective of uninvolved observers. © (2024), (American Psychological Association). All rights reserved.","Article","Scopus",1,1,"0",0,1,1,"sum scores",NA,0,0,1,1,"sum scores",NA,"JPSP_0055",0,0,1,1,"sum scores",NA,1
"JPSP_0057","Wiedenroth A.; Wessels N.M.; Leising D.","Wiedenroth, Anne (57214091000); Wessels, Nele M. (57031783500); Leising, Daniel (8508280000)","57214091000; 57031783500; 8508280000","Determinants of Consensus in Person Judgments: The Joint Influence of Information Overlap, Information Quantity, Cross-Situational Consistency, and Shared Meaning",2024,"Journal of Personality and Social Psychology",127,"1",NA,176,198,22,"https://doi.org/10.1037/pspp0000494","https://www.scopus.com/inward/record.uri?eid=2-s2.0-85189140068&doi=10.1037%2fpspp0000494&partnerID=40&md5=81593816c198522e22d871d949a175aa","This study investigated the effects and interplay of several core determinants of consensus in person perception: information overlap, information quantity, cross-situational consistency, and shared meaning. Targets (N = 200) were filmed in different standardized situations. Perceivers either watched the same target in different situations (N = 1,395 perceivers) or different targets in the same situation (N = 3,963 perceivers) and then rated the targets’ personalities after each video. Overlap of the observed situations was systematically varied across perceivers. Consensus was higher when perceivers (a) observed a target in more overlapping situations, (b) observed a target in more situations overall, judged characteristics (c) for which between-target differences were more consistent across situations, or (d) for which perceivers had more similar meaning systems. The effect of overlap was more important with low consistency or information quantity, but moderate in size overall. In light of prior research failing to adequately operationalize overlap and consider its interplay with other factors, this study presents the strongest evidence to date on these issues. © 2024 American Psychological Association","Article","Scopus",1,1,"0",0,1,1,"correlation",NA,0,0,1,1,"cor",NA,"JPSP_0057",0,0,1,1,"cor",NA,1
"JPSP_0058","Fehr B.","Fehr, Beverley (35584181800)","35584181800","Compassionate Love and Beneficence in the Family",2024,"Journal of Personality and Social Psychology",128,"2",NA,314,334,20,"https://doi.org/10.1037/pspi0000479","https://www.scopus.com/inward/record.uri?eid=2-s2.0-85211045628&doi=10.1037%2fpspi0000479&partnerID=40&md5=ea3c4f8f87f49883c8a11e6d15c668ec","Compassionate love, generally defined as giving oneself for the good of another, has been receiving increased attention, especially in the context of romantic relationships. The purpose of the present research was to examine compassionate love “where it begins,” namely, in the family. Seven studies were conducted to test the hypothesis that compassionate love would be correlated with various kinds of beneficence in familial relationships, including parent–child (Studies 1 and 2) and adult child–parent relationships (Studies 3–7). Levels of compassionate love and beneficence varied somewhat, depending on the gender of the parent and the child (e.g., adult children reported more compassionate love for their mother than their father). Across relationships, there was strong support for the main prediction that compassionate love would be associated with beneficence, such as willingness to sacrifice, responsive caregiving, and the provision of support. However, it was not the case that compassionate love was negatively associated with variables that were expected to be antithetical to beneficence (e.g., caregiving motivated by obligation). It was concluded that it is important to promote compassionate love where it begins—in the home—given its strong associations with other-oriented, prosocial motivations and behaviors. © 2024 American Psychological Association","Article","Scopus",1,1,"0",0,1,1,"sum scores",NA,0,0,1,1,"sum scores",NA,"JPSP_0058",0,0,1,1,"sum scores",NA,1
"JPSP_0059","Laurin K.; Engstrom H.R.; Alic A.; Tracy J.L.","Laurin, Kristin (24468418000); Engstrom, Holly R. (57203649624); Alic, Adam (57205096872); Tracy, Jessica L. (7101966079)","24468418000; 57203649624; 57205096872; 7101966079","Is Being Elite the Same as Living an Easy Life? Two Distinct Ways of Experiencing Subjective Socioeconomic Status",2024,"Journal of Personality and Social Psychology",127,"4",NA,822,845,23,"https://doi.org/10.1037/pspi0000453","https://www.scopus.com/inward/record.uri?eid=2-s2.0-85194041694&doi=10.1037%2fpspi0000453&partnerID=40&md5=bb13e39f8ceac583def9a2963d9e3612","Socioeconomic status (SES) predicts a large number of thoughts, feelings, and behaviors; here, we build on these findings to try to paint a comprehensive picture of what people who occupy different SES ranks are like. Existing findings attribute a mixed set of psychological patterns to people who consider themselves near the top of the socioeconomic hierarchy; these individuals are variously portrayed as selfish yet generous, entitled yet happy, and narcissistic yet tolerant. Building on previous efforts to characterize distinct dimensions of SES, we wondered whether there might be distinct but overlapping ways of experiencing one’s status in the socioeconomic hierarchy, each linked to a different psychological profile, and each potentially corresponding to a different theoretical approach to the study of SES. We employed a bottom-up, participant-driven approach (total N = 3, 338) to identify the thoughts, feelings, and behaviors that factor into people’s subjective SES. Exploratory and confirmatory factor analyses showed that these experiences are best represented by two distinct dimensions—a sense that one belongs to a historical cultural elite (corresponding to SES as early life cultural context) and a sense that one’s life is easy (corresponding, though less conclusively, to SES as current rank). We developed scales to measure each dimension and, using these scales, found that the two dimensions help categorize the known correlates of SES into two separate but internally coherent sets of psychological patterns—one magnanimous and one self-focused. © (2024), (American Psychological Association). All rights reserved.","Article","Scopus",1,1,"0",0,1,1,"sum scores",NA,0,0,1,1,"sum scores",NA,"JPSP_0059",0,0,1,1,"sum scores",NA,1
"JPSP_0060","Eastwick P.W.; Sparks J.; Finkel E.J.; Meza E.M.; Adamkovič M.; Adu P.; Ai T.; Akintola A.A.; Al-Shawaf L.; Apriliawati D.; Arriaga P.; Aubert-Teillaud B.; Baník G.; Barzykowski K.; Batres C.; Baucom K.J.; Beaulieu E.Z.; Behnke M.; Butcher N.; Charles D.Y.; Chen J.M.; Cheon J.E.; Chittham P.; Chwiłkowska P.; Cong C.W.; Copping L.T.; Corral-Frias N.S.; Adorić V.Ć.; Dizon M.; Du H.; Ehinmowo M.I.; Escribano D.A.; Espinosa N.M.; Expósito F.; Feldman G.; Freitag R.; Armenta M.F.; Gallyamova A.; Gillath O.; Gjoneska B.; Gkinopoulos T.; Grafe F.; Grigoryev D.; Groyecka-Bernard A.; Gunaydin G.; Ilustrisimo R.; Impett E.; Kačmár P.; Kim Y.-H.; Kocur M.; Kowal M.; Krishna M.; Labor P.D.; Lu J.G.; Lucas M.Y.; Małecki W.P.; Malinakova K.; Meißner S.; Meier Z.; Misiak M.; Muise A.; Novak L.; Jiaqing O.; Özdoğru A.A.; Park H.G.; Paruzel M.; Pavlović Z.; Püski M.; Ribeiro G.; Roberts S.C.; Röer J.P.; Ropovik I.; Ross R.M.; Sakman E.; Salvador C.E.; Selcuk E.; Skakoon-Sparling S.; Sorokowska A.; Sorokowski P.; Spasovski O.; Stanton S.C.E.; Stewart S.L.K.; Swami V.; Szaszi B.; Takashima K.; Tavel P.; Tejada J.; Tu E.; Tuominen J.; Vaidis D.; Vally Z.; Vaughn L.A.; Villanueva-Moya L.; Wisnuwardhani D.; Yamada Y.; Yonemitsu F.; Žídková R.; Živná K.; Coles N.A.","Eastwick, Paul W. (15131266800); Sparks, Jehan (57193952681); Finkel, Eli J. (7005246359); Meza, Eva M. (59397380500); Adamkovič, Matúš (57196025569); Adu, Peter (57224973204); Ai, Ting (57219625487); Akintola, Aderonke A. (57815239300); Al-Shawaf, Laith (53879425100); Apriliawati, Denisa (57487634100); Arriaga, Patrícia (12793958200); Aubert-Teillaud, Benjamin (58538669600); Baník, Gabriel (56073010700); Barzykowski, Krystian (54973721600); Batres, Carlota (56260867000); Baucom, Katherine J. (55392847400); Beaulieu, Elizabeth Z. (59431946000); Behnke, Maciej (57194182659); Butcher, Natalie (53876928400); Charles, Deborah Y. (58750349500); Chen, Jane Minyan (59397380600); Cheon, Jeong Eun (57226458065); Chittham, Phakkanun (57222745825); Chwiłkowska, Patrycja (57220547898); Cong, Chin Wen (58096902900); Copping, Lee T. (37761247500); Corral-Frias, Nadia S. (55886058100); Adorić, Vera Ćubela (8372540600); Dizon, Mikaela (59396601100); Du, Hongfei (55146464500); Ehinmowo, Michael I. (58176986500); Escribano, Daniela A. (59397120500); Espinosa, Natalia M. (59396601200); Expósito, Francisca (6701925356); Feldman, Gilad (56357914500); Freitag, Raquel (58242257900); Armenta, Martha Frias (25630131900); Gallyamova, Albina (58182813400); Gillath, Omri (6507500695); Gjoneska, Biljana (57211203812); Gkinopoulos, Theofilos (55866447200); Grafe, Franca (59397243500); Grigoryev, Dmitry (57191706675); Groyecka-Bernard, Agata (57191959549); Gunaydin, Gul (56994332900); Ilustrisimo, Ruby (57074793200); Impett, Emily (9241434700); Kačmár, Pavol (57195324535); Kim, Young-Hoon (56472982200); Kocur, Mirosław (55812765900); Kowal, Marta (57208683642); Krishna, Maatangi (59397120600); Labor, Paul Danielle (58564202700); Lu, Jackson G. (57192701797); Lucas, Marc Y. (57211506059); Małecki, Wojciech P. (26036469200); Malinakova, Klara (57191756494); Meißner, Sofia (59397380700); Meier, Zdeněk (57213672539); Misiak, Michal (57193389079); Muise, Amy (14421473100); Novak, Lukas (57222007134); Jiaqing, O. (57210726022); Özdoğru, Asil A. (29068063500); Park, Haeyoung Gideon (57412007900); Paruzel, Mariola (59397380800); Pavlović, Zoran (23397554100); Püski, Marcell (59397380900); Ribeiro, Gianni (57188698983); Roberts, S. Craig (9039889400); Röer, Jan P. (53980370700); Ropovik, Ivan (56095404500); Ross, Robert M. (23567212800); Sakman, Ezgi (56925317000); Salvador, Cristina E. (57195987797); Selcuk, Emre (29567481100); Skakoon-Sparling, Shayna (37462239000); Sorokowska, Agnieszka (36669369300); Sorokowski, Piotr (23098130400); Spasovski, Ognen (36987292000); Stanton, Sarah C. E. (54783507100); Stewart, Suzanne L. K. (23969763900); Swami, Viren (10639213000); Szaszi, Barnabas (56674692500); Takashima, Kaito (57219518734); Tavel, Peter (24336842900); Tejada, Julian (58098065100); Tu, Eric (57261791800); Tuominen, Jarno (57194435802); Vaidis, David (25627019800); Vally, Zahir (36931873600); Vaughn, Leigh Ann (7005394120); Villanueva-Moya, Laura (57219924088); Wisnuwardhani, Dian (57910092500); Yamada, Yuki (55375527500); Yonemitsu, Fumiya (59652977700); Žídková, Radka (57216197997); Živná, Kristýna (59396861900); Coles, Nicholas A. (57207776326)","15131266800; 57193952681; 7005246359; 59397380500; 57196025569; 57224973204; 57219625487; 57815239300; 53879425100; 57487634100; 12793958200; 58538669600; 56073010700; 54973721600; 56260867000; 55392847400; 59431946000; 57194182659; 53876928400; 58750349500; 59397380600; 57226458065; 57222745825; 57220547898; 58096902900; 37761247500; 55886058100; 8372540600; 59396601100; 55146464500; 58176986500; 59397120500; 59396601200; 6701925356; 56357914500; 58242257900; 25630131900; 58182813400; 6507500695; 57211203812; 55866447200; 59397243500; 57191706675; 57191959549; 56994332900; 57074793200; 9241434700; 57195324535; 56472982200; 55812765900; 57208683642; 59397120600; 58564202700; 57192701797; 57211506059; 26036469200; 57191756494; 59397380700; 57213672539; 57193389079; 14421473100; 57222007134; 57210726022; 29068063500; 57412007900; 59397380800; 23397554100; 59397380900; 57188698983; 9039889400; 53980370700; 56095404500; 23567212800; 56925317000; 57195987797; 29567481100; 37462239000; 36669369300; 23098130400; 36987292000; 54783507100; 23969763900; 10639213000; 56674692500; 57219518734; 24336842900; 58098065100; 57261791800; 57194435802; 25627019800; 36931873600; 7005394120; 57219924088; 57910092500; 55375527500; 59652977700; 57216197997; 59396861900; 57207776326","A Worldwide Test of the Predictive Validity of Ideal Partner Preference Matching",2024,"Journal of Personality and Social Psychology",NA,NA,NA,NA,NA,NA,"https://doi.org/10.1037/pspp0000524","https://www.scopus.com/inward/record.uri?eid=2-s2.0-85208261406&doi=10.1037%2fpspp0000524&partnerID=40&md5=acc575d872be7255db465099bd6640c6","Ideal partner preferences (i.e., ratings of the desirability of attributes like attractiveness or intelligence) are the source of numerous foundational findings in the interdisciplinary literature on human mating. Recently, research on the predictive validity of ideal partner preference matching (i.e., Do people positively evaluate partners who match vs. mismatch their ideals?) has become mired in several problems. First, articles exhibit discrepant analytic and reporting practices. Second, different findings emerge across laboratories worldwide, perhaps because they sample different relationship contexts and/or populations. This registered report—partnered with the Psychological Science Accelerator—uses a highly powered design (N = 10,358) across 43 countries and 22 languages to estimate preference-matching effect sizes. The most rigorous tests revealed significant preference-matching effects in the whole sample and for partnered and single participants separately. The “corrected pattern metric” that collapses across 35 traits revealed a zero-order effect of β =.19 and an effect of β =.11 when included alongside a normative preference-matching metric. Specific traits in the “level metric” (interaction) tests revealed very small (average β =.04) effects. Effect sizes were similar for partnered participants who reported ideals before entering a relationship, and there was no consistent evidence that individual differences moderated any effects. Comparisons between stated and revealed preferences shed light on gender differences and similarities: For attractiveness, men’s and (especially) women’s stated preferences underestimated revealed preferences (i.e., they thought attractiveness was less important than it actually was). For earning potential, men’s stated preferences underestimated—and women’s stated preferences overestimated—revealed preferences. Implications for the literature on human mating are discussed. © 2024 American Psychological Association","Article","Scopus",1,1,"0",0,1,1,"sum scores; ordinal",NA,0,0,1,1,"ordinal; sum scores",NA,"JPSP_0060",0,0,1,1,"ordinal; sum scores",NA,1
"JPSP_0061","Rifkin J.R.; Chan C.; Kahn B.E.","Rifkin, Jacqueline R. (57212340615); Chan, Cindy (55372839500); Kahn, Barbara E. (7102171412)","57212340615; 55372839500; 7102171412","Anxiety About the Social Consequences of Missed Group Experiences Intensifies Fear of Missing Out (FOMO)",2024,"Journal of Personality and Social Psychology",128,"2",NA,300,313,13,"https://doi.org/10.1037/pspa0000418","https://www.scopus.com/inward/record.uri?eid=2-s2.0-85207703528&doi=10.1037%2fpspa0000418&partnerID=40&md5=8778a71c44adc7fbe179089017608066","Although fear of missing out (FOMO) has become a widely experienced phenomenon, the specific social situations and cognitions driving the FOMO experience have not yet been closely studied. Across seven experiments (N = 5,441), we find that FOMO occurs when people miss events involving valued social groups and is driven by the perception of missed bonding and concerns about how this may negatively affect their future relationships. People feel greater FOMO when they miss events involving valued others (vs. strangers or irrelevant social groups) and when events foster social bonding (vs. individual activity)—even when the events themselves may be unenjoyable. FOMO is further intensified when concerns about one’s future social-group belonging are elevated, either stemming from situational triggers (e.g., social media photos) or one’s chronic anxious attachment to their social group. Notably, these concerns are exaggerated when considering the social costs of missing an event for oneself (vs. a friend). Given the social underpinnings of FOMO, reaffirming one’s social belonging by reflecting on past social connection provides temporary relief. By revealing a novel, situational antecedent of FOMO and the underlying cognitions, this research demonstrates that current well-being is informed not only by current and past feelings of belonging but also by hypothetical projections about one’s future social belonging. Taken together, our findings highlight the importance of social bonding in experiential consumption, identify new determinants of FOMO, and lay the groundwork for simple interventions to mitigate FOMO and its maladaptive consequences. © 2024 The Author(s)","Article","Scopus",1,1,"0",0,1,1,"sum scores; ordinal",NA,0,0,1,1,"ordinal; sum scores",NA,"JPSP_0061",0,0,1,1,"ordinal; sum scores",NA,1
"JPSP_0064","White C.J.M.; Johnson K.A.; Mirbozorgi B.; Martelli G.F.","White, Cindel J. M. (57193573339); Johnson, Kathryn A. (55476475600); Mirbozorgi, Behnam (58523650600); Martelli, Graziela Farias (59362063400)","57193573339; 55476475600; 58523650600; 59362063400","Varieties of Gratitude: Identifying Patterns of Emotional Responses to Positive Experiences Attributed to God, Karma, and Human Benefactors",2024,"Journal of Personality and Social Psychology",127,"3",NA,497,517,20,"https://doi.org/10.1037/pspa0000398","https://www.scopus.com/inward/record.uri?eid=2-s2.0-85197219158&doi=10.1037%2fpspa0000398&partnerID=40&md5=d00b2893c585dbc1c9472162746658c1","Good fortune can be attributed to many sources, including other people, personal efforts, and various theistic and nontheistic supernatural forces (e.g., God, karma). Four studies (total N = 4,579) of religiously diverse samples from the United States and the United Kingdom investigated the distinct emotional reactions to recalled positive experiences attributed to natural and supernatural benefactors. We found that the hallmarks of interpersonal gratitude (e.g., thankfulness, admiration, indebtedness) were reported when believers attributed their good fortune to a personal, benevolent God. However, a distinct emotional profile arose when participants attributed good fortune to the process of karmic payback, which was associated with relatively less gratitude but with higher scores for feelings of pride and deservingness. These results were partially explained by participants’ attributions of positive experiences to an external agent (e.g., God) versus a universal law or internal factors as in the case of karma. We conclude that diverse spiritual beliefs influence causal attributions for good fortune, which, in turn, predict distinct emotional responses. © 2024 American Psychological Association","Article","Scopus",1,1,"0",0,1,1,"sum scores",NA,0,0,1,1,"sum scores; ordinal",NA,"JPSP_0064",0,0,1,1,"sum scores",NA,1
"JPSP_0065","Trzewik M.; Goshen-Gottstein Y.; Yovel G.; Liberman N.","Trzewik, Maayan (57208551582); Goshen-Gottstein, Yonatan (8852465500); Yovel, Galit (6603174934); Liberman, Nira (7003316730)","57208551582; 8852465500; 6603174934; 7003316730","Group Information Enhances Recognition of Both Learned and Unlearned Face Appearances",2024,"Journal of Personality and Social Psychology",128,"2",NA,262,280,18,"https://doi.org/10.1037/pspa0000420","https://www.scopus.com/inward/record.uri?eid=2-s2.0-85210772633&doi=10.1037%2fpspa0000420&partnerID=40&md5=bee75f163bb81477dca7000a33e26f73","Are people better at recognizing individuals of more relevant groups, such as ingroup compared to outgroup members or high-status compared to low-status individuals? Previous studies that associated faces with group information found a robust effect of group on face recognition but only tested it using the same images presented during the learning phase. They therefore cannot tell whether group information enhances encoding of the specific image presented during learning or encoding of the person who appears in it, which should generalize to other images of that person. In addition, the measures used in these studies do not sufficiently distinguish between sensitivity and response bias. In this article, we addressed these limitations and examined in three experiments the effect of group membership (Experiments 1 and 2) and social status (Experiment 3) on face recognition. In all experiments, we assessed recognition of both learned and unlearned views of the learned faces. Our results show improved recognition of ingroup members compared to outgroup members and of individuals of high-status groups compared to low-status groups for both learned and unlearned views. These effects emerged also when we used measures of memory accuracy that adequately control for response bias. These findings highlight the importance of group and status information in person recognition. © 2024 American Psychological Association","Article","Scopus",1,1,"0",0,1,0,"percentage; differences",NA,0,0,1,0,"proportions; difference scores",NA,"JPSP_0065",0,0,1,0,"proportions; difference scores",NA,1
"JPSP_0066","Hildebrand L.K.; Monteith M.J.; Arriaga X.B.","Hildebrand, Laura K. (57208347248); Monteith, Margo J. (7004508963); Arriaga, Ximena B. (6603550976)","57208347248; 7004508963; 6603550976","The Role of Trust in Reducing Confrontation-Related Social Costs",2024,"Journal of Personality and Social Psychology",126,"2",NA,240,261,21,"https://doi.org/10.1037/pspi0000429","https://www.scopus.com/inward/record.uri?eid=2-s2.0-85186866981&doi=10.1037%2fpspi0000429&partnerID=40&md5=2f8ccff4c734bddd3390fb243cc98d70","Confronting, or calling out people for prejudiced remarks, reduces subsequent expressions of prejudice. However, people who confront others incur social costs: Confronters are disliked, derogated, and avoided relative to others who have not confronted. These social costs hurt the confronter and reduce the likelihood of future confrontation. The present studies (N = 1,019) integrate the close relationships and prejudice reduction literatures to examine whether people who are confronted assign fewer social costs when they trust the confronter. Study 1 provided correlational evidence that people who were confronted for making a sexist remark experienced less irritation and annoyance (i.e., negative other-directed affect) if they trusted the confronter, which, in turn, reduced social costs. Manipulation of trust in Study 2 with non-Black participants provided causal evidence that trust buffers against social costs. Being confronted predictably led to more negative other-directed affect and social costs, relative to not-confronted participants; however, these effects were mitigated among participants who underwent a trust-building exercise with the confronter. Study 3 used an ecologically valid context in which non-Black participants who made a stereotypic remark were confronted by an actual friend or stranger. They assigned fewer social costs when confronted by their friend (vs. stranger), and this effect was serially mediated by trust and negative other-directed affect. Importantly, confrontation reduced subsequent stereotyping in all studies. Practically, these studies reveal that when confronters establish trust, they experience fewer social costs. Theoretically, these studies provide a new direction for confrontation research that accounts for interpersonal dynamics. © 2023 American Psychological Association","Article","Scopus",1,1,"0",0,1,1,"sum scores; count/binary",NA,0,0,1,1,"sum scores; binary",NA,"JPSP_0066",0,0,1,1,"sum scores; binary",NA,1
"JPSP_0070","Enisman M.; Levy A.; Kleiman T.","Enisman, Maya (57201986191); Levy, Ariel (58535300800); Kleiman, Tali (6506952012)","57201986191; 58535300800; 6506952012","Hand movement trajectories illustrate the mechanism underlying Kurt Lewin’s distinction between approach–approach and avoidance–avoidance motivational conflicts.",2024,"Journal of Personality and Social Psychology",127,"2",NA,239,258,19,"https://doi.org/10.1037/pspa0000392","https://www.scopus.com/inward/record.uri?eid=2-s2.0-85195600406&doi=10.1037%2fpspa0000392&partnerID=40&md5=20f7f3f786772a4b699f3d6969115314","Classic motivational conflicts theory (Lewin, 1931) distinguishes between approach–approach, and avoidance–avoidance conflicts. Previous research has focused solely on testing the theory’s prediction that avoidance–avoidance conflicts are more difficult to resolve than approach–approach ones, using outcome measures (decision time and self-reports). The theory, however, specifies a force-fields mechanism to account for this difference in conflict resolution difficulty, whereby avoidance–avoidance conflicts (compared to approach–approach ones) elicit more (a) oscillations and (b) return to the middle point between options. However, this force-fields mechanism has never been empirically tested, arguably due to a lack of the tools to do so. In five studies (N = 534 U.K. residents), we use mouse-tracking measures to provide insight into the force-fields mechanism. We show that the force-fields’ mechanistic properties—oscillations and returns to the middle point—distinguish the two types of conflict and uniquely account for conflict resolution difficulty beyond standard conflict-strength measures. Moreover, we test a novel, theory-driven prediction and robustly show a differential pattern of increased oscillations as a function of the decision-maker’s proximity to the decision options. Finally, we test a boundary condition moderating the influence of conflict type on both the force-fields’ mechanistic properties and conflict resolution difficulty. (PsycInfo Database Record (c) 2024 APA, all rights reserved) © 2024 American Psychological Association","Article","Scopus",1,1,"1",0,1,1,"times; count",NA,1,0,1,1,"times; count",NA,"JPSP_0070",1,0,1,1,"times; count",NA,1
"PM_0002","Wu Y.-K.; Su Y.-A.; Li L.; Zhu L.-L.; Li K.; Li J.-T.; Mitchell P.B.; Yan C.-G.; Si T.-M.","Wu, Yan-Kun (57216626287); Su, Yun-Ai (16550524100); Li, Le (57207762806); Zhu, Lin-Lin (58128259500); Li, Ke (56970040100); Li, Ji-Tao (36056860500); Mitchell, Philip B. (57210974525); Yan, Chao-Gan (26638595400); Si, Tian-Mei (57213371674)","57216626287; 16550524100; 57207762806; 58128259500; 56970040100; 36056860500; 57210974525; 26638595400; 57213371674","Brain functional changes across mood states in bipolar disorder: From a large-scale network perspective",2024,"Psychological Medicine",54,"4",NA,763,774,11,"https://doi.org/10.1017/S0033291723002453","https://www.scopus.com/inward/record.uri?eid=2-s2.0-85179964450&doi=10.1017%2fS0033291723002453&partnerID=40&md5=d01a8a1771761e362b7741a30924d755","Background Exploring the neural basis related to different mood states is a critical issue for understanding the pathophysiology underlying mood switching in bipolar disorder (BD), but research has been scarce and inconsistent. Methods Resting-state functional magnetic resonance imaging data were acquired from 162 patients with BD: 33 (hypo)manic, 64 euthymic, and 65 depressive, and 80 healthy controls (HCs). The differences of large-scale brain network functional connectivity (FC) between the four groups were compared and correlated with clinical characteristics. To validate the generalizability of our findings, we recruited a small longitudinal independent sample of BD patients (n = 11). In addition, we examined topological nodal properties across four groups as exploratory analysis. Results A specific strengthened pattern of network FC, predominantly involving the default mode network (DMN), was observed in (hypo)manic patients when compared with HCs and bipolar patients in other mood states. Longitudinal observation revealed an increase in several network FCs in patients during (hypo)manic episode. Both samples evidenced an increase in the FC between the DMN and ventral attention network, and between the DMN and limbic network (LN) related to (hypo)mania. The altered network connections were correlated with mania severity and positive affect. Bipolar depressive patients exhibited decreased FC within the LN compared with HCs. The exploratory analysis also revealed an increase in degree in (hypo)manic patients. Conclusions Our findings identify a distributed pattern of large-scale network disturbances in the unique context of (hypo)mania and thus provide new evidence for our understanding of the neural mechanism of BD.  © Peking University Sixth Hospital, Peking University Institute of Mental Health and the Author(s), 2023. Published by Cambridge University Press.","Article","Scopus",1,1,"0",0,0,NA,"zcor",NA,0,0,0,NA,"zcor",NA,"PM_0002",0,0,0,NA,"zcor",NA,1
"PM_0010","Fricke S.; Seinsche R.J.; Neudert M.K.; Schäfer A.; Zehtner R.I.; Stark R.; Hermann A.","Fricke, Susanne (59023039000); Seinsche, Rosa J. (57222617635); Neudert, Marie K. (57198441665); Schäfer, Axel (7202243699); Zehtner, Raphaela I. (57222618010); Stark, Rudolf (57200162171); Hermann, Andrea (36726674000)","59023039000; 57222617635; 57198441665; 7202243699; 57222618010; 57200162171; 36726674000","Neural correlates of context-dependent extinction recall in social anxiety disorder: Relevance of intrusions in response to aversive social experiences",2024,"Psychological Medicine",54,"3",NA,548,557,9,"https://doi.org/10.1017/S0033291723002179","https://www.scopus.com/inward/record.uri?eid=2-s2.0-85167917323&doi=10.1017%2fS0033291723002179&partnerID=40&md5=361de027302d1b0270a3d4341e87bf08","Background There are phenomenological similarities between social anxiety disorder (SAD) and posttraumatic stress disorder, such as a provoking aversive event, posttraumatic stress symptoms (e.g. intrusions) in response to these events and deficient (context-dependent) fear conditioning processes. This study investigated the neural correlates of context-dependent extinction recall and fear renewal in SAD, specifically in patients with intrusions in response to an etiologically relevant aversive social event. Methods During functional magnetic resonance imaging a two-day context-dependent fear conditioning paradigm was conducted in 54 patients with SAD and 54 healthy controls (HC). This included fear acquisition (context A) and extinction learning (context B) on one day, and extinction recall (context B) as well as fear renewal (contexts C and A) one day later. The main outcome measures were blood oxygen level-dependent responses in regions of interest and skin conductance responses. Results Patients with SAD showed reduced differential conditioned amygdala activation during extinction recall in the safe extinction context and during fear renewal in the acquisition context compared to HC. Patients with clinically relevant intrusions moreover exhibited hypoactivation of the ventromedial prefrontal cortex (vmPFC) during extinction learning, extinction recall, and fear renewal in a novel context, while amygdala activation more strongly decreased during extinction learning and increased during fear renewal in the acquisition context compared with patients without intrusions. Conclusions Our study provides first evidence that intrusions in SAD are associated with similar deficits in context-dependent regulation of conditioned fear via the vmPFC as previously demonstrated in posttraumatic stress disorder.  Copyright © The Author(s), 2023. Published by Cambridge University Press.","Article","Scopus",1,1,"0",0,0,NA,"logAmplitude",NA,0,0,0,NA,"logAmplitude",NA,"PM_0010",0,0,0,NA,"logAmplitude",NA,1
"PM_0011","Long Y.; Li X.; Cao H.; Zhang M.; Lu B.; Huang Y.; Liu M.; Xu M.; Liu Z.; Yan C.; Sui J.; Ouyang X.; Zhou X.","Long, Yicheng (57203745927); Li, Xuemei (57202295563); Cao, Hengyi (55887649900); Zhang, Manqi (57215688997); Lu, Bing (59270456800); Huang, Yang (57222384786); Liu, Mengqi (57216350805); Xu, Ming (57225897317); Liu, Zhening (55830586600); Yan, Chaogan (26638595400); Sui, Jing (56579803600); Ouyang, Xuan (24178431000); Zhou, Xinyu (55938025400)","57203745927; 57202295563; 55887649900; 57215688997; 59270456800; 57222384786; 57216350805; 57225897317; 55830586600; 26638595400; 56579803600; 24178431000; 55938025400","Common and distinct functional brain network abnormalities in adolescent, early-middle adult, and late adult major depressive disorders",2024,"Psychological Medicine",54,"3",NA,582,591,9,"https://doi.org/10.1017/S0033291723002234","https://www.scopus.com/inward/record.uri?eid=2-s2.0-85167877086&doi=10.1017%2fS0033291723002234&partnerID=40&md5=380183e001bac3f96aac26a0caef6450","Background The age-related heterogeneity in major depressive disorder (MDD) has received significant attention. However, the neural mechanisms underlying such heterogeneity still need further investigation. This study aimed to explore the common and distinct functional brain abnormalities across different age groups of MDD patients from a large-sample, multicenter analysis. Methods The analyzed sample consisted of a total of 1238 individuals including 617 MDD patients (108 adolescents, 12-17 years old; 411 early-middle adults, 18-54 years old; and 98 late adults, > = 55 years old) and 621 demographically matched healthy controls (60 adolescents, 449 early-middle adults, and 112 late adults). MDD-related abnormalities in brain functional connectivity (FC) patterns were investigated in each age group separately and using the whole pooled sample, respectively. Results We found shared FC reductions among the sensorimotor, visual, and auditory networks across all three age groups of MDD patients. Furthermore, adolescent patients uniquely exhibited increased sensorimotor-subcortical FC; early-middle adult patients uniquely exhibited decreased visual-subcortical FC; and late adult patients uniquely exhibited wide FC reductions within the subcortical, default-mode, cingulo-opercular, and attention networks. Analysis of covariance models using the whole pooled sample further revealed: (1) significant main effects of age group on FCs within most brain networks, suggesting that they are decreased with aging; and (2) a significant age group × MDD diagnosis interaction on FC within the default-mode network, which may be reflective of an accelerated aging-related decline in default-mode FCs. Conclusions To summarize, these findings may deepen our understanding of the age-related biological and clinical heterogeneity in MDD.  Copyright © The Author(s), 2023. Published by Cambridge University Press.","Article","Scopus",1,1,"0",0,0,NA,"zcor",NA,0,0,0,NA,"zcor",NA,"PM_0011",0,0,0,NA,"zcor",NA,1
"PM_0013","Picariello F.; Hulme K.; Seaton N.; Hudson J.L.; Norton S.; Wroe A.; Moss-Morris R.","Picariello, Federica (56281789200); Hulme, Katrin (57193826668); Seaton, Natasha (57324070700); Hudson, Joanna L (56374220100); Norton, Sam (15837698200); Wroe, Abigail (6601988450); Moss-Morris, Rona (55883806600)","56281789200; 57193826668; 57324070700; 56374220100; 15837698200; 6601988450; 55883806600","A randomized controlled trial of a digital cognitive-behavioral therapy program (COMPASS) for managing depression and anxiety related to living with a long-term physical health condition",2024,"Psychological Medicine",54,"8",NA,1796,1809,13,"https://doi.org/10.1017/S0033291723003756","https://www.scopus.com/inward/record.uri?eid=2-s2.0-85187252886&doi=10.1017%2fS0033291723003756&partnerID=40&md5=edf31bb008ef42d50d5b33060b7f336c","Background To evaluate the clinical efficacy of COMPASS, a therapist-supported digital therapeutic for reducing psychological distress (anxiety/depression) in people living with long-term physical health conditions (LTCs). Methods A two-armed randomized-controlled trial recruiting from LTC charities. Participants with anxiety and/or depression symptoms related to their LTC(s) were randomized (concealed allocation via independent administrator) to COMPASS (access to 11 tailored modules plus five thirty-minute therapist support sessions) or standard charity support (SCS). Assessments were completed online pre-randomization, at 6- and 12-weeks post-randomization. Primary outcome was Patient Health Questionnaire Anxiety and Depression Scale; PHQ-ADS measured at 12-weeks. Analysis used intention-to-treat principles with adjusted mean differences estimated using linear mixed-effects models. Data-analyst was blinded to group allocation. Results 194 participants were randomized to COMPASS (N = 94) or SCS (N = 100). At 12-weeks, mean level of psychological distress was 6.82 (95% confidence interval; CI 4.55-9.10) points lower (p < 0.001) in the COMPASS arm compared with SCS (standardized mean difference of 0.71 (95% CI 0.48-0.95)). The COMPASS arm also showed moderate significant treatment effects on secondary outcomes including depression, anxiety and illness-related distress and small significant effects on functioning and quality-of-life. Rates of adverse events were comparable across the arms. Deterioration in distress at 12-weeks was observed in 2.2% of the SCS arm, and no participants in the COMPASS arm. Conclusion Compared with SCS, COMPASS digital therapeutic with minimal therapist input reduces psychological distress at post-treatment (12-weeks). COMPASS offers a potentially scalable implementation model for health services but its translation to these contexts needs further evaluating. Copyright 2024 © The Author(s). Published by Cambridge University Press.","Article","Scopus",1,1,"1",1,1,1,"sum score; ordinal",NA,1,1,1,1,"ordinal; sum score",NA,"PM_0013",1,1,1,1,"sum score; ordinal",NA,1
"PM_0014","Veeneman R.R.; Vermeulen J.M.; Bialas M.; Bhamidipati A.K.; Abdellaoui A.; Munafò M.R.; Denys D.; Bezzina C.R.; Verweij K.J.H.; Tadros R.; Treur J.L.","Veeneman, R.R. (57239188400); Vermeulen, J.M. (57200706025); Bialas, M. (57557158500); Bhamidipati, A.K. (58602384400); Abdellaoui, A. (57215382116); Munafò, M.R. (7004859481); Denys, D. (56035058700); Bezzina, C.R. (56770964300); Verweij, K.J.H. (57190675903); Tadros, R. (6603368506); Treur, J.L. (56037137300)","57239188400; 57200706025; 57557158500; 58602384400; 57215382116; 7004859481; 56035058700; 56770964300; 57190675903; 6603368506; 56037137300","Mental illness and cardiovascular health: Observational and polygenic score analyses in a population-based cohort study",2024,"Psychological Medicine",54,"5",NA,931,939,8,"https://doi.org/10.1017/S0033291723002635","https://www.scopus.com/inward/record.uri?eid=2-s2.0-85171543866&doi=10.1017%2fS0033291723002635&partnerID=40&md5=3cee0685cf4441a1be5e205fccbc6e71","Background Individuals with serious mental illness have a markedly shorter life expectancy. A major contributor to premature death is cardiovascular disease (CVD). We investigated associations of (genetic liability for) depressive disorder, bipolar disorder and schizophrenia with a range of CVD traits and examined to what degree these were driven by important confounders. Methods We included participants of the Dutch Lifelines cohort (N = 147 337) with information on self-reported lifetime diagnosis of depressive disorder, bipolar disorder, or schizophrenia and CVD traits. Employing linear mixed-effects models, we examined associations between mental illness diagnoses and CVD, correcting for psychotropic medication, demographic and lifestyle factors. In a subsample (N = 73 965), we repeated these analyses using polygenic scores (PGSs) for the three mental illnesses. Results There was strong evidence that depressive disorder diagnosis is associated with increased arrhythmia and atherosclerosis risk and lower heart rate variability, even after confounder adjustment. Positive associations were also found for the depression PGSs with arrhythmia and atherosclerosis. Bipolar disorder was associated with a higher risk of nearly all CVD traits, though most diminished after adjustment. The bipolar disorder PGSs did not show any associations. While the schizophrenia PGSs was associated with increased arrhythmia risk and lower heart rate variability, schizophrenia diagnosis was not. All mental illness diagnoses were associated with lower blood pressure and a lower risk of hypertension. Conclusions Our study shows widespread associations of (genetic liability to) mental illness (primarily depressive disorder) with CVD, even after confounder adjustment. Future research should focus on clarifying potential causal pathways between mental illness and CVD. Copyright © The Author(s), 2023. Published by Cambridge University Press.","Article","Scopus",1,1,"1",1,0,NA,"amplitude; binary; time interval","blood pressure; binary; time interval",1,1,0,NA,"amplitude; time interval; binary",NA,"PM_0014",1,1,0,NA,"amplitude; binary; time interval",NA,1
"PM_0016","Linde-Krieger L.B.; Rudd K.L.; Aringer A.S.; Yates T.M.","Linde-Krieger, Linnea B. (57202187928); Rudd, Kristen L. (57195471094); Aringer, Alexandra S. (58941884400); Yates, Tuppett M. (8747051000)","57202187928; 57195471094; 58941884400; 8747051000","A longitudinal investigation of caregiving and adolescent post-traumatic stress symptoms during COVID-19: Evidence for high resting RSA as a susceptibility factor",2024,"Psychological Medicine",NA,NA,NA,NA,NA,NA,"https://doi.org/10.1017/S003329172400059X","https://www.scopus.com/inward/record.uri?eid=2-s2.0-85187946183&doi=10.1017%2fS003329172400059X&partnerID=40&md5=199f4896306436770971ccb0a41dc86e","Background Post-traumatic stress symptoms (PTSS) were the most frequently reported mental health concern for youth during COVID-19, yet variations in youth's PTSS responses warrant empirical consideration. Features of the caregiving environment influence youth's responses to environmental stressors, and youth's parasympathetic nervous system regulation may qualify the magnitude and/or direction of these effects. This prospective investigation evaluated diathesis stress and differential susceptibility models of caregiving and parasympathetic influences on youth's PTSS responses to COVID-19. Method Participants were 225 caregiver-youth dyads (youth 49.8% female at birth; 88.4% non-white) followed from childhood through adolescence and COVID-19. Youth's resting respiratory sinus arrhythmia (RSA; Mage = 6.11, s.d. = 0.21), caregiving features (i.e. attachment security [youth Mage = 12.24, s.d. = 0.35] and caregiver internalizing psychopathology [caregiver Mage = 39.29, s.d. = 6.78]) were assessed pre-pandemic. Youth's PTSS was assessed one year prior to the US COVID-19 pandemic (Mage = 14.24, s.d. = 0.50) and during the spring of 2020 at the height of the pandemic (Mage = 15.23, s.d. = 0.57). Results Youth's PTSS increased during COVID-19. Youth with relatively high resting RSA evidenced the lowest PTSS when their caregiving environment featured high attachment security or low caregiver internalizing problems, but the highest PTSS when their caregiving environment featured low attachment security or high caregiver internalizing problems. In contrast, PTSS levels of youth with relatively low or average resting RSA did not differ significantly depending on attachment security or caregiver internalizing. Conclusions Results are consistent with a differential susceptibility hypothesis, wherein relatively high resting RSA conferred heightened sensitivity to caregiving environments in a for-better-and-for-worse manner during COVID-19.  Copyright © The Author(s), 2024. Published by Cambridge University Press.","Article","Scopus",1,1,"0",0,1,1,"sum score","PTSS",0,0,1,1,"sum scores",NA,"PM_0016",0,0,1,1,"sum score",NA,1
"PM_0019","Cuesta M.J.; García De Jalón E.; Sánchez-Torres A.M.; Gil-Berrozpe G.J.; Aranguren L.; Gutierrez G.; Corrales A.; Zarzuela A.; Ibañez B.; Peralta V.","Cuesta, Manuel J. (7102661185); García De Jalón, Elena (6504243615); Sánchez-Torres, Ana M. (36483337300); Gil-Berrozpe, Gustavo J. (57212215692); Aranguren, Lidia (58137866100); Gutierrez, Gerardo (57197390763); Corrales, Asier (58138541000); Zarzuela, Amalia (7801340978); Ibañez, Berta (24576587100); Peralta, Víctor (7004973265)","7102661185; 6504243615; 36483337300; 57212215692; 58137866100; 57197390763; 58138541000; 7801340978; 24576587100; 7004973265","Additive effects of a family history of schizophrenia spectrum disorders and an environmental risk score for the outcome of patients with non-affective first-episode psychosis",2024,"Psychological Medicine",NA,NA,NA,NA,NA,NA,"https://doi.org/10.1017/S0033291724000576","https://www.scopus.com/inward/record.uri?eid=2-s2.0-85190133435&doi=10.1017%2fS0033291724000576&partnerID=40&md5=1fc9739ff2e33c8a2d34737039c52ac6","Background: First-episode psychotic disorders comprise a heterogeneous phenotype with a complex etiology involving numerous common small-effect genetic variations and a wide range of environmental exposures. We examined whether a family of schizophrenia spectrum disorder (FH-Sz) interacts with an environmental risk score (ERS-Sz) regarding the outcome of patients with non-affective first episode psychosis (NAFEP). Methods: We included 288 patients with NAFEP who were evaluated after discharge from an intensive 2-year program. We evaluated three outcome measures: symptomatic remission, psychosocial functioning, and personal recovery. We analyzed the main and joint associations of a FH-Sz and the ERS-Sz on the outcomes by using the relative excess risk due to interaction (RERI) approach. Results: A FH-Sz showed a significant association with poor symptomatic remission and psychosocial functioning outcomes, although there was no significant interaction between a FH-Sz and the ERS-Sz on these outcomes. The ERS-Sz did not show a significant association with poor symptomatic remission and psychosocial functioning outcomes, even though the magnitude of the interaction between ERS-Sz and FH-Sz with the later outcome was moderate (RERI = 6.89, 95% confidence interval -16.03 to 29.81). There was no association between a FH-Sz and the ERS-Sz and personal recovery. Conclusions: Our results provide further empirical support regarding the contribution of FH-Sz to poor symptomatic remission and poor psychosocial functioning outcomes in patients with NAFEP.  Copyright © The Author(s), 2024. Published by Cambridge University Press.","Article","Scopus",1,1,"1",1,0,NA,"binary","various",1,1,0,NA,"binary",NA,"PM_0019",1,1,0,NA,"binary",NA,1
"PM_0026","Zhang L.; Ren T.; He H.; Huang L.; Huang R.; Xu Y.; Zhou L.; Tan H.; Chen J.; Wu D.; Yang H.; Zhang H.; Yu J.; Du X.; Dai Y.; Pu Y.; Li C.; Wang X.; Shi S.; Sahakian B.J.; Luo Q.; Li F.","Zhang, Lingli (56955932700); Ren, Tai (57205128319); He, Hua (57194444060); Huang, Like (57612045300); Huang, Runqi (58752136400); Xu, Yixiang (58752609800); Zhou, Li (57474263100); Tan, Hangyu (57759642700); Chen, Jingyu (58752136500); Wu, Danping (57475674300); Yang, Hanshu (59282938700); Zhang, Haotian (57738901600); Yu, Juehua (55682127000); Du, Xiujuan (57207686199); Dai, Yuan (57201555418); Pu, Yiwei (57226708177); Li, Chunbo (36064230700); Wang, Xiang (57845369700); Shi, Shenxun (35435924200); Sahakian, Barbara J. (7007103224); Luo, Qiang (56956221000); Li, Fei (56193898100)","56955932700; 57205128319; 57194444060; 57612045300; 58752136400; 58752609800; 57474263100; 57759642700; 58752136500; 57475674300; 59282938700; 57738901600; 55682127000; 57207686199; 57201555418; 57226708177; 36064230700; 57845369700; 35435924200; 7007103224; 56956221000; 56193898100","Protective factors for children with autism spectrum disorder during COVID-19-related strict lockdowns: A Shanghai autism early developmental cohort study",2024,"Psychological Medicine",54,"6",NA,1102,1112,10,"https://doi.org/10.1017/S0033291723002908","https://www.scopus.com/inward/record.uri?eid=2-s2.0-85179071745&doi=10.1017%2fS0033291723002908&partnerID=40&md5=80ff395fe93c940c1af24c6a1b4ea11e","Background COVID-19 lockdowns increased the risk of mental health problems, especially for children with autism spectrum disorder (ASD). However, despite its importance, little is known about the protective factors for ASD children during the lockdowns. Methods Based on the Shanghai Autism Early Developmental Cohort, 188 ASD children with two visits before and after the strict Omicron lockdown were included; 85 children were lockdown-free, while 52 and 51 children were under the longer and the shorter durations of strict lockdown, respectively. We tested the association of the lockdown group with the clinical improvement and also the modulation effects of parent/family-related factors on this association by linear regression/mixed-effect models. Within the social brain structures, we examined the voxel-wise interaction between the grey matter volume and the identified modulation effects. Results Compared with the lockdown-free group, the ASD children experienced the longer duration of strict lockdown had less clinical improvement (β = 0.49, 95% confidence interval (CI) [0.19-0.79], p = 0.001) and this difference was greatest for social cognition (2.62 [0.94-4.30], p = 0.002). We found that this association was modulated by parental agreeableness in a protective way (-0.11 [-0.17 to -0.05], p = 0.002). This protective effect was enhanced in the ASD children with larger grey matter volumes in the brain's mentalizing network, including the temporal pole, the medial superior frontal gyrus, and the superior temporal gyrus. Conclusions This longitudinal neuroimaging cohort study identified that the parental agreeableness interacting with the ASD children's social brain development reduced the negative impact on clinical symptoms during the strict lockdown. © The Author(s), 2023. Published by Cambridge University Press.","Article","Scopus",1,1,"0",0,1,1,"ordinal","GCI",0,0,1,1,"sum scores; ordinal; grey matter volume",NA,"PM_0026",0,0,1,1,"sum score; ordinal; amplitude",NA,1
"PM_0031","Leibovitz S.E.; Sevinc G.; Greenberg J.; Hölzel B.; Gard T.; Calahan T.; Vangel M.; Orr S.P.; Milad M.R.; Lazar S.W.","Leibovitz, Shaked E. (58572700600); Sevinc, Gunes (54885363700); Greenberg, Jonathan (55357319300); Hölzel, Britta (18036916800); Gard, Tim (24341048600); Calahan, Thomas (57204976680); Vangel, Mark (7004334288); Orr, Scott P. (7102191710); Milad, Mohammed R. (8069871900); Lazar, Sara W. (35798369400)","58572700600; 54885363700; 55357319300; 18036916800; 24341048600; 57204976680; 7004334288; 7102191710; 8069871900; 35798369400","Mindfulness training and exercise differentially impact fear extinction neurocircuitry",2024,"Psychological Medicine",54,"4",NA,835,846,11,"https://doi.org/10.1017/S0033291723002593","https://www.scopus.com/inward/record.uri?eid=2-s2.0-85170713417&doi=10.1017%2fS0033291723002593&partnerID=40&md5=b19e19e2e8b5bccd15f6e0a095736049","Background The ability to extinguish a maladaptive conditioned fear response is crucial for healthy emotional processing and resiliency to aversive experiences. Therefore, enhancing fear extinction learning has immense potential emotional and health benefits. Mindfulness training enhances both fear conditioning and recall of extinguished fear; however, its effects on fear extinction learning are unknown. Here we investigated the impact of mindfulness training on brain mechanisms associated with fear-extinction learning, compared to an exercise-based program. Methods We investigated BOLD activations in response to a previously learned fear-inducing cue during an extinction paradigm, before and after an 8-week mindfulness-based stress reduction program (MBSR, n = 49) or exercise-based stress management education program (n = 27). Results The groups exhibited similar reductions in stress, but the MBSR group was uniquely associated with enhanced activation of salience network nodes and increased hippocampal engagement. Conclusions Our results suggest that mindfulness training increases attention to anticipatory aversive stimuli, which in turn facilitates decreased aversive subjective responses and enhanced reappraisal of the memory. Copyright © The Author(s), 2023. Published by Cambridge University Press.","Article","Scopus",1,1,"0",0,0,NA,"amplitude","BOLD z-scores of fMRI activation; brain volumes change",0,0,0,NA,"amplitude",NA,"PM_0031",0,0,0,NA,"amplitude",NA,1
"PM_0038","Hu C.; Jiang W.; Wu Y.; Wang M.; Lin J.; Chen S.; Shang Y.; Xie J.; Kong Y.; Yuan Y.","Hu, Changchun (57204068745); Jiang, Wenhao (57202003212); Wu, Yun (58685798500); Wang, Mei (57195312397); Lin, Jian (58534247200); Chen, Suzhen (57190371673); Shang, Yushan (57189516953); Xie, Jian (57222652022); Kong, Youyong (36082608100); Yuan, Yonggui (7402709007)","57204068745; 57202003212; 58685798500; 57195312397; 58534247200; 57190371673; 57189516953; 57222652022; 36082608100; 7402709007","Microstructural abnormalities of white matter in the cingulum bundle of adolescents with major depression and non-suicidal self-injury",2024,"Psychological Medicine",54,"6",NA,1113,1121,8,"https://doi.org/10.1017/S003329172300291X","https://www.scopus.com/inward/record.uri?eid=2-s2.0-85176145853&doi=10.1017%2fS003329172300291X&partnerID=40&md5=41f0b5e9b8d8e397675009c5b77def43","Background Non-suicidal self-injury (NSSI) is prevalent in major depressive disorder (MDD) during adolescence, but the underlying neural mechanisms are unclear. This study aimed to investigate microstructural abnormalities in the cingulum bundle associated with NSSI and its clinical characteristics. Methods 130 individuals completed the study, including 35 healthy controls, 47 MDD patients with NSSI, and 48 MDD patients without NSSI. We used tract-based spatial statistics (TBSS) with a region of interest (ROI) analysis to compare the fractional anisotropy (FA) of the cingulum bundle across the three groups. receiver-operating characteristics (ROC) analysis was employed to evaluate the ability of the difficulties with emotion regulation (DERS) score and mean FA of the cingulum to differentiate between the groups. Results MDD patients with NSSI showed reduced cingulum integrity in the left dorsal cingulum compared to MDD patients without NSSI and healthy controls. The severity of NSSI was negatively associated with cingulum integrity (r = -0.344, p = 0.005). Combining cingulum integrity and DERS scores allowed for successful differentiation between MDD patients with and without NSSI, achieving a sensitivity of 70% and specificity of 83%. Conclusions Our study highlights the role of the cingulum bundle in the development of NSSI in adolescents with MDD. The findings support a frontolimbic theory of emotion regulation and suggest that cingulum integrity and DERS scores may serve as potential early diagnostic tools for identifying MDD patients with NSSI. © The Author(s), 2023. Published by Cambridge University Press.","Article","Scopus",1,1,"0",1,NA,0,NA,"fractional anisotropy (FA; [0, 1])",0,1,1,0,"amplitude",NA,"PM_0038",0,1,1,0,"amplitude",NA,1
"PM_0042","Costas-Carrera A.; Verdolini N.; Garcia-Rizo C.; Mezquida G.; Janssen J.; Valli I.; Corripio I.; Sanchez-Torres A.M.; Bioque M.; Lobo A.; Gonzalez-Pinto A.; Rapado-Castro M.; Vieta E.; De La Serna H.; Mane A.; Roldan A.; Crossley N.; Penades R.; Cuesta M.J.; Parellada M.; Bernardo M.","Costas-Carrera, Ana (57219305415); Verdolini, Norma (57226229766); Garcia-Rizo, Clemente (24331499300); Mezquida, Gisela (56643100200); Janssen, Joost (7202776634); Valli, Isabel (23092102700); Corripio, Iluminada (6507883765); Sanchez-Torres, Ana M. (36483337300); Bioque, Miquel (36154350900); Lobo, Antonio (57211735677); Gonzalez-Pinto, Ana (7003274216); Rapado-Castro, Marta (24512520700); Vieta, Eduard (57208874880); De La Serna, Helena (58752833100); Mane, Anna (16637916100); Roldan, Alexandra (56490154800); Crossley, Nicolas (57195366510); Penades, Rafael (55889444200); Cuesta, Manuel J. (7102661185); Parellada, Mara (14040702000); Bernardo, Miquel (7103259062)","57219305415; 57226229766; 24331499300; 56643100200; 7202776634; 23092102700; 6507883765; 36483337300; 36154350900; 57211735677; 7003274216; 24512520700; 57208874880; 58752833100; 16637916100; 56490154800; 57195366510; 55889444200; 7102661185; 14040702000; 7103259062","Difficulties during delivery, brain ventricle enlargement and cognitive impairment in first episode psychosis",2024,"Psychological Medicine",54,"7",NA,1339,1349,10,"https://doi.org/10.1017/S0033291723003185","https://www.scopus.com/inward/record.uri?eid=2-s2.0-85179109824&doi=10.1017%2fS0033291723003185&partnerID=40&md5=3a7cafb133a72b20015deb2aeb28872a","Background Patients with a first episode of psychosis (FEP) display clinical, cognitive, and structural brain abnormalities at illness onset. Ventricular enlargement has been identified in schizophrenia since the initial development of neuroimaging techniques. Obstetric abnormalities have been associated with an increased risk of developing psychosis but also with cognitive impairment and brain structure abnormalities. Difficulties during delivery are associated with a higher risk of birth asphyxia leading to brain structural abnormalities, such as ventriculomegaly, which has been related to cognitive disturbances. Methods We examined differences in ventricular size between 142 FEP patients and 123 healthy control participants using magnetic resonance imaging. Obstetric complications were evaluated using the Lewis-Murray scale. We examined the impact of obstetric difficulties during delivery on ventricle size as well as the possible relationship between ventricle size and cognitive impairment in both groups. Results FEP patients displayed significantly larger third ventricle size compared with healthy controls. Third ventricle enlargement was associated with diagnosis (higher volume in patients), with difficulties during delivery (higher volume in subjects with difficulties), and was highest in patients with difficulties during delivery. Verbal memory was significantly associated with third ventricle to brain ratio. Conclusions Our results suggest that difficulties during delivery might be significant contributors to the ventricular enlargement historically described in schizophrenia. Thus, obstetric complications may contribute to the development of psychosis through changes in brain architecture. © The Author(s), 2023. Published by Cambridge University Press.","Article","Scopus",1,1,"0",0,0,NA,NA,"volume mm2; normalized T scores (Wechsler subtests)",0,0,0,NA,"brain volume; sum scores","punteggi domain scores (t-scores)","PM_0042",0,0,0,NA,"amplitude; normalized scores",NA,1
"PM_0047","Heriot-Maitland C.; Wykes T.; Peters E.","Heriot-Maitland, Charles (23667682200); Wykes, Til (7005058916); Peters, Emmanuelle (7203065675)","23667682200; 7005058916; 7203065675","Social influences on the relationship between dissociation and psychotic-like experiences",2024,"Psychological Medicine",NA,NA,NA,NA,NA,NA,"https://doi.org/10.1017/S0033291724001405","https://www.scopus.com/inward/record.uri?eid=2-s2.0-85195261089&doi=10.1017%2fS0033291724001405&partnerID=40&md5=80bb3f8de88ed8743a213bec85b8c62d","Background Shame is experienced as a threat to social self, and so activates threat-protective responses. There is evidence that shame has trauma-like characteristics, suggesting it can be understood within the same conceptual framework as trauma and dissociation. Evidence for causal links among trauma, dissociation, and psychosis thus warrant the investigation of how shame may influence causal mechanisms for psychosis symptoms. Methods This study tested the interaction between dissociation and shame, specifically external shame (feeling shamed by others), in predicting psychotic-like experiences (PLEs) six months later in a general population sample (N = 314). It also tested if social safeness moderates these effects. A longitudinal, online questionnaire design tested a moderation model (dissociation-shame) and a moderated moderation model (adding social safeness), using multiple regressions with bootstrap procedures. Results Although there was no direct effect of dissociation on PLEs six months later, there was a significant interaction effect with shame, controlling for PLEs at baseline. There were complex patterns in the directions of effects: For high-shame-scorers, higher dissociation predicted higher PLE scores, but for low-shame-scorers, higher dissociation predicted lower PLE scores. Social safeness was found to significantly moderate these interaction effects, which were unexpectedly more pronounced in the context of higher social safeness. Conclusions The results demonstrate evidence for an interaction between dissociation and shame on its impact on PLEs, which manifests particularly for those experiencing higher social safeness. This suggests a potential role of social mechanisms in both the etiology and treatment of psychosis, which warrants further testing in clinical populations.  Copyright © The Author(s), 2024. Published by Cambridge University Press.","Article","Scopus",1,1,"0",0,1,1,"binary","PLEs/TEQ total score",0,0,1,1,"binary",NA,"PM_0047",0,0,1,1,"binary",NA,1
"PM_0049","Dauvermann M.R.; Costello L.; Tronchin G.; Corley E.; Holleran L.; Mothersill D.; Rokita K.I.; Kane R.; Hallahan B.; McDonald C.; Pasternak O.; Donohoe G.; Cannon D.M.","Dauvermann, Maria R. (36080415400); Costello, Laura (57212378694); Tronchin, Giulia (57202729302); Corley, Emma (57251797300); Holleran, Laurena (55951809000); Mothersill, David (55368598300); Rokita, Karolina I. (57196457916); Kane, Ruán (57218480588); Hallahan, Brian (6603486561); McDonald, Colm (8749594800); Pasternak, Ofer (13104070200); Donohoe, Gary (57217239756); Cannon, Dara M. (12789385300)","36080415400; 57212378694; 57202729302; 57251797300; 55951809000; 55368598300; 57196457916; 57218480588; 6603486561; 8749594800; 13104070200; 57217239756; 12789385300","Cellular and extracellular white matter alterations after childhood trauma experience in individuals with schizophrenia",2024,"Psychological Medicine",54,"16",NA,4788,4797,9,"https://doi.org/10.1017/S0033291724003064","https://www.scopus.com/inward/record.uri?eid=2-s2.0-85214583445&doi=10.1017%2fS0033291724003064&partnerID=40&md5=0cfd926c4f9e3de73f57d956fff2ad97","Background Childhood trauma (CT) is related to altered fractional anisotropy (FA) in individuals with schizophrenia (SZ). However, it remains unclear whether CT may influence specific cellular or extracellular compartments of FA in SZ with CT experience. We extended our previous study on FA in SZ (Costello et al., 2023) and examined the impact of CT on hypothesized lower free water-corrected FA (FAT) and higher extracellular free water (FW). Method Thirty-seven SZ and 129 healthy controls (HC) were grouped into the 'none/low' or 'high' CT group. All participants underwent diffusion-weighted magnetic resonance imaging. We performed tract-based spatial statistics to study the main effects of diagnostic group and CT, and the interaction between CT and diagnostic group across FAT and FW. Results SZ displayed lower FAT within the corpus callosum and corona radiata compared to HC (p < 0.05, Threshold-Free Cluster Enhancement (TFCE)). Independent of diagnosis, we observed lower FAT (p < 0.05, TFCE) and higher FW (p < 0.05, TFCE) in both SZ and HC with high CT levels compared to SZ and HC with none or low CT levels. Furthermore, we did not identify an interaction between CT and diagnostic group (p > 0.05, TFCE). Conclusions These novel findings suggest that the impact of CT on lower FAT may reflect cellular rather than extracellular alterations in established schizophrenia. This highlights the impact of CT on white matter microstructure, regardless of diagnostic status.  Copyright © The Author(s), 2025.","Article","Scopus",1,1,"0",0,NA,0,"amplitude","fractional anisotropy FAT; free water",0,0,1,0,"amplitude",NA,"PM_0049",0,0,1,0,"amplitude",NA,1
"PM_0053","Gibson L.L.; Mueller C.; Stewart R.; Aarsland D.","Gibson, Lucy L (57205572880); Mueller, Christoph (16689898100); Stewart, Robert (35594617600); Aarsland, Dag (56222844000)","57205572880; 16689898100; 35594617600; 56222844000","Characteristics associated with progression to probable dementia with Lewy bodies in a cohort with very late-onset psychosis",2024,"Psychological Medicine",NA,NA,NA,NA,NA,NA,"https://doi.org/10.1017/S0033291724001922","https://www.scopus.com/inward/record.uri?eid=2-s2.0-85205428220&doi=10.1017%2fS0033291724001922&partnerID=40&md5=d7ace630eb02706df3675c9300c5fe24","Background Very late-onset psychosis (VLOP) is associated with higher rates of dementia but the proportion who develop dementia with Lewy bodies (DLB) is unknown. We aimed to identify individuals with VLOP who develop dementia and DLB and characterize the risk factors for progression. Methods Anonymized data were retrieved from electronic records for individuals with VLOP. Patients developing dementia after psychosis were identified, in addition to those with >2 core features of DLB at the time of dementia or DLB identified by a natural language processing application (NLP-DLB). Demographic factors, Health of the National Outcome Scale (HoNOS) and symptoms at index psychosis were explored as predictors of progression to dementia. Results In 1425 patients with VLOP over 4.29 years (mean) follow up, 197 (13.8%) received a subsequent diagnosis of dementia. Of these, 24.4% (n = 48) had >2 core features of DLB and 6% (n = 12) had NLP-DLB. In cox proportional hazard models, older age and cognitive impairment at the time of psychosis were associated with increased risk of incident dementia. Visual hallucinations and 2+ core features of DLB at index psychosis were associated with increased risk of dementia with 2+ symptoms of DLB but not all-cause dementia. Two or more core features of DLB at index psychosis were associated with 81% specificity and 67% sensitivity for incident NLP-DLB. Conclusions In patients with VLOP who develop dementia, core features of DLB are common. Visual hallucinations or two core features of DLB in VLOP should prompt clinicians to consider DLB and support further investigation.  Copyright © The Author(s), 2024.","Article","Scopus",1,1,"1",1,0,NA,"binary","dementia diagnosis",1,0,0,NA,"binary","tempo fino alla diagnosi di DLB","PM_0053",1,0,0,NA,"binary",NA,1
"PM_0057","Roldan L.; Sánchez-Gutiérrez T.; Fernández-Arias I.; Rodríguez-Toscano E.; López G.; Merchán-Naranjo J.; Calvo A.; Rapado-Castro M.; Parellada M.; Moreno C.; Ferraro L.; La Barbera D.; La Cascia C.; Tripoli G.; Di Forti M.; Murray R.M.; Quattrone D.; Morgan C.; Gayer-Anderson C.; Jones P.B.; Jongsma H.E.; Kirkbride J.B.; van Os J.; García-Portilla P.; Al-Halabí S.; Bobes J.; de Haan L.; Bernardo M.; Santos J.L.; Sanjuán J.; Arrojo M.; Szoke A.; Rutten B.P.; Stilo S.A.; Tarricone I.; Lasalvia A.; Tosato S.; Llorca P.-M.; Rossi Menezes P.; Selten J.-P.; Tortelli A.; Velthorst E.; Del-Ben C.M.; Arango C.; Díaz-Caneja C.M.","Roldan, L. (56208718600); Sánchez-Gutiérrez, T. (56168383900); Fernández-Arias, I. (55308973100); Rodríguez-Toscano, E. (56262306700); López, G. (56208654200); Merchán-Naranjo, J. (23971246000); Calvo, A. (57201510969); Rapado-Castro, M. (24512520700); Parellada, M. (14040702000); Moreno, C. (56817942600); Ferraro, L. (57197842255); La Barbera, D. (57205552197); La Cascia, C. (6601925392); Tripoli, G. (57197844215); Di Forti, M. (57226220545); Murray, R.M. (57870425000); Quattrone, D. (8900019500); Morgan, C. (55608671400); Gayer-Anderson, C. (57202601716); Jones, P.B. (58892452600); Jongsma, H.E. (57200244360); Kirkbride, J.B. (57218240440); van Os, J. (57194115841); García-Portilla, P. (6508280070); Al-Halabí, S. (35558123000); Bobes, J. (7005688230); de Haan, L. (7005592387); Bernardo, M. (7103259062); Santos, J.L. (56599622200); Sanjuán, J. (56416073600); Arrojo, M. (55910807500); Szoke, A. (7007174299); Rutten, B.P. (57194506388); Stilo, S.A. (35763823400); Tarricone, I. (12762952600); Lasalvia, A. (57197687797); Tosato, S. (8672074400); Llorca, P.-M. (7003468273); Rossi Menezes, P. (57221963296); Selten, J.-P. (7004379701); Tortelli, A. (6507197913); Velthorst, E. (57193569808); Del-Ben, C.M. (57204744667); Arango, C. (6508338058); Díaz-Caneja, C.M. (56208998400)","56208718600; 56168383900; 55308973100; 56262306700; 56208654200; 23971246000; 57201510969; 24512520700; 14040702000; 56817942600; 57197842255; 57205552197; 6601925392; 57197844215; 57226220545; 57870425000; 8900019500; 55608671400; 57202601716; 58892452600; 57200244360; 57218240440; 57194115841; 6508280070; 35558123000; 7005688230; 7005592387; 7103259062; 56599622200; 56416073600; 55910807500; 7007174299; 57194506388; 35763823400; 12762952600; 57197687797; 8672074400; 7003468273; 57221963296; 7004379701; 6507197913; 57193569808; 57204744667; 6508338058; 56208998400","Cannabis use and cognitive biases in people with first-episode psychosis and their siblings",2024,"Psychological Medicine",NA,NA,NA,NA,NA,NA,"https://doi.org/10.1017/S0033291724001715","https://www.scopus.com/inward/record.uri?eid=2-s2.0-85210400526&doi=10.1017%2fS0033291724001715&partnerID=40&md5=bb15c44d496357325059305275122803","Background. Cannabis use and familial vulnerability to psychosis have been associated with social cognition deficits. This study examined the potential relationship between cannabis use and cognitive biases underlying social cognition and functioning in patients with first episode psychosis (FEP), their siblings, and controls. Methods. We analyzed a sample of 543 participants with FEP, 203 siblings, and 1168 controls from the EU-GEI study using a correlational design. We used logistic regression analyses to examine the influence of clinical group, lifetime cannabis use frequency, and potency of cannabis use on cognitive biases, accounting for demographic and cognitive variables. Results. FEP patients showed increased odds of facial recognition processing (FRP) deficits (OR = 1.642, CI 1.123–2.402) relative to controls but not of speech illusions (SI) or jumping to conclusions (JTC) bias, with no statistically significant differences relative to siblings. Daily and occasional lifetime cannabis use were associated with decreased odds of SI (OR = 0.605, CI 0.368–0.997 and OR = 0.646, CI 0.457–0.913 respectively) and JTC bias (OR = 0.625, CI 0.422–0.925 and OR = 0.602, CI 0.460–0.787 respectively) compared with lifetime abstinence, but not with FRP deficits, in the whole sample. Within the cannabis user group, low-potency cannabis use was associated with increased odds of SI (OR = 1.829, CI 1.297–2.578, FRP deficits (OR = 1.393, CI 1.031–1.882, and JTC (OR = 1.661, CI 1.271–2.171) relative to high-potency cannabis use, with comparable effects in the three clinical groups. Conclusions. Our findings suggest increased odds of cognitive biases in FEP patients who have never used cannabis and in low-potency users. Future studies should elucidate this association and its potential implications. © The Author(s), 2024.","Article","Scopus",1,1,"1",1,0,NA,"binary","illusions, perception, binary task responses",1,1,0,NA,"binary",NA,"PM_0057",1,1,0,NA,"binary",NA,1
"PM_0059","Rudra S.; McManus S.; Hassiotis A.; Ali A.","Rudra, Sonya (57972683600); McManus, Sally (7005298792); Hassiotis, Angela (6701753786); Ali, Afia (57211194358)","57972683600; 7005298792; 6701753786; 57211194358","Mental health and service use of parents with and without borderline intellectual functioning",2024,"Psychological Medicine",54,"7",NA,1294,1308,14,"https://doi.org/10.1017/S0033291723003136","https://www.scopus.com/inward/record.uri?eid=2-s2.0-85175317196&doi=10.1017%2fS0033291723003136&partnerID=40&md5=4f85b489f33622913a582b8408362e75","Background People with borderline intellectual functioning (BIF) encounter greater social adversities than the general population and have an increased prevalence of mental illness. However, little is known about the socio-demographic characteristics and mental health of parents with BIF. Methods A secondary data analysis of the Adult Psychiatric Morbidity Survey 2014 was conducted. Logistic regression models were fitted to compare differences in socio-demographic, mental health and service-use characteristics between parents and non-parents with and without BIF, and to investigate if the relationship between parent status and mental health outcomes was modified by BIF status, sex, and employment. Results Data from 6872 participants was analyzed; 69.1% were parents. BIF parents had higher odds of common mental disorder, severe mental illness, post-traumatic stress disorder, self-harm/suicide and were more likely to see their General Practitioner (GP) and to receive mental health treatment than non-BIF parents. BIF parents did not have a higher prevalence of mental health problems than BIF non-parents. Being a parent, after adjusting for BIF status and other confounders, was associated with increased odds of having a common mental disorder, visits to see a GP and treatment for mental health. Female parents had higher odds of treatment for mental health problems. Conclusions Being a parent is associated with elevated rates of common mental disorders. There is a higher burden of mental health problems and service use in people with BIF. A greater provision of specialist support services including ascertainment is indicated for this group. © The Author(s), 2023. Published by Cambridge University Press.","Article","Scopus",1,1,"1",1,0,NA,"binary","diagnosis, health conditions",1,1,0,NA,"binary",NA,"PM_0059",1,1,0,NA,"binary",NA,1
"PM_0060","Traynor J.M.; McMain S.; Chapman A.L.; Kuo J.; Labrish C.; Ruocco A.C.","Traynor, Jenna M. (57193086364); McMain, Shelley (15846432200); Chapman, Alexander L. (17134481500); Kuo, Janice (13006804400); Labrish, Cathy (55308113500); Ruocco, Anthony C. (9634126100)","57193086364; 15846432200; 17134481500; 13006804400; 55308113500; 9634126100","Pretreatment cognitive performance is associated with differential self-harm outcomes in 6 v. 12-months of dialectical behavior therapy for borderline personality disorder",2024,"Psychological Medicine",54,"7",NA,1350,1360,10,"https://doi.org/10.1017/S0033291723003197","https://www.scopus.com/inward/record.uri?eid=2-s2.0-85179064507&doi=10.1017%2fS0033291723003197&partnerID=40&md5=dc901710436e864563ac5f222c85d1b9","Background Recent findings suggest that brief dialectical behavior therapy (DBT) for borderline personality disorder is effective for reducing self-harm, but it remains unknown which patients are likely to improve in brief v. 12 months of DBT. Research is needed to identify patient characteristics that moderate outcomes. Here, we characterized changes in cognition across brief DBT (DBT-6) v. a standard 12-month course (DBT-12) and examined whether cognition predicted self-harm outcomes in each arm. Methods In this secondary analysis of 240 participants in the FASTER study (NCT02387736), cognitive measures were administered at pre-treatment, after 6 months, and at 12 months. Self-harm was assessed from pre-treatment to 2-year follow-up. Multilevel models characterized changes in cognition across treatment. Generalized estimating equations examined whether pre-treatment cognitive performance predicted self-harm outcomes in each arm. Results Cognitive performance improved in both arms after 6 months of treatment, with no between-arm differences at 12-months. Pre-treatment inhibitory control was associated with different self-harm outcomes in DBT-6 v. DBT-12. For participants with average inhibitory control, self-harm outcomes were significantly better when assigned to DBT-12, relative to DBT-6, at 9-18 months after initiating treatment. In contrast, participants with poor inhibitory control showed better self-harm outcomes when assigned to brief DBT-6 v. DBT-12, at 12-24 months after initiating treatment. Conclusions This work represents an initial step toward an improved understanding of patient profiles that are best suited to briefer v. standard 12 months of DBT, but observed effects should be replicated in a waitlist-controlled study to confirm that they were treatment-specific. © The Author(s), 2023. Published by Cambridge University Press.","Article","Scopus",1,1,"0",0,0,NA,"log(count)","count of self-harm outcomes, probably log-transformed from Figure 2, but unclear",1,0,1,0,"count; sum scores","(1) variabile di risposta conteggio (“frequency of total self-harm”) modellata con GEEs > presumibile l’uso di una link non-identity (tipicamente log) anche se non specificata","PM_0060",1,0,1,0,"logCount; sum score",NA,1
"PM_0066","Aloi J.; Crum K.I.; Blair K.S.; Zhang R.; Bashford-Largo J.; Bajaj S.; Hwang S.; Averbeck B.B.; Tottenham N.; Dobbertin M.; Blair R.J.R.","Aloi, Joseph (57103296600); Crum, Kathleen I. (55937104400); Blair, Karina S. (13005693900); Zhang, Ru (57212176256); Bashford-Largo, Johannah (57216323017); Bajaj, Sahil (55697402800); Hwang, Soonjo (56042283000); Averbeck, Bruno B. (6701429428); Tottenham, Nim (6506508954); Dobbertin, Matthew (57209211658); Blair, R. James R. (57222996312)","57103296600; 55937104400; 13005693900; 57212176256; 57216323017; 55697402800; 56042283000; 6701429428; 6506508954; 57209211658; 57222996312","Childhood neglect is associated with alterations in neural prediction error signaling and the response to novelty",2024,"Psychological Medicine",NA,NA,NA,NA,NA,NA,"https://doi.org/10.1017/S0033291724002411","https://www.scopus.com/inward/record.uri?eid=2-s2.0-85207938494&doi=10.1017%2fS0033291724002411&partnerID=40&md5=156c40f32d9487da524f2d3a9e51b200","Background One in eight children experience early life stress (ELS), which increases risk for psychopathology. ELS, particularly neglect, has been associated with reduced responsivity to reward. However, little work has investigated the computational specifics of this disrupted reward response-particularly with respect to the neural response to Reward Prediction Errors (RPE)-a critical signal for successful instrumental learning-and the extent to which they are augmented to novel stimuli. The goal of the current study was to investigate the associations of abuse and neglect, and neural representation of RPE to novel and non-novel stimuli. Methods One hundred and seventy-eight participants (aged 10-18, M = 14.9, s.d. = 2.38) engaged in the Novelty task while undergoing functional magnetic resonance imaging. In this task, participants learn to choose novel or non-novel stimuli to win monetary rewards varying from $0 to $0.30 per trial. Levels of abuse and neglect were measured using the Childhood Trauma Questionnaire. Results Adolescents exposed to high levels of neglect showed reduced RPE-modulated blood oxygenation level dependent response within medial and lateral frontal cortices particularly when exploring novel stimuli (p < 0.05, corrected for multiple comparisons) relative to adolescents exposed to lower levels of neglect. Conclusions These data expand on previous work by indicating that neglect, but not abuse, is associated with impairments in neural RPE representation within medial and lateral frontal cortices. However, there was no association between neglect and behavioral impairments on the Novelty task, suggesting that these neural differences do not necessarily translate into behavioral differences within the context of the Novelty task.  © The Author(s), 2024.","Article","Scopus",1,1,"1",1,0,NA,"amplitude; difference scores; proportions","RPE based on computational models",1,1,1,0,"amplitude; times; proportions",NA,"PM_0066",0,1,1,0,"amplitude; times; proportions",NA,1
"PM_0068","Brislin S.J.; Salvatore J.E.; Meyers J.M.; Kamarajan C.; Plawecki M.H.; Edenberg H.J.; Kuperman S.; Tischfield J.; Hesselbrock V.; Anokhin A.P.; Chorlian D.B.; Schuckit M.A.; Nurnberger J.I.; Bauer L.; Pandey G.; Pandey A.K.; Kramer J.R.; Chan G.; Porjesz B.; Dick D.M.","Brislin, Sarah J. (55314602800); Salvatore, Jessica E. (8581652500); Meyers, Jacquelyn M. (36337133900); Kamarajan, Chella (8639902900); Plawecki, Martin H. (6603248845); Edenberg, Howard J. (57217692805); Kuperman, Samuel (7004032305); Tischfield, Jay (7004449404); Hesselbrock, Victor (7005369485); Anokhin, Andrey P. (7005890317); Chorlian, David B. (57193558883); Schuckit, Marc A. (57226218461); Nurnberger, John I. (57218609937); Bauer, Lance (7102221836); Pandey, Gayathri (57203617560); Pandey, Ashwini K. (9337457400); Kramer, John R. (7402417959); Chan, Grace (37044631800); Porjesz, Bernice (57609363300); Dick, Danielle M. (7102825981)","55314602800; 8581652500; 36337133900; 8639902900; 6603248845; 57217692805; 7004032305; 7004449404; 7005369485; 7005890317; 57193558883; 57226218461; 57218609937; 7102221836; 57203617560; 9337457400; 7402417959; 37044631800; 57609363300; 7102825981","Examining associations between genetic and neural risk for externalizing behaviors in adolescence and early adulthood",2024,"Psychological Medicine",54,"2",NA,267,277,10,"https://doi.org/10.1017/S0033291723001174","https://www.scopus.com/inward/record.uri?eid=2-s2.0-85184293587&doi=10.1017%2fS0033291723001174&partnerID=40&md5=258c7981684e9f20d2a65fe3c7bea74a","Background Researchers have identified genetic and neural risk factors for externalizing behaviors. However, it has not yet been determined if genetic liability is conferred in part through associations with more proximal neurophysiological risk markers. Methods Participants from the Collaborative Study on the Genetics of Alcoholism, a large, family-based study of alcohol use disorders were genotyped and polygenic scores for externalizing (EXT PGS) were calculated. Associations with target P3 amplitude from a visual oddball task (P3) and broad endorsement of externalizing behaviors (indexed via self-report of alcohol and cannabis use, and antisocial behavior) were assessed in participants of European (EA; N = 2851) and African ancestry (AA; N = 1402). Analyses were also stratified by age (adolescents, age 12-17 and young adults, age 18-32). Results The EXT PGS was significantly associated with higher levels of externalizing behaviors among EA adolescents and young adults as well as AA young adults. P3 was inversely associated with externalizing behaviors among EA young adults. EXT PGS was not significantly associated with P3 amplitude and therefore, there was no evidence that P3 amplitude indirectly accounted for the association between EXT PGS and externalizing behaviors. Conclusions Both the EXT PGS and P3 amplitude were significantly associated with externalizing behaviors among EA young adults. However, these associations with externalizing behaviors appear to be independent of each other, suggesting that they may index different facets of externalizing. © The Author(s), 2023. Published by Cambridge University Press.","Article","Scopus",1,1,"0",0,0,NA,"amplitude","other are latent factor scores",0,0,0,NA,"amplitude; factor scores",NA,"PM_0068",0,0,0,NA,"amplitude",NA,1
"PM_0069","Ku B.S.; Ren J.; Compton M.T.; Druss B.G.; Guo S.; Walker E.F.","Ku, Benson S. (57220507842); Ren, Jiyuan (58890900700); Compton, Michael T. (57203104255); Druss, Benjamin G. (7006370766); Guo, Shuyi (58891126600); Walker, Elaine F. (7402984843)","57220507842; 58890900700; 57203104255; 7006370766; 58891126600; 7402984843","The association between neighborhood-level social fragmentation and distressing psychotic-like experiences in early adolescence: The moderating role of close friends",2024,"Psychological Medicine",54,"9",NA,2172,2180,8,"https://doi.org/10.1017/S0033291724000278","https://www.scopus.com/inward/record.uri?eid=2-s2.0-85185294708&doi=10.1017%2fS0033291724000278&partnerID=40&md5=099897dc6fc8a6c2f02a267071783b9d","Background Early exposure to neighborhood social fragmentation has been shown to be associated with schizophrenia. The impact of social fragmentation and friendships on distressing psychotic-like experiences (PLE) remains unknown. We investigate the relationships between neighborhood social fragmentation, number of friends, and distressing PLE among early adolescents. Methods Data were collected from the Adolescent Brain Cognitive Development Study. Generalized linear mixed models tested associations between social fragmentation and distressing PLE, as well as the moderating role of the number of total and close friends. Results Participants included 11 133 adolescents aged 9 to 10, with 52.3% being males. Greater neighborhood social fragmentation was associated with higher levels of distressing PLE (adjusted β = 0.05; 95% CI: 0.01-0.09). The number of close but not total friends significantly interacted with social fragmentation to predict distressing PLE (adjusted β =-0.02; 95% CI:-0.04 to <-0.01). Among those with fewer close friends, the association between neighborhood social fragmentation and distressing PLE was significant (adjusted β = 0.07; 95% CI: 0.03-0.11). However, among those with more close friends, the association was non-significant (adjusted β = 0.03; 95% CI:-0.01 to 0.07). Conclusions Greater neighborhood social fragmentation is associated with higher levels of distressing PLE, particularly among those with fewer close friends. Further research is needed to disentangle aspects of the interaction between neighborhood characteristics and the quality of social interactions that may contribute to psychosis, which would have implications for developing effective interventions at the individual and community levels.  © The Author(s), 2024.","Article","Scopus",1,1,"0",0,0,NA,"log(sum scores)","log transformed sum score of PLE",0,0,0,NA,"log(sum scores)",NA,"PM_0069",0,0,0,NA,"log(sum scores)",NA,1
"PM_0071","Austin-Zimmerman I.; Spinazzola E.; Quattrone D.; Wu-Choi B.; Trotta G.; Li Z.; Johnson E.; Richards A.L.; Freeman T.P.; Tripoli G.; Gayer-Anderson C.; Rodriguez V.; Jongsma H.E.; Ferraro L.; La Cascia C.; Tosato S.; Tarricone I.; Berardi D.; Bonora E.; Seri M.; D’Andrea G.; Szöke A.; Arango C.; Bobes J.; Sanjuán J.; Santos J.L.; Arrojo M.; Velthorst E.; Bernardo M.; Del-Ben C.M.; Menezes P.R.; Selten J.-P.; Jones P.B.; Kirkbride J.B.; Rutten B.P.F.; Tortelli A.; Llorca P.-M.; de Haan L.; Stilo S.; La Barbera D.; Lasalvia A.; Schurnhoff F.; Pignon B.; van Os J.; Lynskey M.; Morgan C.; O’ Donovan M.; Lewis C.M.; Sham P.C.; Murray R.M.; Vassos E.; Di Forti M.","Austin-Zimmerman, Isabelle (57214801812); Spinazzola, Edoardo (57194782850); Quattrone, Diego (8900019500); Wu-Choi, Beatrice (59468303500); Trotta, Giulia (57188697976); Li, Zhikun (58639280700); Johnson, Emma (57191863688); Richards, Alexander L. (57214750824); Freeman, Tom P. (35077456700); Tripoli, Giada (57197844215); Gayer-Anderson, Charlotte (57202601716); Rodriguez, Victoria (57204560154); Jongsma, Hannah E. (57200244360); Ferraro, Laura (57197842255); La Cascia, Caterina (6601925392); Tosato, Sarah (8672074400); Tarricone, Ilaria (12762952600); Berardi, Domenico (57208023356); Bonora, Elena (8581436000); Seri, Marco (7005984572); D’Andrea, Giuseppe (58285012900); Szöke, Andrei (7007174299); Arango, Celso (6508338058); Bobes, Julio (7005688230); Sanjuán, Julio (56416073600); Santos, Jose Luis (56599622200); Arrojo, Manuel (55910807500); Velthorst, Eva (57193569808); Bernardo, Miguel (7103259062); Del-Ben, Cristina Marta (57204744667); Menezes, Paulo Rossi (7005549815); Selten, Jean-Paul (7004379701); Jones, Peter B. (58892452600); Kirkbride, James B. (57218240440); Rutten, Bart P.F. (57194506388); Tortelli, Andrea (6507197913); Llorca, Pierre-Michel (7003468273); de Haan, Lieuwe (7005592387); Stilo, Simona (35763823400); La Barbera, Daniele (57205552197); Lasalvia, Antonio (57197687797); Schurnhoff, Franck (59468411700); Pignon, Baptiste (56289107700); van Os, Jim (57194115841); Lynskey, Michael (57220840857); Morgan, Craig (55608671400); O’ Donovan, Michael (58308946400); Lewis, Cathryn M. (57218312478); Sham, Pak C. (58824746600); Murray, Robin M. (57870425000); Vassos, Evangelos (55961024500); Di Forti, Marta (57226220545)","57214801812; 57194782850; 8900019500; 59468303500; 57188697976; 58639280700; 57191863688; 57214750824; 35077456700; 57197844215; 57202601716; 57204560154; 57200244360; 57197842255; 6601925392; 8672074400; 12762952600; 57208023356; 8581436000; 7005984572; 58285012900; 7007174299; 6508338058; 7005688230; 56416073600; 56599622200; 55910807500; 57193569808; 7103259062; 57204744667; 7005549815; 7004379701; 58892452600; 57218240440; 57194506388; 6507197913; 7003468273; 7005592387; 35763823400; 57205552197; 57197687797; 59468411700; 56289107700; 57194115841; 57220840857; 55608671400; 58308946400; 57218312478; 58824746600; 57870425000; 55961024500; 57226220545","The impact of schizophrenia genetic load and heavy cannabis use on the risk of psychotic disorder in the EU-GEI case-control and UK Biobank studies",2024,"Psychological Medicine",NA,NA,NA,NA,NA,NA,"https://doi.org/10.1017/S0033291724002058","https://www.scopus.com/inward/record.uri?eid=2-s2.0-85211754279&doi=10.1017%2fS0033291724002058&partnerID=40&md5=eab04fcbdf988da199eb7ec968036dbe","Background. The association between cannabis and psychosis is established, but the role of underlying genetics is unclear. We used data from the EU-GEI case-control study and UK Biobank to examine the independent and combined effect of heavy cannabis use and schizophrenia polygenic risk score (PRS) on risk for psychosis. Methods. Genome-wide association study summary statistics from the Psychiatric Genomics Consortium and the Genomic Psychiatry Cohort were used to calculate schizophrenia and cannabis use disorder (CUD) PRS for 1098 participants from the EU-GEI study and 143600 from the UK Biobank. Both datasets had information on cannabis use. Results. In both samples, schizophrenia PRS and cannabis use independently increased risk of psychosis. Schizophrenia PRS was not associated with patterns of cannabis use in the EU-GEI cases or controls or UK Biobank cases. It was associated with lifetime and daily cannabis use among UK Biobank participants without psychosis, but the effect was substantially reduced when CUD PRS was included in the model. In the EU-GEI sample, regular users of high-potency cannabis had the highest odds of being a case independently of schizophrenia PRS (OR daily use high-potency cannabis adjusted for PRS = 5.09, 95% CI 3.08–8.43, p = 3.21 × 10-10). We found no evidence of interaction between schizophrenia PRS and patterns of cannabis use. Conclusions. Regular use of high-potency cannabis remains a strong predictor of psychotic disorder independently of schizophrenia PRS, which does not seem to be associated with heavy cannabis use. These are important findings at a time of increasing use and potency of cannabis worldwide. © The Author(s), 2024.","Article","Scopus",1,1,"1",1,0,NA,"binary","diagnosis",1,1,0,NA,"binary",NA,"PM_0071",1,1,0,NA,"binary",NA,1
"PM_0075","Choi K.W.; Tubbs J.D.; Lee Y.H.; He Y.; Tsuo K.; Yohannes M.T.; Nkambule L.L.; Madsen E.; Ghimire D.J.; Hermosilla S.; Ge T.; Martin A.R.; Axinn W.G.; Smoller J.W.","Choi, Karmel W. (55924470700); Tubbs, Justin D. (57203902017); Lee, Younga H. (57212506811); He, Yixuan (57219459895); Tsuo, Kristin (57218481617); Yohannes, Mary T. (57652950900); Nkambule, Lethukuthula L. (58565480300); Madsen, Emily (57215924516); Ghimire, Dirgha J. (6506566150); Hermosilla, Sabrina (55343524000); Ge, Tian (35326917500); Martin, Alicia R. (56090863600); Axinn, William G. (7003797212); Smoller, Jordan W. (7006674071)","55924470700; 57203902017; 57212506811; 57219459895; 57218481617; 57652950900; 58565480300; 57215924516; 6506566150; 55343524000; 35326917500; 56090863600; 7003797212; 7006674071","Genetic architecture and socio-environmental risk factors for major depressive disorder in Nepal",2024,"Psychological Medicine",NA,NA,NA,NA,NA,NA,"https://doi.org/10.1017/S0033291724001284","https://www.scopus.com/inward/record.uri?eid=2-s2.0-85204389978&doi=10.1017%2fS0033291724001284&partnerID=40&md5=c47251468f3b754de6fa430214b8b0f8","Background Major depressive disorder (MDD) is the leading cause of disability globally, with moderate heritability and well-established socio-environmental risk factors. Genetic studies have been mostly restricted to European settings, with polygenic scores (PGS) demonstrating low portability across diverse global populations. Methods This study examines genetic architecture, polygenic prediction, and socio-environmental correlates of MDD in a family-based sample of 10 032 individuals from Nepal with array genotyping data. We used genome-based restricted maximum likelihood to estimate heritability, applied S-LDXR to estimate the cross-Ancestry genetic correlation between Nepalese and European samples, and modeled PGS trained on a GWAS meta-Analysis of European and East Asian ancestry samples. Results We estimated the narrow-sense heritability of lifetime MDD in Nepal to be 0.26 (95% CI 0.18-0.34, p = 8.5 × 10-6). Our analysis was underpowered to estimate the cross-Ancestry genetic correlation (rg = 0.26, 95% CI -0.29 to 0.81). MDD risk was associated with higher age (beta = 0.071, 95% CI 0.06-0.08), female sex (beta = 0.160, 95% CI 0.15-0.17), and childhood exposure to potentially traumatic events (beta = 0.050, 95% CI 0.03-0.07), while neither the depression PGS (beta = 0.004, 95% CI -0.004 to 0.01) or its interaction with childhood trauma (beta = 0.007, 95% CI -0.01 to 0.03) were strongly associated with MDD. Conclusions Estimates of lifetime MDD heritability in this Nepalese sample were similar to previous European ancestry samples, but PGS trained on European data did not predict MDD in this sample. This may be due to differences in ancestry-linked causal variants, differences in depression phenotyping between the training and target data, or setting-specific environmental factors that modulate genetic effects. Additional research among under-represented global populations will ensure equitable translation of genomic findings. Copyright © The Author(s), 2024.","Article","Scopus",1,1,"0",0,0,NA,"binary","diagnosis, analysis with GCTA that computes liability scores similar to probit",1,0,1,1,"binary",NA,"PM_0075",1,0,0,NA,"binary",NA,1
"PM_0077","Huntjens A.; Van Den Bosch Wies L.M.C.; Sizoo B.; Kerkhof A.; Smit F.; Van Der Gaag M.","Huntjens, Anne (57215813043); Van Den Bosch Wies, L.M.C. (58986611200); Sizoo, Bram (6504146976); Kerkhof, Ad (7004429765); Smit, Filip (7005490687); Van Der Gaag, Mark (7007141387)","57215813043; 58986611200; 6504146976; 7004429765; 7005490687; 7007141387","The effectiveness and safety of dialectical behavior therapy for suicidal ideation and behavior in autistic adults: A pragmatic randomized controlled trial",2024,"Psychological Medicine",NA,NA,NA,NA,NA,NA,"https://doi.org/10.1017/S0033291724000825","https://www.scopus.com/inward/record.uri?eid=2-s2.0-85190468220&doi=10.1017%2fS0033291724000825&partnerID=40&md5=cb6f8f8d482dddb1cf6788a5b4e974de","Backgrounds Many autistic people in mental health are suicidal. This study evaluated the effectiveness of dialectical behavior therapy (DBT) v. treatment as usual (TAU) in reducing suicidal ideation and suicide attempts. Methods At six Dutch mental health centers, 123 outpatients (18-65 years) with DSM-5 diagnosed autism spectrum disorder (ASD) and suicidal behavior were randomly assigned to the DBT intervention group (n = 63) or TAU control group (n = 60). Assessments were conducted at baseline, post-treatment at 6 months and 12-month follow-up. The primary outcomes were severity of suicidal ideation and frequency of suicide attempts. The severity of depression and social anxiety were secondary outcomes. Results At end-of-treatment, DBT significantly reduced both suicidal ideation (z = -2.24; p = 0.025; b = -4.41; s.e. = 197.0) and suicide attempts (z = -3.15; p = 0.002; IRR = 0.046; s.e. = 0.045) compared to TAU, but lost statistical significance at the 12-month follow-up. Depression severity significantly decreased with DBT (z = -1.99; p = 0.046: b = -2.74; s.e. = 1.37) remaining so at 12 months (z = -2.46; p = 0.014; b = -3.37; s.e. = 1.37). No effects were observed on social anxiety. Severe adverse events included two suicides in the TAU condition. Conclusions DBT is an acceptable, safe, and short-term effective intervention to reduce suicidal ideation and suicide attempts in autistic adults with suicidal behavior.  © The Author(s), 2024. Published by Cambridge University Press.","Article","Scopus",1,1,"1",1,1,1,"sum scores; count","SIDAS; LPC (count - negative binomial link log); BDI; SIAS",1,1,1,1,"sum scores; count",NA,"PM_0077",1,1,1,1,"sum score; count",NA,1
"PM_0079","Malamud J.; Lewis G.; Moutoussis M.; Duffy L.; Bone J.; Srinivasan R.; Lewis G.; Huys Q.J.M.","Malamud, Jolanda (57221804315); Lewis, Gemma (57215788209); Moutoussis, Michael (6603657495); Duffy, Larisa (24778271400); Bone, Jessica (57194276362); Srinivasan, Ramya (57202799066); Lewis, Glyn (7402636617); Huys, Quentin J. M. (14056255700)","57221804315; 57215788209; 6603657495; 24778271400; 57194276362; 57202799066; 7402636617; 14056255700","The selective serotonin reuptake inhibitor sertraline alters learning from aversive reinforcements in patients with depression: Evidence from a randomized controlled trial",2024,"Psychological Medicine",NA,NA,NA,NA,NA,NA,"https://doi.org/10.1017/S0033291724000837","https://www.scopus.com/inward/record.uri?eid=2-s2.0-85190717936&doi=10.1017%2fS0033291724000837&partnerID=40&md5=ecdfdaee434df2eb735cb18a84a100d3","Background Selective serotonin reuptake inhibitors (SSRIs) are first-line pharmacological treatments for depression and anxiety. However, little is known about how pharmacological action is related to cognitive and affective processes. Here, we examine whether specific reinforcement learning processes mediate the treatment effects of SSRIs. Methods The PANDA trial was a multicentre, double-blind, randomized clinical trial in UK primary care comparing the SSRI sertraline with placebo for depression and anxiety. Participants (N = 655) performed an affective Go/NoGo task three times during the trial and computational models were used to infer reinforcement learning processes. Results There was poor task performance: only 54% of the task runs were informative, with more informative task runs in the placebo than in the active group. There was no evidence for the preregistered hypothesis that Pavlovian inhibition was affected by sertraline. Exploratory analyses revealed that in the sertraline group, early increases in Pavlovian inhibition were associated with improvements in depression after 12 weeks. Furthermore, sertraline increased how fast participants learned from losses and faster learning from losses was associated with more severe generalized anxiety symptoms. Conclusions The study findings indicate a relationship between aversive reinforcement learning mechanisms and aspects of depression, anxiety, and SSRI treatment, but these relationships did not align with the initial hypotheses. Poor task performance limits the interpretability and likely generalizability of the findings, and highlights the critical importance of developing acceptable and reliable tasks for use in clinical studies. Funding This article presents research supported by NIHR Program Grants for Applied Research (RP-PG-0610-10048), the NIHR BRC, and UCL, with additional support from IMPRS COMP2PSYCH (JM, QH) and a Wellcome Trust grant (QH). © The Author(s), 2024. Published by Cambridge University Press.","Article","Scopus",1,1,"1",1,0,NA,"log(sum scores); computational models parameters","figure 3c is said to show log-BDI scores, but y axis is incompatible with that",0,1,1,1,"log(sum scores); proportions",NA,"PM_0079",0,1,0,NA,"log(sum scores); computational models parameters",NA,1
"PM_0084","Jørgensen K.N.; Nerland S.; Slapø N.B.; Norbom L.B.; Mørch-Johnsen L.; Wortinger L.A.; Barth C.; Andreou D.; Maximov I.I.; Geier O.M.; Andreassen O.A.; Jönsson E.G.; Agartz I.","Jørgensen, Kjetil Nordbø (56311907300); Nerland, Stener (6507704494); Slapø, Nora Berz (57218689535); Norbom, Linn B. (56698386900); Mørch-Johnsen, Lynn (56312148600); Wortinger, Laura Anne (57190224591); Barth, Claudia (56393968500); Andreou, Dimitrios (24766213400); Maximov, Ivan I. (7005587744); Geier, Oliver M. (55436839800); Andreassen, Ole A. (56600076200); Jönsson, Erik G. (35393905700); Agartz, Ingrid (6701604751)","56311907300; 6507704494; 57218689535; 56698386900; 56312148600; 57190224591; 56393968500; 24766213400; 7005587744; 55436839800; 56600076200; 35393905700; 6701604751","Assessing regional intracortical myelination in schizophrenia spectrum and bipolar disorders using the optimized T1w/T2w-ratio",2024,"Psychological Medicine",NA,NA,NA,NA,NA,NA,"https://doi.org/10.1017/S0033291724000503","https://www.scopus.com/inward/record.uri?eid=2-s2.0-85189315299&doi=10.1017%2fS0033291724000503&partnerID=40&md5=2b28ae6702617ca649d5a1ed8bd417c3","Background. Dysmyelination could be part of the pathophysiology of schizophrenia spectrum (SCZ) and bipolar disorders (BPD), yet few studies have examined myelination of the cerebral cortex. The ratio of T1- and T2-weighted magnetic resonance images (MRI) correlates with intracortical myelin. We investigated the T1w/T2w-ratio and its age trajectories in patients and healthy controls (CTR) and explored associations with antipsychotic medication use and psychotic symptoms. Methods. Patients with SCZ (n = 64; mean age = 30.4 years, S.D. = 9.8), BPD (n = 91; mean age 31.0 years, S.D. = 10.2), and CTR (n = 155; mean age = 31.9 years, S.D. = 9.1) who participated in the TOP study (NORMENT, University of Oslo, Norway) were clinically assessed and scanned using a General Electric 3 T MRI system. T1w/T2w-ratio images were computed using an optimized pipeline with intensity normalization and field inhomogeneity correction. Vertex-wise regression models were used to compare groups and examine group × age interactions. In regions showing significant differences, we explored associations with antipsychotic medication use and psychotic symptoms. Results. No main effect of diagnosis was found. However, age slopes of the T1w/T2w-ratio differed significantly between SCZ and CTR, predominantly in frontal and temporal lobe regions: Lower T1w/T2w-ratio values with higher age were found in CTR, but not in SCZ. Follow-up analyses revealed a more positive age slope in patients who were using antipsychotics and patients using higher chlorpromazine-equivalent doses. Conclusions. While we found no evidence of reduced intracortical myelin in SCZ or BPD relative to CTR, different regional age trajectories in SCZ may suggest a promyelinating effect of antipsychotic medication. © The Author(s), 2024.","Article","Scopus",1,1,"0",0,0,NA,"ratio","T1w/T2w-ratio, with intensity normalization?",0,0,0,NA,"amplitude","T1w/T2w-ratio values (misura continua neuroimaging)","PM_0084",0,0,0,NA,"ratio",NA,1
"PM_0087","Achterhof R.; Kirtley O.J.; Lafit G.; Hiekkaranta A.P.; Hagemann N.; Hermans K.S.F.M.; Lecei A.; Boets B.; Henquet C.; Schneider M.; Sips R.; Vaessen T.; Van Winkel R.; Viechtbauer W.; Reininghaus U.; Myin-Germeys I.","Achterhof, Robin (57194705210); Kirtley, Olivia J. (56458951200); Lafit, Ginette (57210118445); Hiekkaranta, Anu P. (57211579463); Hagemann, Noëmi (57194602634); Hermans, Karlijn S. F. M. (57191039669); Lecei, Aleksandra (57200030570); Boets, Bart (10043925700); Henquet, Cécile (6701333430); Schneider, Maude (35180241700); Sips, Rob (57202798722); Vaessen, Thomas (56741562800); Van Winkel, Ruud (57211720800); Viechtbauer, Wolfgang (8920585400); Reininghaus, Ulrich (35796165100); Myin-Germeys, Inez (6603917483)","57194705210; 56458951200; 57210118445; 57211579463; 57194602634; 57191039669; 57200030570; 10043925700; 6701333430; 35180241700; 57202798722; 56741562800; 57211720800; 8920585400; 35796165100; 6603917483","Social processes as the missing link: cross-sectionally testing a conceptual model on social mediators of early psychopathological development",2024,"Psychological Medicine",NA,NA,NA,NA,NA,NA,"https://doi.org/10.1017/S0033291724001594","https://www.scopus.com/inward/record.uri?eid=2-s2.0-85207944622&doi=10.1017%2fS0033291724001594&partnerID=40&md5=5f8f5a0548ca279582f37abe1b19e285","Background Research suggests that most mental health conditions have their onset in the critically social period of adolescence. Yet, we lack understanding of the potential social processes underlying early psychopathological development. We propose a conceptual model where daily-life social interactions and social skills form an intermediate link between known risk and protective factors (adverse childhood experiences, bullying, social support, maladaptive parenting) and psychopathology in adolescents - that is explored using cross-sectional data. Methods N = 1913 Flemish adolescent participants (Mean age = 13.8; 63% girls) were assessed as part of the SIGMA study, a large-scale, accelerated longitudinal study of adolescent mental health and development. Self-report questionnaires (on risk/protective factors, social skills, and psychopathology) were completed during class time; daily-life social interactions were measured during a subsequent six-day experience-sampling period. Results Registered uncorrected multilevel linear regression results revealed significant associations between all risk/protective factors and psychopathology, between all risk/protective factors and social processes, and between all social processes and psychopathology. Social processes (social skills, quantity/quality of daily social interactions) were uniquely predicted by each risk/protective factor and were uniquely associated with both general and specific types of psychopathology. For older participants, some relationships between social processes and psychopathology were stronger. Conclusions Unique associations between risk/protective factors and psychopathology signify the distinct relevance of these factors for youth mental health, whereas the broad associations with social processes support these processes as broad correlates. Results align with the idea of a social pathway toward early psychopathology, although follow-up longitudinal research is required to verify any mediation effect.  Copyright © The Author(s), 2024. Published by Cambridge University Press.","Article","Scopus",1,1,"1",1,1,1,"sum scores","significant interactions on Interpersonal functioning shown in supplemental materials",1,1,1,1,"sum scores; binary","per le patologie usano i mean scores","PM_0087",1,1,1,1,"sum score",NA,1
"PM_0089","Ugarteche Pérez A.; Berger E.; Kelly-Irving M.; Delpierre C.; Capuron L.; Castagné R.","Ugarteche Pérez, Ainhoa (58722317000); Berger, Eloïse (57197866581); Kelly-Irving, Michelle (26653502900); Delpierre, Cyrille (6602941200); Capuron, Lucile (6603884802); Castagné, Raphaële (36458077800)","58722317000; 57197866581; 26653502900; 6602941200; 6603884802; 36458077800","Early life stress in relation with risk of overweight, depression, and their comorbidity across adulthood: Findings from a British birth cohort",2024,"Psychological Medicine",54,"8",NA,1853,1866,13,"https://doi.org/10.1017/S0033291723003823","https://www.scopus.com/inward/record.uri?eid=2-s2.0-85182367710&doi=10.1017%2fS0033291723003823&partnerID=40&md5=3a5a5b5bd78f5b3c0fd3dfc9d8ccf9a9","Background Multimorbidity, known as the co-occurrence of at least two chronic conditions, has become of increasing concern in the current context of ageing populations, though it affects all ages. Early life risk factors of multimorbidity include adverse childhood experiences (ACEs), particularly associated with psychological conditions and weight problems. Few studies have considered related mechanisms and focus on old age participants. We are interested in estimating, from young adulthood, the risk of overweight-depression comorbidity related to ACEs while adjusting for early life confounders and intermediate variables. Methods We used data from the 1958 National Child Development Study, a prospective birth cohort study (N = 18 558). A four-category outcome (no condition, overweight only, depression only and, overweight-depression comorbidity) was constructed at 23, 33, and 42 years. Multinomial logistic regression models adjusting for intermediate variables co-occurring with this outcome were created. ACEs and sex interaction on comorbidity risk was tested. Results In our study sample (N = 7762), we found that ACEs were associated with overweight-depression comorbidity risk throughout adulthood (RRR [95% CI] at 23y = 3.80 [2.10-6.88]) though less overtime. Comorbidity risk was larger than risk of separate conditions. Intermediate variables explained part of the association. After full-adjustment, an association remained (RRR [95% CI] at 23y = 2.00 [1.08-3.72]). Comorbidity risk related to ACEs differed by sex at 42. Conclusion Our study provides evidence on the link and potential mechanisms between ACEs and the co-occurrence of mental and physical diseases throughout the life-course. We suggest addressing ACEs in intervention strategies and public policies to go beyond single disease prevention.  © The Author(s), 2024. Published by Cambridge University Press.","Article","Scopus",1,1,"1",1,0,NA,"binary","dichotomized / categorized continuous outcomes",1,1,0,NA,"binary",NA,"PM_0089",1,1,0,NA,"binary",NA,1
"PM_0090","Pontén M.; Jonsjö M.; Vadenmark V.; Moberg E.; Grannas D.; Andersson G.; Boersma K.; Hedman-Lagerlöf E.; Kleinstaeuber M.; Weise C.; Kaldo V.; Ljótsson B.; Andersson E.; Axelsson E.; Jensen K.","Pontén, Moa (57194393540); Jonsjö, Martin (57207823379); Vadenmark, Viktor (58685621600); Moberg, Erica (58685980100); Grannas, David (57470948900); Andersson, Gerhard (7202645907); Boersma, Katja (6602738254); Hedman-Lagerlöf, Erik (6602174510); Kleinstaeuber, Maria (57221804574); Weise, Cornelia (56224653200); Kaldo, Viktor (6506425962); Ljótsson, Brjánn (15923476700); Andersson, Erik (9637020000); Axelsson, Erland (56392719000); Jensen, Karin (26537528100)","57194393540; 57207823379; 58685621600; 58685980100; 57470948900; 7202645907; 6602738254; 6602174510; 57221804574; 56224653200; 6506425962; 15923476700; 9637020000; 56392719000; 26537528100","Association between expectations and clinical outcomes in online v. face-to-face therapy - An individual participant data meta-analysis",2024,"Psychological Medicine",54,"6",NA,1207,1214,7,"https://doi.org/10.1017/S0033291723003033","https://www.scopus.com/inward/record.uri?eid=2-s2.0-85176085748&doi=10.1017%2fS0033291723003033&partnerID=40&md5=e0d3757d9d627bef8d5253822a6963c6","Background Online treatments are increasing in number and are currently available for a wide range of clinical problems. To date little is known about the role of treatment expectations and other placebo-like mechanisms in online settings compared to traditional face-to-face treatment. To address this knowledge gap, we analyzed individual participant data from randomized clinical trials that compared online and face-to-face psychological interventions. Methods MEDLINE (Ovid) and PsycINFO (Ovid) were last searched on 2 February 2021. Randomized clinical trials of therapist guided online v. face-to-face psychological interventions for psychiatric or somatic conditions using a randomized controlled design were included. Titles, abstracts, and full texts of studies were independently screened by multiple observers. The Preferred Reporting Items for Systematic Reviews and Meta-analyses guideline was followed. Authors of the matching trials were contacted for individual participant data. Ratings from the Credibility and Expectancy Questionnaire and the primary outcome measure from each trial were used to estimate the association between expectation ratings and treatment outcomes in online v. face-to-face interventions, using a mixed-effects model. Results Of 7045 screened studies, 62 full-text articles were retrieved whereof six studies fulfilled the criteria and provided individual participant data (n = 491). Overall, CEQ ratings predicted clinical outcomes (β = 0.27) at end of treatment with no moderating effect of treatment modality (online v. face-to-face). Conclusions Online treatment appears to be equally susceptible to expectancy effects as face-to-face therapy. This furthers our understanding of the importance of placebo-like factors in online treatment and may aid the improvement of healthcare in online settings. © The Author(s), 2023. Published by Cambridge University Press.","Article","Scopus",1,1,"0",0,1,0,"sum scores","sum scores were remapped in [0, 1]",0,0,1,0,"sum scores",NA,"PM_0090",0,0,1,0,"sum score",NA,1
"PM_0093","Shaul M.; Whittle S.; Silk T.J.; Vijayakumar N.","Shaul, Michelle (58102016900); Whittle, Sarah (56262599400); Silk, Timothy J. (6603857354); Vijayakumar, Nandita (26029268900)","58102016900; 56262599400; 6603857354; 26029268900","Pubertal timing mediates the association between threat adversity and psychopathology",2024,"Psychological Medicine",NA,NA,NA,NA,NA,NA,"https://doi.org/10.1017/S003329172400179X","https://www.scopus.com/inward/record.uri?eid=2-s2.0-85205425232&doi=10.1017%2fS003329172400179X&partnerID=40&md5=7da771d7b086a8c2b12e0ced880900c1","Background Exposure to adversity in childhood is a risk factor for lifetime mental health problems. Altered pace of biological aging, as measured through pubertal timing, is one potential explanatory pathway for this risk. This study examined whether pubertal timing mediated the association between adversity (threat and deprivation) and adolescent mental health problems (internalizing and externalizing), and whether this was moderated by sex. Methods Aims were examined using the Adolescent Brain and Cognitive Development study, a large community sample from the United States. Data were used from three timepoints across the ages of 9-14 years. Latent scores from confirmatory factor analysis operationalized exposure to threat and deprivation. Bayesian mixed-effects regression models tested whether pubertal timing in early adolescence mediated the relationship between adversity exposure and later internalizing and externalizing problems. Sex was examined as a potential moderator of this pathway. Results Both threat and deprivation were associated with later internalizing and externalizing symptoms. Threat, but not deprivation, was associated with earlier pubertal timing, which mediated the association of threat with internalizing and externalizing problems. Sex differences were only observed in the direct association between adversity and internalizing problems, but no such differences were present for mediating pathways. Conclusions Adversity exposure had similar associations with the pace of biological aging (as indexed by pubertal timing) and mental health problems in males and females. However, the association of adversity on pubertal timing appears to depend on the dimension of adversity experienced, with only threat conferring risk of earlier pubertal timing.  Copyright © The Author(s), 2024.","Article","Scopus",1,1,"1",0,0,NA,"sum scores","sum scores of CBCL scales, but Poisson regressions",1,0,0,NA,"sum scores",NA,"PM_0093",1,0,0,NA,"sum score",NA,1
"PM_0098","Ding Q.; Xu J.; Peng S.; Chen J.; Luo Y.; Li X.; Wu R.; Li X.; Qin S.","Ding, Qingwen (57223053306); Xu, Jiahua (57216853853); Peng, Siya (57268464000); Chen, Jie (55914056700); Luo, Yu (56037700100); Li, Xuebing (56695453000); Wu, Ruilin (58638886800); Li, Xinying (9247897100); Qin, Shaozheng (21743630900)","57223053306; 57216853853; 57268464000; 55914056700; 56037700100; 56695453000; 58638886800; 9247897100; 21743630900","Brain network integration underpins differential susceptibility of adolescent anxiety",2024,"Psychological Medicine",54,"1",NA,193,202,9,"https://doi.org/10.1017/S0033291723002325","https://www.scopus.com/inward/record.uri?eid=2-s2.0-85173697986&doi=10.1017%2fS0033291723002325&partnerID=40&md5=6689a34b2159275469b3ea6cf78a9810","Background Parenting is a common and potent environmental factor influencing adolescent anxiety. Yet, the underlying neurobiological susceptibility signatures remain elusive. Here, we used a longitudinal twin neuroimaging study to investigate the brain network integration and its heritable relation to underpin the neural differential susceptibility of adolescent anxiety to parenting environments. Methods 216 twins from the Beijing Twin Study completed the parenting and anxiety assessments and fMRI scanning. We first identified the brain network integration involved in the influences of parenting at age 12 on anxiety symptoms at age 15. We then estimated to what extent heritable sensitive factors are responsible for the susceptibility of brain network integration. Results Consistent with the differential susceptibility theory, the results showed that hypo-connectivity within the central executive network amplified the impact of maternal hostility on anxiety symptoms. A high anti-correlation between the anterior salience and default mode networks played a similar modulatory role in the susceptibility of adolescent anxiety to paternal hostility. Genetic influences (21.18%) were observed for the connectivity pattern in the central executive network. Conclusions Brain network integration served as a promising neurobiological signature of the differential susceptibility to adolescent anxiety. Our findings deepen the understanding of the neural sensitivity in the developing brain and can inform early identification and personalized interventions for adolescents at risk of anxiety disorders.  © 2023 The Author(s). Published by Cambridge University Press.","Article","Scopus",1,1,"0",0,1,1,"sum scores","adolescent anxiety",0,0,1,1,"sum scores",NA,"PM_0098",0,0,1,1,"sum score",NA,1
"PM_0100","Quidé Y.; Watkeys O.J.; Tonini E.; Grotegerd D.; Dannlowski U.; Nenadić I.; Kircher T.; Krug A.; Hahn T.; Meinert S.; Goltermann J.; Gruber M.; Stein F.; Brosch K.; Wroblewski A.; Thomas-Odenthal F.; Usemann P.; Straube B.; Alexander N.; Leehr E.J.; Bauer J.; Winter N.R.; Fisch L.; Dohm K.; Rössler W.; Smigielski L.; Derosse P.; Moyett A.; Houenou J.; Leboyer M.; Gilleen J.; Thomopoulos S.I.; Thompson P.M.; Aleman A.; Modinos G.; Green M.J.","Quidé, Yann (54419084000); Watkeys, Oliver J. (57196054971); Tonini, Emiliana (57220129605); Grotegerd, Dominik (37101507600); Dannlowski, Udo (13806470600); Nenadić, Igor (57212014192); Kircher, Tilo (55724907000); Krug, Axel (24166628400); Hahn, Tim (7201384958); Meinert, Susanne (57191442722); Goltermann, Janik (57203968806); Gruber, Marius (57222537592); Stein, Frederike (57207742818); Brosch, Katharina (57208567004); Wroblewski, Adrian (57203025165); Thomas-Odenthal, Florian (57219049260); Usemann, Paula (58030888500); Straube, Benjamin (24463966300); Alexander, Nina (24757753700); Leehr, Elisabeth J. (55648792900); Bauer, Jochen (35236441000); Winter, Nils R. (57201273898); Fisch, Lukas (57222520627); Dohm, Katharina (55248033300); Rössler, Wulf (57360902200); Smigielski, Lukasz (56623078300); Derosse, Pamela (6506979787); Moyett, Ashley (57203862119); Houenou, Josselin (24075800800); Leboyer, Marion (7005287140); Gilleen, James (16636122000); Thomopoulos, Sophia I. (57195627868); Thompson, Paul M. (57220772730); Aleman, André (7006820955); Modinos, Gemma (26533083500); Green, Melissa J. (36135532800)","54419084000; 57196054971; 57220129605; 37101507600; 13806470600; 57212014192; 55724907000; 24166628400; 7201384958; 57191442722; 57203968806; 57222537592; 57207742818; 57208567004; 57203025165; 57219049260; 58030888500; 24463966300; 24757753700; 55648792900; 35236441000; 57201273898; 57222520627; 55248033300; 57360902200; 56623078300; 6506979787; 57203862119; 24075800800; 7005287140; 16636122000; 57195627868; 57220772730; 7006820955; 26533083500; 36135532800","Childhood trauma moderates schizotypy-related brain morphology: Analyses of 1182 healthy individuals from the ENIGMA schizotypy working group",2024,"Psychological Medicine",54,"6",NA,1215,1227,12,"https://doi.org/10.1017/S0033291723003045","https://www.scopus.com/inward/record.uri?eid=2-s2.0-85175422803&doi=10.1017%2fS0033291723003045&partnerID=40&md5=dbb80c961de7c1172e042ec4d289dacb","Background Schizotypy represents an index of psychosis-proneness in the general population, often associated with childhood trauma exposure. Both schizotypy and childhood trauma are linked to structural brain alterations, and it is possible that trauma exposure moderates the extent of brain morphological differences associated with schizotypy. Methods We addressed this question using data from a total of 1182 healthy adults (age range: 18-65 years old, 647 females/535 males), pooled from nine sites worldwide, contributing to the Enhancing NeuroImaging Genetics through Meta-Analysis (ENIGMA) Schizotypy working group. All participants completed both the Schizotypal Personality Questionnaire Brief version (SPQ-B), and the Childhood Trauma Questionnaire (CTQ), and underwent a 3D T1-weighted brain MRI scan from which regional indices of subcortical gray matter volume and cortical thickness were determined. Results A series of multiple linear regressions revealed that differences in cortical thickness in four regions-of-interest were significantly associated with interactions between schizotypy and trauma; subsequent moderation analyses indicated that increasing levels of schizotypy were associated with thicker left caudal anterior cingulate gyrus, right middle temporal gyrus and insula, and thinner left caudal middle frontal gyrus, in people exposed to higher (but not low or average) levels of childhood trauma. This was found in the context of morphological changes directly associated with increasing levels of schizotypy or increasing levels of childhood trauma exposure. Conclusions These results suggest that alterations in brain regions critical for higher cognitive and integrative processes that are associated with schizotypy may be enhanced in individuals exposed to high levels of trauma. © The Author(s), 2023. Published by Cambridge University Press.","Article","Scopus",1,1,"0",0,0,NA,"amplitude, volume","cortical thickness, subcortical volumes",0,0,0,NA,"amplitude",NA,"PM_0100",0,0,0,NA,"amplitude",NA,1
"PM_0101","Borgers T.; Enneking V.; Klug M.; Garbe J.; Meinert H.; Wulle M.; König P.; Zwiky E.; Herrmann R.; Selle J.; Dohm K.; Kraus A.; Grotegerd D.; Repple J.; Opel N.; Leehr E.J.; Gruber M.; Goltermann J.; Meinert S.; Bauer J.; Heindel W.; Kavakbasi E.; Baune B.T.; Dannlowski U.; Redlich R.","Borgers, Tiana (57216885568); Enneking, Verena (57200247658); Klug, Melissa (57216884687); Garbe, Jasper (58577048800); Meinert, Hannah (58577399200); Wulle, Marius (58577759100); König, Philine (58587630500); Zwiky, Esther (57405216500); Herrmann, Rebekka (58577874400); Selle, Janine (58577279600); Dohm, Katharina (55248033300); Kraus, Anna (58135837600); Grotegerd, Dominik (37101507600); Repple, Jonathan (56716521600); Opel, Nils (56124047800); Leehr, Elisabeth J. (55648792900); Gruber, Marius (57222537592); Goltermann, Janik (57203968806); Meinert, Susanne (57191442722); Bauer, Jochen (35236441000); Heindel, Walter (7103087624); Kavakbasi, Erhan (57194550399); Baune, Bernhard T. (6603807336); Dannlowski, Udo (13806470600); Redlich, Ronny (55248386800)","57216885568; 57200247658; 57216884687; 58577048800; 58577399200; 58577759100; 58587630500; 57405216500; 58577874400; 58577279600; 55248033300; 58135837600; 37101507600; 56716521600; 56124047800; 55648792900; 57222537592; 57203968806; 57191442722; 35236441000; 7103087624; 57194550399; 6603807336; 13806470600; 55248386800","Long-term effects of electroconvulsive therapy on brain structure in major depression",2024,"Psychological Medicine",54,"5",NA,940,950,10,"https://doi.org/10.1017/S0033291723002647","https://www.scopus.com/inward/record.uri?eid=2-s2.0-85171307024&doi=10.1017%2fS0033291723002647&partnerID=40&md5=7ee593d988e3d3d84e2489c07d31b8f2","Background Magnetic resonance imaging (MRI) studies on major depressive disorder (MDD) have predominantly found short-term electroconvulsive therapy (ECT)-related gray matter volume (GMV) increases, but research on the long-term stability of such changes is missing. Our aim was to investigate long-term GMV changes over a 2-year period after ECT administration and their associations with clinical outcome. Methods In this nonrandomized longitudinal study, patients with MDD undergoing ECT (n = 17) are assessed three times by structural MRI: Before ECT (t0), after ECT (t1) and 2 years later (t2). A healthy (n = 21) and MDD non-ECT (n = 33) control group are also measured three times within an equivalent time interval. A 3(group) × 3(time) ANOVA on whole-brain level and correlation analyses with clinical outcome variables is performed. Results Analyses yield a significant group × time interaction (pFWE < 0.001) resulting from significant volume increases from t0 to t1 and decreases from t1 to t2 in the ECT group, e.g., in limbic areas. There are no effects of time in both control groups. Volume increases from t0 to t1 correlate with immediate and delayed symptom increase, while volume decreases from t1 to t2 correlate with long-term depressive outcome (all p © 0.049). Conclusions Volume increases induced by ECT appear to be a transient phenomenon as volume strongly decreased 2 years after ECT. Short-term volume increases are associated with less symptom improvement suggesting that the antidepressant effect of ECT is not due to volume changes. Larger volume decreases are associated with poorer long-term outcome highlighting the interplay between disease progression and structural changes. Copyright © The Author(s), 2023. Published by Cambridge University Press.","Article","Scopus",1,1,"0",0,1,1,"volume, sum scores","cortical volume, hdrs, bdi",0,0,1,0,"sum scores; amplitude",NA,"PM_0101",0,0,1,1,"amplitude; sum score",NA,1
"PM_0106","Fares-Otero N.E.; Verdolini N.; Melero H.; Andrés-Camazón P.; Vilajosana E.; Cavone V.; García-Bueno B.; Rapado-Castro M.; Izquierdo A.; Martín-Hernández D.; Mola Cárdenes P.; Leal I.; Dompablo M.; Ortiz-Tallo A.; Martinez-Gras I.; Muñoz-Sanjose A.; Loeck De Lapuerta C.; Rodriguez-Jimenez R.; Díaz Marsá M.; Bravo-Ortiz M.-F.; Ibañez A.; Baca-García E.; Vieta E.; Ayuso-Mateos J.L.; Malpica N.; Arango C.; Díaz-Caneja C.M.; Radua J.","Fares-Otero, Natalia E. (57204395500); Verdolini, Norma (57226229766); Melero, Helena (56563935200); Andrés-Camazón, Pablo (57605227800); Vilajosana, Enric (58865328300); Cavone, Vito (57215529402); García-Bueno, Borja (8741068200); Rapado-Castro, Marta (24512520700); Izquierdo, Ana (57203367919); Martín-Hernández, David (57016900100); Mola Cárdenes, Pablo (58787397900); Leal, Itziar (56241950400); Dompablo, Monica (56507577200); Ortiz-Tallo, Ana (57724219500); Martinez-Gras, Isabel (6508031644); Muñoz-Sanjose, Ainoa (57209135841); Loeck De Lapuerta, Carmen (59482698400); Rodriguez-Jimenez, Roberto (8724872300); Díaz Marsá, Marina (56517106600); Bravo-Ortiz, Maria-Fe (6505804794); Ibañez, Angela (7005052960); Baca-García, Enrique (7004712190); Vieta, Eduard (57208874880); Ayuso-Mateos, J.L. (7003927709); Malpica, Norberto (6603593205); Arango, Celso (6508338058); Díaz-Caneja, Covadonga M. (56208998400); Radua, Joaquim (34868485200)","57204395500; 57226229766; 56563935200; 57605227800; 58865328300; 57215529402; 8741068200; 24512520700; 57203367919; 57016900100; 58787397900; 56241950400; 56507577200; 57724219500; 6508031644; 57209135841; 59482698400; 8724872300; 56517106600; 6505804794; 7005052960; 7004712190; 57208874880; 7003927709; 6603593205; 6508338058; 56208998400; 34868485200","Triangulating the associations of different types of childhood adversity and first-episode psychosis with cortical thickness across brain regions",2024,"Psychological Medicine",54,"16",NA,4561,4574,13,"https://doi.org/10.1017/S0033291724002393","https://www.scopus.com/inward/record.uri?eid=2-s2.0-85212795943&doi=10.1017%2fS0033291724002393&partnerID=40&md5=d4fa01a26c34c5bda34efe9bb3f7fbae","Background Both childhood adversity (CA) and first-episode psychosis (FEP) have been linked to alterations in cortical thickness (CT). The interactive effects between different types of CAs and FEP on CT remain understudied. Methods One-hundred sixteen individuals with FEP (mean age = 23.8 ± 6.9 years, 34% females, 80.2% non-Affective FEP) and 98 healthy controls (HCs) (mean age = 24.4 ± 6.2 years, 43% females) reported the presence/absence of CA <17 years using an adapted version of the Childhood Experience of Care and Abuse (CECA.Q) and the Retrospective Bullying Questionnaire (RBQ) and underwent magnetic resonance imaging (MRI) scans. Correlation analyses were used to assess associations between brain maps of CA and FEP effects. General linear models (GLMs) were performed to assess the interaction effects of CA and FEP on CT. Results Eighty-Three individuals with FEP and 83 HCs reported exposure to at least one CA. CT alterations in FEP were similar to those found in participants exposed to separation from parents, bullying, parental discord, household poverty, and sexual abuse (r = 0.50 to 0.25). Exposure to neglect (β =-0.24, 95% CI [-0.37 to-0.12], p = 0.016) and overall maltreatment (β =-0.13, 95% CI [-0.20 to-0.06], p = 0.043) were associated with cortical thinning in the right medial orbitofrontal region. Conclusions Cortical alterations in individuals with FEP are similar to those observed in the context of socio-environmental adversity. Neglect and maltreatment may contribute to CT reductions in FEP. Our findings provide new insights into the specific neurobiological effects of CA in early psychosis.  © The Author(s), 2024.","Article","Scopus",1,1,"0",0,0,NA,"volume","cortical thickness",0,0,0,NA,"amplitude",NA,"PM_0106",0,0,0,NA,"amplitude",NA,1
"PM_0107","Feurer C.; Jimmy J.; Uribe M.; Shankman S.A.; Langenecker S.A.; Craske M.G.; Ajilore O.; Phan K.L.; Klumpp H.","Feurer, Cope (56444184700); Jimmy, Jagan (57217118416); Uribe, Melissa (57208867539); Shankman, Stewart A. (6701436566); Langenecker, Scott A. (6603182034); Craske, Michelle G. (7005445441); Ajilore, Olusola (6507824490); Phan, K. Luan (7006373266); Klumpp, Heide (57203251566)","56444184700; 57217118416; 57208867539; 6701436566; 6603182034; 7005445441; 6507824490; 7006373266; 57203251566","Brain activity during reappraisal and associations with psychotherapy response in social anxiety and major depression: A randomized trial",2024,"Psychological Medicine",NA,NA,NA,NA,NA,NA,"https://doi.org/10.1017/S0033291724001120","https://www.scopus.com/inward/record.uri?eid=2-s2.0-85195034078&doi=10.1017%2fS0033291724001120&partnerID=40&md5=da39791d45468f92f5bab88f7ce615a7","Background Cognitive behavioral therapy (CBT) is an effective treatment for patients with social anxiety disorder (SAD) or major depressive disorder (MDD), yet there is variability in clinical improvement. Though prior research suggests pre-treatment engagement of brain regions supporting cognitive reappraisal (e.g. dorsolateral prefrontal cortex [dlPFC]) foretells CBT response in SAD, it remains unknown if this extends to MDD or is specific to CBT. The current study examined associations between pre-treatment neural activity during reappraisal and clinical improvement in patients with SAD or MDD following a trial of CBT or supportive therapy (ST), a common-factors comparator arm. Methods Participants were 75 treatment-seeking patients with SAD (n = 34) or MDD (n = 41) randomized to CBT (n = 40) or ST (n = 35). Before randomization, patients completed a cognitive reappraisal task during functional magnetic resonance imaging. Additionally, patients completed clinician-administered symptom measures and a self-report cognitive reappraisal measure before treatment and every 2 weeks throughout treatment. Results Results indicated that pre-treatment neural activity during reappraisal differentially predicted CBT and ST response. Specifically, greater trajectories of symptom improvement throughout treatment were associated with less ventrolateral prefrontal cortex (vlPFC) activity for CBT patients, but more vlPFC activity for ST patients. Also, less baseline dlPFC activity corresponded with greater trajectories of self-reported reappraisal improvement, regardless of treatment arm. Conclusions If replicated, findings suggest individual differences in brain response during reappraisal may be transdiagnostically associated with treatment-dependent improvement in symptom severity, but improvement in subjective reappraisal following psychotherapy, more broadly. Copyright © The Author(s), 2024. Published by Cambridge University Press.","Article","Scopus",1,1,"0",0,1,1,"amplitude, sum scores","BOLD activation, LSAS, HAMD",0,0,1,1,"amplitude; sum scores",NA,"PM_0107",0,0,1,1,"amplitude; sum score",NA,1
"PM_0109","Shen Q.; Fu S.; Jiang X.; Huang X.; Lin D.; Xiao Q.; Khadijah S.; Yan Y.; Xiong X.; Jin J.; Ebstein R.P.; Xu T.; Wang Y.; Feng J.","Shen, Qiang (36618259000); Fu, Shiguang (57216920288); Jiang, Xiaoying (58867713900); Huang, Xiaoyu (58867772800); Lin, Doudou (58867801800); Xiao, Qingyan (58867714000); Khadijah, Sitti (58867865300); Yan, Yaping (46462256400); Xiong, Xiaoxing (37762543400); Jin, Jia (56683591300); Ebstein, Richard P. (7007152650); Xu, Ting (57224442550); Wang, Yiquan (56726938400); Feng, Jun (58867742800)","36618259000; 57216920288; 58867713900; 58867772800; 58867801800; 58867714000; 58867865300; 46462256400; 37762543400; 56683591300; 7007152650; 57224442550; 56726938400; 58867742800","Factual and counterfactual learning in major adolescent depressive disorder, evidence from an instrumental learning study",2024,"Psychological Medicine",54,"2",NA,256,266,10,"https://doi.org/10.1017/S0033291723001307","https://www.scopus.com/inward/record.uri?eid=2-s2.0-85184292119&doi=10.1017%2fS0033291723001307&partnerID=40&md5=39a15c5011839e8df4a5d29f86759f20","Background The incidence of adolescent depressive disorder is globally skyrocketing in recent decades, albeit the causes and the decision deficits depression incurs has yet to be well-examined. With an instrumental learning task, the aim of the current study is to investigate the extent to which learning behavior deviates from that observed in healthy adolescent controls and track the underlying mechanistic channel for such a deviation. Methods We recruited a group of adolescents with major depression and age-matched healthy control subjects to carry out the learning task with either gain or loss outcome and applied a reinforcement learning model that dissociates valence (positive v. negative) of reward prediction error and selection (chosen v. unchosen). Results The results demonstrated that adolescent depressive patients performed significantly less well than the control group. Learning rates suggested that the optimistic bias that overall characterizes healthy adolescent subjects was absent for the depressive adolescent patients. Moreover, depressed adolescents exhibited an increased pessimistic bias for the counterfactual outcome. Lastly, individual difference analysis suggested that these observed biases, which significantly deviated from that observed in normal controls, were linked with the severity of depressive symoptoms as measured by HAMD scores. Conclusions By leveraging an incentivized instrumental learning task with computational modeling within a reinforcement learning framework, the current study reveals a mechanistic decision-making deficit in adolescent depressive disorder. These findings, which have implications for the identification of behavioral markers in depression, could support the clinical evaluation, including both diagnosis and prognosis of this disorder. © The Author(s), 2023. Published by Cambridge University Press.","Article","Scopus",1,1,"1",1,0,NA,"boxcoxRT, binary, computational models parameters","HAMD seems to be measured with sum scores but no formal interactions tested on it",1,1,0,NA,"binary; rate",NA,"PM_0109",1,1,0,NA,"binary; computational models parameters",NA,1
"PM_0112","Kim H.; Jung J.H.; Han K.; Jeon H.J.","Kim, Hyewon (57204006201); Jung, Jin Hyung (57200114233); Han, Kyungdo (36828132500); Jeon, Hong Jin (35195917400)","57204006201; 57200114233; 36828132500; 35195917400","Weight change in people with depression and the risk of dementia: A nationwide cohort study",2024,"Psychological Medicine",54,"7",NA,1284,1293,9,"https://doi.org/10.1017/S0033291723003124","https://www.scopus.com/inward/record.uri?eid=2-s2.0-85183008006&doi=10.1017%2fS0033291723003124&partnerID=40&md5=eacc932dcb29376e19e231c1c0cbe118","Background Depression is a risk factor for dementia and weight change can appear as a symptom of depression. However, the association between weight change after the diagnosis of depression and the risk of dementia is poorly established. This study aimed to investigate the association between weight change before and after a diagnosis of depression with the subsequent risk of dementia. Methods The National Health Insurance Sharing Service database was used. 1 308 730 patients aged ≤40 years diagnosed with depression were identified to be eligible. Weight changes after their depression diagnosis were categorized and subsequent incidence of dementia was followed up. Results During an average follow-up period of 5.2 years (s.d., 2.0 years), 69 373 subjects were newly diagnosed with all-cause dementia (56 351 were Alzheimer's disease and 6877 were vascular dementia). Regarding all outcomes, compared to those with a minimal weight change (-5 to 5%), all groups with weight gain or loss showed increased risks of dementia after adjusting potential risk factors for dementia, in all analysis models with a dose-response relationship, showing a U-shaped association. Conclusions Weight change as a symptom of depression could be a predictor for the future development of dementia. © The Author(s), 2024. Published by Cambridge University Press.","Article","Scopus",1,1,"1",0,0,NA,"binary","diagnoses",1,0,0,NA,"binary",NA,"PM_0112",1,0,0,NA,"binary",NA,1
"PM_0113","Ellenbogen M.A.; Cardoso C.; Serravalle L.; Vadaga K.; Joober R.","Ellenbogen, Mark A. (6602192966); Cardoso, Christopher (53463262800); Serravalle, Lisa (55757848800); Vadaga, Kiran (39362676400); Joober, Ridha (7003301677)","6602192966; 53463262800; 55757848800; 39362676400; 7003301677","The effects of intranasal oxytocin on the efficacy of psychotherapy for major depressive disorder: A pilot randomized controlled trial",2024,"Psychological Medicine",54,"9",NA,2122,2132,10,"https://doi.org/10.1017/S0033291724000217","https://www.scopus.com/inward/record.uri?eid=2-s2.0-85187128077&doi=10.1017%2fS0033291724000217&partnerID=40&md5=df3bc23b9853bd03872f05817857db08","Background Although both pharmacotherapy and psychological treatments are considered to be efficacious in the treatment of major depressive disorder (MDD), one third of patients do not respond to treatment and many experience residual symptoms post-treatment. In this double-blind placebo-controlled randomized control trial (RCT), we assessed whether intranasal oxytocin (OT) augments the therapeutic efficacy of psychotherapy for MDD and improves the therapeutic alliance. Methods Twenty-three volunteers (12 female) with MDD underwent 16 sessions of interpersonal therapy. Prior to each session, volunteers self-administered 24 International Units of intranasal OT (n = 12; Syntocinon) or placebo (n = 11). Depressive symptoms were assessed with the Inventory of Depressive Symptomatology at pre- and post-treatment, and at a six month follow-up. Results Multilevel modeling found a significant effect of OT on the negative slope of depressive symptoms over time (p < 0.05), with medium-large effect sizes at post-treatment (Cohen's d = 0.75) and follow-up (Cohen's d = 0.82). Drug intervention also predicted the intercept when examining the weekly ratings of the therapeutic alliance (p < 0.05), such that volunteers receiving OT, relative to placebo, reported improved therapeutic alliance at session 1. The agreement of goals between therapists and participants, a facet of the therapeutic alliance, mediated the relationship between drug intervention and clinical outcome. Conclusion In this pilot study, the administration of intranasal OT, relative to placebo, improved the therapeutic alliance at the beginning of therapy and therapeutic efficacy of psychotherapy in persons with MDD. Future RCTs should attempt to replicate these findings in larger samples with different therapeutic modalities (ClinicalTrials.gov: NCT02405715).  © The Author(s), 2024. Published by Cambridge University Press.","Article","Scopus",1,1,"1",1,1,1,"sum scors, binary","IDSC, WAI-S, dichotomized scores for binary",1,1,1,1,"sum scores",NA,"PM_0113",1,1,1,1,"sum score; binary",NA,1
"PM_0115","Van Der Schaaf M.E.; Geerligs L.; Toni I.; Knoop H.; Oosterman J.M.","Van Der Schaaf, Marieke E. (37666094700); Geerligs, Linda (36126108300); Toni, Ivan (6603768534); Knoop, Hans (16204840800); Oosterman, Joukje M. (8767995000)","37666094700; 36126108300; 6603768534; 16204840800; 8767995000","Disentangling pain and fatigue in chronic fatigue syndrome: A resting state connectivity study before and after cognitive behavioral therapy",2024,"Psychological Medicine",54,"8",NA,1735,1748,13,"https://doi.org/10.1017/S0033291723003690","https://www.scopus.com/inward/record.uri?eid=2-s2.0-85183441335&doi=10.1017%2fS0033291723003690&partnerID=40&md5=3500876f29f504bafda2230b27de4bee","Background Fatigue is a central feature of myalgic encephalomyelitis or chronic fatigue syndrome (ME/CFS), but many ME/CFS patients also report comorbid pain symptoms. It remains unclear whether these symptoms are related to similar or dissociable brain networks. This study used resting-state fMRI to disentangle networks associated with fatigue and pain symptoms in ME/CFS patients, and to link changes in those networks to clinical improvements following cognitive behavioral therapy (CBT). Methods Relationships between pain and fatigue symptoms and cortico-cortical connectivity were assessed within ME/CFS patients at baseline (N = 72) and after CBT (N = 33) and waiting list (WL, N = 18) and compared to healthy controls (HC, N = 29). The analyses focused on four networks previously associated with pain and/or fatigue, i.e. the fronto-parietal network (FPN), premotor network (PMN), somatomotor network (SMN), and default mode network (DMN). Results At baseline, variation in pain and fatigue symptoms related to partially dissociable brain networks. Fatigue was associated with higher SMN-PMN connectivity and lower SMN-DMN connectivity. Pain was associated with lower PMN-DMN connectivity. CBT improved SMN-DMN connectivity, compared to WL. Larger clinical improvements were associated with larger increases in frontal SMN-DMN connectivity. No CBT effects were observed for PMN-DMN or SMN-PMN connectivity. Conclusions These results provide insight into the dissociable neural mechanisms underlying fatigue and pain symptoms in ME/CFS and how they are affected by CBT in successfully treated patients. Further investigation of how and in whom behavioral and biomedical treatments affect these networks is warranted to improve and individualize existing or new treatments for ME/CFS. Copyright © The Author(s), 2024. Published by Cambridge University Press.","Article","Scopus",1,1,"0",0,0,NA,"zcor","fmri",0,0,1,1,"sum scores; proportions; zcor",NA,"PM_0115",0,0,0,NA,"zcor",NA,1
"PM_0116","Ni H.-C.; Chen Y.-L.; Hsieh M.-Y.; Wu C.-T.; Chen R.-S.; Juan C.-H.; Li C.-T.; Gau S.S.-F.; Lin H.-Y.","Ni, Hsing-Chang (24436471000); Chen, Yi-Lung (56488923500); Hsieh, Meng-Ying (35310436100); Wu, Chen-Te (14046295600); Chen, Rou-Shayn (35308595300); Juan, Chi-Hung (7005684036); Li, Cheng-Ta (24070742700); Gau, Susan Shur-Fen (57222565476); Lin, Hsiang-Yuan (56488733300)","24436471000; 56488923500; 35310436100; 14046295600; 35308595300; 7005684036; 24070742700; 57222565476; 56488733300","Improving social cognition following theta burst stimulation over the right inferior frontal gyrus in autism spectrum: An 8-week double-blind sham-controlled trial",2024,"Psychological Medicine",NA,NA,NA,NA,NA,NA,"https://doi.org/10.1017/S0033291724001387","https://www.scopus.com/inward/record.uri?eid=2-s2.0-85203348043&doi=10.1017%2fS0033291724001387&partnerID=40&md5=c059f518aaecfc2001180ea5919f5db0","Background The right inferior frontal gyrus (RIFG) is a potential beneficial brain stimulation target for autism. This randomized, double-blind, two-arm, parallel-group, sham-controlled clinical trial assessed the efficacy of intermittent theta burst stimulation (iTBS) over the RIFG in reducing autistic symptoms (NCT04987749). Methods Conducted at a single medical center, the trial enrolled 60 intellectually able autistic individuals (aged 8-30 years; 30 active iTBS). The intervention comprised 16 sessions (two stimulations per week for eight weeks) of neuro-navigated iTBS or sham over the RIFG. Fifty-seven participants (28 active) completed the intervention and assessments at Week 8 (the primary endpoint) and follow-up at Week 12. Results Autistic symptoms (primary outcome) based on the Social Responsiveness Scale decreased in both groups (significant time effect), but there was no significant difference between groups (null time-by-treatment interaction). Likewise, there was no significant between-group difference in changes in repetitive behaviors and exploratory outcomes of adaptive function and emotion dysregulation. Changes in social cognition (secondary outcome) differed between groups in feeling scores on the Frith-Happe Animations (Week 8, p = 0.026; Week 12, p = 0.025). Post-hoc analysis showed that the active group improved better on this social cognition than the sham group. Dropout rates did not vary between groups; the most common adverse event in both groups was local pain. Notably, our findings would not survive stringent multiple comparison corrections. Conclusions Our findings suggest that iTBS over the RIFG is not different from sham in reducing autistic symptoms and emotion dysregulation. Nonetheless, RIFG iTBS may improve social cognition of mentalizing others' feelings in autistic individuals. © The Author(s), 2024. Published by Cambridge University Press.","Article","Scopus",1,1,"0",0,1,1,"sum scores, binary","categorization and feeling scores are 0-8 and binary in nature",0,0,1,1,"sum scores; binary",NA,"PM_0116",0,0,1,1,"sum score; binary",NA,1
"PM_0118","Beatty C.C.; Gair K.; Anatala J.; Klein D.N.; Hajcak G.; Nelson B.D.","Beatty, Clare C. (57212278387); Gair, Kelly (58606488400); Anatala, Joy (58796546500); Klein, Daniel N. (57451478100); Hajcak, Greg (6602784521); Nelson, Brady D. (35771334600)","57212278387; 58606488400; 58796546500; 57451478100; 6602784521; 35771334600","Neural response to monetary and social rewards and familial risk for psychopathology in adolescent females",2024,"Psychological Medicine",54,"8",NA,1768,1778,10,"https://doi.org/10.1017/S0033291723003720","https://www.scopus.com/inward/record.uri?eid=2-s2.0-85181566314&doi=10.1017%2fS0033291723003720&partnerID=40&md5=ec2e646d8b98f56e2487af4b219f582f","Background Adolescence is a key developmental period for the emergence of psychopathology. Reward-related brain activity increases across adolescence and has been identified as a potential neurobiological mechanism of risk for different forms of psychopathology. The reward positivity (RewP) is an event-related potential component that indexes reward system activation and has been associated with both concurrent and family history of psychopathology. However, it is unclear whether the RewP is also associated with higher-order psychopathology subfactors and whether this relationship is present across different types of reward. Methods In a sample of 193 adolescent females and a biological parent, the present study examined the association between adolescent and parental psychopathology subfactors and adolescent RewP to monetary and social reward. Results Results indicated that the adolescent and parental distress subfactors were negatively associated with the adolescent domain-general RewP. The adolescent and parental positive mood subfactors were negatively associated with the adolescent domain-general and domain-specific monetary RewP, respectively. Conversely, the adolescent and parental fear/obsessions subfactors were positively associated with the adolescent domain-general RewP. The associations between parental and adolescent psychopathology subfactors and the adolescent RewP were independent of each other. Conclusions The RewP in adolescent females is associated with both concurrent and parental psychopathology symptoms, suggesting that it indexes both severity and risk for higher-order subfactors. Copyright © The Author(s), 2024. Published by Cambridge University Press.","Article","Scopus",1,1,"0",0,0,NA,"amplitude",NA,0,0,0,NA,"amplitude",NA,"PM_0118",0,0,0,NA,"amplitude",NA,1
"PS_0001","Wald K.A.; Kardas M.; Epley N.","Wald, Kristina A. (57211582290); Kardas, Michael (57190668797); Epley, Nicholas (6603845858)","57211582290; 57190668797; 6603845858","Misplaced Divides? Discussing Political Disagreement With Strangers Can Be Unexpectedly Positive",2024,"Psychological Science",35,"5",NA,471,488,17,"https://doi.org/10.1177/09567976241230005","https://www.scopus.com/inward/record.uri?eid=2-s2.0-85189028195&doi=10.1177%2f09567976241230005&partnerID=40&md5=b898166a91c1148790b3e7319382ae10","Differences of opinion between people are common in everyday life, but discussing those differences openly in conversation may be unnecessarily rare. We report three experiments (N = 1,264 U.S.-based adults) demonstrating that people’s interest in discussing important but potentially divisive topics is guided by their expectations about how positively the conversation will unfold, leaving them more interested in having a conversation with someone who agrees versus disagrees with them. People’s expectations about their conversations, however, were systematically miscalibrated such that people underestimated how positive these conversations would be—especially in cases of disagreement. Miscalibrated expectations stemmed from underestimating the degree of common ground that would emerge in conversation and from failing to appreciate the power of social forces in conversation that create social connection. Misunderstanding the outcomes of conversation could lead people to avoid discussing disagreements more often, creating a misplaced barrier to learning, social connection, free inquiry, and free expression. © The Author(s) 2024.","Article","Scopus",1,1,"0.0",0,1,1,"ordinal",NA,0,0,1,1,"sum scores",NA,"PS_0001",0,0,1,1,"sum scores",NA,1
"PS_0004","Ryan W.H.; Baum S.M.; Evers E.R.K.","Ryan, William H. (57225978377); Baum, Stephen M. (57210962678); Evers, Ellen R. K. (56096349000)","57225978377; 57210962678; 56096349000","Biases in Improvement Decisions: People Focus on the Relative Reduction in Bad Outcomes",2024,"Psychological Science",35,"5",NA,558,574,16,"https://doi.org/10.1177/09567976241232891","https://www.scopus.com/inward/record.uri?eid=2-s2.0-85190646303&doi=10.1177%2f09567976241232891&partnerID=40&md5=23776e3bb9acbed6af29d5cdb0d17e5a","People often decide whether to invest scarce resources—such as time, money, or energy—to improve their chances of a positive outcome. For example, a doctor might decide whether to utilize scarce medicine to improve a patient’s chances of recovery, or a student might decide whether to study a few additional hours to increase their chances of passing an exam. We conducted 11 studies (N = 5,342 adults) and found evidence that people behave as if they focus on the relative reduction in bad outcomes caused by such improvements. As a consequence, the same improvements (e.g., 10-percentage-point improvements) are valued very differently depending on whether one’s initial chances of success are high or low. This focus on the relative reduction of bad outcomes drives risk preferences that violate normative standards (Studies 1a–1g and 2a), is amplified when decisions become more consequential (Study 2b), and leads even experienced professionals to make suboptimal decisions (Study 3). © The Author(s) 2024.","Article","Scopus",1,1,"0.0",0,1,1,"wtp; binary","willingness to pay: numerical bounded 0 +",0,0,1,1,"slider; binary","0-3$","PS_0004",0,0,1,1,"slider; binary",NA,1
"PS_0005","Bennett D.; Albertella L.; Forbes L.; Hayes T.; Verdejo-Garcia A.; Walasek L.; Ludvig E.A.","Bennett, Daniel (7401540743); Albertella, Lucy (15025915100); Forbes, Laura (58933795500); Hayes, Ty (59304170900); Verdejo-Garcia, Antonio (6506946174); Walasek, Lukasz (56072963700); Ludvig, Elliot A. (16233903300)","7401540743; 15025915100; 58933795500; 59304170900; 6506946174; 56072963700; 16233903300","People Place Larger Bets When Risky Choices Provide a Postbet Option to Cash Out",2024,"Psychological Science",35,"11",NA,1231,1245,14,"https://doi.org/10.1177/09567976241266516","https://www.scopus.com/inward/record.uri?eid=2-s2.0-85202566208&doi=10.1177%2f09567976241266516&partnerID=40&md5=d066a89cbe4df0ab5d519f4ed9d02bb6","After a risky choice, decision makers must frequently wait out a delay period before the outcome of their choice becomes known. In contemporary sports-betting apps, decision makers can “cash out” of their bet during this delay period by accepting a discounted immediate payout. An important open question is how availability of a postchoice cash-out option alters choice. We investigated this question using a novel gambling task that incorporated a cash-out option during the delay between bet and outcome. Across two experiments (N = 240 adults, recruited via Prolific), cash-out availability increased participants’ bet amounts by up to 35%. Participants who were more likely to cash out when odds deteriorated were less likely to cash out when odds improved. Furthermore, the effect of cash-out availability on bet amounts was positively correlated with individual differences in cash-out propensity for bets with deteriorating odds only. These results suggest that cash-out availability may promote larger bets by allowing bettors to avoid losing their entire stake. © The Author(s) 2024.","Article","Scopus",1,1,"1.0",0,1,1,"binary; slider","slider (5-50 or 5-100) incorrect link",1,0,1,1,"binary; slider","amount bet","PS_0005",1,0,1,1,"binary; slider",NA,1
"PS_0009","Villano W.J.; Kraus N.I.; Reneau T.R.; Jaso B.A.; Otto A.R.; Heller A.S.","Villano, William J. (57204159614); Kraus, Noah I. (58041758600); Reneau, T. Rick (57216897864); Jaso, Brittany A. (57193216570); Otto, A. Ross (35322991600); Heller, Aaron S. (11142009100)","57204159614; 58041758600; 57216897864; 57193216570; 35322991600; 11142009100","The Causes and Consequences of Drifting Expectations",2024,"Psychological Science",35,"8",NA,900,917,17,"https://doi.org/10.1177/09567976241235930","https://www.scopus.com/inward/record.uri?eid=2-s2.0-85196654819&doi=10.1177%2f09567976241235930&partnerID=40&md5=00e1c7e6d3ccfe3d028e2e3cd6f53a04","Awaiting news of uncertain outcomes is distressing because the news might be disappointing. To prevent such disappointments, people often “brace for the worst,” pessimistically lowering expectations before news arrives to decrease the possibility of surprising disappointment (a negative prediction error, or PE). Computational decision-making research commonly assumes that expectations do not drift within trials, yet it is unclear whether expectations pessimistically drift in real-world, high-stakes settings, what factors influence expectation drift, and whether it effectively buffers emotional responses to goal-relevant outcomes. Moreover, individuals learn from PEs to accurately anticipate future outcomes, but it is unknown whether expectation drift also impedes PE-based learning. In a sample of students awaiting exam grades (N = 625), we found that expectations often drift and tend to drift pessimistically. We demonstrate that bracing is preferentially modulated by uncertainty; it transiently buffers the initial emotional impact of negative PEs but impairs PE-based learning, counterintuitively sustaining uncertainty into the future. © The Author(s) 2024.","Article","Scopus",1,1,"1.0",1,0,NA,"slider; difference score","(0-100, and after mean); but.. Maybe ordinal ""in increments of 1 point""; fanno ordinal però riportano nel supplementary i risulti",1,1,1,1,"sum scores; ordinal","sum score di sliders","PS_0009",1,1,1,1,"sum scores","sum score di sliders",1
"PS_0011","Hutchings R.J.; Freiburger E.; Sim M.; Hugenberg K.","Hutchings, Ryan J. (57209398148); Freiburger, Erin (57208283597); Sim, Mattea (57214129146); Hugenberg, Kurt (56982790700)","57209398148; 57208283597; 57214129146; 56982790700","Racial Prejudice Affects Representations of Facial Trustworthiness",2024,"Psychological Science",35,"3",NA,263,276,13,"https://doi.org/10.1177/09567976231225094","https://www.scopus.com/inward/record.uri?eid=2-s2.0-85184166945&doi=10.1177%2f09567976231225094&partnerID=40&md5=5681a25cb9c600146dc94e7f498fe638","What makes faces seem trustworthy? We investigated how racial prejudice predicts the extent to which perceivers employ racially prototypical cues to infer trustworthiness from faces. We constructed participant-level computational models of trustworthiness and White-to-Black prototypicality from U.S. college students’ judgments of White (Study 1, N = 206) and Black–White morphed (Study 3, N = 386) synthetic faces. Although the average relationships between models differed across stimuli, both studies revealed that as participants’ anti-Black prejudice increased and/or intergroup contact decreased, so too did participants’ tendency to conflate White prototypical features with trustworthiness and Black prototypical features with untrustworthiness. Study 2 (N = 324) and Study 4 (N = 397) corroborated that untrustworthy faces constructed from participants with pro-White preferences appeared more Black prototypical to naive U.S. adults, relative to untrustworthy faces modeled from other participants. This work highlights the important role of racial biases in shaping impressions of facial trustworthiness. © The Author(s) 2024.","Article","Scopus",1,1,"0.0",0,1,1,"ordinal; times standardized?; slider; proportions","slider (0-100)",0,0,1,1,"slider",NA,"PS_0011",0,0,1,1,"sum scores",NA,1
"PS_0016","Ren Z.; Schaumberg R.","Ren, Zhiying (57791675000); Schaumberg, Rebecca (26639721500)","57791675000; 26639721500","Disagreement Gets Mistaken for Bad Listening",2024,"Psychological Science",35,"5",NA,455,470,15,"https://doi.org/10.1177/09567976241239935","https://www.scopus.com/inward/record.uri?eid=2-s2.0-85190802795&doi=10.1177%2f09567976241239935&partnerID=40&md5=a26ee0224a2f6225d70f9fc68699806a","It is important for people to feel listened to in professional and personal communications, and yet they can feel unheard even when others have listened well. We propose that this feeling may arise because speakers conflate agreement with listening quality. In 11 studies (N = 3,396 adults), we held constant or manipulated a listener’s objective listening behaviors, manipulating only after the conversation whether the listener agreed with the speaker. Across various topics, mediums (e.g., video, chat), and cues of objective listening quality, speakers consistently perceived disagreeing listeners as worse listeners. This effect persisted after controlling for other positive impressions of the listener (e.g., likability). This effect seemed to emerge because speakers believe their views are correct, leading them to infer that a disagreeing listener must not have been listening very well. Indeed, it may be prohibitively difficult for someone to simultaneously convey that they disagree and that they were listening. © The Author(s) 2024.","Article","Scopus",1,1,"0.0",0,1,1,"ordinal",NA,0,0,1,1,"ordinal",NA,"PS_0016",0,0,1,1,"ordinal",NA,1
"PS_0017","Guérette J.; Blais C.; Fiset D.","Guérette, Joël (57226298964); Blais, Caroline (24779482800); Fiset, Daniel (8532606600)","57226298964; 24779482800; 8532606600","Verbal Aggressions Against Major League Baseball Umpires Affect Their Decision Making",2024,"Psychological Science",35,"3",NA,288,303,15,"https://doi.org/10.1177/09567976241227411","https://www.scopus.com/inward/record.uri?eid=2-s2.0-85186437090&doi=10.1177%2f09567976241227411&partnerID=40&md5=966b63094c30e7194f2065ac7dd1b4fe","Excessively criticizing a perceived unfair decision is considered to be common behavior among people seeking to restore fairness. However, the effectiveness of this strategy remains unclear. Using an ecological environment where excessive criticism is rampant—Major League Baseball—we assess the impact of verbal aggression on subsequent home-plate umpire decision making during the 2010 to 2019 seasons (N = 153,255 pitches). Results suggest a two-sided benefit of resorting to verbal abuse. After being excessively criticized, home-plate umpires (N = 110 adults, employed in the United States) were less likely to call strikes to batters from the complaining team and more prone to call strikes to batters on the opposing team. A series of additional analyses lead us to reject an alternative hypothesis, namely that umpires, after ejecting the aggressor, seek to compensate for the negative consequences brought on by the loss of a teammate. Rather, our findings support the hypothesis that, under certain conditions, verbal aggression may offer an advantage to complainants. © The Author(s) 2024.","Article","Scopus",1,1,"1.0",1,0,NA,"binary",NA,1,1,0,NA,"binary",NA,"PS_0017",1,1,0,NA,"binary",NA,1
"PS_0020","Lee S.H.; Song M.S.; Oh M.-H.; Ahn W.-Y.","Lee, Sang Ho (57343830100); Song, Myeong Seop (58875177800); Oh, Min-Hwan (56939849000); Ahn, Woo-Young (25923327500)","57343830100; 58875177800; 56939849000; 25923327500","Bridging the Gap Between Self-Report and Behavioral Laboratory Measures: A Real-Time Driving Task With Inverse Reinforcement Learning",2024,"Psychological Science",35,"4",NA,345,357,12,"https://doi.org/10.1177/09567976241228503","https://www.scopus.com/inward/record.uri?eid=2-s2.0-85186559549&doi=10.1177%2f09567976241228503&partnerID=40&md5=57ee8a5a2b3589790f88915e07522438","A major challenge in assessing psychological constructs such as impulsivity is the weak correlation between self-report and behavioral task measures that are supposed to assess the same construct. To address this issue, we developed a real-time driving task called the “highway task,” in which participants often exhibit impulsive behaviors mirroring real-life impulsive traits captured by self-report questionnaires. Here, we show that a self-report measure of impulsivity is highly correlated with performance in the highway task but not with traditional behavioral task measures of impulsivity (47 adults aged 18–33 years). By integrating deep neural networks with an inverse reinforcement learning (IRL) algorithm, we inferred dynamic changes of subjective rewards during the highway task. The results indicated that impulsive participants attribute high subjective rewards to irrational or risky situations. Overall, our results suggest that using real-time tasks combined with IRL can help reconcile the discrepancy between self-report and behavioral task measures of psychological constructs. © The Author(s) 2024.","Article","Scopus",1,1,NA,NA,NA,NA,NA,"non trovate interazioni",0,0,1,1,"sum scores",NA,"PS_0020",0,0,1,1,"sum scores",NA,1
"PS_0021","Roth N.; McLaughlin J.; Obermayer K.; Rolfs M.","Roth, Nicolas (57222379414); McLaughlin, Jasper (59419969400); Obermayer, Klaus (59599176400); Rolfs, Martin (6603456402)","57222379414; 59419969400; 59599176400; 6603456402","Gaze Behavior Reveals Expectations of Potential Scene Changes",2024,"Psychological Science",35,"12",NA,1350,1363,13,"https://doi.org/10.1177/09567976241279198","https://www.scopus.com/inward/record.uri?eid=2-s2.0-85209909242&doi=10.1177%2f09567976241279198&partnerID=40&md5=c7492b3b9b58fa06a873d0389bbf976d","Even if the scene before our eyes remains static for some time, we might explore it differently compared with how we examine static images, which are commonly used in studies on visual attention. Here we show experimentally that the top-down expectation of changes in natural scenes causes clearly distinguishable gaze behavior for visually identical scenes. We present free-viewing eye-tracking data of 20 healthy adults on a new video dataset of natural scenes, each mapped for its potential for change (PfC) in independent ratings. Observers looking at frozen videos looked significantly more often at the parts of the scene with a high PfC compared with static images, with substantially higher interobserver coherence. This viewing difference peaked right before a potential movement onset. Established concepts like object animacy or salience alone could not explain this finding. Images thus conceal experience-based expectations that affect gaze behavior in the potentially dynamic real world. © The Author(s) 2024.","Article","Scopus",1,1,"0.0",0,0,NA,"PfC scores",NA,0,0,1,0,"PfC rating","WHAT?!","PS_0021",0,0,1,0,"PfC scores",NA,1
"PS_0022","Imhoff R.; Müller B.C.N.; Heidrich V.","Imhoff, Roland (35200726200); Müller, Barbara C. N. (26022500900); Heidrich, Verena (58941878100)","35200726200; 26022500900; 58941878100","Do They Look the Same Unless They Are Angry? Investigating the Other-Race Effect in the Presence of Angry Expressions",2024,"Psychological Science",35,"4",NA,405,414,9,"https://doi.org/10.1177/09567976231218640","https://www.scopus.com/inward/record.uri?eid=2-s2.0-85187942389&doi=10.1177%2f09567976231218640&partnerID=40&md5=68f2082e3c0f298b7ef02601a5efec39","Ethnic out-group members are disproportionately more often the victim of misidentifications. The so-called other-race effect (ORE), the tendency to better remember faces of individuals belonging to one’s own ethnic in-group than faces belonging to an ethnic out-group, has been identified as one causal ingredient in such tragic incidents. Investigating an important aspect for the ORE—that is, emotional expression—the seminal study by Ackerman and colleagues (2006) found that White participants remembered neutral White faces better than neutral Black faces, but crucially, Black angry faces were better remembered than White angry faces (i.e., a reversed ORE). In the current study, we sought to replicate this study and directly tackle the potential causes for different results with later work. Three hundred ninety-six adult White U.S. citizens completed our study in which we manipulated the kind of employed stimuli (as in the original study vs. more standardized ones) whether participants knew of the recognition task already at the encoding phase. Additionally, participants were asked about the unusualness of the presented faces. We were able to replicate results from the Ackerman et al. (2006) study with the original stimuli but not with more standardized stimuli. © The Author(s) 2024.","Article","Scopus",1,1,"0.0",0,1,1,"proportions; ordinal",NA,0,0,1,1,NA,"we applied the log-linear approach","PS_0022",0,0,1,1,"proportions; ordinal; binary",NA,1
"PS_0023","Tarder-Stoll H.; Baldassano C.; Aly M.","Tarder-Stoll, Hannah (57213831316); Baldassano, Christopher (55355508800); Aly, Mariam (36508478600)","57213831316; 55355508800; 36508478600","Consolidation Enhances Sequential Multistep Anticipation but Diminishes Access to Perceptual Features",2024,"Psychological Science",35,"10",NA,1178,1199,21,"https://doi.org/10.1177/09567976241256617","https://www.scopus.com/inward/record.uri?eid=2-s2.0-85200684842&doi=10.1177%2f09567976241256617&partnerID=40&md5=604186ed990b35ca8cca315820cb3556","Many experiences unfold predictably over time. Memory for these temporal regularities enables anticipation of events multiple steps into the future. Because temporally predictable events repeat over days, weeks, and years, we must maintain—and potentially transform—memories of temporal structure to support adaptive behavior. We explored how individuals build durable models of temporal regularities to guide multistep anticipation. Healthy young adults (Experiment 1: N = 99, age range = 18–40 years; Experiment 2: N = 204, age range = 19–40 years) learned sequences of scene images that were predictable at the category level and contained incidental perceptual details. Individuals then anticipated upcoming scene categories multiple steps into the future, immediately and at a delay. Consolidation increased the efficiency of anticipation, particularly for events further in the future, but diminished access to perceptual features. Further, maintaining a link-based model of the sequence after consolidation improved anticipation accuracy. Consolidation may therefore promote efficient and durable models of temporal structure, thus facilitating anticipation of future events. © The Author(s) 2024.","Article","Scopus",1,1,"1.0",0,1,1,"binary; times","per binary sarebbe l'accuratezza",1,0,1,1,"response time; accuracy",NA,"PS_0023",1,0,1,1,"binary; times",NA,1
"PS_0025","Van Marcke H.; Denmat P.L.; Verguts T.; Desender K.","Van Marcke, Hélène (57567143700); Denmat, Pierre Le (58918189300); Verguts, Tom (6701480667); Desender, Kobe (54968898600)","57567143700; 58918189300; 6701480667; 54968898600","Manipulating Prior Beliefs Causally Induces Under- and Overconfidence",2024,"Psychological Science",35,"4",NA,358,375,17,"https://doi.org/10.1177/09567976241231572","https://www.scopus.com/inward/record.uri?eid=2-s2.0-85186562851&doi=10.1177%2f09567976241231572&partnerID=40&md5=90294eff0964bcf5ce184d47f9b78073","Humans differ vastly in the confidence they assign to decisions. Although such under- and overconfidence relate to fundamental life outcomes, a computational account specifying the underlying mechanisms is currently lacking. We propose that prior beliefs in the ability to perform a task explain confidence differences across participants and tasks, despite similar performance. In two perceptual decision-making experiments, we show that manipulating prior beliefs about performance during training causally influences confidence in healthy adults (N = 50 each; Experiment 1: 8 men, one nonbinary; Experiment 2: 5 men) during a test phase, despite unaffected objective performance. This is true when prior beliefs are induced via manipulated comparative feedback and via manipulated training-phase difficulty. Our results were accounted for within an accumulation-to-bound model, explicitly modeling prior beliefs on the basis of earlier task exposure. Decision confidence is quantified as the probability of being correct conditional on prior beliefs, causing under- or overconfidence. We provide a fundamental mechanistic insight into the computations underlying under- and overconfidence. © The Author(s) 2024.","Article","Scopus",1,1,"1.0",0,1,1,"binary; ordinal; times","per binary sarebbe l'accuratezza",0,0,1,1,"ordinal",NA,"PS_0025",1,0,1,1,"binary; ordinal; times",NA,1
"PS_0026","Kim M.; Doeller C.F.","Kim, Misun (57194630032); Doeller, Christian F. (6507122603)","57194630032; 6507122603","Cognitive Maps for a Non-Euclidean Environment: Path Integration and Spatial Memory on a Sphere",2024,"Psychological Science",35,"11",NA,1217,1230,13,"https://doi.org/10.1177/09567976241279291","https://www.scopus.com/inward/record.uri?eid=2-s2.0-85208196674&doi=10.1177%2f09567976241279291&partnerID=40&md5=03aff78f8a4365376d2749ec41f16067","Humans build mental models of the world and utilize them for various cognitive tasks. The exact form of cognitive maps is not fully understood, especially for novel and complex environments beyond the flat Euclidean environment. To address this gap, we investigated path integration—a critical process underlying cognitive mapping—and spatial-memory capacity on the spherical (non-Euclidean) and planar (Euclidean) environments in young healthy adults (N = 20) using immersive virtual reality. We observed a strong Euclidean bias during the path-integration task on the spherical surface, even among participants who possessed knowledge of non-Euclidean geometry. Notably, despite this bias, participants demonstrated reasonable navigation ability on the sphere. This observation and simulation suggest that humans navigate nonflat surfaces by constructing locally confined Euclidean maps and flexibly combining them. This insight sheds light on potential neural mechanisms and behavioral strategies for solving complex cognitive tasks. © The Author(s) 2024.","Article","Scopus",1,1,"0.0",0,1,1,"distance",NA,0,0,1,1,"difference","angular difference","PS_0026",0,0,1,1,"distance/angular difference",NA,1
"PS_0027","Brandt E.; Maner J.K.","Brandt, Elena (58666614400); Maner, Jon K. (6602626645)","58666614400; 6602626645","Attitudes and Laws About Abortion Are Linked to Extrinsic Mortality Risk: A Life-History Perspective on Variability in Reproductive Rights",2024,"Psychological Science",35,"2",NA,111,125,14,"https://doi.org/10.1177/09567976231217410","https://www.scopus.com/inward/record.uri?eid=2-s2.0-85182183473&doi=10.1177%2f09567976231217410&partnerID=40&md5=5e577871df65f00ad48626df9ab79d15","Abortion policy is conventionally viewed as a political matter with religious overtones. This article offers a different view. From the perspective of evolutionary biology, abortion at a young age can represent prioritization of long-term development over immediate reproduction, a pattern established in other animal species as resulting from stable ecologies with low mortality risk. We examine whether laws and moral beliefs about abortions are linked to local mortality rates. Data from 50 U.S. states, 202 world societies, 2,596 adult individuals in 363 U.S. counties, and 147,260 respondents across the globe suggest that lower levels of mortality risk are associated with more permissive laws and attitudes toward abortion. Those associations were observed when we controlled for religiosity, political ideology, wealth, education, and industrialization. Integrating evolutionary and cultural perspectives offers an explanation as to why moral beliefs and legal norms about reproduction may be sensitive to levels of ecological adversity. © The Author(s) 2024.","Article","Scopus",1,1,"0.0",0,1,0,"ordinal",NA,0,0,1,0,"ordinal",NA,"PS_0027",0,0,1,0,"ordinal",NA,1
"PS_0029","Wan Q.; Sloutsky V.M.","Wan, Qianqian (59276691600); Sloutsky, Vladimir M. (6701387276)","59276691600; 6701387276","Exploration, Distributed Attention, and Development of Category Learning",2024,"Psychological Science",35,"10",NA,1164,1177,13,"https://doi.org/10.1177/09567976241258146","https://www.scopus.com/inward/record.uri?eid=2-s2.0-85201573826&doi=10.1177%2f09567976241258146&partnerID=40&md5=6a6c91ae9b8205539aa38def36ee2f16","Category learning is a crucial aspect of cognition that involves organizing entities into equivalence classes. Whereas adults tend to focus on category-relevant features, young children often distribute attention between relevant and irrelevant ones. The reasons for children’s distributed attention are not fully understood. In two category-learning experiments with adults and with children aged 4, 5, and 6 (N = 201), we examined potential drivers of distributed attention, including (a) immature filtering of distractors and (b) the general tendency for exploration or broad information sampling. By eliminating distractor competition, we reduced filtering demands. Despite identifying the features critical for accurate categorization, children, regardless of their categorization performance, continued sampling more information than was necessary. These results indicate that the tendency to sample information extensively contributes to distributed attention in young children. We identify candidate drivers of this tendency that need to be examined in future research. © The Author(s) 2024.","Article","Scopus",1,1,"0.0",0,1,1,"binary; proportion",NA,0,0,1,1,"proportions; entropy","entropy?","PS_0029",0,0,1,1,"binary; proportion; entropy",NA,1
"PS_0031","Karimpur H.; Wolf C.; Fiehler K.","Karimpur, Harun (57000476400); Wolf, Christian (56806258700); Fiehler, Katja (19933730400)","57000476400; 56806258700; 19933730400","The (Un)ideal Physicist: How Humans Rely on Object Interaction for Friction Estimates",2024,"Psychological Science",35,"2",NA,191,201,10,"https://doi.org/10.1177/09567976231221789","https://www.scopus.com/inward/record.uri?eid=2-s2.0-85182984990&doi=10.1177%2f09567976231221789&partnerID=40&md5=3e340edbe04bb829d020b73d8fdf8d65","To estimate object properties such as mass or friction, our brain relies on visual information to efficiently compute approximations. The role of sensorimotor feedback, however, is not well understood. Here we tested healthy adults (N = 79) in an inclined-plane problem, that is, how much a plane can be tilted before an object starts to slide, and contrasted the interaction group with observation groups who accessed involved forces by watching objects being manipulated. We created objects of different masses and levels of friction and asked participants to estimate the critical tilt angle after pushing an object, lifting it, or both. Estimates correlated with applied forces and were biased toward object mass, with higher estimates for heavier objects. Our findings highlight that inferences about physical object properties are tightly linked to the human sensorimotor system and that humans integrate sensorimotor information even at the risk of nonveridical perceptual estimates. © The Author(s) 2024.","Article","Scopus",1,1,"0.0",0,1,1,"difference scores; slider",NA,0,0,1,1,"angles; differences",NA,"PS_0031",0,0,1,1,"distance/angular difference",NA,1
"PS_0032","Siev J.J.; Teeny J.D.","Siev, Joseph J. (57201217072); Teeny, Jacob D. (57194765999)","57201217072; 57194765999","Personal Misconduct Elicits Harsher Professional Consequences for Artists (vs. Scientists): A Moral-Decoupling Process",2024,"Psychological Science",35,"1",NA,82,92,10,"https://doi.org/10.1177/09567976231214739","https://www.scopus.com/inward/record.uri?eid=2-s2.0-85180860933&doi=10.1177%2f09567976231214739&partnerID=40&md5=14c02968633b9060ec552154fe9d0612","Recent years have brought increased accountability for personal misconduct, yet often, unequal consequences have resulted from similar offenses. Findings from a unique archival data set (N = 619; all university faculty) and three preregistered experiments (N = 2,594) show that the perceived artistic-versus-scientific nature of the offender’s professional contributions influences the professional punishment received. In Study 1, analysis of four decades of university sexual-misconduct cases reveals that faculty in artistic (vs. scientific) fields have on average received more severe professional consequences. Study 2 demonstrates this experimentally, offering mediational evidence that greater difficulty morally decoupling art (vs. science) contributes to the phenomenon. Study 3 provides further evidence for this mechanism through experimental moderation. Finally, Study 4 shows that merely framing an individual’s work as artistic versus scientific results in replication of these effects. Several potential alternative mechanisms to moral decoupling are tested but not supported. Practical and theoretical implications are discussed. © The Author(s) 2023.","Article","Scopus",1,1,"0.0",0,1,1,"sum scores; ordinal",NA,0,0,1,1,"ordinal; sum scores",NA,"PS_0032",0,0,1,1,"sum scores; ordinal",NA,1
"PS_0033","Sobel D.M.; Kamper D.G.; Song J.-H.","Sobel, David M. (7004480764); Kamper, David G. (57928990700); Song, Joo-Hyun (8933324200)","7004480764; 57928990700; 8933324200","Distinct Inhibitory-Control Processes Underlie Children’s Judgments of Fairness",2024,"Psychological Science",35,"1",NA,93,107,14,"https://doi.org/10.1177/09567976231217420","https://www.scopus.com/inward/record.uri?eid=2-s2.0-85181746976&doi=10.1177%2f09567976231217420&partnerID=40&md5=5bdb120baa0bc4a8ff61f8486ad4f9a3","We examined how 5- to 8-year-olds (N = 51; Mage = 83 months; 27 female, 24 male; 69% White, 12% Black/African American, 8% Asian/Asian American, 6% Hispanic, 6% not reported) and adults (N = 18; Mage = 20.13 years; 11 female, 7 male) accepted or rejected different distributions of resources between themselves and others. We used a reach-tracking method to track finger movement in 3D space over time. This allowed us to dissociate two inhibitory processes. One involved pausing motor responses to detect conflict between observed information and how participants thought resources should be divided; the other involved resolving the conflict between the response and the alternative. Reasoning about disadvantageous inequities involved more of the first system, and this was stable across development. Reasoning about advantageous inequities involved more of the second system and showed more of a developmental progression. Generally, reach tracking offers an on-line measure of inhibitory control for the study of cognition. © The Author(s) 2024.","Article","Scopus",1,1,"1.0",1,1,1,"binary; times; deviance","GEE model con distribuzione bin logistic x testare interazioni",0,0,1,1,"binary; times; deviance","gee models?","PS_0033",1,1,1,1,"binary; times; deviance",NA,1
"PS_0035","Odic D.; Knowlton T.; Wellwood A.; Pietroski P.; Lidz J.; Halberda J.","Odic, Darko (35176298400); Knowlton, Tyler (57222209533); Wellwood, Alexis (55240152400); Pietroski, Paul (6507028714); Lidz, Jeffrey (6603025693); Halberda, Justin (6506837974)","35176298400; 57222209533; 55240152400; 6507028714; 6603025693; 6506837974","Observers Efficiently Extract the Minimal and Maximal Element in Perceptual Magnitude Sets: Evidence for a Bipartite Format",2024,"Psychological Science",35,"2",NA,162,174,12,"https://doi.org/10.1177/09567976231223130","https://www.scopus.com/inward/record.uri?eid=2-s2.0-85182854318&doi=10.1177%2f09567976231223130&partnerID=40&md5=6bbe7ace29d971ac27892c191c7e8d59","The mind represents abstract magnitude information, including time, space, and number, but in what format is this information stored? We show support for the bipartite format of perceptual magnitudes, in which the measured value on a dimension is scaled to the dynamic range of the input, leading to a privileged status for values at the lowest and highest end of the range. In six experiments with college undergraduates, we show that observers are faster and more accurate to find the endpoints (i.e., the minimum and maximum) than any of the inner values, even as the number of items increases beyond visual short-term memory limits. Our results show that length, size, and number are represented in a dynamic format that allows for comparison-free sorting, with endpoints represented with an immediately accessible status, consistent with the bipartite model of perceptual magnitudes. We discuss the implications for theories of visual search and ensemble perception. © The Author(s) 2024.","Article","Scopus",1,1,"0.0",0,1,1,"accuracy; times",NA,0,0,1,1,"times; accuracy",NA,"PS_0035",0,0,1,1,"accuracy; times",NA,1
"PS_0036","Prinzing M.","Prinzing, Michael (57196033234)","57196033234","Proenvironmental Behavior Increases Subjective Well-Being: Evidence From an Experience-Sampling Study and a Randomized Experiment",2024,"Psychological Science",35,"9",NA,951,961,10,"https://doi.org/10.1177/09567976241251766","https://www.scopus.com/inward/record.uri?eid=2-s2.0-85194561826&doi=10.1177%2f09567976241251766&partnerID=40&md5=7334081b61ce2f0b903d08b775a72a56","Two preregistered studies investigated whether engaging in proenvironmental behavior increases a person’s well-being. A 10-day experience-sampling study (7,161 observations from 181 adults in 14 countries, primarily the United States) revealed positive within-person and between-person associations, and a randomized controlled experiment (N = 545 U.S. undergraduates) found that incorporating proenvironmental behavior into individuals’ daily activities increased their experiences of happiness and meaning in life. Indeed, the effect was comparable to incorporating activities selected specifically to elicit such positive states, though these results may be affected by demand characteristics. The studies also offered some tentative preliminary evidence about why such an effect might emerge. There was some support for the hypothesis that proenvironmental behavior affects well-being by creating a “warm glow.” But overall the findings align more closely with the hypothesis that proenvironmental behavior helps to satisfy individuals’ basic psychological needs. © The Author(s) 2024.","Article","Scopus",1,1,"0.0",0,1,1,"slider; sum scores",NA,0,0,1,1,"slider","SWB in study 1 could be ordinal, but has 11 points (>10 points); SWB in study 2 is derived as factor score so is not considered here","PS_0036",0,0,1,1,"slider; sum score",NA,1
"PS_0037","Rude E.D.; Shaddy F.","Rude, Eitan D. (58987044800); Shaddy, Franklin (57024237600)","58987044800; 57024237600","People Endorse Harsher Policies in Principle Than in Practice: Asymmetric Beliefs About Which Errors to Prevent Versus Fix",2024,"Psychological Science",35,"5",NA,529,542,13,"https://doi.org/10.1177/09567976241228504","https://www.scopus.com/inward/record.uri?eid=2-s2.0-85190480579&doi=10.1177%2f09567976241228504&partnerID=40&md5=9004b36738dd9cfaf844e3f84ac12eb2","Countless policies are crafted with the intention of punishing all who do wrong or rewarding only those who do right. However, this requires accommodating certain mistakes: some who do not deserve to be punished might be, and some who deserve to be rewarded might not be. Six preregistered experiments (N = 3,484 U.S. adults) reveal that people are more willing to accept this trade-off in principle, before errors occur, than in practice, after errors occur. The result is an asymmetry such that for punishments, people believe it is more important to prevent false negatives (e.g., criminals escaping justice) than to fix them, and more important to fix false positives (e.g., wrongful convictions) than to prevent them. For rewards, people believe it is more important to prevent false positives (e.g., welfare fraud) than to fix them and more important to fix false negatives (e.g., improperly denied benefits) than to prevent them. © The Author(s) 2024.","Article","Scopus",1,1,"1.0",1,1,1,"binary; ordinal",NA,1,1,1,1,"binary; sum scores",NA,"PS_0037",1,1,1,1,"binary; sum score",NA,1
"PS_0038","Wu Q.; Flombaum J.I.","Wu, Qihan (58976168900); Flombaum, Jonathan I. (6507625241)","58976168900; 6507625241","The Motion-Silencing Illusion Depends on Object-Centered Representation",2024,"Psychological Science",35,"5",NA,504,516,12,"https://doi.org/10.1177/09567976241235104","https://www.scopus.com/inward/record.uri?eid=2-s2.0-85189822793&doi=10.1177%2f09567976241235104&partnerID=40&md5=3310b10627782298ceebe928078cb844","Motion silencing is a striking and unexplained visual illusion wherein changes that are otherwise salient become difficult to perceive when the changing elements also move. We develop a new method for quantifying illusion strength (Experiments 1a and 1b), and we demonstrate a privileged role for rotational motion on illusion strength compared with highly controlled stimuli that lack rotation (Experiments 2a to 3b). These contrasts make it difficult to explain the illusion in terms of lower-level detection limits. Instead, we explain the illusion as a failure to attribute changes to locations. Rotation exacerbates the illusion because its perception relies upon structured object representations. This aggravates the difficulty of attributing changes by demanding that locations are referenced relative to both an object-internal frame and an external frame. Two final experiments (4a and 4b) add support to this account by employing a synchronously rotating external frame of reference that diminishes otherwise strong motion silencing. All participants were Johns Hopkins University undergraduates. © The Author(s) 2024.","Article","Scopus",1,1,"0.0",0,1,0,"times",NA,0,0,1,0,"times",NA,"PS_0038",0,0,1,0,"times",NA,1
"PS_0039","Yoon Y.R.; Woolley K.","Yoon, Y. Rin (58941266000); Woolley, Kaitlin (56584088900)","58941266000; 56584088900","The Interactive Effect of Incentive Salience and Prosocial Motivation on Prosocial Behavior",2024,"Psychological Science",35,"4",NA,390,404,14,"https://doi.org/10.1177/09567976241234560","https://www.scopus.com/inward/record.uri?eid=2-s2.0-85187901090&doi=10.1177%2f09567976241234560&partnerID=40&md5=bfd3614d769b084de3d4c63e52af29c0","Charities often use incentives to increase prosocial action. However, charities sometimes downplay these incentives in their messaging (pilot study), possibly to avoid demotivating donors. We challenge this strategy, examining whether increasing the salience of incentives for prosocial action can in fact motivate charitable behavior. Three controlled experiments (N = 2,203 adults) and a field study with an alumni-donation campaign (N = 22,468 adults) found that more (vs. less) salient incentives are more effective at increasing prosocial behavior when prosocial motivation is low (vs. high). This is because more (vs. less) salient incentives increase relative consideration of self-interest (vs. other-regarding) benefits, which is a stronger driver of behavior at low (vs. high) levels of prosocial motivation. By identifying that prosocial motivation moderates the effect of incentive salience on charitable behavior, and by detailing the underlying mechanism, we advance theory and practice on incentive salience, motivation, and charitable giving. © The Author(s) 2024.","Article","Scopus",1,1,"1.0",1,1,1,"ordinal; count; binary",NA,1,1,1,1,"ordinal; count; binary",NA,"PS_0039",1,1,1,1,"ordinal; count; binary",NA,1
"PS_0041","Townsend C.H.; Mishra S.; Kray L.J.","Townsend, Charlotte H. (58335732200); Mishra, Sonya (57701227500); Kray, Laura J. (6701497925)","58335732200; 57701227500; 6701497925","Not All Powerful People Are Created Equal: An Examination of Gender and Pathways to Social Hierarchy Through the Lens of Social Cognition",2024,"Psychological Science",35,"9",NA,962,975,13,"https://doi.org/10.1177/09567976241260251","https://www.scopus.com/inward/record.uri?eid=2-s2.0-85200747325&doi=10.1177%2f09567976241260251&partnerID=40&md5=96ece47b36617095ea8920324ee32a00","Across four studies (N = 816 U.S. adults), we uncovered a gender stereotype about dual pathways to social hierarchy: Men were associated with power, and women were associated with status. We detected this pattern both explicitly and implicitly in perceptions of individuals drawn from Forbes magazine’s powerful people lists in undergraduate and online samples. We examined social-cognitive implications, including prominent people’s degree of recognition by individuals and society, and the formation of men’s and women’s self-concepts. We found that power (status) ratings predicted greater recognition of men (women) and lesser recognition of women (men). In terms of the self-concept, we found that women internalized the stereotype associating women with status more than power implicitly and explicitly. Although men explicitly reported having less status and more power than women, men implicitly associated the self with status as much as power. No gender differences emerged in the desires for power and status. © The Author(s) 2024.","Article","Scopus",1,1,"1.0",0,1,1,"binary; sum scores; log(count)",NA,1,0,1,1,"binary; sum scores; logCount","power and status are sum scores of Likert responses","PS_0041",1,0,1,1,"binary; sum score; logCount",NA,1
"PS_0044","Pillaud N.; Ric F.","Pillaud, Nicolas (57217232254); Ric, François (6603123299)","57217232254; 6603123299","The Affect Misattribution Procedure Revisited: An Informational Account",2024,"Psychological Science",35,"12",NA,1340,1349,9,"https://doi.org/10.1177/09567976241287735","https://www.scopus.com/inward/record.uri?eid=2-s2.0-85212129712&doi=10.1177%2f09567976241287735&partnerID=40&md5=2f0f9b74002db6f05329620b554ba85a","The aim of this research was to test an informational explanation of the effects observed in the affect misattribution procedure (AMP). According to this explanation, participants performing the AMP would simplify the task by asking whether the target is pleasant (yes vs. no) and would use the affective information provided by the prime to answer the question (positive = yes, negative = no). In line with this proposition, we observed in three preregistered experiments that slightly modifying the response options proposed in the task moderated the effect, which can be canceled (Experiment 1) and even reversed (Experiments 2 and 3). These results are consistent with the informational explanation and seem difficult to explain by the operation of misattribution processes. © The Author(s) 2024.","Article","Scopus",1,1,"0.0",0,1,1,"binary",NA,0,0,1,1,"binary",NA,"PS_0044",0,0,1,1,"binary",NA,1
"PS_0046","Wald K.A.; Abraham M.; Pike B.; Galinsky A.D.","Wald, Kristina A. (57211582290); Abraham, Mabel (57193717186); Pike, Brian (57201121058); Galinsky, Adam D. (6701326505)","57211582290; 57193717186; 57201121058; 6701326505","Gender Differences in Climbing up the Ladder: Why Experience Closes the Ambition Gender Gap",2024,"Psychological Science",35,"11",NA,1287,1307,20,"https://doi.org/10.1177/09567976241266778","https://www.scopus.com/inward/record.uri?eid=2-s2.0-85206888559&doi=10.1177%2f09567976241266778&partnerID=40&md5=fbc1883b334e60236ed30be7b0e95dcf","Women are unequally represented in the highest positions in society. Beyond discrimination and bias, women are missing from the top because they are less likely to pursue high-ranking opportunities. We propose that experience is a critical moderator of gender differences in pursuing leadership opportunities, with low-experience women being particularly unlikely to seek higher level positions. We used field analyses of 96 years of U.S. senator and governor elections to examine male and female politicians’ propensity to run for higher political offices. As predicted, among those with little political experience, women were less likely than men to run for higher office, but experience closed this gender gap. A preregistered experiment among U.S.-based adults replicated the field findings and revealed that it was the increased self-confidence of experienced women that reduced the gender gap. The findings suggest experience, and the self-confidence that comes with it, is one lever for closing the gender gap in seeking to climb professional hierarchies. © The Author(s) 2024.","Article","Scopus",1,1,"1.0",1,1,1,"binary; ordinal; sum scores",NA,1,1,1,1,"binary; ordinal; sum scores",NA,"PS_0046",1,1,1,1,"binary; ordinal; sum score",NA,1
"PS_0047","Robertson C.E.; Akles M.; Van Bavel J.J.","Robertson, Claire E. (57215603258); Akles, Madison (57751461400); Van Bavel, Jay J. (22986966200)","57215603258; 57751461400; 22986966200","Preregistered Replication and Extension of “Moral Hypocrisy: Social Groups and the Flexibility of Virtue”",2024,"Psychological Science",35,"7",NA,798,813,15,"https://doi.org/10.1177/09567976241246552","https://www.scopus.com/inward/record.uri?eid=2-s2.0-85193632249&doi=10.1177%2f09567976241246552&partnerID=40&md5=8e8cb3247086ac43a47bc228242303dc","The tendency for people to consider themselves morally good while behaving selfishly is known as moral hypocrisy. Influential work by Valdesolo and DeSteno (2007) found evidence for intergroup moral hypocrisy such that people were more forgiving of transgressions when they were committed by an in-group member than an out-group member. We conducted two experiments to examine moral hypocrisy and group membership in an online paradigm with Prolific workers from the United States: a direct replication of the original work with minimal groups (N = 610; nationally representative) and a conceptual replication with political groups (N = 606; 50% Democrats and 50% Republicans). Although the results did not replicate the original findings, we observed evidence of in-group favoritism in minimal groups and out-group derogation in political groups. The current research finds mixed evidence of intergroup moral hypocrisy and has implications for understanding the contextual dependencies of intergroup bias and partisanship. © The Author(s) 2024.","Article","Scopus",1,1,"0.0",0,1,1,"ordinal",NA,0,0,1,1,"ordinal",NA,"PS_0047",0,0,1,1,"ordinal",NA,1
"PS_0049","Hillman H.; Botthof T.; Forrence A.D.; McDougle S.D.","Hillman, Hanna (57216742295); Botthof, Tabea (58825546400); Forrence, Alexander D. (57195613043); McDougle, Samuel D. (54783196600)","57216742295; 58825546400; 57195613043; 54783196600","Dissociable Codes in Motor Working Memory",2024,"Psychological Science",35,"2",NA,150,161,11,"https://doi.org/10.1177/09567976231221756","https://www.scopus.com/inward/record.uri?eid=2-s2.0-85182806009&doi=10.1177%2f09567976231221756&partnerID=40&md5=06ad835154562973c309f8467625a1bb","Working memory has been comprehensively studied in sensory domains, like vision, but little attention has been paid to how motor information (e.g., kinematics of recent movements) is maintained and manipulated in working memory. “Motor working memory” (MWM) is important for short-term behavioral control and skill learning. Here, we employed tasks that required participants to encode and recall reaching movements over short timescales. We conducted three experiments (N = 65 undergraduates) to examine MWM under varying cognitive loads, delays, and degrees of interference. The results support a model of MWM that includes an abstract code that flexibly transfers across effectors, and an effector-specific code vulnerable to interfering movements, even when interfering movements are irrelevant to the task. Neither code was disrupted by increasing visuospatial working memory load. These results echo distinctions between representational formats in other domains, suggesting that MWM shares a basic computational structure with other working memory subsystems. © The Author(s) 2024.","Article","Scopus",1,1,"0.0",0,1,0,"distance; difference scores; variability",NA,0,0,0,NA,"distance; variability",NA,"PS_0049",0,0,1,0,"distance; variability",NA,1
"PS_0051","Woitzel J.; Alves H.","Woitzel, Johanna (57997709800); Alves, Hans (49561093000)","57997709800; 49561093000","The Formation of Negative Attitudes Toward Novel Groups",2024,"Psychological Science",35,"6",NA,613,622,9,"https://doi.org/10.1177/09567976241239932","https://www.scopus.com/inward/record.uri?eid=2-s2.0-85191264211&doi=10.1177%2f09567976241239932&partnerID=40&md5=d3fe464ed9349aee62937f7d0573dd52","People perceive out-groups, minorities, and novel groups more negatively than in-groups, majorities, and familiar groups. Previous research has argued that such intergroup biases may be caused by the order in which people typically encounter social groups. Groups that are relatively novel to perceivers (e.g., out-groups, minorities) are primarily associated with distinct attributes that differentiate them from familiar groups. Because distinct attributes are typically negative, attitudes toward novel groups are negatively biased. Five experiments (N = 2,615 adults) confirmed the generalizability of the novel groups’ disadvantage to different aspects of attitude formation (i.e., evaluations, memory, stereotyping), to cases with more than two groups, and to cases in which groups were majority/minority or in-groups/out-groups. Our findings revealed a remarkably robust influence of learning order in the formation of group attitudes, and they imply that people often perceive novel groups more negatively than they actually are. © The Author(s) 2024.","Article","Scopus",1,1,"1.0",1,1,1,"ordinal; binary",NA,1,1,1,1,"binary; ordinal",NA,"PS_0051",1,1,1,1,"ordinal; binary",NA,1
"PS_0052","Kathios N.; Sachs M.E.; Zhang E.; Ou Y.; Loui P.","Kathios, Nicholas (57838361100); Sachs, Matthew E. (56770774800); Zhang, Euan (57838087600); Ou, Yongtian (57838361200); Loui, Psyche (25621629500)","57838361100; 56770774800; 57838087600; 57838361200; 25621629500","Generating New Musical Preferences From Multilevel Mapping of Predictions to Reward",2024,"Psychological Science",35,"1",NA,34,54,20,"https://doi.org/10.1177/09567976231214185","https://www.scopus.com/inward/record.uri?eid=2-s2.0-85178201199&doi=10.1177%2f09567976231214185&partnerID=40&md5=5a8e5fd16921a0f3d47a7538a1af4d56","Much of what we know and love about music hinges on our ability to make successful predictions, which appears to be an intrinsically rewarding process. Yet the exact process by which learned predictions become pleasurable is unclear. Here we created novel melodies in an alternative scale different from any established musical culture to show how musical preference is generated de novo. Across nine studies (n = 1,185), adult participants learned to like more frequently presented items that adhered to this rapidly learned structure, suggesting that exposure and prediction errors both affected self-report liking ratings. Learning trajectories varied by music-reward sensitivity but were similar for U.S. and Chinese participants. Furthermore, functional MRI activity in auditory areas reflected prediction errors, whereas functional connectivity between auditory and medial prefrontal regions reflected both exposure and prediction errors. Collectively, results support predictive coding as a cognitive mechanism by which new musical sounds become rewarding. © The Author(s) 2023.","Article","Scopus",1,1,"0.0",0,1,1,"ordinal; cor",NA,0,0,1,1,"sum scores; cor","sum scores are presumed from familiarity and liking ordinal ratings; correlations are for functional connectivity","PS_0052",0,0,1,1,"ordinal; cor",NA,1
"PS_0053","Nair K.; Mosleh M.; Kouchaki M.","Nair, Krishnan (57218644363); Mosleh, Mohsen (36761144000); Kouchaki, Maryam (51665356900)","57218644363; 36761144000; 51665356900","Racial Minorities Face Discrimination From Across the Political Spectrum When Seeking to Form Ties on Social Media: Evidence From a Field Experiment",2024,"Psychological Science",35,"11",NA,1278,1286,8,"https://doi.org/10.1177/09567976241274738","https://www.scopus.com/inward/record.uri?eid=2-s2.0-85206392887&doi=10.1177%2f09567976241274738&partnerID=40&md5=c5e5fa290b4ba61178482a3dd0de45e3","We conducted a preregistered field experiment examining racial discrimination in tie formation on social media. We randomly assigned research accounts varying on race (Black, White) and politics (liberal/Democrat, conservative/Republican, neutral) to follow a politically balanced sample of Twitter (i.e., X) users (N = 5,951) who were unaware they were in a research study. We examined three predictions from the social and political psychology literatures: i) individuals favor White over Black targets, ii) this tendency is stronger for conservatives/Republicans than for liberals/Democrats, and iii) greater discrimination by conservatives/Republicans is explained by the assumption that racial minorities are liberal/Democrat. We found evidence that individuals were less likely to reciprocate social ties with Black accounts than White accounts. However, this tendency was not moderated by individuals’ political orientation, shared partisanship, or partisan mismatch. In sum, this work provides field experimental evidence for racial discrimination in tie formation on social media by individuals across political backgrounds. © The Author(s) 2024.","Article","Scopus",1,1,"0.0",0,1,0,"binary",NA,0,0,1,0,"binary",NA,"PS_0053",0,0,1,0,"binary",NA,1
"PS_0054","Stern J.; Krämer M.D.; Schumacher A.; MacDonald G.; Richter D.","Stern, Julia (57209345040); Krämer, Michael D. (57208213476); Schumacher, Alexander (57344407200); MacDonald, Geoff (8742092800); Richter, David (55555107600)","57209345040; 57208213476; 57344407200; 8742092800; 55555107600","Differences Between Lifelong Singles and Ever-Partnered Individuals in Big Five Personality Traits and Life Satisfaction",2024,"Psychological Science",35,"12",NA,1364,1381,17,"https://doi.org/10.1177/09567976241286865","https://www.scopus.com/inward/record.uri?eid=2-s2.0-85210087418&doi=10.1177%2f09567976241286865&partnerID=40&md5=9b21118bc2dbcd7acfe5be8d8ee415bb","Being romantically partnered is widely seen as a societal norm, and it has been shown to be positively associated with important life outcomes, such as physical and mental health. However, the percentage of singles is steadily increasing, with more people staying single for life. We used the Survey of Health, Ageing and Retirement in Europe (SHARE; N = 77,064, mainly ≥ 50 years, 27 countries) to investigate Big Five personality traits and life satisfaction in lifelong singles compared with ever-partnered individuals. Specification-curve analyses suggested that lifelong singles were less extraverted, less conscientious, less open to experiences (dependent on singlehood definition), and less satisfied with their lives. Effects were stronger for never-partnered than for never-cohabitating or never-married individuals and were partly moderated by gender, age, country-level singlehood, and gender ratio. Our study provides insights into the characteristics of lifelong singles and has implications for understanding mental health and structures of social support in older individuals. © The Author(s) 2024.","Article","Scopus",1,1,"0.0",0,1,1,"sum scores; slider",NA,0,0,1,1,"sum scores; ordinal","sum scores is for Big Five; ordinal is for single item life satisfaction","PS_0054",0,0,1,1,"sum scores; slider",NA,1
"PS_0055","Krämer M.D.; Bleidorn W.","Krämer, Michael D. (57208213476); Bleidorn, Wiebke (27367623900)","57208213476; 27367623900","The Well-Being Costs of Informal Caregiving",2024,"Psychological Science",35,"12",NA,1382,1394,12,"https://doi.org/10.1177/09567976241279203","https://www.scopus.com/inward/record.uri?eid=2-s2.0-85210153001&doi=10.1177%2f09567976241279203&partnerID=40&md5=eb3d2ea092982fd4076719c0f61af16d","How does informal care affect caregivers’ well-being? Theories and existing research provide conflicting answers to this question, partly because the temporal processes and conditions under which different aspects of well-being are affected are unknown. Here, we used longitudinal data from Dutch, German, and Australian representative panels (281,884 observations, 28,663 caregivers) to examine theoretically derived hypotheses about changes in caregivers’ life satisfaction, affective experiences, depression/anxiety, and loneliness. Overall, results provided evidence for negative well-being effects after the transition into a caregiver role, with more pronounced and longer-lasting well-being losses in women than in men. We further found that well-being losses were larger with more time spent on caregiving, in both men and women. These results were robust across moderators of the caregiving context (care tasks, relationship with care recipient, and full-time employment). Together, the present findings support predictions of stress theory and highlight lingering questions in theoretical frameworks of care-related well-being costs. © The Author(s) 2024.","Article","Scopus",1,1,"0.0",0,1,1,"sum scores",NA,0,1,1,1,"sum scores; slider","slider is for POMP","PS_0055",0,0,1,1,NA,NA,1
"PS_0056","Ji H.; Wang K.; Kong G.; Zhang X.; He W.; Ding X.","Ji, Huichao (57211212120); Wang, Kaiyue (57195200309); Kong, Garry (57190843431); Zhang, Xiaodan (57775065800); He, Wenzhen (59183030100); Ding, Xiaowei (52463405200)","57211212120; 57195200309; 57190843431; 57775065800; 59183030100; 52463405200","The Basic Units of Working Memory Manipulation Are Boolean Maps, Not Objects",2024,"Psychological Science",35,"8",NA,887,899,12,"https://doi.org/10.1177/09567976241257443","https://www.scopus.com/inward/record.uri?eid=2-s2.0-85196646000&doi=10.1177%2f09567976241257443&partnerID=40&md5=b6262aeb051a2efab7e3db7c33379d51","Determining the manipulation unit of working memory is one of the fundamental questions in understanding how working memory functions. The prevalent object-based theory in cognitive research predicts that memory manipulation is performed on the level of objects. Here we show instead that the basic units of working memory manipulation are Boolean maps, a data structure describing what can be perceived in an instant. We developed four new manipulation tasks (with data from 80 adults) and showed that manipulation times only increased when the number of Boolean maps manipulated increased. Increasing the number of orientations manipulated did not induce longer manipulation times, consistent with a key prediction of the Boolean map theory. Our results show that Boolean maps are the manipulation unit of working memory. © The Author(s) 2024.","Article","Scopus",1,1,"0.0",0,1,1,"times; binary",NA,0,0,1,1,"times; binary","report multiple interactions being significant even though they are not","PS_0056",0,1,1,1,"times; binary",NA,1
"PS_0057","Merrell W.N.; Choi S.; Ackerman J.M.","Merrell, Wilson N. (57408618500); Choi, Soyeon (57408794600); Ackerman, Joshua M. (15057559100)","57408618500; 57408794600; 15057559100","When and Why People Conceal Infectious Disease",2024,"Psychological Science",35,"3",NA,215,225,10,"https://doi.org/10.1177/09567976231221990","https://www.scopus.com/inward/record.uri?eid=2-s2.0-85182991133&doi=10.1177%2f09567976231221990&partnerID=40&md5=35d97b058a17a844f4b9fc6a8ef012db","People sick with infectious illnesses face negative social outcomes, like exclusion, and may take steps to conceal their illnesses from others. In 10 studies of past, current, and projected illness, we examined the prevalence and predictors of infection concealment in adult samples of U.S. university students, health-care employees, and online crowdsourced workers (total N = 4,110). About 75% reported concealing illness in interpersonal interactions, possibly placing others in harm’s way. Concealment motives were largely social (e.g., wanting to attend events like parties) and achievement oriented (e.g., completing work objectives). Disease characteristics, including potential harm and illness immediacy, also influenced concealment decisions. People imagining harmful (vs. mild) infections concealed illness less frequently, whereas participants who were actually sick concealed frequently regardless of illness harm, suggesting state-specific biases underlying concealment decisions. Disease concealment appears to be a widely prevalent behavior by which concealers trade off risks to others in favor of their own goals, creating potentially important public-health consequences. © The Author(s) 2024.","Article","Scopus",1,1,"0.0",0,1,1,"sum scores",NA,0,0,1,1,"sum scores","responses are ordinal 1-7: it is presumed that they are then averaged","PS_0057",0,0,1,1,"sum scores",NA,1
"PS_0058","Dai B.; Zhai Y.; Long Y.; Lu C.","Dai, Bohan (55453264700); Zhai, Yu (57195592919); Long, Yuhang (57189590499); Lu, Chunming (55675988600)","55453264700; 57195592919; 57189590499; 55675988600","How the Listener’s Attention Dynamically Switches Between Different Speakers During a Natural Conversation",2024,"Psychological Science",35,"6",NA,635,652,17,"https://doi.org/10.1177/09567976241243367","https://www.scopus.com/inward/record.uri?eid=2-s2.0-85191346600&doi=10.1177%2f09567976241243367&partnerID=40&md5=66d09fc440a523c7aa32a9efaf7b0432","The neural mechanisms underpinning the dynamic switching of a listener’s attention between speakers are not well understood. Here we addressed this issue in a natural conversation involving 21 triadic adult groups. Results showed that when the listener’s attention dynamically switched between speakers, neural synchronization with the to-be-attended speaker was significantly enhanced, whereas that with the to-be-ignored speaker was significantly suppressed. Along with attention switching, semantic distances between sentences significantly increased in the to-be-ignored speech. Moreover, neural synchronization negatively correlated with the increase in semantic distance but not with acoustic change of the to-be-ignored speech. However, no difference in neural synchronization was found between the listener and the two speakers during the phase of sustained attention. These findings support the attenuation model of attention, indicating that both speech signals are processed beyond the basic physical level. Additionally, shifting attention imposes a cognitive burden, as demonstrated by the opposite fluctuations of interpersonal neural synchronization. © The Author(s) 2024.","Article","Scopus",1,1,"0.0",0,0,NA,"distance",NA,0,0,0,NA,"distance",NA,"PS_0058",0,0,0,NA,"distance",NA,1
"PS_0060","Lind M.; Ture S.; McAdams D.P.; Cowan H.R.","Lind, Majse (57193758974); Ture, Sebnem (59473189600); McAdams, Dan P. (35606332800); Cowan, Henry R. (57201008542)","57193758974; 59473189600; 35606332800; 57201008542","Narrative Identity, Traits, and Trajectories of Depression and Well-Being: A 9-Year Longitudinal Study",2024,"Psychological Science",35,"12",NA,1325,1339,14,"https://doi.org/10.1177/09567976241296512","https://www.scopus.com/inward/record.uri?eid=2-s2.0-85208176323&doi=10.1177%2f09567976241296512&partnerID=40&md5=670c12103c392e0674df72943192bca5","Mental health and well-being tend to improve with age, and personality differences affect these trajectories. Although it is well established that dispositional traits, such as extraversion and neuroticism, relate to well-being, the incremental validity of other important personality constructs, such as narrative identity, remains unknown. Across 9 years, 157 late-midlife adults (Mage = 56.4 years, SD = 0.96) self-reported their well-being and symptoms of depression each year and wrote an annual narrative account describing their greatest life challenge (Nchallenges = 1,211). The narrative accounts were content-coded for themes of agency and communion. Results showed that themes of agency and communion in narrative identity were significantly and uniquely associated with well-being and depression across time, over and above the effects of traits. The benefits of considering both narrative identity and dispositional personality traits as they jointly apply to mental health are discussed. © The Author(s) 2024.","Article","Scopus",1,1,"0.0",0,1,1,"sum scores",NA,0,0,1,1,"sum scores",NA,"PS_0060",0,0,1,1,"sum scores",NA,1
"PS_0061","Golec de Zavala A.; Keenan O.; Ziegler M.; Mazurkiewicz M.; Nalberczak-Skóra M.; Ciesielski P.; Wahl J.E.; Sedikides C.","Golec de Zavala, Agnieszka (40461438300); Keenan, Oliver (57218802790); Ziegler, Matthias (24315090000); Mazurkiewicz, Magdalena (57224533776); Nalberczak-Skóra, Maria (57200638923); Ciesielski, Pawel (57321045100); Wahl, Julia E. (57223404004); Sedikides, Constantine (7003355759)","40461438300; 57218802790; 24315090000; 57224533776; 57200638923; 57321045100; 57223404004; 7003355759","Mindful-Gratitude Practice Reduces Prejudice at High Levels of Collective Narcissism",2024,"Psychological Science",35,"2",NA,137,149,12,"https://doi.org/10.1177/09567976231220902","https://www.scopus.com/inward/record.uri?eid=2-s2.0-85182862327&doi=10.1177%2f09567976231220902&partnerID=40&md5=fa0fe2d73d618796ca75cf92ea28cedb","This research tested the hypothesis that mindful-gratitude practice attenuates the robust association between collective narcissism and prejudice. In Study 1 (a between-subjects study using a nationally representative sample of 569 Polish adults; 313 female), 10 min of mindful-gratitude practice—compared to mindful-attention practice and control—did not decrease prejudice (anti-Semitism), but weakened the positive link between collective narcissism and prejudice. In Study 2 (a preregistered, randomized, controlled-trial study using a convenience sample of 219 Polish adults; 168 female), a 6-week mobile app supported training in daily mindful-gratitude practice decreased prejudice (anti-Semitism, sexism, homophobia, anti-immigrant sentiment) and its link with collective narcissism compared to a wait-list control. The hypothesis-consistent results emphasize the social relevance of mindful-gratitude practice, a time- and cost-effective intervention. © The Author(s) 2024.","Article","Scopus",1,1,"0.0",0,1,1,"sum scores",NA,0,0,1,1,"sum scores",NA,"PS_0061",0,0,1,1,"sum scores",NA,1
"PS_0062","McEllin L.; Sebanz N.","McEllin, Luke (57193235627); Sebanz, Natalie (57207605071)","57193235627; 57207605071","Synchrony Influences Estimates of Cooperation in a Public-Goods Game",2024,"Psychological Science",35,"2",NA,202,212,10,"https://doi.org/10.1177/09567976231223410","https://www.scopus.com/inward/record.uri?eid=2-s2.0-85184167229&doi=10.1177%2f09567976231223410&partnerID=40&md5=fafc1564a0518d86807906a009392d50","Benefiting from a cooperative interaction requires people to estimate how cooperatively other members of a group will act so that they can calibrate their own behavior accordingly. We investigated whether the synchrony of a group’s actions influences observers’ estimates of cooperation. Participants (recruited through Prolific) watched animations of actors deciding how much to donate in a public-goods game and using a mouse to drag donations to a public pot. Participants then estimated how much was in the pot in total (as an index of how cooperative they thought the group members were). Experiment 1 (N = 136 adults) manipulated the synchrony between players’ decision-making time, and Experiment 2 (N = 136 adults) manipulated the synchrony between players’ decision-implementing movements. For both experiments, estimates of how much was in the pot were higher for synchronous than asynchronous groups, demonstrating that the temporal dynamics of an interaction contain signals of a group’s level of cooperativity. © The Author(s) 2024.","Article","Scopus",1,1,"0.0",0,1,1,"slider",NA,0,0,1,1,"slider-like","it's actually a bounded count","PS_0062",0,0,1,1,"slider-like",NA,1
"PS_0065","Michal A.L.; Shah P.","Michal, Audrey L. (56441473700); Shah, Priti (7403285225)","56441473700; 7403285225","A Practical Significance Bias in Laypeople’s Evaluation of Scientific Findings",2024,"Psychological Science",35,"4",NA,315,327,12,"https://doi.org/10.1177/09567976241231506","https://www.scopus.com/inward/record.uri?eid=2-s2.0-85186950636&doi=10.1177%2f09567976241231506&partnerID=40&md5=bc91e579c15f65eb58820f71632d5e4d","People often rely on scientific findings to help them make decisions—however, failing to report effect magnitudes might lead to a potential bias in assuming findings are practically significant. Across two online studies (Prolific; N = 800), we measured U.S. adults’ endorsements of expensive interventions described in media reports that led to effects that were small, large, or of unreported magnitude between groups. Participants who viewed interventions with unreported effect magnitudes were more likely to endorse interventions compared with those who viewed interventions with small effects and were just as likely to endorse interventions as those who viewed interventions with large effects, suggesting a practical significance bias. When effect magnitudes were reported, participants on average adjusted their evaluations accordingly. However, some individuals, such as those with low numeracy skills, were more likely than others to act on small effects, even when explicitly prompted to first consider the meaningfulness of the effect. © The Author(s) 2024.","Article","Scopus",1,1,"0.0",0,1,1,"slider",NA,0,0,1,1,"slider",NA,"PS_0065",0,0,1,1,"slider",NA,1
