"scenario_id","family","slice","slice_membership","paper_anchor","scenario_label","generating_model","generating_link","fitted_model_set","fitted_link_set","base_seed","seed_rule","B","alpha","generating_interaction","N","k_trials","chance","age_min","age_max","age_center","beta_intercept","beta_age","beta_group","beta_age_group","beta_main_1_multiplier","beta_main_2_multiplier","varied_parameter","varied_value","J","item_max","theta_sd","beta_x","beta_x_group","x_min","x_max","threshold_shift","n_subjects","target_icc","reference_beta_intercept","reference_beta_group","reference_beta_condition","reference_beta_group_condition","logit_probit_scale","coefficient_scale","beta_condition","beta_group_condition","model_label","fitted_link","fit_structure","B_requested","n_attempted","n_successful_fits","n_failed_fits","fit_success_rate","false_positive_count","false_positive_rate","false_positive_mc_se","false_positive_ci_low","false_positive_ci_high","median_interaction_coefficient","median_interaction_se","median_response_scale_did","median_outcome_scale_did","deterministic_pseudo_interaction","deterministic_response_scale_did","n_convergence_problems","convergence_problem_rate","fit_problem_messages","rate_type","generated_at","atlas_version","run_type"
"FC-001","forced_choice","paper_anchor","paper_anchor;scale_location",TRUE,"Lower performance","Chance-corrected binomial","chance-corrected logit","Gaussian identity;Standard binomial logit;Standard binomial probit;Chance-corrected binomial logit","identity;logit;probit;chance-corrected logit",20260807,"seed = (base_seed + stream_offset + scenario_number * 10000 + replication) modulo .Machine$integer.max",500,0.05,0,250,20,0.5,6,10,8,-0.8,0.6,-0.9,0,1,1,"beta_intercept",-0.8,,,,,,,,,,,,,,,,,,,"Chance-corrected binomial logit","chance-corrected logit",,500,500,500,0,1,18,0.036,0.0083311463797007,0.0228910609802927,0.0561843269680277,0.0184538781082018,0.173763303798026,-0.0735692575141061,-1.47138515028212,0,-0.0770488161853033,0,0,"","Nominal generating-scale rejection rate","2026-08-07 17:53:07 UTC","0.1.0","full"
"FC-001","forced_choice","paper_anchor","paper_anchor;scale_location",TRUE,"Lower performance","Chance-corrected binomial","chance-corrected logit","Gaussian identity;Standard binomial logit;Standard binomial probit;Chance-corrected binomial logit","identity;logit;probit;chance-corrected logit",20260807,"seed = (base_seed + stream_offset + scenario_number * 10000 + replication) modulo .Machine$integer.max",500,0.05,0,250,20,0.5,6,10,8,-0.8,0.6,-0.9,0,1,1,"beta_intercept",-0.8,,,,,,,,,,,,,,,,,,,"Gaussian identity","identity",,500,500,500,0,1,209,0.418,0.0220579237463547,0.375553048071933,0.461697343763761,-0.020327813615074,0.0117543571274216,-0.0813112544602957,-1.62622508920591,-0.0770488161853033,-0.0770488161853033,0,0,"","Pseudo-interaction detection rate","2026-08-07 17:53:07 UTC","0.1.0","full"
"FC-001","forced_choice","paper_anchor","paper_anchor;scale_location",TRUE,"Lower performance","Chance-corrected binomial","chance-corrected logit","Gaussian identity;Standard binomial logit;Standard binomial probit;Chance-corrected binomial logit","identity;logit;probit;chance-corrected logit",20260807,"seed = (base_seed + stream_offset + scenario_number * 10000 + replication) modulo .Machine$integer.max",500,0.05,0,250,20,0.5,6,10,8,-0.8,0.6,-0.9,0,1,1,"beta_intercept",-0.8,,,,,,,,,,,,,,,,,,,"Standard binomial logit","logit",,500,500,500,0,1,277,0.554,0.0222298897883008,0.510182962815483,0.59699360841467,-0.110885433620175,0.0520037865093648,-0.0793833212579677,-1.58766642515935,-0.452678649406715,-0.0770488161853033,0,0,"","Pseudo-interaction detection rate","2026-08-07 17:53:07 UTC","0.1.0","full"
"FC-001","forced_choice","paper_anchor","paper_anchor;scale_location",TRUE,"Lower performance","Chance-corrected binomial","chance-corrected logit","Gaussian identity;Standard binomial logit;Standard binomial probit;Chance-corrected binomial logit","identity;logit;probit;chance-corrected logit",20260807,"seed = (base_seed + stream_offset + scenario_number * 10000 + replication) modulo .Machine$integer.max",500,0.05,0,250,20,0.5,6,10,8,-0.8,0.6,-0.9,0,1,1,"beta_intercept",-0.8,,,,,,,,,,,,,,,,,,,"Standard binomial probit","probit",,500,500,500,0,1,267,0.534,0.0223089219820232,0.490182322305524,0.57729922254309,-0.0658477723354358,0.0318299054960882,-0.0799421405779552,-1.5988428115591,-0.262364478700272,-0.0770488161853033,0,0,"","Pseudo-interaction detection rate","2026-08-07 17:53:07 UTC","0.1.0","full"
"FC-002","forced_choice","paper_anchor","paper_anchor;main_effect_surface;sample_size;scale_location;trial_count;chance_level",TRUE,"Middle performance","Chance-corrected binomial","chance-corrected logit","Gaussian identity;Standard binomial logit;Standard binomial probit;Chance-corrected binomial logit","identity;logit;probit;chance-corrected logit",20260807,"seed = (base_seed + stream_offset + scenario_number * 10000 + replication) modulo .Machine$integer.max",500,0.05,0,250,20,0.5,6,10,8,0,0.6,-0.9,0,1,1,"beta_intercept",0,,,,,,,,,,,,,,,,,,,"Chance-corrected binomial logit","chance-corrected logit",,500,500,500,0,1,28,0.056,0.0102824121683582,0.0390256206831515,0.0797447936467069,-0.00223943813573951,0.116754153144498,-0.0374605611699019,-0.749211223398039,0,-0.0358519356909944,0,0,"","Nominal generating-scale rejection rate","2026-08-07 17:53:07 UTC","0.1.0","full"
"FC-002","forced_choice","paper_anchor","paper_anchor;main_effect_surface;sample_size;scale_location;trial_count;chance_level",TRUE,"Middle performance","Chance-corrected binomial","chance-corrected logit","Gaussian identity;Standard binomial logit;Standard binomial probit;Chance-corrected binomial logit","identity;logit;probit;chance-corrected logit",20260807,"seed = (base_seed + stream_offset + scenario_number * 10000 + replication) modulo .Machine$integer.max",500,0.05,0,250,20,0.5,6,10,8,0,0.6,-0.9,0,1,1,"beta_intercept",0,,,,,,,,,,,,,,,,,,,"Gaussian identity","identity",,500,500,500,0,1,83,0.166,0.0166399519230075,0.13595774323101,0.201135316197307,-0.0111265620386735,0.0110616451835286,-0.0445062481546941,-0.890124963093881,-0.0358519356909944,-0.0358519356909944,0,0,"","Pseudo-interaction detection rate","2026-08-07 17:53:07 UTC","0.1.0","full"
"FC-002","forced_choice","paper_anchor","paper_anchor;main_effect_surface;sample_size;scale_location;trial_count;chance_level",TRUE,"Middle performance","Chance-corrected binomial","chance-corrected logit","Gaussian identity;Standard binomial logit;Standard binomial probit;Chance-corrected binomial logit","identity;logit;probit;chance-corrected logit",20260807,"seed = (base_seed + stream_offset + scenario_number * 10000 + replication) modulo .Machine$integer.max",500,0.05,0,250,20,0.5,6,10,8,0,0.6,-0.9,0,1,1,"beta_intercept",0,,,,,,,,,,,,,,,,,,,"Standard binomial logit","logit",,500,500,500,0,1,285,0.57,0.0221404606998138,0.526234239925742,0.612698352409641,-0.121833636539317,0.056513028940561,-0.0430866281648598,-0.861732563297196,-0.472741965870331,-0.0358519356909944,0,0,"","Pseudo-interaction detection rate","2026-08-07 17:53:07 UTC","0.1.0","full"
"FC-002","forced_choice","paper_anchor","paper_anchor;main_effect_surface;sample_size;scale_location;trial_count;chance_level",TRUE,"Middle performance","Chance-corrected binomial","chance-corrected logit","Gaussian identity;Standard binomial logit;Standard binomial probit;Chance-corrected binomial logit","identity;logit;probit;chance-corrected logit",20260807,"seed = (base_seed + stream_offset + scenario_number * 10000 + replication) modulo .Machine$integer.max",500,0.05,0,250,20,0.5,6,10,8,0,0.6,-0.9,0,1,1,"beta_intercept",0,,,,,,,,,,,,,,,,,,,"Standard binomial probit","probit",,500,500,500,0,1,249,0.498,0.0223605008888441,0.454356860591708,0.541673636770138,-0.0654347049743073,0.0334801279394971,-0.0426093031096335,-0.852186062192669,-0.242607035150972,-0.0358519356909944,0,0,"","Pseudo-interaction detection rate","2026-08-07 17:53:07 UTC","0.1.0","full"
"FC-003","forced_choice","paper_anchor","paper_anchor;scale_location",TRUE,"Higher performance","Chance-corrected binomial","chance-corrected logit","Gaussian identity;Standard binomial logit;Standard binomial probit;Chance-corrected binomial logit","identity;logit;probit;chance-corrected logit",20260807,"seed = (base_seed + stream_offset + scenario_number * 10000 + replication) modulo .Machine$integer.max",500,0.05,0,250,20,0.5,6,10,8,0.8,0.6,-0.9,0,1,1,"beta_intercept",0.8,,,,,,,,,,,,,,,,,,,"Chance-corrected binomial logit","chance-corrected logit",,500,500,500,0,1,23,0.046,0.00936845771725528,0.0308451083708162,0.0680777927682732,-0.0113551102789159,0.0980002031020915,0.0237694510978215,0.475389021956429,0,0.028305175273671,0,0,"","Nominal generating-scale rejection rate","2026-08-07 17:53:07 UTC","0.1.0","full"
"FC-003","forced_choice","paper_anchor","paper_anchor;scale_location",TRUE,"Higher performance","Chance-corrected binomial","chance-corrected logit","Gaussian identity;Standard binomial logit;Standard binomial probit;Chance-corrected binomial logit","identity;logit;probit;chance-corrected logit",20260807,"seed = (base_seed + stream_offset + scenario_number * 10000 + replication) modulo .Machine$integer.max",500,0.05,0,250,20,0.5,6,10,8,0.8,0.6,-0.9,0,1,1,"beta_intercept",0.8,,,,,,,,,,,,,,,,,,,"Gaussian identity","identity",,500,500,500,0,1,51,0.102,0.0135348439222623,0.0784343521031695,0.131634622904226,0.0073822495707424,0.00989303931269824,0.0295289982829696,0.590579965659392,0.028305175273671,0.028305175273671,0,0,"","Pseudo-interaction detection rate","2026-08-07 17:53:07 UTC","0.1.0","full"
"FC-003","forced_choice","paper_anchor","paper_anchor;scale_location",TRUE,"Higher performance","Chance-corrected binomial","chance-corrected logit","Gaussian identity;Standard binomial logit;Standard binomial probit;Chance-corrected binomial logit","identity;logit;probit;chance-corrected logit",20260807,"seed = (base_seed + stream_offset + scenario_number * 10000 + replication) modulo .Machine$integer.max",500,0.05,0,250,20,0.5,6,10,8,0.8,0.6,-0.9,0,1,1,"beta_intercept",0.8,,,,,,,,,,,,,,,,,,,"Standard binomial logit","logit",,500,500,500,0,1,184,0.368,0.0215673827804859,0.326884548378757,0.411128277503093,-0.108072489013878,0.0657657868969189,0.0241088528212942,0.482177056425884,-0.396164571854953,0.028305175273671,0,0,"","Pseudo-interaction detection rate","2026-08-07 17:53:07 UTC","0.1.0","full"
"FC-003","forced_choice","paper_anchor","paper_anchor;scale_location",TRUE,"Higher performance","Chance-corrected binomial","chance-corrected logit","Gaussian identity;Standard binomial logit;Standard binomial probit;Chance-corrected binomial logit","identity;logit;probit;chance-corrected logit",20260807,"seed = (base_seed + stream_offset + scenario_number * 10000 + replication) modulo .Machine$integer.max",500,0.05,0,250,20,0.5,6,10,8,0.8,0.6,-0.9,0,1,1,"beta_intercept",0.8,,,,,,,,,,,,,,,,,,,"Standard binomial probit","probit",,500,500,500,0,1,106,0.212,0.0182787308093314,0.178439504288299,0.249952115817556,-0.0442488206396641,0.0368363978301683,0.027071861219261,0.541437224385219,-0.152580939543878,0.028305175273671,0,0,"","Pseudo-interaction detection rate","2026-08-07 17:53:07 UTC","0.1.0","full"
"FC-004","forced_choice","main_effect_surface","main_effect_surface",FALSE,"Age effect x 0.50; group effect x 0.50","Chance-corrected binomial","chance-corrected logit","Gaussian identity;Standard binomial logit;Standard binomial probit;Chance-corrected binomial logit","identity;logit;probit;chance-corrected logit",20260807,"seed = (base_seed + stream_offset + scenario_number * 10000 + replication) modulo .Machine$integer.max",500,0.05,0,250,20,0.5,6,10,8,0,0.3,-0.45,0,0.5,0.5,"beta_age_multiplier;beta_group_multiplier",,,,,,,,,,,,,,,,,,,,"Chance-corrected binomial logit","chance-corrected logit",,500,500,500,0,1,22,0.044,0.00917213170424411,0.0292339556286072,0.0657194428723284,0.00813823324364488,0.0949913935669577,-0.00333576855984008,-0.0667153711968016,0,-0.00655393396284354,0,0,"","Nominal generating-scale rejection rate","2026-08-07 17:53:07 UTC","0.1.0","full"
"FC-004","forced_choice","main_effect_surface","main_effect_surface",FALSE,"Age effect x 0.50; group effect x 0.50","Chance-corrected binomial","chance-corrected logit","Gaussian identity;Standard binomial logit;Standard binomial probit;Chance-corrected binomial logit","identity;logit;probit;chance-corrected logit",20260807,"seed = (base_seed + stream_offset + scenario_number * 10000 + replication) modulo .Machine$integer.max",500,0.05,0,250,20,0.5,6,10,8,0,0.3,-0.45,0,0.5,0.5,"beta_age_multiplier;beta_group_multiplier",,,,,,,,,,,,,,,,,,,,"Gaussian identity","identity",,500,500,500,0,1,25,0.05,0.00974679434480896,0.0340937452438494,0.0727681611715476,-0.00086571059404267,0.0109529666832278,-0.00346284237617067,-0.0692568475234134,-0.00655393396284354,-0.00655393396284354,0,0,"","Pseudo-interaction detection rate","2026-08-07 17:53:07 UTC","0.1.0","full"
"FC-004","forced_choice","main_effect_surface","main_effect_surface",FALSE,"Age effect x 0.50; group effect x 0.50","Chance-corrected binomial","chance-corrected logit","Gaussian identity;Standard binomial logit;Standard binomial probit;Chance-corrected binomial logit","identity;logit;probit;chance-corrected logit",20260807,"seed = (base_seed + stream_offset + scenario_number * 10000 + replication) modulo .Machine$integer.max",500,0.05,0,250,20,0.5,6,10,8,0,0.3,-0.45,0,0.5,0.5,"beta_age_multiplier;beta_group_multiplier",,,,,,,,,,,,,,,,,,,,"Standard binomial logit","logit",,500,500,500,0,1,46,0.092,0.01292563344676,0.0696827236804521,0.120538738136175,-0.027429627309072,0.0562308924741918,-0.00329888521653954,-0.0659777043307908,-0.124308170484175,-0.00655393396284354,0,0,"","Pseudo-interaction detection rate","2026-08-07 17:53:07 UTC","0.1.0","full"
"FC-004","forced_choice","main_effect_surface","main_effect_surface",FALSE,"Age effect x 0.50; group effect x 0.50","Chance-corrected binomial","chance-corrected logit","Gaussian identity;Standard binomial logit;Standard binomial probit;Chance-corrected binomial logit","identity;logit;probit;chance-corrected logit",20260807,"seed = (base_seed + stream_offset + scenario_number * 10000 + replication) modulo .Machine$integer.max",500,0.05,0,250,20,0.5,6,10,8,0,0.3,-0.45,0,0.5,0.5,"beta_age_multiplier;beta_group_multiplier",,,,,,,,,,,,,,,,,,,,"Standard binomial probit","probit",,500,500,500,0,1,43,0.086,0.0125382614424808,0.0644731424036077,0.113839811498558,-0.013712393606129,0.0334406166341958,-0.0034792343979595,-0.0695846879591899,-0.0625980374181989,-0.00655393396284354,0,0,"","Pseudo-interaction detection rate","2026-08-07 17:53:07 UTC","0.1.0","full"
"FC-005","forced_choice","main_effect_surface","main_effect_surface",FALSE,"Age effect x 1.00; group effect x 0.50","Chance-corrected binomial","chance-corrected logit","Gaussian identity;Standard binomial logit;Standard binomial probit;Chance-corrected binomial logit","identity;logit;probit;chance-corrected logit",20260807,"seed = (base_seed + stream_offset + scenario_number * 10000 + replication) modulo .Machine$integer.max",500,0.05,0,250,20,0.5,6,10,8,0,0.6,-0.45,0,1,0.5,"beta_age_multiplier;beta_group_multiplier",,,,,,,,,,,,,,,,,,,,"Chance-corrected binomial logit","chance-corrected logit",,500,500,500,0,1,22,0.044,0.00917213170424411,0.0292339556286072,0.0657194428723284,0.000291308896359427,0.105570671953775,-0.00960112880901071,-0.192022576180214,0,-0.00948990869961364,0,0,"","Nominal generating-scale rejection rate","2026-08-07 17:53:07 UTC","0.1.0","full"
"FC-005","forced_choice","main_effect_surface","main_effect_surface",FALSE,"Age effect x 1.00; group effect x 0.50","Chance-corrected binomial","chance-corrected logit","Gaussian identity;Standard binomial logit;Standard binomial probit;Chance-corrected binomial logit","identity;logit;probit;chance-corrected logit",20260807,"seed = (base_seed + stream_offset + scenario_number * 10000 + replication) modulo .Machine$integer.max",500,0.05,0,250,20,0.5,6,10,8,0,0.6,-0.45,0,1,0.5,"beta_age_multiplier;beta_group_multiplier",,,,,,,,,,,,,,,,,,,,"Gaussian identity","identity",,500,500,500,0,1,21,0.042,0.00897061870775924,0.0276323101084517,0.0633515857543301,-0.00328603833178913,0.0108469771166868,-0.0131441533271566,-0.262883066543131,-0.00948990869961364,-0.00948990869961364,0,0,"","Pseudo-interaction detection rate","2026-08-07 17:53:07 UTC","0.1.0","full"
"FC-005","forced_choice","main_effect_surface","main_effect_surface",FALSE,"Age effect x 1.00; group effect x 0.50","Chance-corrected binomial","chance-corrected logit","Gaussian identity;Standard binomial logit;Standard binomial probit;Chance-corrected binomial logit","identity;logit;probit;chance-corrected logit",20260807,"seed = (base_seed + stream_offset + scenario_number * 10000 + replication) modulo .Machine$integer.max",500,0.05,0,250,20,0.5,6,10,8,0,0.6,-0.45,0,1,0.5,"beta_age_multiplier;beta_group_multiplier",,,,,,,,,,,,,,,,,,,,"Standard binomial logit","logit",,500,500,500,0,1,75,0.15,0.0159687194226713,0.121375957691388,0.183961080631698,-0.0599340615257854,0.0578723841673926,-0.0127519464507443,-0.255038929014887,-0.231807096109369,-0.00948990869961364,0,0,"","Pseudo-interaction detection rate","2026-08-07 17:53:07 UTC","0.1.0","full"
"FC-005","forced_choice","main_effect_surface","main_effect_surface",FALSE,"Age effect x 1.00; group effect x 0.50","Chance-corrected binomial","chance-corrected logit","Gaussian identity;Standard binomial logit;Standard binomial probit;Chance-corrected binomial logit","identity;logit;probit;chance-corrected logit",20260807,"seed = (base_seed + stream_offset + scenario_number * 10000 + replication) modulo .Machine$integer.max",500,0.05,0,250,20,0.5,6,10,8,0,0.6,-0.45,0,1,0.5,"beta_age_multiplier;beta_group_multiplier",,,,,,,,,,,,,,,,,,,,"Standard binomial probit","probit",,500,500,500,0,1,61,0.122,0.0146366662871024,0.0961592783150937,0.15360472307384,-0.0302568458797899,0.034050724195508,-0.0117837386976593,-0.235674773953186,-0.112802920507359,-0.00948990869961364,0,0,"","Pseudo-interaction detection rate","2026-08-07 17:53:07 UTC","0.1.0","full"
"FC-006","forced_choice","main_effect_surface","main_effect_surface",FALSE,"Age effect x 1.50; group effect x 0.50","Chance-corrected binomial","chance-corrected logit","Gaussian identity;Standard binomial logit;Standard binomial probit;Chance-corrected binomial logit","identity;logit;probit;chance-corrected logit",20260807,"seed = (base_seed + stream_offset + scenario_number * 10000 + replication) modulo .Machine$integer.max",500,0.05,0,250,20,0.5,6,10,8,0,0.9,-0.45,0,1.5,0.5,"beta_age_multiplier;beta_group_multiplier",,,,,,,,,,,,,,,,,,,,"Chance-corrected binomial logit","chance-corrected logit",,500,500,500,0,1,28,0.056,0.0102824121683582,0.0390256206831515,0.0797447936467069,0.00334371982673912,0.123471198937005,-0.00947642585421382,-0.189528517084276,0,-0.00875885344954075,0,0,"","Nominal generating-scale rejection rate","2026-08-07 17:53:07 UTC","0.1.0","full"
"FC-006","forced_choice","main_effect_surface","main_effect_surface",FALSE,"Age effect x 1.50; group effect x 0.50","Chance-corrected binomial","chance-corrected logit","Gaussian identity;Standard binomial logit;Standard binomial probit;Chance-corrected binomial logit","identity;logit;probit;chance-corrected logit",20260807,"seed = (base_seed + stream_offset + scenario_number * 10000 + replication) modulo .Machine$integer.max",500,0.05,0,250,20,0.5,6,10,8,0,0.9,-0.45,0,1.5,0.5,"beta_age_multiplier;beta_group_multiplier",,,,,,,,,,,,,,,,,,,,"Gaussian identity","identity",,500,500,500,0,1,30,0.06,0.0106207344378814,0.0423483564809462,0.0843610631252198,-0.00329392549519563,0.0106816566039457,-0.0131757019807826,-0.263514039615651,-0.00875885344954075,-0.00875885344954075,0,0,"","Pseudo-interaction detection rate","2026-08-07 17:53:07 UTC","0.1.0","full"
"FC-006","forced_choice","main_effect_surface","main_effect_surface",FALSE,"Age effect x 1.50; group effect x 0.50","Chance-corrected binomial","chance-corrected logit","Gaussian identity;Standard binomial logit;Standard binomial probit;Chance-corrected binomial logit","identity;logit;probit;chance-corrected logit",20260807,"seed = (base_seed + stream_offset + scenario_number * 10000 + replication) modulo .Machine$integer.max",500,0.05,0,250,20,0.5,6,10,8,0,0.9,-0.45,0,1.5,0.5,"beta_age_multiplier;beta_group_multiplier",,,,,,,,,,,,,,,,,,,,"Standard binomial logit","logit",,500,500,500,0,1,127,0.254,0.0194671004517879,0.217820254915187,0.293930920591897,-0.0821656130885026,0.0604178343236024,-0.0148945289072623,-0.297890578145247,-0.313181537684937,-0.00875885344954075,0,0,"","Pseudo-interaction detection rate","2026-08-07 17:53:07 UTC","0.1.0","full"
"FC-006","forced_choice","main_effect_surface","main_effect_surface",FALSE,"Age effect x 1.50; group effect x 0.50","Chance-corrected binomial","chance-corrected logit","Gaussian identity;Standard binomial logit;Standard binomial probit;Chance-corrected binomial logit","identity;logit;probit;chance-corrected logit",20260807,"seed = (base_seed + stream_offset + scenario_number * 10000 + replication) modulo .Machine$integer.max",500,0.05,0,250,20,0.5,6,10,8,0,0.9,-0.45,0,1.5,0.5,"beta_age_multiplier;beta_group_multiplier",,,,,,,,,,,,,,,,,,,,"Standard binomial probit","probit",,500,500,500,0,1,96,0.192,0.0176145394489893,0.159876218595883,0.228820375128433,-0.0412966157488574,0.0350289322202669,-0.0121098574628121,-0.242197149256241,-0.144987665495382,-0.00875885344954075,0,0,"","Pseudo-interaction detection rate","2026-08-07 17:53:07 UTC","0.1.0","full"
"FC-007","forced_choice","main_effect_surface","main_effect_surface",FALSE,"Age effect x 0.50; group effect x 1.00","Chance-corrected binomial","chance-corrected logit","Gaussian identity;Standard binomial logit;Standard binomial probit;Chance-corrected binomial logit","identity;logit;probit;chance-corrected logit",20260807,"seed = (base_seed + stream_offset + scenario_number * 10000 + replication) modulo .Machine$integer.max",500,0.05,0,250,20,0.5,6,10,8,0,0.3,-0.9,0,0.5,1,"beta_age_multiplier;beta_group_multiplier",,,,,,,,,,,,,,,,,,,,"Chance-corrected binomial logit","chance-corrected logit",,500,500,500,0,1,25,0.05,0.00974679434480896,0.0340937452438494,0.0727681611715476,0.0101514443554275,0.105797065833365,-0.0187476039068959,-0.374952078137918,0,-0.024090326534803,0,0,"","Nominal generating-scale rejection rate","2026-08-07 17:53:07 UTC","0.1.0","full"
"FC-007","forced_choice","main_effect_surface","main_effect_surface",FALSE,"Age effect x 0.50; group effect x 1.00","Chance-corrected binomial","chance-corrected logit","Gaussian identity;Standard binomial logit;Standard binomial probit;Chance-corrected binomial logit","identity;logit;probit;chance-corrected logit",20260807,"seed = (base_seed + stream_offset + scenario_number * 10000 + replication) modulo .Machine$integer.max",500,0.05,0,250,20,0.5,6,10,8,0,0.3,-0.9,0,0.5,1,"beta_age_multiplier;beta_group_multiplier",,,,,,,,,,,,,,,,,,,,"Gaussian identity","identity",,500,500,500,0,1,46,0.092,0.01292563344676,0.0696827236804521,0.120538738136175,-0.00518793523782052,0.0112171847265621,-0.020751740951282,-0.415034819025639,-0.024090326534803,-0.024090326534803,0,0,"","Pseudo-interaction detection rate","2026-08-07 17:53:07 UTC","0.1.0","full"
"FC-007","forced_choice","main_effect_surface","main_effect_surface",FALSE,"Age effect x 0.50; group effect x 1.00","Chance-corrected binomial","chance-corrected logit","Gaussian identity;Standard binomial logit;Standard binomial probit;Chance-corrected binomial logit","identity;logit;probit;chance-corrected logit",20260807,"seed = (base_seed + stream_offset + scenario_number * 10000 + replication) modulo .Machine$integer.max",500,0.05,0,250,20,0.5,6,10,8,0,0.3,-0.9,0,0.5,1,"beta_age_multiplier;beta_group_multiplier",,,,,,,,,,,,,,,,,,,,"Standard binomial logit","logit",,500,500,500,0,1,106,0.212,0.0182787308093314,0.178439504288299,0.249952115817556,-0.058261167793402,0.0550032016332571,-0.0208812680109833,-0.417625360219666,-0.254885234290837,-0.024090326534803,0,0,"","Pseudo-interaction detection rate","2026-08-07 17:53:07 UTC","0.1.0","full"
"FC-007","forced_choice","main_effect_surface","main_effect_surface",FALSE,"Age effect x 0.50; group effect x 1.00","Chance-corrected binomial","chance-corrected logit","Gaussian identity;Standard binomial logit;Standard binomial probit;Chance-corrected binomial logit","identity;logit;probit;chance-corrected logit",20260807,"seed = (base_seed + stream_offset + scenario_number * 10000 + replication) modulo .Machine$integer.max",500,0.05,0,250,20,0.5,6,10,8,0,0.3,-0.9,0,0.5,1,"beta_age_multiplier;beta_group_multiplier",,,,,,,,,,,,,,,,,,,,"Standard binomial probit","probit",,500,500,500,0,1,90,0.18,0.0171813852759316,0.148804907912759,0.216074669982634,-0.0312749167198364,0.0329218718471079,-0.0202037334766726,-0.404074669533453,-0.135536901372148,-0.024090326534803,0,0,"","Pseudo-interaction detection rate","2026-08-07 17:53:07 UTC","0.1.0","full"
"FC-008","forced_choice","main_effect_surface","main_effect_surface",FALSE,"Age effect x 1.50; group effect x 1.00","Chance-corrected binomial","chance-corrected logit","Gaussian identity;Standard binomial logit;Standard binomial probit;Chance-corrected binomial logit","identity;logit;probit;chance-corrected logit",20260807,"seed = (base_seed + stream_offset + scenario_number * 10000 + replication) modulo .Machine$integer.max",500,0.05,0,250,20,0.5,6,10,8,0,0.9,-0.9,0,1.5,1,"beta_age_multiplier;beta_group_multiplier",,,,,,,,,,,,,,,,,,,,"Chance-corrected binomial logit","chance-corrected logit",,500,500,500,0,1,31,0.062,0.0107848041243223,0.0440192091426816,0.0866597131016382,-0.00376608078299538,0.13604648601549,-0.0368818980298321,-0.737637960596642,0,-0.0341608618155086,0,0,"","Nominal generating-scale rejection rate","2026-08-07 17:53:07 UTC","0.1.0","full"
"FC-008","forced_choice","main_effect_surface","main_effect_surface",FALSE,"Age effect x 1.50; group effect x 1.00","Chance-corrected binomial","chance-corrected logit","Gaussian identity;Standard binomial logit;Standard binomial probit;Chance-corrected binomial logit","identity;logit;probit;chance-corrected logit",20260807,"seed = (base_seed + stream_offset + scenario_number * 10000 + replication) modulo .Machine$integer.max",500,0.05,0,250,20,0.5,6,10,8,0,0.9,-0.9,0,1.5,1,"beta_age_multiplier;beta_group_multiplier",,,,,,,,,,,,,,,,,,,,"Gaussian identity","identity",,500,500,500,0,1,109,0.218,0.0184648855940133,0.184033726435988,0.256266401584327,-0.012775722329188,0.010938087614198,-0.051102889316752,-1.02205778633504,-0.0341608618155086,-0.0341608618155086,0,0,"","Pseudo-interaction detection rate","2026-08-07 17:53:07 UTC","0.1.0","full"
"FC-008","forced_choice","main_effect_surface","main_effect_surface",FALSE,"Age effect x 1.50; group effect x 1.00","Chance-corrected binomial","chance-corrected logit","Gaussian identity;Standard binomial logit;Standard binomial probit;Chance-corrected binomial logit","identity;logit;probit;chance-corrected logit",20260807,"seed = (base_seed + stream_offset + scenario_number * 10000 + replication) modulo .Machine$integer.max",500,0.05,0,250,20,0.5,6,10,8,0,0.9,-0.9,0,1.5,1,"beta_age_multiplier;beta_group_multiplier",,,,,,,,,,,,,,,,,,,,"Standard binomial logit","logit",,500,500,500,0,1,400,0.8,0.0178885438199983,0.762710894694826,0.832714501028243,-0.164827190068534,0.0589830107785024,-0.0532581637602928,-1.06516327520586,-0.634841349428733,-0.0341608618155086,0,0,"","Pseudo-interaction detection rate","2026-08-07 17:53:07 UTC","0.1.0","full"
"FC-008","forced_choice","main_effect_surface","main_effect_surface",FALSE,"Age effect x 1.50; group effect x 1.00","Chance-corrected binomial","chance-corrected logit","Gaussian identity;Standard binomial logit;Standard binomial probit;Chance-corrected binomial logit","identity;logit;probit;chance-corrected logit",20260807,"seed = (base_seed + stream_offset + scenario_number * 10000 + replication) modulo .Machine$integer.max",500,0.05,0,250,20,0.5,6,10,8,0,0.9,-0.9,0,1.5,1,"beta_age_multiplier;beta_group_multiplier",,,,,,,,,,,,,,,,,,,,"Standard binomial probit","probit",,500,500,500,0,1,359,0.718,0.0201234191925726,0.677012220786007,0.755663566772757,-0.0877736082862324,0.0345086201524628,-0.0510633665542674,-1.02126733108535,-0.309002283857089,-0.0341608618155086,0,0,"","Pseudo-interaction detection rate","2026-08-07 17:53:07 UTC","0.1.0","full"
"FC-009","forced_choice","main_effect_surface","main_effect_surface",FALSE,"Age effect x 0.50; group effect x 1.50","Chance-corrected binomial","chance-corrected logit","Gaussian identity;Standard binomial logit;Standard binomial probit;Chance-corrected binomial logit","identity;logit;probit;chance-corrected logit",20260807,"seed = (base_seed + stream_offset + scenario_number * 10000 + replication) modulo .Machine$integer.max",500,0.05,0,250,20,0.5,6,10,8,0,0.3,-1.35,0,0.5,1.5,"beta_age_multiplier;beta_group_multiplier",,,,,,,,,,,,,,,,,,,,"Chance-corrected binomial logit","chance-corrected logit",,500,500,500,0,1,21,0.042,0.00897061870775924,0.0276323101084517,0.0633515857543301,0.00561240222654463,0.126056262696977,-0.0448616005886744,-0.897232011773488,0,-0.0475223349072,0,0,"","Nominal generating-scale rejection rate","2026-08-07 17:53:07 UTC","0.1.0","full"
"FC-009","forced_choice","main_effect_surface","main_effect_surface",FALSE,"Age effect x 0.50; group effect x 1.50","Chance-corrected binomial","chance-corrected logit","Gaussian identity;Standard binomial logit;Standard binomial probit;Chance-corrected binomial logit","identity;logit;probit;chance-corrected logit",20260807,"seed = (base_seed + stream_offset + scenario_number * 10000 + replication) modulo .Machine$integer.max",500,0.05,0,250,20,0.5,6,10,8,0,0.3,-1.35,0,0.5,1.5,"beta_age_multiplier;beta_group_multiplier",,,,,,,,,,,,,,,,,,,,"Gaussian identity","identity",,500,500,500,0,1,89,0.178,0.0171064899964896,0.146964886707335,0.213945188549904,-0.0117448027121576,0.011363144921449,-0.0469792108486304,-0.939584216972609,-0.0475223349072,-0.0475223349072,0,0,"","Pseudo-interaction detection rate","2026-08-07 17:53:07 UTC","0.1.0","full"
"FC-009","forced_choice","main_effect_surface","main_effect_surface",FALSE,"Age effect x 0.50; group effect x 1.50","Chance-corrected binomial","chance-corrected logit","Gaussian identity;Standard binomial logit;Standard binomial probit;Chance-corrected binomial logit","identity;logit;probit;chance-corrected logit",20260807,"seed = (base_seed + stream_offset + scenario_number * 10000 + replication) modulo .Machine$integer.max",500,0.05,0,250,20,0.5,6,10,8,0,0.3,-1.35,0,0.5,1.5,"beta_age_multiplier;beta_group_multiplier",,,,,,,,,,,,,,,,,,,,"Standard binomial logit","logit",,500,500,500,0,1,193,0.386,0.0217717247823869,0.344351476714006,0.429386872911228,-0.0919020941016845,0.0544313805940345,-0.0471989368617776,-0.943978737235551,-0.380104566976574,-0.0475223349072,0,0,"","Pseudo-interaction detection rate","2026-08-07 17:53:07 UTC","0.1.0","full"
"FC-009","forced_choice","main_effect_surface","main_effect_surface",FALSE,"Age effect x 0.50; group effect x 1.50","Chance-corrected binomial","chance-corrected logit","Gaussian identity;Standard binomial logit;Standard binomial probit;Chance-corrected binomial logit","identity;logit;probit;chance-corrected logit",20260807,"seed = (base_seed + stream_offset + scenario_number * 10000 + replication) modulo .Machine$integer.max",500,0.05,0,250,20,0.5,6,10,8,0,0.3,-1.35,0,0.5,1.5,"beta_age_multiplier;beta_group_multiplier",,,,,,,,,,,,,,,,,,,,"Standard binomial probit","probit",,500,500,500,0,1,166,0.332,0.0210606742532142,0.292140441857513,0.374421336537568,-0.0516190631627586,0.0327185961713971,-0.0470838509195832,-0.941677018391663,-0.209551827652513,-0.0475223349072,0,0,"","Pseudo-interaction detection rate","2026-08-07 17:53:07 UTC","0.1.0","full"
"FC-010","forced_choice","main_effect_surface","main_effect_surface",FALSE,"Age effect x 1.00; group effect x 1.50","Chance-corrected binomial","chance-corrected logit","Gaussian identity;Standard binomial logit;Standard binomial probit;Chance-corrected binomial logit","identity;logit;probit;chance-corrected logit",20260807,"seed = (base_seed + stream_offset + scenario_number * 10000 + replication) modulo .Machine$integer.max",500,0.05,0,250,20,0.5,6,10,8,0,0.6,-1.35,0,1,1.5,"beta_age_multiplier;beta_group_multiplier",,,,,,,,,,,,,,,,,,,,"Chance-corrected binomial logit","chance-corrected logit",,500,500,500,0,1,24,0.048,0.00955991631762538,0.0324652069413532,0.0704271968358901,0.00904990683852615,0.13739826951733,-0.0754625507468948,-1.5092510149379,0,-0.0734529488516512,0,0,"","Nominal generating-scale rejection rate","2026-08-07 17:53:07 UTC","0.1.0","full"
"FC-010","forced_choice","main_effect_surface","main_effect_surface",FALSE,"Age effect x 1.00; group effect x 1.50","Chance-corrected binomial","chance-corrected logit","Gaussian identity;Standard binomial logit;Standard binomial probit;Chance-corrected binomial logit","identity;logit;probit;chance-corrected logit",20260807,"seed = (base_seed + stream_offset + scenario_number * 10000 + replication) modulo .Machine$integer.max",500,0.05,0,250,20,0.5,6,10,8,0,0.6,-1.35,0,1,1.5,"beta_age_multiplier;beta_group_multiplier",,,,,,,,,,,,,,,,,,,,"Gaussian identity","identity",,500,500,500,0,1,238,0.476,0.0223349054173059,0.432574189433214,0.51979177890894,-0.0214674886612466,0.0112324686893382,-0.0858699546449861,-1.71739909289972,-0.0734529488516512,-0.0734529488516512,0,0,"","Pseudo-interaction detection rate","2026-08-07 17:53:07 UTC","0.1.0","full"
"FC-010","forced_choice","main_effect_surface","main_effect_surface",FALSE,"Age effect x 1.00; group effect x 1.50","Chance-corrected binomial","chance-corrected logit","Gaussian identity;Standard binomial logit;Standard binomial probit;Chance-corrected binomial logit","identity;logit;probit;chance-corrected logit",20260807,"seed = (base_seed + stream_offset + scenario_number * 10000 + replication) modulo .Machine$integer.max",500,0.05,0,250,20,0.5,6,10,8,0,0.6,-1.35,0,1,1.5,"beta_age_multiplier;beta_group_multiplier",,,,,,,,,,,,,,,,,,,,"Standard binomial logit","logit",,500,500,500,0,1,445,0.89,0.0139928553197694,0.859544429596592,0.914508584843397,-0.180638003624913,0.0557911064113932,-0.0852726692952828,-1.70545338590566,-0.705887664856567,-0.0734529488516512,0,0,"","Pseudo-interaction detection rate","2026-08-07 17:53:07 UTC","0.1.0","full"
"FC-010","forced_choice","main_effect_surface","main_effect_surface",FALSE,"Age effect x 1.00; group effect x 1.50","Chance-corrected binomial","chance-corrected logit","Gaussian identity;Standard binomial logit;Standard binomial probit;Chance-corrected binomial logit","identity;logit;probit;chance-corrected logit",20260807,"seed = (base_seed + stream_offset + scenario_number * 10000 + replication) modulo .Machine$integer.max",500,0.05,0,250,20,0.5,6,10,8,0,0.6,-1.35,0,1,1.5,"beta_age_multiplier;beta_group_multiplier",,,,,,,,,,,,,,,,,,,,"Standard binomial probit","probit",,500,500,500,0,1,417,0.834,0.0166399519230075,0.798864683802693,0.86404225676899,-0.0998533352264427,0.0332150576362571,-0.0853134510975888,-1.70626902195178,-0.376456251123827,-0.0734529488516512,0,0,"","Pseudo-interaction detection rate","2026-08-07 17:53:07 UTC","0.1.0","full"
"FC-011","forced_choice","main_effect_surface","main_effect_surface",FALSE,"Age effect x 1.50; group effect x 1.50","Chance-corrected binomial","chance-corrected logit","Gaussian identity;Standard binomial logit;Standard binomial probit;Chance-corrected binomial logit","identity;logit;probit;chance-corrected logit",20260807,"seed = (base_seed + stream_offset + scenario_number * 10000 + replication) modulo .Machine$integer.max",500,0.05,0,250,20,0.5,6,10,8,0,0.9,-1.35,0,1.5,1.5,"beta_age_multiplier;beta_group_multiplier",,,,,,,,,,,,,,,,,,,,"Chance-corrected binomial logit","chance-corrected logit",,500,500,500,0,1,14,0.028,0.00737780455149091,0.0167509747207565,0.0464464026749489,0.00680862480068472,0.155050589174252,-0.0720385359237632,-1.44077071847526,0,-0.0733749572251338,0,0,"","Nominal generating-scale rejection rate","2026-08-07 17:53:07 UTC","0.1.0","full"
"FC-011","forced_choice","main_effect_surface","main_effect_surface",FALSE,"Age effect x 1.50; group effect x 1.50","Chance-corrected binomial","chance-corrected logit","Gaussian identity;Standard binomial logit;Standard binomial probit;Chance-corrected binomial logit","identity;logit;probit;chance-corrected logit",20260807,"seed = (base_seed + stream_offset + scenario_number * 10000 + replication) modulo .Machine$integer.max",500,0.05,0,250,20,0.5,6,10,8,0,0.9,-1.35,0,1.5,1.5,"beta_age_multiplier;beta_group_multiplier",,,,,,,,,,,,,,,,,,,,"Gaussian identity","identity",,500,500,500,0,1,302,0.604,0.0218716254539986,0.560495840686754,0.645918296497243,-0.0248088226268936,0.0110995405617886,-0.0992352905075743,-1.98470581015149,-0.0733749572251338,-0.0733749572251338,0,0,"","Pseudo-interaction detection rate","2026-08-07 17:53:07 UTC","0.1.0","full"
"FC-011","forced_choice","main_effect_surface","main_effect_surface",FALSE,"Age effect x 1.50; group effect x 1.50","Chance-corrected binomial","chance-corrected logit","Gaussian identity;Standard binomial logit;Standard binomial probit;Chance-corrected binomial logit","identity;logit;probit;chance-corrected logit",20260807,"seed = (base_seed + stream_offset + scenario_number * 10000 + replication) modulo .Machine$integer.max",500,0.05,0,250,20,0.5,6,10,8,0,0.9,-1.35,0,1.5,1.5,"beta_age_multiplier;beta_group_multiplier",,,,,,,,,,,,,,,,,,,,"Standard binomial logit","logit",,500,500,500,0,1,492,0.984,0.00561141693336006,0.968748891466606,0.991870746966612,-0.235265793206575,0.0576809141276479,-0.0980309223162272,-1.96061844632454,-0.949278881598803,-0.0733749572251338,0,0,"","Pseudo-interaction detection rate","2026-08-07 17:53:07 UTC","0.1.0","full"
"FC-011","forced_choice","main_effect_surface","main_effect_surface",FALSE,"Age effect x 1.50; group effect x 1.50","Chance-corrected binomial","chance-corrected logit","Gaussian identity;Standard binomial logit;Standard binomial probit;Chance-corrected binomial logit","identity;logit;probit;chance-corrected logit",20260807,"seed = (base_seed + stream_offset + scenario_number * 10000 + replication) modulo .Machine$integer.max",500,0.05,0,250,20,0.5,6,10,8,0,0.9,-1.35,0,1.5,1.5,"beta_age_multiplier;beta_group_multiplier",,,,,,,,,,,,,,,,,,,,"Standard binomial probit","probit",,500,500,500,0,1,489,0.978,0.00655987804764693,0.961039138788684,0.987671991730072,-0.128456949477616,0.0339124326821582,-0.0959580328004075,-1.91916065600815,-0.480947503523564,-0.0733749572251338,0,0,"","Pseudo-interaction detection rate","2026-08-07 17:53:07 UTC","0.1.0","full"
"FC-012","forced_choice","sample_size","sample_size",FALSE,"N = 50","Chance-corrected binomial","chance-corrected logit","Gaussian identity;Standard binomial logit;Standard binomial probit;Chance-corrected binomial logit","identity;logit;probit;chance-corrected logit",20260807,"seed = (base_seed + stream_offset + scenario_number * 10000 + replication) modulo .Machine$integer.max",500,0.05,0,50,20,0.5,6,10,8,0,0.6,-0.9,0,1,1,"N",50,,,,,,,,,,,,,,,,,,,"Chance-corrected binomial logit","chance-corrected logit",,500,500,500,0,1,18,0.036,0.0083311463797007,0.0228910609802927,0.0561843269680277,0.011401479068593,0.273990972218661,-0.0315348771581822,-0.630697543163644,0,-0.0358519356909944,0,0,"","Nominal generating-scale rejection rate","2026-08-07 17:53:07 UTC","0.1.0","full"
"FC-012","forced_choice","sample_size","sample_size",FALSE,"N = 50","Chance-corrected binomial","chance-corrected logit","Gaussian identity;Standard binomial logit;Standard binomial probit;Chance-corrected binomial logit","identity;logit;probit;chance-corrected logit",20260807,"seed = (base_seed + stream_offset + scenario_number * 10000 + replication) modulo .Machine$integer.max",500,0.05,0,50,20,0.5,6,10,8,0,0.6,-0.9,0,1,1,"N",50,,,,,,,,,,,,,,,,,,,"Gaussian identity","identity",,500,500,500,0,1,28,0.056,0.0102824121683582,0.0390256206831515,0.0797447936467069,-0.0110620068886726,0.0255803159500335,-0.0442480275546903,-0.884960551093805,-0.0358519356909944,-0.0358519356909944,0,0,"","Pseudo-interaction detection rate","2026-08-07 17:53:07 UTC","0.1.0","full"
"FC-012","forced_choice","sample_size","sample_size",FALSE,"N = 50","Chance-corrected binomial","chance-corrected logit","Gaussian identity;Standard binomial logit;Standard binomial probit;Chance-corrected binomial logit","identity;logit;probit;chance-corrected logit",20260807,"seed = (base_seed + stream_offset + scenario_number * 10000 + replication) modulo .Machine$integer.max",500,0.05,0,50,20,0.5,6,10,8,0,0.6,-0.9,0,1,1,"N",50,,,,,,,,,,,,,,,,,,,"Standard binomial logit","logit",,500,500,500,0,1,80,0.16,0.0163951212255354,0.130476372350164,0.194708179163691,-0.119065972269794,0.130907927790926,-0.0448602462095927,-0.897204924191853,-0.472741965870331,-0.0358519356909944,0,0,"","Pseudo-interaction detection rate","2026-08-07 17:53:07 UTC","0.1.0","full"
"FC-012","forced_choice","sample_size","sample_size",FALSE,"N = 50","Chance-corrected binomial","chance-corrected logit","Gaussian identity;Standard binomial logit;Standard binomial probit;Chance-corrected binomial logit","identity;logit;probit;chance-corrected logit",20260807,"seed = (base_seed + stream_offset + scenario_number * 10000 + replication) modulo .Machine$integer.max",500,0.05,0,50,20,0.5,6,10,8,0,0.6,-0.9,0,1,1,"N",50,,,,,,,,,,,,,,,,,,,"Standard binomial probit","probit",,500,500,500,0,1,69,0.138,0.01542439626047,0.110518008898884,0.17100201359528,-0.064022233885696,0.0775252953373283,-0.0424432035461269,-0.848864070922537,-0.242607035150972,-0.0358519356909944,0,0,"","Pseudo-interaction detection rate","2026-08-07 17:53:07 UTC","0.1.0","full"
"FC-013","forced_choice","sample_size","sample_size",FALSE,"N = 100","Chance-corrected binomial","chance-corrected logit","Gaussian identity;Standard binomial logit;Standard binomial probit;Chance-corrected binomial logit","identity;logit;probit;chance-corrected logit",20260807,"seed = (base_seed + stream_offset + scenario_number * 10000 + replication) modulo .Machine$integer.max",500,0.05,0,100,20,0.5,6,10,8,0,0.6,-0.9,0,1,1,"N",100,,,,,,,,,,,,,,,,,,,"Chance-corrected binomial logit","chance-corrected logit",,500,500,500,0,1,22,0.044,0.00917213170424411,0.0292339556286072,0.0657194428723284,0.0120691009438231,0.189184380743062,-0.0325523410634451,-0.651046821268902,0,-0.0358519356909944,0,0,"","Nominal generating-scale rejection rate","2026-08-07 17:53:07 UTC","0.1.0","full"
"FC-013","forced_choice","sample_size","sample_size",FALSE,"N = 100","Chance-corrected binomial","chance-corrected logit","Gaussian identity;Standard binomial logit;Standard binomial probit;Chance-corrected binomial logit","identity;logit;probit;chance-corrected logit",20260807,"seed = (base_seed + stream_offset + scenario_number * 10000 + replication) modulo .Machine$integer.max",500,0.05,0,100,20,0.5,6,10,8,0,0.6,-0.9,0,1,1,"N",100,,,,,,,,,,,,,,,,,,,"Gaussian identity","identity",,500,500,500,0,1,39,0.078,0.0119929979571415,0.0575813934761616,0.104853549873389,-0.00990322093662019,0.0176920988635757,-0.0396128837464808,-0.792257674929615,-0.0358519356909944,-0.0358519356909944,0,0,"","Pseudo-interaction detection rate","2026-08-07 17:53:07 UTC","0.1.0","full"
"FC-013","forced_choice","sample_size","sample_size",FALSE,"N = 100","Chance-corrected binomial","chance-corrected logit","Gaussian identity;Standard binomial logit;Standard binomial probit;Chance-corrected binomial logit","identity;logit;probit;chance-corrected logit",20260807,"seed = (base_seed + stream_offset + scenario_number * 10000 + replication) modulo .Machine$integer.max",500,0.05,0,100,20,0.5,6,10,8,0,0.6,-0.9,0,1,1,"N",100,,,,,,,,,,,,,,,,,,,"Standard binomial logit","logit",,500,500,500,0,1,139,0.278,0.0200357680162254,0.240536607528625,0.318848599636304,-0.118830479593082,0.0902041140576106,-0.0417314205705054,-0.834628411410108,-0.472741965870331,-0.0358519356909944,0,0,"","Pseudo-interaction detection rate","2026-08-07 17:53:07 UTC","0.1.0","full"
"FC-013","forced_choice","sample_size","sample_size",FALSE,"N = 100","Chance-corrected binomial","chance-corrected logit","Gaussian identity;Standard binomial logit;Standard binomial probit;Chance-corrected binomial logit","identity;logit;probit;chance-corrected logit",20260807,"seed = (base_seed + stream_offset + scenario_number * 10000 + replication) modulo .Machine$integer.max",500,0.05,0,100,20,0.5,6,10,8,0,0.6,-0.9,0,1,1,"N",100,,,,,,,,,,,,,,,,,,,"Standard binomial probit","probit",,500,500,500,0,1,115,0.23,0.0188202019117755,0.19525492517447,0.268862218674768,-0.0632119905825852,0.0535038056482321,-0.0409316785482515,-0.818633570965029,-0.242607035150972,-0.0358519356909944,0,0,"","Pseudo-interaction detection rate","2026-08-07 17:53:07 UTC","0.1.0","full"
"FC-014","forced_choice","sample_size","sample_size",FALSE,"N = 150","Chance-corrected binomial","chance-corrected logit","Gaussian identity;Standard binomial logit;Standard binomial probit;Chance-corrected binomial logit","identity;logit;probit;chance-corrected logit",20260807,"seed = (base_seed + stream_offset + scenario_number * 10000 + replication) modulo .Machine$integer.max",500,0.05,0,150,20,0.5,6,10,8,0,0.6,-0.9,0,1,1,"N",150,,,,,,,,,,,,,,,,,,,"Chance-corrected binomial logit","chance-corrected logit",,500,500,500,0,1,26,0.052,0.00992935043192655,0.0357302651157053,0.0751011439378455,0.00647413282434559,0.151224272096078,-0.0314362659598379,-0.628725319196758,0,-0.0358519356909944,0,0,"","Nominal generating-scale rejection rate","2026-08-07 17:53:07 UTC","0.1.0","full"
"FC-014","forced_choice","sample_size","sample_size",FALSE,"N = 150","Chance-corrected binomial","chance-corrected logit","Gaussian identity;Standard binomial logit;Standard binomial probit;Chance-corrected binomial logit","identity;logit;probit;chance-corrected logit",20260807,"seed = (base_seed + stream_offset + scenario_number * 10000 + replication) modulo .Machine$integer.max",500,0.05,0,150,20,0.5,6,10,8,0,0.6,-0.9,0,1,1,"N",150,,,,,,,,,,,,,,,,,,,"Gaussian identity","identity",,500,500,500,0,1,54,0.108,0.0138806339912844,0.0837228096370504,0.138254673284807,-0.00943597636492764,0.0144841492925179,-0.0377439054597106,-0.754878109194212,-0.0358519356909944,-0.0358519356909944,0,0,"","Pseudo-interaction detection rate","2026-08-07 17:53:07 UTC","0.1.0","full"
"FC-014","forced_choice","sample_size","sample_size",FALSE,"N = 150","Chance-corrected binomial","chance-corrected logit","Gaussian identity;Standard binomial logit;Standard binomial probit;Chance-corrected binomial logit","identity;logit;probit;chance-corrected logit",20260807,"seed = (base_seed + stream_offset + scenario_number * 10000 + replication) modulo .Machine$integer.max",500,0.05,0,150,20,0.5,6,10,8,0,0.6,-0.9,0,1,1,"N",150,,,,,,,,,,,,,,,,,,,"Standard binomial logit","logit",,500,500,500,0,1,179,0.358,0.0214399626865347,0.317207603401289,0.400957709289792,-0.114292621881635,0.0733289257117021,-0.0396073369121666,-0.792146738243331,-0.472741965870331,-0.0358519356909944,0,0,"","Pseudo-interaction detection rate","2026-08-07 17:53:07 UTC","0.1.0","full"
"FC-014","forced_choice","sample_size","sample_size",FALSE,"N = 150","Chance-corrected binomial","chance-corrected logit","Gaussian identity;Standard binomial logit;Standard binomial probit;Chance-corrected binomial logit","identity;logit;probit;chance-corrected logit",20260807,"seed = (base_seed + stream_offset + scenario_number * 10000 + replication) modulo .Machine$integer.max",500,0.05,0,150,20,0.5,6,10,8,0,0.6,-0.9,0,1,1,"N",150,,,,,,,,,,,,,,,,,,,"Standard binomial probit","probit",,500,500,500,0,1,151,0.302,0.0205327056181108,0.263391550879857,0.343627687942918,-0.0606948543994325,0.0435219480077256,-0.0390288244239127,-0.780576488478254,-0.242607035150972,-0.0358519356909944,0,0,"","Pseudo-interaction detection rate","2026-08-07 17:53:07 UTC","0.1.0","full"
"FC-015","forced_choice","sample_size","sample_size",FALSE,"N = 200","Chance-corrected binomial","chance-corrected logit","Gaussian identity;Standard binomial logit;Standard binomial probit;Chance-corrected binomial logit","identity;logit;probit;chance-corrected logit",20260807,"seed = (base_seed + stream_offset + scenario_number * 10000 + replication) modulo .Machine$integer.max",500,0.05,0,200,20,0.5,6,10,8,0,0.6,-0.9,0,1,1,"N",200,,,,,,,,,,,,,,,,,,,"Chance-corrected binomial logit","chance-corrected logit",,500,500,500,0,1,24,0.048,0.00955991631762538,0.0324652069413532,0.0704271968358901,0.0097021652836914,0.131462642672607,-0.0333144172835051,-0.666288345670102,0,-0.0358519356909944,0,0,"","Nominal generating-scale rejection rate","2026-08-07 17:53:07 UTC","0.1.0","full"
"FC-015","forced_choice","sample_size","sample_size",FALSE,"N = 200","Chance-corrected binomial","chance-corrected logit","Gaussian identity;Standard binomial logit;Standard binomial probit;Chance-corrected binomial logit","identity;logit;probit;chance-corrected logit",20260807,"seed = (base_seed + stream_offset + scenario_number * 10000 + replication) modulo .Machine$integer.max",500,0.05,0,200,20,0.5,6,10,8,0,0.6,-0.9,0,1,1,"N",200,,,,,,,,,,,,,,,,,,,"Gaussian identity","identity",,500,500,500,0,1,53,0.106,0.0137669168661687,0.0819570502729704,0.136050930010733,-0.0099258628048401,0.0124393735004146,-0.0397034512193605,-0.794069024387209,-0.0358519356909944,-0.0358519356909944,0,0,"","Pseudo-interaction detection rate","2026-08-07 17:53:07 UTC","0.1.0","full"
"FC-015","forced_choice","sample_size","sample_size",FALSE,"N = 200","Chance-corrected binomial","chance-corrected logit","Gaussian identity;Standard binomial logit;Standard binomial probit;Chance-corrected binomial logit","identity;logit;probit;chance-corrected logit",20260807,"seed = (base_seed + stream_offset + scenario_number * 10000 + replication) modulo .Machine$integer.max",500,0.05,0,200,20,0.5,6,10,8,0,0.6,-0.9,0,1,1,"N",200,,,,,,,,,,,,,,,,,,,"Standard binomial logit","logit",,500,500,500,0,1,218,0.436,0.0221767445762447,0.393185603123056,0.479790312456023,-0.114822752148405,0.0634259422850637,-0.040185057148048,-0.80370114296096,-0.472741965870331,-0.0358519356909944,0,0,"","Pseudo-interaction detection rate","2026-08-07 17:53:07 UTC","0.1.0","full"
"FC-015","forced_choice","sample_size","sample_size",FALSE,"N = 200","Chance-corrected binomial","chance-corrected logit","Gaussian identity;Standard binomial logit;Standard binomial probit;Chance-corrected binomial logit","identity;logit;probit;chance-corrected logit",20260807,"seed = (base_seed + stream_offset + scenario_number * 10000 + replication) modulo .Machine$integer.max",500,0.05,0,200,20,0.5,6,10,8,0,0.6,-0.9,0,1,1,"N",200,,,,,,,,,,,,,,,,,,,"Standard binomial probit","probit",,500,500,500,0,1,185,0.37,0.0215916650585359,0.328822263774239,0.413160064745764,-0.0609309722702053,0.0375859781294499,-0.0404639506402406,-0.809279012804811,-0.242607035150972,-0.0358519356909944,0,0,"","Pseudo-interaction detection rate","2026-08-07 17:53:07 UTC","0.1.0","full"
"FC-016","forced_choice","sample_size","sample_size",FALSE,"N = 500","Chance-corrected binomial","chance-corrected logit","Gaussian identity;Standard binomial logit;Standard binomial probit;Chance-corrected binomial logit","identity;logit;probit;chance-corrected logit",20260807,"seed = (base_seed + stream_offset + scenario_number * 10000 + replication) modulo .Machine$integer.max",500,0.05,0,500,20,0.5,6,10,8,0,0.6,-0.9,0,1,1,"N",500,,,,,,,,,,,,,,,,,,,"Chance-corrected binomial logit","chance-corrected logit",,500,500,500,0,1,22,0.044,0.00917213170424411,0.0292339556286072,0.0657194428723284,-0.00305271073817447,0.0825046539132351,-0.0370269331798272,-0.740538663596545,0,-0.0358519356909944,0,0,"","Nominal generating-scale rejection rate","2026-08-07 17:53:07 UTC","0.1.0","full"
"FC-016","forced_choice","sample_size","sample_size",FALSE,"N = 500","Chance-corrected binomial","chance-corrected logit","Gaussian identity;Standard binomial logit;Standard binomial probit;Chance-corrected binomial logit","identity;logit;probit;chance-corrected logit",20260807,"seed = (base_seed + stream_offset + scenario_number * 10000 + replication) modulo .Machine$integer.max",500,0.05,0,500,20,0.5,6,10,8,0,0.6,-0.9,0,1,1,"N",500,,,,,,,,,,,,,,,,,,,"Gaussian identity","identity",,500,500,500,0,1,137,0.274,0.0199461274436919,0.236740625665821,0.314705576222801,-0.0110226358297015,0.00782153133337273,-0.0440905433188061,-0.881810866376121,-0.0358519356909944,-0.0358519356909944,0,0,"","Pseudo-interaction detection rate","2026-08-07 17:53:07 UTC","0.1.0","full"
"FC-016","forced_choice","sample_size","sample_size",FALSE,"N = 500","Chance-corrected binomial","chance-corrected logit","Gaussian identity;Standard binomial logit;Standard binomial probit;Chance-corrected binomial logit","identity;logit;probit;chance-corrected logit",20260807,"seed = (base_seed + stream_offset + scenario_number * 10000 + replication) modulo .Machine$integer.max",500,0.05,0,500,20,0.5,6,10,8,0,0.6,-0.9,0,1,1,"N",500,,,,,,,,,,,,,,,,,,,"Standard binomial logit","logit",,500,500,500,0,1,426,0.852,0.0158805541465026,0.818193869704273,0.880438594610795,-0.121805837356921,0.0397949692159701,-0.0442429363172432,-0.884858726344864,-0.472741965870331,-0.0358519356909944,0,0,"","Pseudo-interaction detection rate","2026-08-07 17:53:07 UTC","0.1.0","full"
"FC-016","forced_choice","sample_size","sample_size",FALSE,"N = 500","Chance-corrected binomial","chance-corrected logit","Gaussian identity;Standard binomial logit;Standard binomial probit;Chance-corrected binomial logit","identity;logit;probit;chance-corrected logit",20260807,"seed = (base_seed + stream_offset + scenario_number * 10000 + replication) modulo .Machine$integer.max",500,0.05,0,500,20,0.5,6,10,8,0,0.6,-0.9,0,1,1,"N",500,,,,,,,,,,,,,,,,,,,"Standard binomial probit","probit",,500,500,500,0,1,389,0.778,0.0185858010319706,0.739530218085007,0.81223064861837,-0.0652192356341068,0.0235950200441267,-0.0433279600200887,-0.866559200401773,-0.242607035150972,-0.0358519356909944,0,0,"","Pseudo-interaction detection rate","2026-08-07 17:53:07 UTC","0.1.0","full"
"FC-017","forced_choice","sample_size","sample_size",FALSE,"N = 1000","Chance-corrected binomial","chance-corrected logit","Gaussian identity;Standard binomial logit;Standard binomial probit;Chance-corrected binomial logit","identity;logit;probit;chance-corrected logit",20260807,"seed = (base_seed + stream_offset + scenario_number * 10000 + replication) modulo .Machine$integer.max",500,0.05,0,1000,20,0.5,6,10,8,0,0.6,-0.9,0,1,1,"N",1000,,,,,,,,,,,,,,,,,,,"Chance-corrected binomial logit","chance-corrected logit",,500,500,500,0,1,20,0.04,0.00876356092008266,0.0260407973897773,0.0609735958348508,0.00498689088705145,0.0579572986188571,-0.0347121373764513,-0.694242747529027,0,-0.0358519356909944,0,0,"","Nominal generating-scale rejection rate","2026-08-07 17:53:07 UTC","0.1.0","full"
"FC-017","forced_choice","sample_size","sample_size",FALSE,"N = 1000","Chance-corrected binomial","chance-corrected logit","Gaussian identity;Standard binomial logit;Standard binomial probit;Chance-corrected binomial logit","identity;logit;probit;chance-corrected logit",20260807,"seed = (base_seed + stream_offset + scenario_number * 10000 + replication) modulo .Machine$integer.max",500,0.05,0,1000,20,0.5,6,10,8,0,0.6,-0.9,0,1,1,"N",1000,,,,,,,,,,,,,,,,,,,"Gaussian identity","identity",,500,500,500,0,1,212,0.424,0.022100859711785,0.381424117793864,0.467734781956292,-0.010284207488974,0.0054996853439387,-0.0411368299558961,-0.822736599117921,-0.0358519356909944,-0.0358519356909944,0,0,"","Pseudo-interaction detection rate","2026-08-07 17:53:07 UTC","0.1.0","full"
"FC-017","forced_choice","sample_size","sample_size",FALSE,"N = 1000","Chance-corrected binomial","chance-corrected logit","Gaussian identity;Standard binomial logit;Standard binomial probit;Chance-corrected binomial logit","identity;logit;probit;chance-corrected logit",20260807,"seed = (base_seed + stream_offset + scenario_number * 10000 + replication) modulo .Machine$integer.max",500,0.05,0,1000,20,0.5,6,10,8,0,0.6,-0.9,0,1,1,"N",1000,,,,,,,,,,,,,,,,,,,"Standard binomial logit","logit",,500,500,500,0,1,492,0.984,0.00561141693336006,0.968748891466606,0.991870746966612,-0.116573719969476,0.0280677989135985,-0.0414488503253063,-0.828977006506126,-0.472741965870331,-0.0358519356909944,0,0,"","Pseudo-interaction detection rate","2026-08-07 17:53:07 UTC","0.1.0","full"
"FC-017","forced_choice","sample_size","sample_size",FALSE,"N = 1000","Chance-corrected binomial","chance-corrected logit","Gaussian identity;Standard binomial logit;Standard binomial probit;Chance-corrected binomial logit","identity;logit;probit;chance-corrected logit",20260807,"seed = (base_seed + stream_offset + scenario_number * 10000 + replication) modulo .Machine$integer.max",500,0.05,0,1000,20,0.5,6,10,8,0,0.6,-0.9,0,1,1,"N",1000,,,,,,,,,,,,,,,,,,,"Standard binomial probit","probit",,500,500,500,0,1,481,0.962,0.00855055553750749,0.941415227469356,0.97553988194417,-0.0621366653887672,0.0166376506660077,-0.0406549284849215,-0.813098569698429,-0.242607035150972,-0.0358519356909944,0,0,"","Pseudo-interaction detection rate","2026-08-07 17:53:07 UTC","0.1.0","full"
"FC-018","forced_choice","scale_location","scale_location",FALSE,"Intercept = -1.50","Chance-corrected binomial","chance-corrected logit","Gaussian identity;Standard binomial logit;Standard binomial probit;Chance-corrected binomial logit","identity;logit;probit;chance-corrected logit",20260807,"seed = (base_seed + stream_offset + scenario_number * 10000 + replication) modulo .Machine$integer.max",500,0.05,0,250,20,0.5,6,10,8,-1.5,0.6,-0.9,0,1,1,"beta_intercept",-1.5,,,,,,,,,,,,,,,,,,,"Chance-corrected binomial logit","chance-corrected logit",,500,500,500,0,1,25,0.05,0.00974679434480896,0.0340937452438494,0.0727681611715476,-0.00407083212404697,0.273558417050886,-0.0772849574705331,-1.54569914941066,0,-0.0788529521036141,0,0,"","Nominal generating-scale rejection rate","2026-08-07 17:53:07 UTC","0.1.0","full"
"FC-018","forced_choice","scale_location","scale_location",FALSE,"Intercept = -1.50","Chance-corrected binomial","chance-corrected logit","Gaussian identity;Standard binomial logit;Standard binomial probit;Chance-corrected binomial logit","identity;logit;probit;chance-corrected logit",20260807,"seed = (base_seed + stream_offset + scenario_number * 10000 + replication) modulo .Machine$integer.max",500,0.05,0,250,20,0.5,6,10,8,-1.5,0.6,-0.9,0,1,1,"beta_intercept",-1.5,,,,,,,,,,,,,,,,,,,"Gaussian identity","identity",,500,500,500,0,1,194,0.388,0.0217924757657316,0.346296029350054,0.431411822913334,-0.0207832817470989,0.0121784327855204,-0.0831331269883956,-1.66266253976791,-0.0788529521036141,-0.0788529521036141,0,0,"","Pseudo-interaction detection rate","2026-08-07 17:53:07 UTC","0.1.0","full"
"FC-018","forced_choice","scale_location","scale_location",FALSE,"Intercept = -1.50","Chance-corrected binomial","chance-corrected logit","Gaussian identity;Standard binomial logit;Standard binomial probit;Chance-corrected binomial logit","identity;logit;probit;chance-corrected logit",20260807,"seed = (base_seed + stream_offset + scenario_number * 10000 + replication) modulo .Machine$integer.max",500,0.05,0,250,20,0.5,6,10,8,-1.5,0.6,-0.9,0,1,1,"beta_intercept",-1.5,,,,,,,,,,,,,,,,,,,"Standard binomial logit","logit",,500,500,500,0,1,220,0.44,0.0221990990808186,0.397111794441699,0.483803126413687,-0.0911800610089382,0.0502807761386311,-0.082779946401034,-1.65559892802068,-0.364515856544829,-0.0788529521036141,0,0,"","Pseudo-interaction detection rate","2026-08-07 17:53:07 UTC","0.1.0","full"
"FC-018","forced_choice","scale_location","scale_location",FALSE,"Intercept = -1.50","Chance-corrected binomial","chance-corrected logit","Gaussian identity;Standard binomial logit;Standard binomial probit;Chance-corrected binomial logit","identity;logit;probit;chance-corrected logit",20260807,"seed = (base_seed + stream_offset + scenario_number * 10000 + replication) modulo .Machine$integer.max",500,0.05,0,250,20,0.5,6,10,8,-1.5,0.6,-0.9,0,1,1,"beta_intercept",-1.5,,,,,,,,,,,,,,,,,,,"Standard binomial probit","probit",,500,500,500,0,1,219,0.438,0.0221881049213312,0.395148344086666,0.481797074130567,-0.0561449033700468,0.0312292960647286,-0.0826587337472355,-1.65317467494471,-0.221548812456587,-0.0788529521036141,0,0,"","Pseudo-interaction detection rate","2026-08-07 17:53:07 UTC","0.1.0","full"
"FC-019","forced_choice","scale_location","scale_location",FALSE,"Intercept = 1.50","Chance-corrected binomial","chance-corrected logit","Gaussian identity;Standard binomial logit;Standard binomial probit;Chance-corrected binomial logit","identity;logit;probit;chance-corrected logit",20260807,"seed = (base_seed + stream_offset + scenario_number * 10000 + replication) modulo .Machine$integer.max",500,0.05,0,250,20,0.5,6,10,8,1.5,0.6,-0.9,0,1,1,"beta_intercept",1.5,,,,,,,,,,,,,,,,,,,"Chance-corrected binomial logit","chance-corrected logit",,500,500,500,0,1,24,0.048,0.00955991631762538,0.0324652069413532,0.0704271968358901,-0.00332265967123991,0.0992078142927068,0.0701138663353711,1.40227732670742,0,0.0706105570969817,0,0,"","Nominal generating-scale rejection rate","2026-08-07 17:53:07 UTC","0.1.0","full"
"FC-019","forced_choice","scale_location","scale_location",FALSE,"Intercept = 1.50","Chance-corrected binomial","chance-corrected logit","Gaussian identity;Standard binomial logit;Standard binomial probit;Chance-corrected binomial logit","identity;logit;probit;chance-corrected logit",20260807,"seed = (base_seed + stream_offset + scenario_number * 10000 + replication) modulo .Machine$integer.max",500,0.05,0,250,20,0.5,6,10,8,1.5,0.6,-0.9,0,1,1,"beta_intercept",1.5,,,,,,,,,,,,,,,,,,,"Gaussian identity","identity",,500,500,500,0,1,331,0.662,0.0211544794310803,0.619442738035469,0.702086975654988,0.0198167909881047,0.00841813772931109,0.079267163952419,1.58534327904838,0.0706105570969817,0.0706105570969817,0,0,"","Pseudo-interaction detection rate","2026-08-07 17:53:07 UTC","0.1.0","full"
"FC-019","forced_choice","scale_location","scale_location",FALSE,"Intercept = 1.50","Chance-corrected binomial","chance-corrected logit","Gaussian identity;Standard binomial logit;Standard binomial probit;Chance-corrected binomial logit","identity;logit;probit;chance-corrected logit",20260807,"seed = (base_seed + stream_offset + scenario_number * 10000 + replication) modulo .Machine$integer.max",500,0.05,0,250,20,0.5,6,10,8,1.5,0.6,-0.9,0,1,1,"beta_intercept",1.5,,,,,,,,,,,,,,,,,,,"Standard binomial logit","logit",,500,500,500,0,1,75,0.15,0.0159687194226713,0.121375957691388,0.183961080631698,-0.0730945270694867,0.0796834776234956,0.0756249791884208,1.51249958376842,-0.286187726968738,0.0706105570969817,0,0,"","Pseudo-interaction detection rate","2026-08-07 17:53:07 UTC","0.1.0","full"
"FC-019","forced_choice","scale_location","scale_location",FALSE,"Intercept = 1.50","Chance-corrected binomial","chance-corrected logit","Gaussian identity;Standard binomial logit;Standard binomial probit;Chance-corrected binomial logit","identity;logit;probit;chance-corrected logit",20260807,"seed = (base_seed + stream_offset + scenario_number * 10000 + replication) modulo .Machine$integer.max",500,0.05,0,250,20,0.5,6,10,8,1.5,0.6,-0.9,0,1,1,"beta_intercept",1.5,,,,,,,,,,,,,,,,,,,"Standard binomial probit","probit",,500,500,500,0,1,37,0.074,0.0117067501895274,0.054161184751012,0.100334753322231,-0.0144141994617046,0.041628290595154,0.0779094163899545,1.55818832779909,-0.0534350664984694,0.0706105570969817,0,0,"","Pseudo-interaction detection rate","2026-08-07 17:53:07 UTC","0.1.0","full"
"FC-020","forced_choice","trial_count","trial_count",FALSE,"Trials = 5","Chance-corrected binomial","chance-corrected logit","Gaussian identity;Standard binomial logit;Standard binomial probit;Chance-corrected binomial logit","identity;logit;probit;chance-corrected logit",20260807,"seed = (base_seed + stream_offset + scenario_number * 10000 + replication) modulo .Machine$integer.max",500,0.05,0,250,5,0.5,6,10,8,0,0.6,-0.9,0,1,1,"k_trials",5,,,,,,,,,,,,,,,,,,,"Chance-corrected binomial logit","chance-corrected logit",,500,500,500,0,1,26,0.052,0.00992935043192655,0.0357302651157053,0.0751011439378455,0.00188334833949036,0.238814232774686,-0.0324232687017003,-0.162116343508501,0,-0.0358519356909944,0,0,"","Nominal generating-scale rejection rate","2026-08-07 17:53:07 UTC","0.1.0","full"
"FC-020","forced_choice","trial_count","trial_count",FALSE,"Trials = 5","Chance-corrected binomial","chance-corrected logit","Gaussian identity;Standard binomial logit;Standard binomial probit;Chance-corrected binomial logit","identity;logit;probit;chance-corrected logit",20260807,"seed = (base_seed + stream_offset + scenario_number * 10000 + replication) modulo .Machine$integer.max",500,0.05,0,250,5,0.5,6,10,8,0,0.6,-0.9,0,1,1,"k_trials",5,,,,,,,,,,,,,,,,,,,"Gaussian identity","identity",,500,500,500,0,1,41,0.082,0.0122699633251286,0.0610190894684689,0.109354859157389,-0.00917263742805357,0.0222207003480883,-0.0366905497122143,-0.183452748561072,-0.0358519356909944,-0.0358519356909944,0,0,"","Pseudo-interaction detection rate","2026-08-07 17:53:07 UTC","0.1.0","full"
"FC-020","forced_choice","trial_count","trial_count",FALSE,"Trials = 5","Chance-corrected binomial","chance-corrected logit","Gaussian identity;Standard binomial logit;Standard binomial probit;Chance-corrected binomial logit","identity;logit;probit;chance-corrected logit",20260807,"seed = (base_seed + stream_offset + scenario_number * 10000 + replication) modulo .Machine$integer.max",500,0.05,0,250,5,0.5,6,10,8,0,0.6,-0.9,0,1,1,"k_trials",5,,,,,,,,,,,,,,,,,,,"Standard binomial logit","logit",,500,500,500,0,1,110,0.22,0.0185256578830551,0.185900932571624,0.258368698086846,-0.116236857358267,0.113355293330852,-0.0381360934222882,-0.190680467111441,-0.472741965870331,-0.0358519356909944,0,0,"","Pseudo-interaction detection rate","2026-08-07 17:53:07 UTC","0.1.0","full"
"FC-020","forced_choice","trial_count","trial_count",FALSE,"Trials = 5","Chance-corrected binomial","chance-corrected logit","Gaussian identity;Standard binomial logit;Standard binomial probit;Chance-corrected binomial logit","identity;logit;probit;chance-corrected logit",20260807,"seed = (base_seed + stream_offset + scenario_number * 10000 + replication) modulo .Machine$integer.max",500,0.05,0,250,5,0.5,6,10,8,0,0.6,-0.9,0,1,1,"k_trials",5,,,,,,,,,,,,,,,,,,,"Standard binomial probit","probit",,500,500,500,0,1,96,0.192,0.0176145394489893,0.159876218595883,0.228820375128433,-0.0598737148341302,0.0672623388746241,-0.0361245813788266,-0.180622906894133,-0.242607035150972,-0.0358519356909944,0,0,"","Pseudo-interaction detection rate","2026-08-07 17:53:07 UTC","0.1.0","full"
"FC-021","forced_choice","trial_count","trial_count",FALSE,"Trials = 10","Chance-corrected binomial","chance-corrected logit","Gaussian identity;Standard binomial logit;Standard binomial probit;Chance-corrected binomial logit","identity;logit;probit;chance-corrected logit",20260807,"seed = (base_seed + stream_offset + scenario_number * 10000 + replication) modulo .Machine$integer.max",500,0.05,0,250,10,0.5,6,10,8,0,0.6,-0.9,0,1,1,"k_trials",10,,,,,,,,,,,,,,,,,,,"Chance-corrected binomial logit","chance-corrected logit",,500,500,500,0,1,25,0.05,0.00974679434480896,0.0340937452438494,0.0727681611715476,0.00137933764357094,0.16589167753734,-0.0350290790103777,-0.350290790103777,0,-0.0358519356909944,0,0,"","Nominal generating-scale rejection rate","2026-08-07 17:53:07 UTC","0.1.0","full"
"FC-021","forced_choice","trial_count","trial_count",FALSE,"Trials = 10","Chance-corrected binomial","chance-corrected logit","Gaussian identity;Standard binomial logit;Standard binomial probit;Chance-corrected binomial logit","identity;logit;probit;chance-corrected logit",20260807,"seed = (base_seed + stream_offset + scenario_number * 10000 + replication) modulo .Machine$integer.max",500,0.05,0,250,10,0.5,6,10,8,0,0.6,-0.9,0,1,1,"k_trials",10,,,,,,,,,,,,,,,,,,,"Gaussian identity","identity",,500,500,500,0,1,61,0.122,0.0146366662871024,0.0961592783150937,0.15360472307384,-0.0099770205801817,0.0157224276117738,-0.0399080823207268,-0.399080823207268,-0.0358519356909944,-0.0358519356909944,0,0,"","Pseudo-interaction detection rate","2026-08-07 17:53:07 UTC","0.1.0","full"
"FC-021","forced_choice","trial_count","trial_count",FALSE,"Trials = 10","Chance-corrected binomial","chance-corrected logit","Gaussian identity;Standard binomial logit;Standard binomial probit;Chance-corrected binomial logit","identity;logit;probit;chance-corrected logit",20260807,"seed = (base_seed + stream_offset + scenario_number * 10000 + replication) modulo .Machine$integer.max",500,0.05,0,250,10,0.5,6,10,8,0,0.6,-0.9,0,1,1,"k_trials",10,,,,,,,,,,,,,,,,,,,"Standard binomial logit","logit",,500,500,500,0,1,150,0.3,0.0204939015319192,0.261481932140698,0.341567804043923,-0.112929356275641,0.0799596004394736,-0.0391751043741789,-0.391751043741789,-0.472741965870331,-0.0358519356909944,0,0,"","Pseudo-interaction detection rate","2026-08-07 17:53:07 UTC","0.1.0","full"
"FC-021","forced_choice","trial_count","trial_count",FALSE,"Trials = 10","Chance-corrected binomial","chance-corrected logit","Gaussian identity;Standard binomial logit;Standard binomial probit;Chance-corrected binomial logit","identity;logit;probit;chance-corrected logit",20260807,"seed = (base_seed + stream_offset + scenario_number * 10000 + replication) modulo .Machine$integer.max",500,0.05,0,250,10,0.5,6,10,8,0,0.6,-0.9,0,1,1,"k_trials",10,,,,,,,,,,,,,,,,,,,"Standard binomial probit","probit",,500,500,500,0,1,128,0.256,0.0195173768729304,0.219707708191719,0.296012969953519,-0.0600278227783755,0.0474398773589319,-0.0383259303772034,-0.383259303772034,-0.242607035150972,-0.0358519356909944,0,0,"","Pseudo-interaction detection rate","2026-08-07 17:53:07 UTC","0.1.0","full"
"FC-022","forced_choice","trial_count","trial_count",FALSE,"Trials = 50","Chance-corrected binomial","chance-corrected logit","Gaussian identity;Standard binomial logit;Standard binomial probit;Chance-corrected binomial logit","identity;logit;probit;chance-corrected logit",20260807,"seed = (base_seed + stream_offset + scenario_number * 10000 + replication) modulo .Machine$integer.max",500,0.05,0,250,50,0.5,6,10,8,0,0.6,-0.9,0,1,1,"k_trials",50,,,,,,,,,,,,,,,,,,,"Chance-corrected binomial logit","chance-corrected logit",,500,500,500,0,1,35,0.07,0.0114105214604767,0.0507597429450181,0.0957971898519169,-0.0066921176958221,0.0737501804254273,-0.0377690907764677,-1.88845453882338,0,-0.0358519356909944,0,0,"","Nominal generating-scale rejection rate","2026-08-07 17:53:07 UTC","0.1.0","full"
"FC-022","forced_choice","trial_count","trial_count",FALSE,"Trials = 50","Chance-corrected binomial","chance-corrected logit","Gaussian identity;Standard binomial logit;Standard binomial probit;Chance-corrected binomial logit","identity;logit;probit;chance-corrected logit",20260807,"seed = (base_seed + stream_offset + scenario_number * 10000 + replication) modulo .Machine$integer.max",500,0.05,0,250,50,0.5,6,10,8,0,0.6,-0.9,0,1,1,"k_trials",50,,,,,,,,,,,,,,,,,,,"Gaussian identity","identity",,500,500,500,0,1,171,0.342,0.0212149004239945,0.30176550666586,0.384643784919991,-0.011330145301416,0.00704033752293701,-0.0453205812056638,-2.26602906028319,-0.0358519356909944,-0.0358519356909944,0,0,"","Pseudo-interaction detection rate","2026-08-07 17:53:07 UTC","0.1.0","full"
"FC-022","forced_choice","trial_count","trial_count",FALSE,"Trials = 50","Chance-corrected binomial","chance-corrected logit","Gaussian identity;Standard binomial logit;Standard binomial probit;Chance-corrected binomial logit","identity;logit;probit;chance-corrected logit",20260807,"seed = (base_seed + stream_offset + scenario_number * 10000 + replication) modulo .Machine$integer.max",500,0.05,0,250,50,0.5,6,10,8,0,0.6,-0.9,0,1,1,"k_trials",50,,,,,,,,,,,,,,,,,,,"Standard binomial logit","logit",,500,500,500,0,1,447,0.894,0.0137669168661687,0.863949069989267,0.91804294972703,-0.121214978246547,0.0356909017718603,-0.0452916975524305,-2.26458487762153,-0.472741965870331,-0.0358519356909944,0,0,"","Pseudo-interaction detection rate","2026-08-07 17:53:07 UTC","0.1.0","full"
"FC-022","forced_choice","trial_count","trial_count",FALSE,"Trials = 50","Chance-corrected binomial","chance-corrected logit","Gaussian identity;Standard binomial logit;Standard binomial probit;Chance-corrected binomial logit","identity;logit;probit;chance-corrected logit",20260807,"seed = (base_seed + stream_offset + scenario_number * 10000 + replication) modulo .Machine$integer.max",500,0.05,0,250,50,0.5,6,10,8,0,0.6,-0.9,0,1,1,"k_trials",50,,,,,,,,,,,,,,,,,,,"Standard binomial probit","probit",,500,500,500,0,1,420,0.84,0.0163951212255354,0.805291820836308,0.869523627649836,-0.0654351150899121,0.021148774803752,-0.0446013542274905,-2.23006771137453,-0.242607035150972,-0.0358519356909944,0,0,"","Pseudo-interaction detection rate","2026-08-07 17:53:07 UTC","0.1.0","full"
"FC-023","forced_choice","chance_level","chance_level",FALSE,"Chance = 0.25","Chance-corrected binomial","chance-corrected logit","Gaussian identity;Standard binomial logit;Standard binomial probit;Chance-corrected binomial logit","identity;logit;probit;chance-corrected logit",20260807,"seed = (base_seed + stream_offset + scenario_number * 10000 + replication) modulo .Machine$integer.max",500,0.05,0,250,20,0.25,6,10,8,0,0.6,-0.9,0,1,1,"chance",0.25,,,,,,,,,,,,,,,,,,,"Chance-corrected binomial logit","chance-corrected logit",,500,500,500,0,1,30,0.06,0.0106207344378814,0.0423483564809462,0.0843610631252198,-0.0024105594034583,0.0832970846712819,-0.0536589531234754,-1.07317906246951,0,-0.0537779035364918,0,0,"","Nominal generating-scale rejection rate","2026-08-07 17:53:07 UTC","0.1.0","full"
"FC-023","forced_choice","chance_level","chance_level",FALSE,"Chance = 0.25","Chance-corrected binomial","chance-corrected logit","Gaussian identity;Standard binomial logit;Standard binomial probit;Chance-corrected binomial logit","identity;logit;probit;chance-corrected logit",20260807,"seed = (base_seed + stream_offset + scenario_number * 10000 + replication) modulo .Machine$integer.max",500,0.05,0,250,20,0.25,6,10,8,0,0.6,-0.9,0,1,1,"chance",0.25,,,,,,,,,,,,,,,,,,,"Gaussian identity","identity",,500,500,500,0,1,127,0.254,0.0194671004517879,0.217820254915187,0.293930920591897,-0.0163157788190494,0.0118895779596121,-0.0652631152761976,-1.30526230552395,-0.0537779035364918,-0.0537779035364918,0,0,"","Pseudo-interaction detection rate","2026-08-07 17:53:07 UTC","0.1.0","full"
"FC-023","forced_choice","chance_level","chance_level",FALSE,"Chance = 0.25","Chance-corrected binomial","chance-corrected logit","Gaussian identity;Standard binomial logit;Standard binomial probit;Chance-corrected binomial logit","identity;logit;probit;chance-corrected logit",20260807,"seed = (base_seed + stream_offset + scenario_number * 10000 + replication) modulo .Machine$integer.max",500,0.05,0,250,20,0.25,6,10,8,0,0.6,-0.9,0,1,1,"chance",0.25,,,,,,,,,,,,,,,,,,,"Standard binomial logit","logit",,500,500,500,0,1,244,0.488,0.0223542389716134,0.444445237020948,0.531737747150129,-0.102720447989865,0.0531353895969368,-0.0618050905542327,-1.23610181108465,-0.410715807720838,-0.0537779035364918,0,0,"","Pseudo-interaction detection rate","2026-08-07 17:53:07 UTC","0.1.0","full"
"FC-023","forced_choice","chance_level","chance_level",FALSE,"Chance = 0.25","Chance-corrected binomial","chance-corrected logit","Gaussian identity;Standard binomial logit;Standard binomial probit;Chance-corrected binomial logit","identity;logit;probit;chance-corrected logit",20260807,"seed = (base_seed + stream_offset + scenario_number * 10000 + replication) modulo .Machine$integer.max",500,0.05,0,250,20,0.25,6,10,8,0,0.6,-0.9,0,1,1,"chance",0.25,,,,,,,,,,,,,,,,,,,"Standard binomial probit","probit",,500,500,500,0,1,228,0.456,0.0222739309507774,0.412844817581755,0.499826124378862,-0.0598263514961373,0.032342391920275,-0.061706208687633,-1.23412417375266,-0.227772871174498,-0.0537779035364918,0,0,"","Pseudo-interaction detection rate","2026-08-07 17:53:07 UTC","0.1.0","full"
"FC-024","forced_choice","chance_level","chance_level",FALSE,"Chance = 0.3333","Chance-corrected binomial","chance-corrected logit","Gaussian identity;Standard binomial logit;Standard binomial probit;Chance-corrected binomial logit","identity;logit;probit;chance-corrected logit",20260807,"seed = (base_seed + stream_offset + scenario_number * 10000 + replication) modulo .Machine$integer.max",500,0.05,0,250,20,0.333333333333333,6,10,8,0,0.6,-0.9,0,1,1,"chance",0.333333333333333,,,,,,,,,,,,,,,,,,,"Chance-corrected binomial logit","chance-corrected logit",,500,500,500,0,1,24,0.048,0.00955991631762538,0.0324652069413532,0.0704271968358901,0.00459240873713439,0.0925852361635813,-0.0459589801999762,-0.919179603999524,0,-0.047802580921326,0,0,"","Nominal generating-scale rejection rate","2026-08-07 17:53:07 UTC","0.1.0","full"
"FC-024","forced_choice","chance_level","chance_level",FALSE,"Chance = 0.3333","Chance-corrected binomial","chance-corrected logit","Gaussian identity;Standard binomial logit;Standard binomial probit;Chance-corrected binomial logit","identity;logit;probit;chance-corrected logit",20260807,"seed = (base_seed + stream_offset + scenario_number * 10000 + replication) modulo .Machine$integer.max",500,0.05,0,250,20,0.333333333333333,6,10,8,0,0.6,-0.9,0,1,1,"chance",0.333333333333333,,,,,,,,,,,,,,,,,,,"Gaussian identity","identity",,500,500,500,0,1,101,0.202,0.0179552777756291,0.169141220675579,0.239402886239506,-0.0138366582060701,0.011714194497531,-0.0553466328242803,-1.10693265648561,-0.047802580921326,-0.047802580921326,0,0,"","Pseudo-interaction detection rate","2026-08-07 17:53:07 UTC","0.1.0","full"
"FC-024","forced_choice","chance_level","chance_level",FALSE,"Chance = 0.3333","Chance-corrected binomial","chance-corrected logit","Gaussian identity;Standard binomial logit;Standard binomial probit;Chance-corrected binomial logit","identity;logit;probit;chance-corrected logit",20260807,"seed = (base_seed + stream_offset + scenario_number * 10000 + replication) modulo .Machine$integer.max",500,0.05,0,250,20,0.333333333333333,6,10,8,0,0.6,-0.9,0,1,1,"chance",0.333333333333333,,,,,,,,,,,,,,,,,,,"Standard binomial logit","logit",,500,500,500,0,1,269,0.538,0.0222960086114085,0.494176845283715,0.581243704841207,-0.110018686897689,0.0533641660176009,-0.0528595723031541,-1.05719144606308,-0.444130877635597,-0.047802580921326,0,0,"","Pseudo-interaction detection rate","2026-08-07 17:53:07 UTC","0.1.0","full"
"FC-024","forced_choice","chance_level","chance_level",FALSE,"Chance = 0.3333","Chance-corrected binomial","chance-corrected logit","Gaussian identity;Standard binomial logit;Standard binomial probit;Chance-corrected binomial logit","identity;logit;probit;chance-corrected logit",20260807,"seed = (base_seed + stream_offset + scenario_number * 10000 + replication) modulo .Machine$integer.max",500,0.05,0,250,20,0.333333333333333,6,10,8,0,0.6,-0.9,0,1,1,"chance",0.333333333333333,,,,,,,,,,,,,,,,,,,"Standard binomial probit","probit",,500,500,500,0,1,236,0.472,0.0223255906976725,0.428622734730063,0.515804228335784,-0.0625204575123832,0.0323472128959416,-0.0536507848482397,-1.07301569696479,-0.239504370535799,-0.047802580921326,0,0,"","Pseudo-interaction detection rate","2026-08-07 17:53:07 UTC","0.1.0","full"
"SS-001","sum_scores","paper_anchor","paper_anchor;scale_location",TRUE,"Lower range","Deterministic graded-response item model","graded logistic latent scale","Observed sum-score identity;Gaussian-probit bounded score;Latent generating scale","identity;probit;identity latent benchmark",20260807,"seed = (base_seed + stream_offset + scenario_number * 10000 + replication) modulo .Machine$integer.max",500,0.05,0,600,,,,,,,,-0.9,,1,1,"threshold_shift",1.6,9,3,1,0.85,0,-1,1,1.6,,,,,,,,,,,"Gaussian-probit bounded score","probit",,500,500,500,0,1,33,0.066,0.0111035129576184,0.0473785263597739,0.0912394011608535,-0.0151073664029817,0.0522652320496256,-0.0694008332676571,-1.87382249822674,-0.0558694691671788,-0.0753172522697132,0,0,"","Pseudo-interaction detection rate","2026-08-07 17:53:07 UTC","0.1.0","full"
"SS-001","sum_scores","paper_anchor","paper_anchor;scale_location",TRUE,"Lower range","Deterministic graded-response item model","graded logistic latent scale","Observed sum-score identity;Gaussian-probit bounded score;Latent generating scale","identity;probit;identity latent benchmark",20260807,"seed = (base_seed + stream_offset + scenario_number * 10000 + replication) modulo .Machine$integer.max",500,0.05,0,600,,,,,,,,-0.9,,1,1,"threshold_shift",1.6,9,3,1,0.85,0,-1,1,1.6,,,,,,,,,,,"Latent generating scale","identity latent benchmark",,500,500,500,0,1,18,0.036,0.0083311463797007,0.0228910609802927,0.0561843269680277,-0.000359426701944091,0.0821031053214002,-2.6624200144002e-05,-0.000718853403888053,0,-0.0753172522697132,0,0,"","Nominal generating-scale rejection rate","2026-08-07 17:53:07 UTC","0.1.0","full"
"SS-001","sum_scores","paper_anchor","paper_anchor;scale_location",TRUE,"Lower range","Deterministic graded-response item model","graded logistic latent scale","Observed sum-score identity;Gaussian-probit bounded score;Latent generating scale","identity;probit;identity latent benchmark",20260807,"seed = (base_seed + stream_offset + scenario_number * 10000 + replication) modulo .Machine$integer.max",500,0.05,0,600,,,,,,,,-0.9,,1,1,"threshold_shift",1.6,9,3,1,0.85,0,-1,1,1.6,,,,,,,,,,,"Observed sum-score identity","identity",,500,500,500,0,1,363,0.726,0.0199461274436919,0.685294423777199,0.763259374334179,-0.916313074237332,0.350114167161461,-0.0678750425360986,-1.83262614847466,-2.03356581128226,-0.0753172522697132,0,0,"","Pseudo-interaction detection rate","2026-08-07 17:53:07 UTC","0.1.0","full"
"SS-002","sum_scores","paper_anchor","paper_anchor;main_effect_surface;sample_size;scale_location;item_count;latent_dispersion",TRUE,"Middle range","Deterministic graded-response item model","graded logistic latent scale","Observed sum-score identity;Gaussian-probit bounded score;Latent generating scale","identity;probit;identity latent benchmark",20260807,"seed = (base_seed + stream_offset + scenario_number * 10000 + replication) modulo .Machine$integer.max",500,0.05,0,600,,,,,,,,-0.9,,1,1,"threshold_shift",0,9,3,1,0.85,0,-1,1,0,,,,,,,,,,,"Gaussian-probit bounded score","probit",,500,500,500,0,1,19,0.038,0.00855055553750749,0.0244601180558304,0.0585847725306439,0.00121148022353207,0.0498554510439225,-0.0204376323917264,-0.551816074576613,-0.00960515997510131,-0.025766699993913,0,0,"","Pseudo-interaction detection rate","2026-08-07 17:53:07 UTC","0.1.0","full"
"SS-002","sum_scores","paper_anchor","paper_anchor;main_effect_surface;sample_size;scale_location;item_count;latent_dispersion",TRUE,"Middle range","Deterministic graded-response item model","graded logistic latent scale","Observed sum-score identity;Gaussian-probit bounded score;Latent generating scale","identity;probit;identity latent benchmark",20260807,"seed = (base_seed + stream_offset + scenario_number * 10000 + replication) modulo .Machine$integer.max",500,0.05,0,600,,,,,,,,-0.9,,1,1,"threshold_shift",0,9,3,1,0.85,0,-1,1,0,,,,,,,,,,,"Latent generating scale","identity latent benchmark",,500,500,500,0,1,29,0.058,0.0104533248299285,0.0406837291117572,0.082056187856255,0.00349301843425705,0.0817629480888265,0.000258742106241258,0.00698603686851396,0,-0.025766699993913,0,0,"","Nominal generating-scale rejection rate","2026-08-07 17:53:07 UTC","0.1.0","full"
"SS-002","sum_scores","paper_anchor","paper_anchor;main_effect_surface;sample_size;scale_location;item_count;latent_dispersion",TRUE,"Middle range","Deterministic graded-response item model","graded logistic latent scale","Observed sum-score identity;Gaussian-probit bounded score;Latent generating scale","identity;probit;identity latent benchmark",20260807,"seed = (base_seed + stream_offset + scenario_number * 10000 + replication) modulo .Machine$integer.max",500,0.05,0,600,,,,,,,,-0.9,,1,1,"threshold_shift",0,9,3,1,0.85,0,-1,1,0,,,,,,,,,,,"Observed sum-score identity","identity",,500,500,500,0,1,37,0.074,0.0117067501895274,0.054161184751012,0.100334753322231,-0.258684428641837,0.447861534323673,-0.019161809529025,-0.517368857283675,-0.695700899835652,-0.025766699993913,0,0,"","Pseudo-interaction detection rate","2026-08-07 17:53:07 UTC","0.1.0","full"
"SS-003","sum_scores","paper_anchor","paper_anchor;scale_location",TRUE,"Upper range","Deterministic graded-response item model","graded logistic latent scale","Observed sum-score identity;Gaussian-probit bounded score;Latent generating scale","identity;probit;identity latent benchmark",20260807,"seed = (base_seed + stream_offset + scenario_number * 10000 + replication) modulo .Machine$integer.max",500,0.05,0,600,,,,,,,,-0.9,,1,1,"threshold_shift",-1.6,9,3,1,0.85,0,-1,1,-1.6,,,,,,,,,,,"Gaussian-probit bounded score","probit",,500,500,500,0,1,28,0.056,0.0102824121683582,0.0390256206831515,0.0797447936467069,0.00914956655325556,0.0505796717415325,0.0535829602680107,1.44673992723629,0.0265513189197225,0.0581429122593365,0,0,"","Pseudo-interaction detection rate","2026-08-07 17:53:07 UTC","0.1.0","full"
"SS-003","sum_scores","paper_anchor","paper_anchor;scale_location",TRUE,"Upper range","Deterministic graded-response item model","graded logistic latent scale","Observed sum-score identity;Gaussian-probit bounded score;Latent generating scale","identity;probit;identity latent benchmark",20260807,"seed = (base_seed + stream_offset + scenario_number * 10000 + replication) modulo .Machine$integer.max",500,0.05,0,600,,,,,,,,-0.9,,1,1,"threshold_shift",-1.6,9,3,1,0.85,0,-1,1,-1.6,,,,,,,,,,,"Latent generating scale","identity latent benchmark",,500,500,500,0,1,22,0.044,0.00917213170424411,0.0292339556286072,0.0657194428723284,0.00242334327916279,0.0821860380750715,0.000179506909567615,0.0048466865583256,0,0.0581429122593365,0,0,"","Nominal generating-scale rejection rate","2026-08-07 17:53:07 UTC","0.1.0","full"
"SS-003","sum_scores","paper_anchor","paper_anchor;scale_location",TRUE,"Upper range","Deterministic graded-response item model","graded logistic latent scale","Observed sum-score identity;Gaussian-probit bounded score;Latent generating scale","identity;probit;identity latent benchmark",20260807,"seed = (base_seed + stream_offset + scenario_number * 10000 + replication) modulo .Machine$integer.max",500,0.05,0,600,,,,,,,,-0.9,,1,1,"threshold_shift",-1.6,9,3,1,0.85,0,-1,1,-1.6,,,,,,,,,,,"Observed sum-score identity","identity",,500,500,500,0,1,188,0.376,0.0216621328589777,0.334640015819233,0.419250820615233,0.690241183404275,0.41940962855463,0.0511289765484648,1.38048236680855,1.56985863100209,0.0581429122593365,0,0,"","Pseudo-interaction detection rate","2026-08-07 17:53:07 UTC","0.1.0","full"
"SS-004","sum_scores","main_effect_surface","main_effect_surface",FALSE,"x effect x 0.50; group effect x 0.50","Deterministic graded-response item model","graded logistic latent scale","Observed sum-score identity;Gaussian-probit bounded score;Latent generating scale","identity;probit;identity latent benchmark",20260807,"seed = (base_seed + stream_offset + scenario_number * 10000 + replication) modulo .Machine$integer.max",500,0.05,0,600,,,,,,,,-0.45,,0.5,0.5,"beta_x_multiplier;beta_group_multiplier",,9,3,1,0.425,0,-1,1,0,,,,,,,,,,,"Gaussian-probit bounded score","probit",,500,500,500,0,1,23,0.046,0.00936845771725528,0.0308451083708162,0.0680777927682732,0.00107376913752571,0.0455247311800487,-0.00219030822360199,-0.0591383220372537,-0.00112390699687717,-0.00355320865522701,0,0,"","Pseudo-interaction detection rate","2026-08-07 17:53:07 UTC","0.1.0","full"
"SS-004","sum_scores","main_effect_surface","main_effect_surface",FALSE,"x effect x 0.50; group effect x 0.50","Deterministic graded-response item model","graded logistic latent scale","Observed sum-score identity;Gaussian-probit bounded score;Latent generating scale","identity;probit;identity latent benchmark",20260807,"seed = (base_seed + stream_offset + scenario_number * 10000 + replication) modulo .Machine$integer.max",500,0.05,0,600,,,,,,,,-0.45,,0.5,0.5,"beta_x_multiplier;beta_group_multiplier",,9,3,1,0.425,0,-1,1,0,,,,,,,,,,,"Latent generating scale","identity latent benchmark",,500,500,500,0,1,16,0.032,0.00787095928079926,0.0197915136265711,0.0513448690454418,0.00552107016256415,0.0816386606198662,0.000408968160189938,0.0110421403251283,0,-0.00355320865522701,0,0,"","Nominal generating-scale rejection rate","2026-08-07 17:53:07 UTC","0.1.0","full"
"SS-004","sum_scores","main_effect_surface","main_effect_surface",FALSE,"x effect x 0.50; group effect x 0.50","Deterministic graded-response item model","graded logistic latent scale","Observed sum-score identity;Gaussian-probit bounded score;Latent generating scale","identity;probit;identity latent benchmark",20260807,"seed = (base_seed + stream_offset + scenario_number * 10000 + replication) modulo .Machine$integer.max",500,0.05,0,600,,,,,,,,-0.45,,0.5,0.5,"beta_x_multiplier;beta_group_multiplier",,9,3,1,0.425,0,-1,1,0,,,,,,,,,,,"Observed sum-score identity","identity",,500,500,500,0,1,26,0.052,0.00992935043192655,0.0357302651157053,0.0751011439378455,-0.0252869905632199,0.475900109255625,-0.00187311041209032,-0.0505739811264387,-0.0959366336911298,-0.00355320865522701,0,0,"","Pseudo-interaction detection rate","2026-08-07 17:53:07 UTC","0.1.0","full"
"SS-005","sum_scores","main_effect_surface","main_effect_surface",FALSE,"x effect x 1.00; group effect x 0.50","Deterministic graded-response item model","graded logistic latent scale","Observed sum-score identity;Gaussian-probit bounded score;Latent generating scale","identity;probit;identity latent benchmark",20260807,"seed = (base_seed + stream_offset + scenario_number * 10000 + replication) modulo .Machine$integer.max",500,0.05,0,600,,,,,,,,-0.45,,1,0.5,"beta_x_multiplier;beta_group_multiplier",,9,3,1,0.85,0,-1,1,0,,,,,,,,,,,"Gaussian-probit bounded score","probit",,500,500,500,0,1,13,0.026,0.00711674082709213,0.0152563839233272,0.0439714908342243,-0.00660808341504326,0.0498866326994679,-0.00994613124582807,-0.268545543637358,-0.00234695382509514,-0.00666412578909475,0,0,"","Pseudo-interaction detection rate","2026-08-07 17:53:07 UTC","0.1.0","full"
"SS-005","sum_scores","main_effect_surface","main_effect_surface",FALSE,"x effect x 1.00; group effect x 0.50","Deterministic graded-response item model","graded logistic latent scale","Observed sum-score identity;Gaussian-probit bounded score;Latent generating scale","identity;probit;identity latent benchmark",20260807,"seed = (base_seed + stream_offset + scenario_number * 10000 + replication) modulo .Machine$integer.max",500,0.05,0,600,,,,,,,,-0.45,,1,0.5,"beta_x_multiplier;beta_group_multiplier",,9,3,1,0.85,0,-1,1,0,,,,,,,,,,,"Latent generating scale","identity latent benchmark",,500,500,500,0,1,18,0.036,0.0083311463797007,0.0228910609802927,0.0561843269680277,-0.00777704468251751,0.0820642789912662,-0.000576077383890185,-0.015554089365035,0,-0.00666412578909475,0,0,"","Nominal generating-scale rejection rate","2026-08-07 17:53:07 UTC","0.1.0","full"
"SS-005","sum_scores","main_effect_surface","main_effect_surface",FALSE,"x effect x 1.00; group effect x 0.50","Deterministic graded-response item model","graded logistic latent scale","Observed sum-score identity;Gaussian-probit bounded score;Latent generating scale","identity;probit;identity latent benchmark",20260807,"seed = (base_seed + stream_offset + scenario_number * 10000 + replication) modulo .Machine$integer.max",500,0.05,0,600,,,,,,,,-0.45,,1,0.5,"beta_x_multiplier;beta_group_multiplier",,9,3,1,0.85,0,-1,1,0,,,,,,,,,,,"Observed sum-score identity","identity",,500,500,500,0,1,14,0.028,0.00737780455149091,0.0167509747207565,0.0464464026749489,-0.110781695138263,0.458737689956493,-0.00820605149172317,-0.221563390276525,-0.179931396305561,-0.00666412578909475,0,0,"","Pseudo-interaction detection rate","2026-08-07 17:53:07 UTC","0.1.0","full"
"SS-006","sum_scores","main_effect_surface","main_effect_surface",FALSE,"x effect x 1.50; group effect x 0.50","Deterministic graded-response item model","graded logistic latent scale","Observed sum-score identity;Gaussian-probit bounded score;Latent generating scale","identity;probit;identity latent benchmark",20260807,"seed = (base_seed + stream_offset + scenario_number * 10000 + replication) modulo .Machine$integer.max",500,0.05,0,600,,,,,,,,-0.45,,1.5,0.5,"beta_x_multiplier;beta_group_multiplier",,9,3,1,1.275,0,-1,1,0,,,,,,,,,,,"Gaussian-probit bounded score","probit",,500,500,500,0,1,19,0.038,0.00855055553750749,0.0244601180558304,0.0585847725306439,-0.00327051205694418,0.0565903265579599,-0.00979282049713687,-0.264406153422696,-0.0037639588100743,-0.00897974547499863,0,0,"","Pseudo-interaction detection rate","2026-08-07 17:53:07 UTC","0.1.0","full"
"SS-006","sum_scores","main_effect_surface","main_effect_surface",FALSE,"x effect x 1.50; group effect x 0.50","Deterministic graded-response item model","graded logistic latent scale","Observed sum-score identity;Gaussian-probit bounded score;Latent generating scale","identity;probit;identity latent benchmark",20260807,"seed = (base_seed + stream_offset + scenario_number * 10000 + replication) modulo .Machine$integer.max",500,0.05,0,600,,,,,,,,-0.45,,1.5,0.5,"beta_x_multiplier;beta_group_multiplier",,9,3,1,1.275,0,-1,1,0,,,,,,,,,,,"Latent generating scale","identity latent benchmark",,500,500,500,0,1,30,0.06,0.0106207344378814,0.0423483564809462,0.0843610631252198,0.00505495768255361,0.0819298468825652,0.000374441309818789,0.0101099153651073,0,-0.00897974547499863,0,0,"","Nominal generating-scale rejection rate","2026-08-07 17:53:07 UTC","0.1.0","full"
"SS-006","sum_scores","main_effect_surface","main_effect_surface",FALSE,"x effect x 1.50; group effect x 0.50","Deterministic graded-response item model","graded logistic latent scale","Observed sum-score identity;Gaussian-probit bounded score;Latent generating scale","identity;probit;identity latent benchmark",20260807,"seed = (base_seed + stream_offset + scenario_number * 10000 + replication) modulo .Machine$integer.max",500,0.05,0,600,,,,,,,,-0.45,,1.5,0.5,"beta_x_multiplier;beta_group_multiplier",,9,3,1,1.275,0,-1,1,0,,,,,,,,,,,"Observed sum-score identity","identity",,500,500,500,0,1,17,0.034,0.00810481338464989,0.0213345198085322,0.0537713655016345,-0.0954412098875033,0.43636850918029,-0.00706971925092612,-0.190882419775005,-0.242453127824963,-0.00897974547499863,0,0,"","Pseudo-interaction detection rate","2026-08-07 17:53:07 UTC","0.1.0","full"
"SS-007","sum_scores","main_effect_surface","main_effect_surface",FALSE,"x effect x 0.50; group effect x 1.00","Deterministic graded-response item model","graded logistic latent scale","Observed sum-score identity;Gaussian-probit bounded score;Latent generating scale","identity;probit;identity latent benchmark",20260807,"seed = (base_seed + stream_offset + scenario_number * 10000 + replication) modulo .Machine$integer.max",500,0.05,0,600,,,,,,,,-0.9,,0.5,1,"beta_x_multiplier;beta_group_multiplier",,9,3,1,0.425,0,-1,1,0,,,,,,,,,,,"Gaussian-probit bounded score","probit",,500,500,500,0,1,28,0.056,0.0102824121683582,0.0390256206831515,0.0797447936467069,0.000333726968917821,0.04563626895874,-0.0104755529264062,-0.282839929012966,-0.0046067260107715,-0.0137180138081442,0,0,"","Pseudo-interaction detection rate","2026-08-07 17:53:07 UTC","0.1.0","full"
"SS-007","sum_scores","main_effect_surface","main_effect_surface",FALSE,"x effect x 0.50; group effect x 1.00","Deterministic graded-response item model","graded logistic latent scale","Observed sum-score identity;Gaussian-probit bounded score;Latent generating scale","identity;probit;identity latent benchmark",20260807,"seed = (base_seed + stream_offset + scenario_number * 10000 + replication) modulo .Machine$integer.max",500,0.05,0,600,,,,,,,,-0.9,,0.5,1,"beta_x_multiplier;beta_group_multiplier",,9,3,1,0.425,0,-1,1,0,,,,,,,,,,,"Latent generating scale","identity latent benchmark",,500,500,500,0,1,29,0.058,0.0104533248299285,0.0406837291117572,0.082056187856255,0.00254652328425785,0.0820460812442667,0.000188631354389473,0.00509304656851578,0,-0.0137180138081442,0,0,"","Nominal generating-scale rejection rate","2026-08-07 17:53:07 UTC","0.1.0","full"
"SS-007","sum_scores","main_effect_surface","main_effect_surface",FALSE,"x effect x 0.50; group effect x 1.00","Deterministic graded-response item model","graded logistic latent scale","Observed sum-score identity;Gaussian-probit bounded score;Latent generating scale","identity;probit;identity latent benchmark",20260807,"seed = (base_seed + stream_offset + scenario_number * 10000 + replication) modulo .Machine$integer.max",500,0.05,0,600,,,,,,,,-0.9,,0.5,1,"beta_x_multiplier;beta_group_multiplier",,9,3,1,0.425,0,-1,1,0,,,,,,,,,,,"Observed sum-score identity","identity",,500,500,500,0,1,30,0.06,0.0106207344378814,0.0423483564809462,0.0843610631252198,-0.148726212184722,0.465358731658169,-0.0110167564581275,-0.297452424369443,-0.370386372819892,-0.0137180138081442,0,0,"","Pseudo-interaction detection rate","2026-08-07 17:53:07 UTC","0.1.0","full"
"SS-008","sum_scores","main_effect_surface","main_effect_surface",FALSE,"x effect x 1.50; group effect x 1.00","Deterministic graded-response item model","graded logistic latent scale","Observed sum-score identity;Gaussian-probit bounded score;Latent generating scale","identity;probit;identity latent benchmark",20260807,"seed = (base_seed + stream_offset + scenario_number * 10000 + replication) modulo .Machine$integer.max",500,0.05,0,600,,,,,,,,-0.9,,1.5,1,"beta_x_multiplier;beta_group_multiplier",,9,3,1,1.275,0,-1,1,0,,,,,,,,,,,"Gaussian-probit bounded score","probit",,500,500,500,0,1,19,0.038,0.00855055553750749,0.0244601180558304,0.0585847725306439,-0.00513776215596355,0.0566626666044464,-0.0325195116354703,-0.878026814157698,-0.0153688596954803,-0.034808660010288,0,0,"","Pseudo-interaction detection rate","2026-08-07 17:53:07 UTC","0.1.0","full"
"SS-008","sum_scores","main_effect_surface","main_effect_surface",FALSE,"x effect x 1.50; group effect x 1.00","Deterministic graded-response item model","graded logistic latent scale","Observed sum-score identity;Gaussian-probit bounded score;Latent generating scale","identity;probit;identity latent benchmark",20260807,"seed = (base_seed + stream_offset + scenario_number * 10000 + replication) modulo .Machine$integer.max",500,0.05,0,600,,,,,,,,-0.9,,1.5,1,"beta_x_multiplier;beta_group_multiplier",,9,3,1,1.275,0,-1,1,0,,,,,,,,,,,"Latent generating scale","identity latent benchmark",,500,500,500,0,1,34,0.068,0.0112584190719657,0.0490665074249069,0.0935209227338743,-0.0048089975867664,0.082081292516222,-0.000356222043464181,-0.0096179951735329,0,-0.034808660010288,0,0,"","Nominal generating-scale rejection rate","2026-08-07 17:53:07 UTC","0.1.0","full"
"SS-008","sum_scores","main_effect_surface","main_effect_surface",FALSE,"x effect x 1.50; group effect x 1.00","Deterministic graded-response item model","graded logistic latent scale","Observed sum-score identity;Gaussian-probit bounded score;Latent generating scale","identity;probit;identity latent benchmark",20260807,"seed = (base_seed + stream_offset + scenario_number * 10000 + replication) modulo .Machine$integer.max",500,0.05,0,600,,,,,,,,-0.9,,1.5,1,"beta_x_multiplier;beta_group_multiplier",,9,3,1,1.275,0,-1,1,0,,,,,,,,,,,"Observed sum-score identity","identity",,500,500,500,0,1,55,0.11,0.0139928553197694,0.0854914151566031,0.140455570403408,-0.365413467226575,0.431566111112164,-0.0270676642390056,-0.730826934453151,-0.939833820277779,-0.034808660010288,0,0,"","Pseudo-interaction detection rate","2026-08-07 17:53:07 UTC","0.1.0","full"
"SS-009","sum_scores","main_effect_surface","main_effect_surface",FALSE,"x effect x 0.50; group effect x 1.50","Deterministic graded-response item model","graded logistic latent scale","Observed sum-score identity;Gaussian-probit bounded score;Latent generating scale","identity;probit;identity latent benchmark",20260807,"seed = (base_seed + stream_offset + scenario_number * 10000 + replication) modulo .Machine$integer.max",500,0.05,0,600,,,,,,,,-1.35,,0.5,1.5,"beta_x_multiplier;beta_group_multiplier",,9,3,1,0.425,0,-1,1,0,,,,,,,,,,,"Gaussian-probit bounded score","probit",,500,500,500,0,1,17,0.034,0.00810481338464989,0.0213345198085322,0.0537713655016345,-0.00649321603898528,0.0463780296082215,-0.0286601880382869,-0.773825077033747,-0.0107763046786254,-0.029121591465153,0,0,"","Pseudo-interaction detection rate","2026-08-07 17:53:07 UTC","0.1.0","full"
"SS-009","sum_scores","main_effect_surface","main_effect_surface",FALSE,"x effect x 0.50; group effect x 1.50","Deterministic graded-response item model","graded logistic latent scale","Observed sum-score identity;Gaussian-probit bounded score;Latent generating scale","identity;probit;identity latent benchmark",20260807,"seed = (base_seed + stream_offset + scenario_number * 10000 + replication) modulo .Machine$integer.max",500,0.05,0,600,,,,,,,,-1.35,,0.5,1.5,"beta_x_multiplier;beta_group_multiplier",,9,3,1,0.425,0,-1,1,0,,,,,,,,,,,"Latent generating scale","identity latent benchmark",,500,500,500,0,1,20,0.04,0.00876356092008266,0.0260407973897773,0.0609735958348508,0.00152452611694839,0.0820606017872892,0.000112927860514696,0.00304905223389679,0,-0.029121591465153,0,0,"","Nominal generating-scale rejection rate","2026-08-07 17:53:07 UTC","0.1.0","full"
"SS-009","sum_scores","main_effect_surface","main_effect_surface",FALSE,"x effect x 0.50; group effect x 1.50","Deterministic graded-response item model","graded logistic latent scale","Observed sum-score identity;Gaussian-probit bounded score;Latent generating scale","identity;probit;identity latent benchmark",20260807,"seed = (base_seed + stream_offset + scenario_number * 10000 + replication) modulo .Machine$integer.max",500,0.05,0,600,,,,,,,,-1.35,,0.5,1.5,"beta_x_multiplier;beta_group_multiplier",,9,3,1,0.425,0,-1,1,0,,,,,,,,,,,"Observed sum-score identity","identity",,500,500,500,0,1,58,0.116,0.0143208938268531,0.090813656511038,0.147041836963434,-0.397383649751727,0.448359222481377,-0.0294358259075353,-0.794767299503453,-0.78628296955913,-0.029121591465153,0,0,"","Pseudo-interaction detection rate","2026-08-07 17:53:07 UTC","0.1.0","full"
"SS-010","sum_scores","main_effect_surface","main_effect_surface",FALSE,"x effect x 1.00; group effect x 1.50","Deterministic graded-response item model","graded logistic latent scale","Observed sum-score identity;Gaussian-probit bounded score;Latent generating scale","identity;probit;identity latent benchmark",20260807,"seed = (base_seed + stream_offset + scenario_number * 10000 + replication) modulo .Machine$integer.max",500,0.05,0,600,,,,,,,,-1.35,,1,1.5,"beta_x_multiplier;beta_group_multiplier",,9,3,1,0.85,0,-1,1,0,,,,,,,,,,,"Gaussian-probit bounded score","probit",,500,500,500,0,1,24,0.048,0.00955991631762538,0.0324652069413532,0.0704271968358901,-0.00622044274690369,0.0502794012825045,-0.0492087376666194,-1.32863591699872,-0.0224147674132167,-0.0548333857966228,0,0,"","Pseudo-interaction detection rate","2026-08-07 17:53:07 UTC","0.1.0","full"
"SS-010","sum_scores","main_effect_surface","main_effect_surface",FALSE,"x effect x 1.00; group effect x 1.50","Deterministic graded-response item model","graded logistic latent scale","Observed sum-score identity;Gaussian-probit bounded score;Latent generating scale","identity;probit;identity latent benchmark",20260807,"seed = (base_seed + stream_offset + scenario_number * 10000 + replication) modulo .Machine$integer.max",500,0.05,0,600,,,,,,,,-1.35,,1,1.5,"beta_x_multiplier;beta_group_multiplier",,9,3,1,0.85,0,-1,1,0,,,,,,,,,,,"Latent generating scale","identity latent benchmark",,500,500,500,0,1,27,0.054,0.0101078187557949,0.0373743501810575,0.0774265615106471,-0.0032178314364323,0.0818409396132476,-0.000238357884180179,-0.00643566287286484,0,-0.0548333857966228,0,0,"","Nominal generating-scale rejection rate","2026-08-07 17:53:07 UTC","0.1.0","full"
"SS-010","sum_scores","main_effect_surface","main_effect_surface",FALSE,"x effect x 1.00; group effect x 1.50","Deterministic graded-response item model","graded logistic latent scale","Observed sum-score identity;Gaussian-probit bounded score;Latent generating scale","identity;probit;identity latent benchmark",20260807,"seed = (base_seed + stream_offset + scenario_number * 10000 + replication) modulo .Machine$integer.max",500,0.05,0,600,,,,,,,,-1.35,,1,1.5,"beta_x_multiplier;beta_group_multiplier",,9,3,1,0.85,0,-1,1,0,,,,,,,,,,,"Observed sum-score identity","identity",,500,500,500,0,1,149,0.298,0.0204546327270865,0.259573211878432,0.339507021668035,-0.64165056716529,0.434420454258752,-0.0475296716418733,-1.28330113433058,-1.48050141650882,-0.0548333857966228,0,0,"","Pseudo-interaction detection rate","2026-08-07 17:53:07 UTC","0.1.0","full"
"SS-011","sum_scores","main_effect_surface","main_effect_surface",FALSE,"x effect x 1.50; group effect x 1.50","Deterministic graded-response item model","graded logistic latent scale","Observed sum-score identity;Gaussian-probit bounded score;Latent generating scale","identity;probit;identity latent benchmark",20260807,"seed = (base_seed + stream_offset + scenario_number * 10000 + replication) modulo .Machine$integer.max",500,0.05,0,600,,,,,,,,-1.35,,1.5,1.5,"beta_x_multiplier;beta_group_multiplier",,9,3,1,1.275,0,-1,1,0,,,,,,,,,,,"Gaussian-probit bounded score","probit",,500,500,500,0,1,18,0.036,0.0083311463797007,0.0228910609802927,0.0561843269680277,-0.00836610986069022,0.0568112531259684,-0.0676621075011286,-1.82687690253047,-0.0357311748028807,-0.074384270117785,0,0,"","Pseudo-interaction detection rate","2026-08-07 17:53:07 UTC","0.1.0","full"
"SS-011","sum_scores","main_effect_surface","main_effect_surface",FALSE,"x effect x 1.50; group effect x 1.50","Deterministic graded-response item model","graded logistic latent scale","Observed sum-score identity;Gaussian-probit bounded score;Latent generating scale","identity;probit;identity latent benchmark",20260807,"seed = (base_seed + stream_offset + scenario_number * 10000 + replication) modulo .Machine$integer.max",500,0.05,0,600,,,,,,,,-1.35,,1.5,1.5,"beta_x_multiplier;beta_group_multiplier",,9,3,1,1.275,0,-1,1,0,,,,,,,,,,,"Latent generating scale","identity latent benchmark",,500,500,500,0,1,20,0.04,0.00876356092008266,0.0260407973897773,0.0609735958348508,-0.00470449076949617,0.0818029079391837,-0.000348480797740455,-0.00940898153899228,0,-0.074384270117785,0,0,"","Nominal generating-scale rejection rate","2026-08-07 17:53:07 UTC","0.1.0","full"
"SS-011","sum_scores","main_effect_surface","main_effect_surface",FALSE,"x effect x 1.50; group effect x 1.50","Deterministic graded-response item model","graded logistic latent scale","Observed sum-score identity;Gaussian-probit bounded score;Latent generating scale","identity;probit;identity latent benchmark",20260807,"seed = (base_seed + stream_offset + scenario_number * 10000 + replication) modulo .Machine$integer.max",500,0.05,0,600,,,,,,,,-1.35,,1.5,1.5,"beta_x_multiplier;beta_group_multiplier",,9,3,1,1.275,0,-1,1,0,,,,,,,,,,,"Observed sum-score identity","identity",,500,500,500,0,1,205,0.41,0.0219954540757858,0.367735069407676,0.453637311875403,-0.760616078838086,0.42148568033333,-0.0563419317657841,-1.52123215767617,-2.00837529318019,-0.074384270117785,0,0,"","Pseudo-interaction detection rate","2026-08-07 17:53:07 UTC","0.1.0","full"
"SS-012","sum_scores","sample_size","sample_size",FALSE,"N = 75","Deterministic graded-response item model","graded logistic latent scale","Observed sum-score identity;Gaussian-probit bounded score;Latent generating scale","identity;probit;identity latent benchmark",20260807,"seed = (base_seed + stream_offset + scenario_number * 10000 + replication) modulo .Machine$integer.max",500,0.05,0,75,,,,,,,,-0.9,,1,1,"N",75,9,3,1,0.85,0,-1,1,0,,,,,,,,,,,"Gaussian-probit bounded score","probit",,500,500,500,0,1,16,0.032,0.00787095928079926,0.0197915136265711,0.0513448690454418,-0.000478187080685144,0.146983728426346,-0.0216305780448054,-0.584025607209746,-0.00960515997510131,-0.025766699993913,0,0,"","Pseudo-interaction detection rate","2026-08-07 17:53:07 UTC","0.1.0","full"
"SS-012","sum_scores","sample_size","sample_size",FALSE,"N = 75","Deterministic graded-response item model","graded logistic latent scale","Observed sum-score identity;Gaussian-probit bounded score;Latent generating scale","identity;probit;identity latent benchmark",20260807,"seed = (base_seed + stream_offset + scenario_number * 10000 + replication) modulo .Machine$integer.max",500,0.05,0,75,,,,,,,,-0.9,,1,1,"N",75,9,3,1,0.85,0,-1,1,0,,,,,,,,,,,"Latent generating scale","identity latent benchmark",,500,500,500,0,1,26,0.052,0.00992935043192655,0.0357302651157053,0.0751011439378455,0.0257335737429564,0.236373021126563,0.0019061906476264,0.0514671474859127,0,-0.025766699993913,0,0,"","Nominal generating-scale rejection rate","2026-08-07 17:53:07 UTC","0.1.0","full"
"SS-012","sum_scores","sample_size","sample_size",FALSE,"N = 75","Deterministic graded-response item model","graded logistic latent scale","Observed sum-score identity;Gaussian-probit bounded score;Latent generating scale","identity;probit;identity latent benchmark",20260807,"seed = (base_seed + stream_offset + scenario_number * 10000 + replication) modulo .Machine$integer.max",500,0.05,0,75,,,,,,,,-0.9,,1,1,"N",75,9,3,1,0.85,0,-1,1,0,,,,,,,,,,,"Observed sum-score identity","identity",,500,500,500,0,1,21,0.042,0.00897061870775924,0.0276323101084517,0.0633515857543301,-0.324871286947026,1.30820291121314,-0.0240645397738538,-0.649742573894052,-0.695700899835652,-0.025766699993913,0,0,"","Pseudo-interaction detection rate","2026-08-07 17:53:07 UTC","0.1.0","full"
"SS-013","sum_scores","sample_size","sample_size",FALSE,"N = 150","Deterministic graded-response item model","graded logistic latent scale","Observed sum-score identity;Gaussian-probit bounded score;Latent generating scale","identity;probit;identity latent benchmark",20260807,"seed = (base_seed + stream_offset + scenario_number * 10000 + replication) modulo .Machine$integer.max",500,0.05,0,150,,,,,,,,-0.9,,1,1,"N",150,9,3,1,0.85,0,-1,1,0,,,,,,,,,,,"Gaussian-probit bounded score","probit",,500,500,500,0,1,22,0.044,0.00917213170424411,0.0292339556286072,0.0657194428723284,-0.00202408585588978,0.101585117757979,-0.022989840431288,-0.620725691644777,-0.00960515997510131,-0.025766699993913,0,0,"","Pseudo-interaction detection rate","2026-08-07 17:53:07 UTC","0.1.0","full"
"SS-013","sum_scores","sample_size","sample_size",FALSE,"N = 150","Deterministic graded-response item model","graded logistic latent scale","Observed sum-score identity;Gaussian-probit bounded score;Latent generating scale","identity;probit;identity latent benchmark",20260807,"seed = (base_seed + stream_offset + scenario_number * 10000 + replication) modulo .Machine$integer.max",500,0.05,0,150,,,,,,,,-0.9,,1,1,"N",150,9,3,1,0.85,0,-1,1,0,,,,,,,,,,,"Latent generating scale","identity latent benchmark",,500,500,500,0,1,35,0.07,0.0114105214604767,0.0507597429450181,0.0957971898519169,0.00655340947882237,0.166633803696316,0.000485437739172026,0.0131068189576447,0,-0.025766699993913,0,0,"","Nominal generating-scale rejection rate","2026-08-07 17:53:07 UTC","0.1.0","full"
"SS-013","sum_scores","sample_size","sample_size",FALSE,"N = 150","Deterministic graded-response item model","graded logistic latent scale","Observed sum-score identity;Gaussian-probit bounded score;Latent generating scale","identity;probit;identity latent benchmark",20260807,"seed = (base_seed + stream_offset + scenario_number * 10000 + replication) modulo .Machine$integer.max",500,0.05,0,150,,,,,,,,-0.9,,1,1,"N",150,9,3,1,0.85,0,-1,1,0,,,,,,,,,,,"Observed sum-score identity","identity",,500,500,500,0,1,18,0.036,0.0083311463797007,0.0228910609802927,0.0561843269680277,-0.297063276259114,0.911892781747762,-0.0220046871303047,-0.594126552518227,-0.695700899835652,-0.025766699993913,0,0,"","Pseudo-interaction detection rate","2026-08-07 17:53:07 UTC","0.1.0","full"
"SS-014","sum_scores","sample_size","sample_size",FALSE,"N = 225","Deterministic graded-response item model","graded logistic latent scale","Observed sum-score identity;Gaussian-probit bounded score;Latent generating scale","identity;probit;identity latent benchmark",20260807,"seed = (base_seed + stream_offset + scenario_number * 10000 + replication) modulo .Machine$integer.max",500,0.05,0,225,,,,,,,,-0.9,,1,1,"N",225,9,3,1,0.85,0,-1,1,0,,,,,,,,,,,"Gaussian-probit bounded score","probit",,500,500,500,0,1,19,0.038,0.00855055553750749,0.0244601180558304,0.0585847725306439,-4.33032329360158e-06,0.0827364523100664,-0.0227708661028287,-0.614813384776375,-0.00960515997510131,-0.025766699993913,0,0,"","Pseudo-interaction detection rate","2026-08-07 17:53:07 UTC","0.1.0","full"
"SS-014","sum_scores","sample_size","sample_size",FALSE,"N = 225","Deterministic graded-response item model","graded logistic latent scale","Observed sum-score identity;Gaussian-probit bounded score;Latent generating scale","identity;probit;identity latent benchmark",20260807,"seed = (base_seed + stream_offset + scenario_number * 10000 + replication) modulo .Machine$integer.max",500,0.05,0,225,,,,,,,,-0.9,,1,1,"N",225,9,3,1,0.85,0,-1,1,0,,,,,,,,,,,"Latent generating scale","identity latent benchmark",,500,500,500,0,1,25,0.05,0.00974679434480896,0.0340937452438494,0.0727681611715476,0.00514603801413877,0.13499226417488,0.000381188001047312,0.0102920760282774,0,-0.025766699993913,0,0,"","Nominal generating-scale rejection rate","2026-08-07 17:53:07 UTC","0.1.0","full"
"SS-014","sum_scores","sample_size","sample_size",FALSE,"N = 225","Deterministic graded-response item model","graded logistic latent scale","Observed sum-score identity;Gaussian-probit bounded score;Latent generating scale","identity;probit;identity latent benchmark",20260807,"seed = (base_seed + stream_offset + scenario_number * 10000 + replication) modulo .Machine$integer.max",500,0.05,0,225,,,,,,,,-0.9,,1,1,"N",225,9,3,1,0.85,0,-1,1,0,,,,,,,,,,,"Observed sum-score identity","identity",,500,500,500,0,1,25,0.05,0.00974679434480896,0.0340937452438494,0.0727681611715476,-0.249504640106771,0.744345561461609,-0.0184818251930941,-0.49900928021354,-0.695700899835652,-0.025766699993913,0,0,"","Pseudo-interaction detection rate","2026-08-07 17:53:07 UTC","0.1.0","full"
"SS-015","sum_scores","sample_size","sample_size",FALSE,"N = 300","Deterministic graded-response item model","graded logistic latent scale","Observed sum-score identity;Gaussian-probit bounded score;Latent generating scale","identity;probit;identity latent benchmark",20260807,"seed = (base_seed + stream_offset + scenario_number * 10000 + replication) modulo .Machine$integer.max",500,0.05,0,300,,,,,,,,-0.9,,1,1,"N",300,9,3,1,0.85,0,-1,1,0,,,,,,,,,,,"Gaussian-probit bounded score","probit",,500,500,500,0,1,26,0.052,0.00992935043192655,0.0357302651157053,0.0751011439378455,0.00125513427786027,0.0711663371804751,-0.0194729500525878,-0.52576965141987,-0.00960515997510131,-0.025766699993913,0,0,"","Pseudo-interaction detection rate","2026-08-07 17:53:07 UTC","0.1.0","full"
"SS-015","sum_scores","sample_size","sample_size",FALSE,"N = 300","Deterministic graded-response item model","graded logistic latent scale","Observed sum-score identity;Gaussian-probit bounded score;Latent generating scale","identity;probit;identity latent benchmark",20260807,"seed = (base_seed + stream_offset + scenario_number * 10000 + replication) modulo .Machine$integer.max",500,0.05,0,300,,,,,,,,-0.9,,1,1,"N",300,9,3,1,0.85,0,-1,1,0,,,,,,,,,,,"Latent generating scale","identity latent benchmark",,500,500,500,0,1,22,0.044,0.00917213170424411,0.0292339556286072,0.0657194428723284,0.0111838975228407,0.115937661449061,0.000828436853543761,0.0223677950456815,0,-0.025766699993913,0,0,"","Nominal generating-scale rejection rate","2026-08-07 17:53:07 UTC","0.1.0","full"
"SS-015","sum_scores","sample_size","sample_size",FALSE,"N = 300","Deterministic graded-response item model","graded logistic latent scale","Observed sum-score identity;Gaussian-probit bounded score;Latent generating scale","identity;probit;identity latent benchmark",20260807,"seed = (base_seed + stream_offset + scenario_number * 10000 + replication) modulo .Machine$integer.max",500,0.05,0,300,,,,,,,,-0.9,,1,1,"N",300,9,3,1,0.85,0,-1,1,0,,,,,,,,,,,"Observed sum-score identity","identity",,500,500,500,0,1,33,0.066,0.0111035129576184,0.0473785263597739,0.0912394011608535,-0.267353395269425,0.637333546720351,-0.0198039552051426,-0.534706790538849,-0.695700899835652,-0.025766699993913,0,0,"","Pseudo-interaction detection rate","2026-08-07 17:53:07 UTC","0.1.0","full"
"SS-016","sum_scores","sample_size","sample_size",FALSE,"N = 450","Deterministic graded-response item model","graded logistic latent scale","Observed sum-score identity;Gaussian-probit bounded score;Latent generating scale","identity;probit;identity latent benchmark",20260807,"seed = (base_seed + stream_offset + scenario_number * 10000 + replication) modulo .Machine$integer.max",500,0.05,0,450,,,,,,,,-0.9,,1,1,"N",450,9,3,1,0.85,0,-1,1,0,,,,,,,,,,,"Gaussian-probit bounded score","probit",,500,500,500,0,1,22,0.044,0.00917213170424411,0.0292339556286072,0.0657194428723284,-0.00385055375610461,0.0577356537351553,-0.0251534045137885,-0.679141921872289,-0.00960515997510131,-0.025766699993913,0,0,"","Pseudo-interaction detection rate","2026-08-07 17:53:07 UTC","0.1.0","full"
"SS-016","sum_scores","sample_size","sample_size",FALSE,"N = 450","Deterministic graded-response item model","graded logistic latent scale","Observed sum-score identity;Gaussian-probit bounded score;Latent generating scale","identity;probit;identity latent benchmark",20260807,"seed = (base_seed + stream_offset + scenario_number * 10000 + replication) modulo .Machine$integer.max",500,0.05,0,450,,,,,,,,-0.9,,1,1,"N",450,9,3,1,0.85,0,-1,1,0,,,,,,,,,,,"Latent generating scale","identity latent benchmark",,500,500,500,0,1,26,0.052,0.00992935043192655,0.0357302651157053,0.0751011439378455,-0.00116705072966877,0.0948086748357481,-8.64482021976827e-05,-0.00233410145933743,0,-0.025766699993913,0,0,"","Nominal generating-scale rejection rate","2026-08-07 17:53:07 UTC","0.1.0","full"
"SS-016","sum_scores","sample_size","sample_size",FALSE,"N = 450","Deterministic graded-response item model","graded logistic latent scale","Observed sum-score identity;Gaussian-probit bounded score;Latent generating scale","identity;probit;identity latent benchmark",20260807,"seed = (base_seed + stream_offset + scenario_number * 10000 + replication) modulo .Machine$integer.max",500,0.05,0,450,,,,,,,,-0.9,,1,1,"N",450,9,3,1,0.85,0,-1,1,0,,,,,,,,,,,"Observed sum-score identity","identity",,500,500,500,0,1,42,0.084,0.0124051602166195,0.0627441368038304,0.111599314460181,-0.296974019113877,0.521020546938066,-0.0219980754899168,-0.593948038227754,-0.695700899835652,-0.025766699993913,0,0,"","Pseudo-interaction detection rate","2026-08-07 17:53:07 UTC","0.1.0","full"
"SS-017","sum_scores","sample_size","sample_size",FALSE,"N = 1200","Deterministic graded-response item model","graded logistic latent scale","Observed sum-score identity;Gaussian-probit bounded score;Latent generating scale","identity;probit;identity latent benchmark",20260807,"seed = (base_seed + stream_offset + scenario_number * 10000 + replication) modulo .Machine$integer.max",500,0.05,0,1200,,,,,,,,-0.9,,1,1,"N",1200,9,3,1,0.85,0,-1,1,0,,,,,,,,,,,"Gaussian-probit bounded score","probit",,500,500,500,0,1,13,0.026,0.00711674082709213,0.0152563839233272,0.0439714908342243,-0.000665271916643216,0.0353068152557658,-0.022508417704688,-0.607727278026576,-0.00960515997510131,-0.025766699993913,0,0,"","Pseudo-interaction detection rate","2026-08-07 17:53:07 UTC","0.1.0","full"
"SS-017","sum_scores","sample_size","sample_size",FALSE,"N = 1200","Deterministic graded-response item model","graded logistic latent scale","Observed sum-score identity;Gaussian-probit bounded score;Latent generating scale","identity;probit;identity latent benchmark",20260807,"seed = (base_seed + stream_offset + scenario_number * 10000 + replication) modulo .Machine$integer.max",500,0.05,0,1200,,,,,,,,-0.9,,1,1,"N",1200,9,3,1,0.85,0,-1,1,0,,,,,,,,,,,"Latent generating scale","identity latent benchmark",,500,500,500,0,1,30,0.06,0.0106207344378814,0.0423483564809462,0.0843610631252198,0.00259173394096931,0.0578724959473517,0.000191980291923651,0.00518346788193857,0,-0.025766699993913,0,0,"","Nominal generating-scale rejection rate","2026-08-07 17:53:07 UTC","0.1.0","full"
"SS-017","sum_scores","sample_size","sample_size",FALSE,"N = 1200","Deterministic graded-response item model","graded logistic latent scale","Observed sum-score identity;Gaussian-probit bounded score;Latent generating scale","identity;probit;identity latent benchmark",20260807,"seed = (base_seed + stream_offset + scenario_number * 10000 + replication) modulo .Machine$integer.max",500,0.05,0,1200,,,,,,,,-0.9,,1,1,"N",1200,9,3,1,0.85,0,-1,1,0,,,,,,,,,,,"Observed sum-score identity","identity",,500,500,500,0,1,55,0.11,0.0139928553197694,0.0854914151566031,0.140455570403408,-0.282697719660251,0.317113155493514,-0.0209405718266852,-0.565395439320501,-0.695700899835652,-0.025766699993913,0,0,"","Pseudo-interaction detection rate","2026-08-07 17:53:07 UTC","0.1.0","full"
"SS-018","sum_scores","scale_location","scale_location",FALSE,"Threshold shift = -2.00","Deterministic graded-response item model","graded logistic latent scale","Observed sum-score identity;Gaussian-probit bounded score;Latent generating scale","identity;probit;identity latent benchmark",20260807,"seed = (base_seed + stream_offset + scenario_number * 10000 + replication) modulo .Machine$integer.max",500,0.05,0,600,,,,,,,,-0.9,,1,1,"threshold_shift",-2,9,3,1,0.85,0,-1,1,-2,,,,,,,,,,,"Gaussian-probit bounded score","probit",,500,500,500,0,1,29,0.058,0.0104533248299285,0.0406837291117572,0.082056187856255,0.0104881183642186,0.0513056336071138,0.063482042397953,1.71401514474473,0.0383001258844795,0.0695116044827576,0,0,"","Pseudo-interaction detection rate","2026-08-07 17:53:07 UTC","0.1.0","full"
"SS-018","sum_scores","scale_location","scale_location",FALSE,"Threshold shift = -2.00","Deterministic graded-response item model","graded logistic latent scale","Observed sum-score identity;Gaussian-probit bounded score;Latent generating scale","identity;probit;identity latent benchmark",20260807,"seed = (base_seed + stream_offset + scenario_number * 10000 + replication) modulo .Machine$integer.max",500,0.05,0,600,,,,,,,,-0.9,,1,1,"threshold_shift",-2,9,3,1,0.85,0,-1,1,-2,,,,,,,,,,,"Latent generating scale","identity latent benchmark",,500,500,500,0,1,32,0.064,0.0109456840809517,0.0456960160447894,0.0889524088376842,-0.00462320179285846,0.0819991079218746,-0.000342459392063588,-0.00924640358571688,0,0.0695116044827576,0,0,"","Nominal generating-scale rejection rate","2026-08-07 17:53:07 UTC","0.1.0","full"
"SS-018","sum_scores","scale_location","scale_location",FALSE,"Threshold shift = -2.00","Deterministic graded-response item model","graded logistic latent scale","Observed sum-score identity;Gaussian-probit bounded score;Latent generating scale","identity;probit;identity latent benchmark",20260807,"seed = (base_seed + stream_offset + scenario_number * 10000 + replication) modulo .Machine$integer.max",500,0.05,0,600,,,,,,,,-0.9,,1,1,"threshold_shift",-2,9,3,1,0.85,0,-1,1,-2,,,,,,,,,,,"Observed sum-score identity","identity",,500,500,500,0,1,279,0.558,0.0222097275985096,0.514191529649283,0.600924046857177,0.820394997384976,0.391426802729266,0.0607699998062946,1.64078999476995,1.87681332103445,0.0695116044827576,0,0,"","Pseudo-interaction detection rate","2026-08-07 17:53:07 UTC","0.1.0","full"
"SS-019","sum_scores","scale_location","scale_location",FALSE,"Threshold shift = 2.00","Deterministic graded-response item model","graded logistic latent scale","Observed sum-score identity;Gaussian-probit bounded score;Latent generating scale","identity;probit;identity latent benchmark",20260807,"seed = (base_seed + stream_offset + scenario_number * 10000 + replication) modulo .Machine$integer.max",500,0.05,0,600,,,,,,,,-0.9,,1,1,"threshold_shift",2,9,3,1,0.85,0,-1,1,2,,,,,,,,,,,"Gaussian-probit bounded score","probit",,500,500,500,0,1,64,0.128,0.0149409504383088,0.101526823995237,0.160145685308158,-0.0270260924217344,0.0524461321681044,-0.0692439077180337,-1.86958550838691,-0.0723891935878789,-0.0738104164656685,0,0,"","Pseudo-interaction detection rate","2026-08-07 17:53:07 UTC","0.1.0","full"
"SS-019","sum_scores","scale_location","scale_location",FALSE,"Threshold shift = 2.00","Deterministic graded-response item model","graded logistic latent scale","Observed sum-score identity;Gaussian-probit bounded score;Latent generating scale","identity;probit;identity latent benchmark",20260807,"seed = (base_seed + stream_offset + scenario_number * 10000 + replication) modulo .Machine$integer.max",500,0.05,0,600,,,,,,,,-0.9,,1,1,"threshold_shift",2,9,3,1,0.85,0,-1,1,2,,,,,,,,,,,"Latent generating scale","identity latent benchmark",,500,500,500,0,1,15,0.03,0.00762889244910426,0.0182632131979134,0.0489036668359457,-0.0110050071629612,0.0820786645842839,-0.000815185715774902,-0.0220100143259224,0,-0.0738104164656685,0,0,"","Nominal generating-scale rejection rate","2026-08-07 17:53:07 UTC","0.1.0","full"
"SS-019","sum_scores","scale_location","scale_location",FALSE,"Threshold shift = 2.00","Deterministic graded-response item model","graded logistic latent scale","Observed sum-score identity;Gaussian-probit bounded score;Latent generating scale","identity;probit;identity latent benchmark",20260807,"seed = (base_seed + stream_offset + scenario_number * 10000 + replication) modulo .Machine$integer.max",500,0.05,0,600,,,,,,,,-0.9,,1,1,"threshold_shift",2,9,3,1,0.85,0,-1,1,2,,,,,,,,,,,"Observed sum-score identity","identity",,500,500,500,0,1,416,0.832,0.0167198086113448,0.796725670910373,0.862211767023156,-0.932420915743441,0.310336708125078,-0.0690682159809956,-1.86484183148688,-1.99288124457305,-0.0738104164656685,0,0,"","Pseudo-interaction detection rate","2026-08-07 17:53:07 UTC","0.1.0","full"
"SS-020","sum_scores","item_count","item_count",FALSE,"Items = 5","Deterministic graded-response item model","graded logistic latent scale","Observed sum-score identity;Gaussian-probit bounded score;Latent generating scale","identity;probit;identity latent benchmark",20260807,"seed = (base_seed + stream_offset + scenario_number * 10000 + replication) modulo .Machine$integer.max",500,0.05,0,600,,,,,,,,-0.9,,1,1,"J",5,5,3,1,0.85,0,-1,1,0,,,,,,,,,,,"Gaussian-probit bounded score","probit",,500,500,500,0,1,13,0.026,0.00711674082709213,0.0152563839233272,0.0439714908342243,-0.00235081539447854,0.0535223500553523,-0.0206343631516141,-0.309515447274211,-0.0128113218282003,-0.0256209345568914,0,0,"","Pseudo-interaction detection rate","2026-08-07 17:53:07 UTC","0.1.0","full"
"SS-020","sum_scores","item_count","item_count",FALSE,"Items = 5","Deterministic graded-response item model","graded logistic latent scale","Observed sum-score identity;Gaussian-probit bounded score;Latent generating scale","identity;probit;identity latent benchmark",20260807,"seed = (base_seed + stream_offset + scenario_number * 10000 + replication) modulo .Machine$integer.max",500,0.05,0,600,,,,,,,,-0.9,,1,1,"J",5,5,3,1,0.85,0,-1,1,0,,,,,,,,,,,"Latent generating scale","identity latent benchmark",,500,500,500,0,1,15,0.03,0.00762889244910426,0.0182632131979134,0.0489036668359457,0.0029211723349753,0.0820626941370175,0.000389489644663377,0.00584234466995065,0,-0.0256209345568914,0,0,"","Nominal generating-scale rejection rate","2026-08-07 17:53:07 UTC","0.1.0","full"
"SS-020","sum_scores","item_count","item_count",FALSE,"Items = 5","Deterministic graded-response item model","graded logistic latent scale","Observed sum-score identity;Gaussian-probit bounded score;Latent generating scale","identity;probit;identity latent benchmark",20260807,"seed = (base_seed + stream_offset + scenario_number * 10000 + replication) modulo .Machine$integer.max",500,0.05,0,600,,,,,,,,-0.9,,1,1,"J",5,5,3,1,0.85,0,-1,1,0,,,,,,,,,,,"Observed sum-score identity","identity",,500,500,500,0,1,41,0.082,0.0122699633251286,0.0610190894684689,0.109354859157389,-0.153128628839133,0.27753825334895,-0.0204171505118844,-0.306257257678267,-0.384314018353372,-0.0256209345568914,0,0,"","Pseudo-interaction detection rate","2026-08-07 17:53:07 UTC","0.1.0","full"
"SS-021","sum_scores","item_count","item_count",FALSE,"Items = 15","Deterministic graded-response item model","graded logistic latent scale","Observed sum-score identity;Gaussian-probit bounded score;Latent generating scale","identity;probit;identity latent benchmark",20260807,"seed = (base_seed + stream_offset + scenario_number * 10000 + replication) modulo .Machine$integer.max",500,0.05,0,600,,,,,,,,-0.9,,1,1,"J",15,15,3,1,0.85,0,-1,1,0,,,,,,,,,,,"Gaussian-probit bounded score","probit",,500,500,500,0,1,16,0.032,0.00787095928079926,0.0197915136265711,0.0513448690454418,-0.00425656629946647,0.0479015767232401,-0.0250583337748483,-1.12762501986817,-0.00773622507334876,-0.025829264656973,0,0,"","Pseudo-interaction detection rate","2026-08-07 17:53:07 UTC","0.1.0","full"
"SS-021","sum_scores","item_count","item_count",FALSE,"Items = 15","Deterministic graded-response item model","graded logistic latent scale","Observed sum-score identity;Gaussian-probit bounded score;Latent generating scale","identity;probit;identity latent benchmark",20260807,"seed = (base_seed + stream_offset + scenario_number * 10000 + replication) modulo .Machine$integer.max",500,0.05,0,600,,,,,,,,-0.9,,1,1,"J",15,15,3,1,0.85,0,-1,1,0,,,,,,,,,,,"Latent generating scale","identity latent benchmark",,500,500,500,0,1,27,0.054,0.0101078187557949,0.0373743501810575,0.0774265615106471,-0.0121409910274305,0.0818704789312394,-0.000539599601219133,-0.024281982054861,0,-0.025829264656973,0,0,"","Nominal generating-scale rejection rate","2026-08-07 17:53:07 UTC","0.1.0","full"
"SS-021","sum_scores","item_count","item_count",FALSE,"Items = 15","Deterministic graded-response item model","graded logistic latent scale","Observed sum-score identity;Gaussian-probit bounded score;Latent generating scale","identity;probit;identity latent benchmark",20260807,"seed = (base_seed + stream_offset + scenario_number * 10000 + replication) modulo .Machine$integer.max",500,0.05,0,600,,,,,,,,-0.9,,1,1,"J",15,15,3,1,0.85,0,-1,1,0,,,,,,,,,,,"Observed sum-score identity","identity",,500,500,500,0,1,56,0.112,0.014103616557465,0.0872628001941023,0.142653688004062,-0.517011313386429,0.703139079742612,-0.0229782805949524,-1.03402262677286,-1.16231690956379,-0.025829264656973,0,0,"","Pseudo-interaction detection rate","2026-08-07 17:53:07 UTC","0.1.0","full"
"SS-022","sum_scores","latent_dispersion","latent_dispersion",FALSE,"Latent SD = 0.70","Deterministic graded-response item model","graded logistic latent scale","Observed sum-score identity;Gaussian-probit bounded score;Latent generating scale","identity;probit;identity latent benchmark",20260807,"seed = (base_seed + stream_offset + scenario_number * 10000 + replication) modulo .Machine$integer.max",500,0.05,0,600,,,,,,,,-0.9,,1,1,"theta_sd",0.7,9,3,0.7,0.85,0,-1,1,0,,,,,,,,,,,"Gaussian-probit bounded score","probit",,500,500,500,0,1,21,0.042,0.00897061870775924,0.0276323101084517,0.0633515857543301,-0.00220156935489779,0.0426068731224832,-0.0264374420338626,-0.71381093491429,-0.0125268060085994,-0.0307859147046241,0,0,"","Pseudo-interaction detection rate","2026-08-07 17:53:07 UTC","0.1.0","full"
"SS-022","sum_scores","latent_dispersion","latent_dispersion",FALSE,"Latent SD = 0.70","Deterministic graded-response item model","graded logistic latent scale","Observed sum-score identity;Gaussian-probit bounded score;Latent generating scale","identity;probit;identity latent benchmark",20260807,"seed = (base_seed + stream_offset + scenario_number * 10000 + replication) modulo .Machine$integer.max",500,0.05,0,600,,,,,,,,-0.9,,1,1,"theta_sd",0.7,9,3,0.7,0.85,0,-1,1,0,,,,,,,,,,,"Latent generating scale","identity latent benchmark",,500,500,500,0,1,19,0.038,0.00855055553750749,0.0244601180558304,0.0585847725306439,0.00298986156916794,0.0575419671019194,0.000221471227345774,0.00597972313833589,0,-0.0307859147046241,0,0,"","Nominal generating-scale rejection rate","2026-08-07 17:53:07 UTC","0.1.0","full"
"SS-022","sum_scores","latent_dispersion","latent_dispersion",FALSE,"Latent SD = 0.70","Deterministic graded-response item model","graded logistic latent scale","Observed sum-score identity;Gaussian-probit bounded score;Latent generating scale","identity;probit;identity latent benchmark",20260807,"seed = (base_seed + stream_offset + scenario_number * 10000 + replication) modulo .Machine$integer.max",500,0.05,0,600,,,,,,,,-0.9,,1,1,"theta_sd",0.7,9,3,0.7,0.85,0,-1,1,0,,,,,,,,,,,"Observed sum-score identity","identity",,500,500,500,0,1,59,0.118,0.0144274737913468,0.0925930082515065,0.149231987861119,-0.338632300760077,0.375506291531355,-0.0250838741303761,-0.677264601520155,-0.831219697024849,-0.0307859147046241,0,0,"","Pseudo-interaction detection rate","2026-08-07 17:53:07 UTC","0.1.0","full"
"SS-023","sum_scores","latent_dispersion","latent_dispersion",FALSE,"Latent SD = 1.30","Deterministic graded-response item model","graded logistic latent scale","Observed sum-score identity;Gaussian-probit bounded score;Latent generating scale","identity;probit;identity latent benchmark",20260807,"seed = (base_seed + stream_offset + scenario_number * 10000 + replication) modulo .Machine$integer.max",500,0.05,0,600,,,,,,,,-0.9,,1,1,"theta_sd",1.3,9,3,1.3,0.85,0,-1,1,0,,,,,,,,,,,"Gaussian-probit bounded score","probit",,500,500,500,0,1,19,0.038,0.00855055553750749,0.0244601180558304,0.0585847725306439,-0.00554906474216747,0.0565761848954409,-0.0213392071393347,-0.576158592762036,-0.00700941285906015,-0.0208594731225141,0,0,"","Pseudo-interaction detection rate","2026-08-07 17:53:07 UTC","0.1.0","full"
"SS-023","sum_scores","latent_dispersion","latent_dispersion",FALSE,"Latent SD = 1.30","Deterministic graded-response item model","graded logistic latent scale","Observed sum-score identity;Gaussian-probit bounded score;Latent generating scale","identity;probit;identity latent benchmark",20260807,"seed = (base_seed + stream_offset + scenario_number * 10000 + replication) modulo .Machine$integer.max",500,0.05,0,600,,,,,,,,-0.9,,1,1,"theta_sd",1.3,9,3,1.3,0.85,0,-1,1,0,,,,,,,,,,,"Latent generating scale","identity latent benchmark",,500,500,500,0,1,23,0.046,0.00936845771725528,0.0308451083708162,0.0680777927682732,-0.00365672042717558,0.106648559129835,-0.000270868179790781,-0.00731344085435109,0,-0.0208594731225141,0,0,"","Nominal generating-scale rejection rate","2026-08-07 17:53:07 UTC","0.1.0","full"
"SS-023","sum_scores","latent_dispersion","latent_dispersion",FALSE,"Latent SD = 1.30","Deterministic graded-response item model","graded logistic latent scale","Observed sum-score identity;Gaussian-probit bounded score;Latent generating scale","identity;probit;identity latent benchmark",20260807,"seed = (base_seed + stream_offset + scenario_number * 10000 + replication) modulo .Machine$integer.max",500,0.05,0,600,,,,,,,,-0.9,,1,1,"theta_sd",1.3,9,3,1.3,0.85,0,-1,1,0,,,,,,,,,,,"Observed sum-score identity","identity",,500,500,500,0,1,32,0.064,0.0109456840809517,0.0456960160447894,0.0889524088376842,-0.283987949565633,0.52020117946844,-0.0210361444122691,-0.567975899131266,-0.563205774307882,-0.0208594731225141,0,0,"","Pseudo-interaction detection rate","2026-08-07 17:53:07 UTC","0.1.0","full"
"WF-001","within_family","paper_anchor","paper_anchor;main_effect_surface;sample_size;trial_count;latent_location;icc",TRUE,"Logit-generated manuscript scenario","Random-intercept binomial","logit","Binomial logit;Binomial probit","logit;probit",20260807,"seed = (base_seed + stream_offset + scenario_number * 10000 + replication) modulo .Machine$integer.max",300,0.05,0,,15,,,,,2.475,,-1.65,,1,1,"",,,,,,,,,,700,0.3,1.5,-1,-1,0,1.65,1.65,-1.65,0,"Binomial logit","logit","random-intercept GLMM",300,300,300,0,1,18,0.06,0.0137113092008021,0.0382863695246921,0.0928394451529084,-0.00287077921405121,0.0752660126465887,-0.162359430494269,-0.162359430494269,0,-0.163519470599185,0,0,"","Nominal generating-scale rejection rate","2026-08-07 17:53:07 UTC","0.1.0","full"
"WF-001","within_family","paper_anchor","paper_anchor;main_effect_surface;sample_size;trial_count;latent_location;icc",TRUE,"Logit-generated manuscript scenario","Random-intercept binomial","logit","Binomial logit;Binomial probit","logit;probit",20260807,"seed = (base_seed + stream_offset + scenario_number * 10000 + replication) modulo .Machine$integer.max",300,0.05,0,,15,,,,,2.475,,-1.65,,1,1,"",,,,,,,,,,700,0.3,1.5,-1,-1,0,1.65,1.65,-1.65,0,"Binomial probit","probit","random-intercept GLMM",300,300,300,0,1,52,0.173333333333333,0.0218547392944787,0.134700600497468,0.220226140702569,-0.0428209420341394,0.0425107805817507,-0.138117415447272,-0.138117415447272,-0.111562810312494,-0.163519470599185,0,0,"","Pseudo-interaction detection rate","2026-08-07 17:53:07 UTC","0.1.0","full"
"WF-002","within_family","paper_anchor","paper_anchor;main_effect_surface;sample_size;trial_count;latent_location;icc",TRUE,"Probit-generated manuscript scenario","Random-intercept binomial","probit","Binomial logit;Binomial probit","logit;probit",20260807,"seed = (base_seed + stream_offset + scenario_number * 10000 + replication) modulo .Machine$integer.max",300,0.05,0,,15,,,,,1.5,,-1,,1,1,"",,,,,,,,,,700,0.3,1.5,-1,-1,0,1.65,1,-1,0,"Binomial logit","logit","random-intercept GLMM",300,300,300,0,1,43,0.143333333333333,0.0202310725443882,0.10818474232385,0.18750057714966,0.0696174284907537,0.0762761505297853,-0.166876346253299,-0.166876346253299,0.21590490629677,-0.141194585090897,0,0,"","Pseudo-interaction detection rate","2026-08-07 17:53:07 UTC","0.1.0","full"
"WF-002","within_family","paper_anchor","paper_anchor;main_effect_surface;sample_size;trial_count;latent_location;icc",TRUE,"Probit-generated manuscript scenario","Random-intercept binomial","probit","Binomial logit;Binomial probit","logit;probit",20260807,"seed = (base_seed + stream_offset + scenario_number * 10000 + replication) modulo .Machine$integer.max",300,0.05,0,,15,,,,,1.5,,-1,,1,1,"",,,,,,,,,,700,0.3,1.5,-1,-1,0,1.65,1,-1,0,"Binomial probit","probit","random-intercept GLMM",300,300,300,0,1,16,0.0533333333333333,0.0129729062394013,0.0330919125190965,0.0848691417748313,-0.00525198333958961,0.0429392214268192,-0.14270130182809,-0.14270130182809,0,-0.141194585090897,0,0,"","Nominal generating-scale rejection rate","2026-08-07 17:53:07 UTC","0.1.0","full"
"WF-003","within_family","main_effect_surface","main_effect_surface",FALSE,"logit generated: group x 0.50; condition x 0.50","Random-intercept binomial","logit","Binomial logit;Binomial probit","logit;probit",20260807,"seed = (base_seed + stream_offset + scenario_number * 10000 + replication) modulo .Machine$integer.max",300,0.05,0,,15,,,,,2.475,,-0.825,,0.5,0.5,"beta_group_multiplier;beta_condition_multiplier",,,,,,,,,,700,0.3,1.5,-0.5,-0.5,0,1.65,1.65,-0.825,0,"Binomial logit","logit","random-intercept GLMM",300,300,300,0,1,18,0.06,0.0137113092008021,0.0382863695246921,0.0928394451529084,0.00562094495297231,0.0778244899612159,-0.061233352755363,-0.061233352755363,0,-0.0601148940557525,0,0,"","Nominal generating-scale rejection rate","2026-08-07 17:53:07 UTC","0.1.0","full"
"WF-003","within_family","main_effect_surface","main_effect_surface",FALSE,"logit generated: group x 0.50; condition x 0.50","Random-intercept binomial","logit","Binomial logit;Binomial probit","logit;probit",20260807,"seed = (base_seed + stream_offset + scenario_number * 10000 + replication) modulo .Machine$integer.max",300,0.05,0,,15,,,,,2.475,,-0.825,,0.5,0.5,"beta_group_multiplier;beta_condition_multiplier",,,,,,,,,,700,0.3,1.5,-0.5,-0.5,0,1.65,1.65,-0.825,0,"Binomial probit","probit","random-intercept GLMM",300,300,300,0,1,21,0.07,0.0147309198626562,0.0462369448271763,0.104636010425933,-0.018816891756378,0.0437657741056793,-0.056402214470376,-0.056402214470376,-0.0477013091692584,-0.0601148940557525,0,0,"","Pseudo-interaction detection rate","2026-08-07 17:53:07 UTC","0.1.0","full"
"WF-004","within_family","main_effect_surface","main_effect_surface",FALSE,"logit generated: group x 1.00; condition x 0.50","Random-intercept binomial","logit","Binomial logit;Binomial probit","logit;probit",20260807,"seed = (base_seed + stream_offset + scenario_number * 10000 + replication) modulo .Machine$integer.max",300,0.05,0,,15,,,,,2.475,,-1.65,,1,0.5,"beta_group_multiplier;beta_condition_multiplier",,,,,,,,,,700,0.3,1.5,-1,-0.5,0,1.65,1.65,-0.825,0,"Binomial logit","logit","random-intercept GLMM",300,300,300,0,1,21,0.07,0.0147309198626562,0.0462369448271763,0.104636010425933,0.000783576608933128,0.0750186175927461,-0.111048840354539,-0.111048840354539,0,-0.111817182327468,0,0,"","Nominal generating-scale rejection rate","2026-08-07 17:53:07 UTC","0.1.0","full"
"WF-004","within_family","main_effect_surface","main_effect_surface",FALSE,"logit generated: group x 1.00; condition x 0.50","Random-intercept binomial","logit","Binomial logit;Binomial probit","logit;probit",20260807,"seed = (base_seed + stream_offset + scenario_number * 10000 + replication) modulo .Machine$integer.max",300,0.05,0,,15,,,,,2.475,,-1.65,,1,0.5,"beta_group_multiplier;beta_condition_multiplier",,,,,,,,,,700,0.3,1.5,-1,-0.5,0,1.65,1.65,-0.825,0,"Binomial probit","probit","random-intercept GLMM",300,300,300,0,1,30,0.1,0.0173205080756888,0.0709479145950153,0.139166462384621,-0.0297518596158428,0.0425799740177659,-0.0960837270988593,-0.0960837270988593,-0.0796320597408759,-0.111817182327468,0,0,"","Pseudo-interaction detection rate","2026-08-07 17:53:07 UTC","0.1.0","full"
"WF-005","within_family","main_effect_surface","main_effect_surface",FALSE,"logit generated: group x 1.50; condition x 0.50","Random-intercept binomial","logit","Binomial logit;Binomial probit","logit;probit",20260807,"seed = (base_seed + stream_offset + scenario_number * 10000 + replication) modulo .Machine$integer.max",300,0.05,0,,15,,,,,2.475,,-2.475,,1.5,0.5,"beta_group_multiplier;beta_condition_multiplier",,,,,,,,,,700,0.3,1.5,-1.5,-0.5,0,1.65,1.65,-0.825,0,"Binomial logit","logit","random-intercept GLMM",300,300,300,0,1,13,0.0433333333333333,0.0117552194868996,0.0254964480844072,0.0727174656340114,0.000319349715429211,0.0751112081906794,-0.111584088353194,-0.111584088353194,0,-0.111817182327469,0,0,"","Nominal generating-scale rejection rate","2026-08-07 17:53:07 UTC","0.1.0","full"
"WF-005","within_family","main_effect_surface","main_effect_surface",FALSE,"logit generated: group x 1.50; condition x 0.50","Random-intercept binomial","logit","Binomial logit;Binomial probit","logit;probit",20260807,"seed = (base_seed + stream_offset + scenario_number * 10000 + replication) modulo .Machine$integer.max",300,0.05,0,,15,,,,,2.475,,-2.475,,1.5,0.5,"beta_group_multiplier;beta_condition_multiplier",,,,,,,,,,700,0.3,1.5,-1.5,-0.5,0,1.65,1.65,-0.825,0,"Binomial probit","probit","random-intercept GLMM",300,300,300,0,1,35,0.116666666666667,0.0185342525751248,0.0850931346146629,0.157933143324156,-0.0333121918401593,0.0425826512131113,-0.0972621818847244,-0.0972621818847244,-0.0796320597408764,-0.111817182327469,0,0,"","Pseudo-interaction detection rate","2026-08-07 17:53:07 UTC","0.1.0","full"
"WF-006","within_family","main_effect_surface","main_effect_surface",FALSE,"logit generated: group x 0.50; condition x 1.00","Random-intercept binomial","logit","Binomial logit;Binomial probit","logit;probit",20260807,"seed = (base_seed + stream_offset + scenario_number * 10000 + replication) modulo .Machine$integer.max",300,0.05,0,,15,,,,,2.475,,-0.825,,0.5,1,"beta_group_multiplier;beta_condition_multiplier",,,,,,,,,,700,0.3,1.5,-0.5,-1,0,1.65,1.65,-1.65,0,"Binomial logit","logit","random-intercept GLMM",300,300,300,0,1,19,0.0633333333333333,0.0140620318852128,0.0409168823839153,0.0967913124855216,0.00850462057321298,0.0768948378665217,-0.109902330086361,-0.109902330086361,0,-0.111817182327468,0,0,"","Nominal generating-scale rejection rate","2026-08-07 17:53:07 UTC","0.1.0","full"
"WF-006","within_family","main_effect_surface","main_effect_surface",FALSE,"logit generated: group x 0.50; condition x 1.00","Random-intercept binomial","logit","Binomial logit;Binomial probit","logit;probit",20260807,"seed = (base_seed + stream_offset + scenario_number * 10000 + replication) modulo .Machine$integer.max",300,0.05,0,,15,,,,,2.475,,-0.825,,0.5,1,"beta_group_multiplier;beta_condition_multiplier",,,,,,,,,,700,0.3,1.5,-0.5,-1,0,1.65,1.65,-1.65,0,"Binomial probit","probit","random-intercept GLMM",300,300,300,0,1,36,0.12,0.0187616630392937,0.0879508443036389,0.161657813827016,-0.0277582904798957,0.0432141119377452,-0.0956883916798681,-0.0956883916798681,-0.0796320597408759,-0.111817182327468,0,0,"","Pseudo-interaction detection rate","2026-08-07 17:53:07 UTC","0.1.0","full"
"WF-007","within_family","main_effect_surface","main_effect_surface",FALSE,"logit generated: group x 1.50; condition x 1.00","Random-intercept binomial","logit","Binomial logit;Binomial probit","logit;probit",20260807,"seed = (base_seed + stream_offset + scenario_number * 10000 + replication) modulo .Machine$integer.max",300,0.05,0,,15,,,,,2.475,,-2.475,,1.5,1,"beta_group_multiplier;beta_condition_multiplier",,,,,,,,,,700,0.3,1.5,-1.5,-1,0,1.65,1.65,-1.65,0,"Binomial logit","logit","random-intercept GLMM",300,300,300,0,1,17,0.0566666666666667,0.0133486023682326,0.0356774764632895,0.0888659580224746,0.00119535911229518,0.0768987993016731,-0.110782331841351,-0.110782331841351,0,-0.111817182327469,0,0,"","Nominal generating-scale rejection rate","2026-08-07 17:53:07 UTC","0.1.0","full"
"WF-007","within_family","main_effect_surface","main_effect_surface",FALSE,"logit generated: group x 1.50; condition x 1.00","Random-intercept binomial","logit","Binomial logit;Binomial probit","logit;probit",20260807,"seed = (base_seed + stream_offset + scenario_number * 10000 + replication) modulo .Machine$integer.max",300,0.05,0,,15,,,,,2.475,,-2.475,,1.5,1,"beta_group_multiplier;beta_condition_multiplier",,,,,,,,,,700,0.3,1.5,-1.5,-1,0,1.65,1.65,-1.65,0,"Binomial probit","probit","random-intercept GLMM",300,300,300,0,1,34,0.113333333333333,0.0183019934150071,0.082244501875291,0.154199395871691,-0.0289700287857506,0.0431868341706512,-0.0964201228708641,-0.0964201228708641,-0.0796320597408764,-0.111817182327469,0,0,"","Pseudo-interaction detection rate","2026-08-07 17:53:07 UTC","0.1.0","full"
"WF-008","within_family","main_effect_surface","main_effect_surface",FALSE,"logit generated: group x 0.50; condition x 1.50","Random-intercept binomial","logit","Binomial logit;Binomial probit","logit;probit",20260807,"seed = (base_seed + stream_offset + scenario_number * 10000 + replication) modulo .Machine$integer.max",300,0.05,0,,15,,,,,2.475,,-0.825,,0.5,1.5,"beta_group_multiplier;beta_condition_multiplier",,,,,,,,,,700,0.3,1.5,-0.5,-1.5,0,1.65,1.65,-2.475,0,"Binomial logit","logit","random-intercept GLMM",300,300,300,0,1,18,0.06,0.0137113092008021,0.0382863695246921,0.0928394451529084,-0.011683007400442,0.0798061230013906,-0.111626538592116,-0.111626538592116,0,-0.111817182327469,0,0,"","Nominal generating-scale rejection rate","2026-08-07 17:53:07 UTC","0.1.0","full"
"WF-008","within_family","main_effect_surface","main_effect_surface",FALSE,"logit generated: group x 0.50; condition x 1.50","Random-intercept binomial","logit","Binomial logit;Binomial probit","logit;probit",20260807,"seed = (base_seed + stream_offset + scenario_number * 10000 + replication) modulo .Machine$integer.max",300,0.05,0,,15,,,,,2.475,,-0.825,,0.5,1.5,"beta_group_multiplier;beta_condition_multiplier",,,,,,,,,,700,0.3,1.5,-0.5,-1.5,0,1.65,1.65,-2.475,0,"Binomial probit","probit","random-intercept GLMM",300,300,300,0,1,32,0.106666666666667,0.017822166805123,0.0765758490459421,0.146703288317367,-0.033628508602855,0.0440921504044778,-0.0976605439903916,-0.0976605439903916,-0.0796320597408764,-0.111817182327469,0,0,"","Pseudo-interaction detection rate","2026-08-07 17:53:07 UTC","0.1.0","full"
"WF-009","within_family","main_effect_surface","main_effect_surface",FALSE,"logit generated: group x 1.00; condition x 1.50","Random-intercept binomial","logit","Binomial logit;Binomial probit","logit;probit",20260807,"seed = (base_seed + stream_offset + scenario_number * 10000 + replication) modulo .Machine$integer.max",300,0.05,0,,15,,,,,2.475,,-1.65,,1,1.5,"beta_group_multiplier;beta_condition_multiplier",,,,,,,,,,700,0.3,1.5,-1,-1.5,0,1.65,1.65,-2.475,0,"Binomial logit","logit","random-intercept GLMM",300,300,300,0,1,18,0.06,0.0137113092008021,0.0382863695246921,0.0928394451529084,0.00423666954894007,0.0800069570514788,-0.110786934150197,-0.110786934150197,0,-0.111817182327469,0,0,"","Nominal generating-scale rejection rate","2026-08-07 17:53:07 UTC","0.1.0","full"
"WF-009","within_family","main_effect_surface","main_effect_surface",FALSE,"logit generated: group x 1.00; condition x 1.50","Random-intercept binomial","logit","Binomial logit;Binomial probit","logit;probit",20260807,"seed = (base_seed + stream_offset + scenario_number * 10000 + replication) modulo .Machine$integer.max",300,0.05,0,,15,,,,,2.475,,-1.65,,1,1.5,"beta_group_multiplier;beta_condition_multiplier",,,,,,,,,,700,0.3,1.5,-1,-1.5,0,1.65,1.65,-2.475,0,"Binomial probit","probit","random-intercept GLMM",300,300,300,0,1,34,0.113333333333333,0.0183019934150071,0.082244501875291,0.154199395871691,-0.0281699970327199,0.0441495496196871,-0.0969440242811843,-0.0969440242811843,-0.0796320597408764,-0.111817182327469,0,0,"","Pseudo-interaction detection rate","2026-08-07 17:53:07 UTC","0.1.0","full"
"WF-010","within_family","main_effect_surface","main_effect_surface",FALSE,"logit generated: group x 1.50; condition x 1.50","Random-intercept binomial","logit","Binomial logit;Binomial probit","logit;probit",20260807,"seed = (base_seed + stream_offset + scenario_number * 10000 + replication) modulo .Machine$integer.max",300,0.05,0,,15,,,,,2.475,,-2.475,,1.5,1.5,"beta_group_multiplier;beta_condition_multiplier",,,,,,,,,,700,0.3,1.5,-1.5,-1.5,0,1.65,1.65,-2.475,0,"Binomial logit","logit","random-intercept GLMM",300,300,300,0,1,12,0.04,0.0113137084989848,0.0230273214879423,0.06860421203864,0.00353087000928654,0.08393174059953,0.000295697797811134,0.000295697797811134,0,-1.11022302462516e-16,0,0,"","Nominal generating-scale rejection rate","2026-08-07 17:53:07 UTC","0.1.0","full"
"WF-010","within_family","main_effect_surface","main_effect_surface",FALSE,"logit generated: group x 1.50; condition x 1.50","Random-intercept binomial","logit","Binomial logit;Binomial probit","logit;probit",20260807,"seed = (base_seed + stream_offset + scenario_number * 10000 + replication) modulo .Machine$integer.max",300,0.05,0,,15,,,,,2.475,,-2.475,,1.5,1.5,"beta_group_multiplier;beta_condition_multiplier",,,,,,,,,,700,0.3,1.5,-1.5,-1.5,0,1.65,1.65,-2.475,0,"Binomial probit","probit","random-intercept GLMM",300,300,300,0,1,16,0.0533333333333333,0.0129729062394013,0.0330919125190965,0.0848691417748313,0.0010624506901492,0.0457725330668328,0.000725448634443682,0.000725448634443682,0,-1.11022302462516e-16,0,0,"","Pseudo-interaction detection rate","2026-08-07 17:53:07 UTC","0.1.0","full"
"WF-011","within_family","main_effect_surface","main_effect_surface",FALSE,"probit generated: group x 0.50; condition x 0.50","Random-intercept binomial","probit","Binomial logit;Binomial probit","logit;probit",20260807,"seed = (base_seed + stream_offset + scenario_number * 10000 + replication) modulo .Machine$integer.max",300,0.05,0,,15,,,,,1.5,,-0.5,,0.5,0.5,"beta_group_multiplier;beta_condition_multiplier",,,,,,,,,,700,0.3,1.5,-0.5,-0.5,0,1.65,1,-0.5,0,"Binomial logit","logit","random-intercept GLMM",300,300,300,0,1,30,0.1,0.0173205080756888,0.0709479145950153,0.139166462384621,0.0454090452952893,0.0793972987651936,-0.0628506749566491,-0.0628506749566491,0.10723055954499,-0.0580342321319309,0,0,"","Pseudo-interaction detection rate","2026-08-07 17:53:07 UTC","0.1.0","full"
"WF-011","within_family","main_effect_surface","main_effect_surface",FALSE,"probit generated: group x 0.50; condition x 0.50","Random-intercept binomial","probit","Binomial logit;Binomial probit","logit;probit",20260807,"seed = (base_seed + stream_offset + scenario_number * 10000 + replication) modulo .Machine$integer.max",300,0.05,0,,15,,,,,1.5,,-0.5,,0.5,0.5,"beta_group_multiplier;beta_condition_multiplier",,,,,,,,,,700,0.3,1.5,-0.5,-0.5,0,1.65,1,-0.5,0,"Binomial probit","probit","random-intercept GLMM",300,300,300,0,1,20,0.0666666666666667,0.0144016459964619,0.0435675155451583,0.100723059516115,0.00123918325102776,0.044439735661418,-0.0585500915766969,-0.0585500915766969,0,-0.0580342321319309,0,0,"","Nominal generating-scale rejection rate","2026-08-07 17:53:07 UTC","0.1.0","full"
"WF-012","within_family","main_effect_surface","main_effect_surface",FALSE,"probit generated: group x 1.00; condition x 0.50","Random-intercept binomial","probit","Binomial logit;Binomial probit","logit;probit",20260807,"seed = (base_seed + stream_offset + scenario_number * 10000 + replication) modulo .Machine$integer.max",300,0.05,0,,15,,,,,1.5,,-1,,1,0.5,"beta_group_multiplier;beta_condition_multiplier",,,,,,,,,,700,0.3,1.5,-1,-0.5,0,1.65,1,-0.5,0,"Binomial logit","logit","random-intercept GLMM",300,300,300,0,1,40,0.133333333333333,0.0196261352585063,0.099466416834112,0.176471762063888,0.0709552749341686,0.0763898202521214,-0.114210190933737,-0.114210190933737,0.16156773292088,-0.0996144086114141,0,0,"","Pseudo-interaction detection rate","2026-08-07 17:53:07 UTC","0.1.0","full"
"WF-012","within_family","main_effect_surface","main_effect_surface",FALSE,"probit generated: group x 1.00; condition x 0.50","Random-intercept binomial","probit","Binomial logit;Binomial probit","logit;probit",20260807,"seed = (base_seed + stream_offset + scenario_number * 10000 + replication) modulo .Machine$integer.max",300,0.05,0,,15,,,,,1.5,,-1,,1,0.5,"beta_group_multiplier;beta_condition_multiplier",,,,,,,,,,700,0.3,1.5,-1,-0.5,0,1.65,1,-0.5,0,"Binomial probit","probit","random-intercept GLMM",300,300,300,0,1,16,0.0533333333333333,0.0129729062394013,0.0330919125190965,0.0848691417748313,0.00578401619784231,0.0431511920725244,-0.0994985999484272,-0.0994985999484272,0,-0.0996144086114141,0,0,"","Nominal generating-scale rejection rate","2026-08-07 17:53:07 UTC","0.1.0","full"
"WF-013","within_family","main_effect_surface","main_effect_surface",FALSE,"probit generated: group x 1.50; condition x 0.50","Random-intercept binomial","probit","Binomial logit;Binomial probit","logit;probit",20260807,"seed = (base_seed + stream_offset + scenario_number * 10000 + replication) modulo .Machine$integer.max",300,0.05,0,,15,,,,,1.5,,-1.5,,1.5,0.5,"beta_group_multiplier;beta_condition_multiplier",,,,,,,,,,700,0.3,1.5,-1.5,-0.5,0,1.65,1,-0.5,0,"Binomial logit","logit","random-intercept GLMM",300,300,300,0,1,35,0.116666666666667,0.0185342525751248,0.0850931346146629,0.157933143324156,0.0518116242858514,0.0763047409477454,-0.114988230760003,-0.114988230760003,0.16156773292088,-0.0996144086114141,0,0,"","Pseudo-interaction detection rate","2026-08-07 17:53:07 UTC","0.1.0","full"
"WF-013","within_family","main_effect_surface","main_effect_surface",FALSE,"probit generated: group x 1.50; condition x 0.50","Random-intercept binomial","probit","Binomial logit;Binomial probit","logit;probit",20260807,"seed = (base_seed + stream_offset + scenario_number * 10000 + replication) modulo .Machine$integer.max",300,0.05,0,,15,,,,,1.5,,-1.5,,1.5,0.5,"beta_group_multiplier;beta_condition_multiplier",,,,,,,,,,700,0.3,1.5,-1.5,-0.5,0,1.65,1,-0.5,0,"Binomial probit","probit","random-intercept GLMM",300,300,300,0,1,13,0.0433333333333333,0.0117552194868996,0.0254964480844072,0.0727174656340114,-0.0068317186062577,0.0430749055830913,-0.100472694384418,-0.100472694384418,0,-0.0996144086114141,0,0,"","Nominal generating-scale rejection rate","2026-08-07 17:53:07 UTC","0.1.0","full"
"WF-014","within_family","main_effect_surface","main_effect_surface",FALSE,"probit generated: group x 0.50; condition x 1.00","Random-intercept binomial","probit","Binomial logit;Binomial probit","logit;probit",20260807,"seed = (base_seed + stream_offset + scenario_number * 10000 + replication) modulo .Machine$integer.max",300,0.05,0,,15,,,,,1.5,,-0.5,,0.5,1,"beta_group_multiplier;beta_condition_multiplier",,,,,,,,,,700,0.3,1.5,-0.5,-1,0,1.65,1,-1,0,"Binomial logit","logit","random-intercept GLMM",300,300,300,0,1,36,0.12,0.0187616630392937,0.0879508443036389,0.161657813827016,0.0465731149688356,0.0779847577664792,-0.11387149218958,-0.11387149218958,0.16156773292088,-0.0996144086114141,0,0,"","Pseudo-interaction detection rate","2026-08-07 17:53:07 UTC","0.1.0","full"
"WF-014","within_family","main_effect_surface","main_effect_surface",FALSE,"probit generated: group x 0.50; condition x 1.00","Random-intercept binomial","probit","Binomial logit;Binomial probit","logit;probit",20260807,"seed = (base_seed + stream_offset + scenario_number * 10000 + replication) modulo .Machine$integer.max",300,0.05,0,,15,,,,,1.5,,-0.5,,0.5,1,"beta_group_multiplier;beta_condition_multiplier",,,,,,,,,,700,0.3,1.5,-0.5,-1,0,1.65,1,-1,0,"Binomial probit","probit","random-intercept GLMM",300,300,300,0,1,12,0.04,0.0113137084989848,0.0230273214879423,0.06860421203864,-0.00741212157528966,0.0436737552909256,-0.100071493372426,-0.100071493372426,0,-0.0996144086114141,0,0,"","Nominal generating-scale rejection rate","2026-08-07 17:53:07 UTC","0.1.0","full"
"WF-015","within_family","main_effect_surface","main_effect_surface",FALSE,"probit generated: group x 1.50; condition x 1.00","Random-intercept binomial","probit","Binomial logit;Binomial probit","logit;probit",20260807,"seed = (base_seed + stream_offset + scenario_number * 10000 + replication) modulo .Machine$integer.max",300,0.05,0,,15,,,,,1.5,,-1.5,,1.5,1,"beta_group_multiplier;beta_condition_multiplier",,,,,,,,,,700,0.3,1.5,-1.5,-1,0,1.65,1,-1,0,"Binomial logit","logit","random-intercept GLMM",300,300,300,0,1,32,0.106666666666667,0.017822166805123,0.0765758490459421,0.146703288317367,0.0604120207719058,0.078070027295931,-0.113662642501383,-0.113662642501383,0.16156773292088,-0.0996144086114141,0,0,"","Pseudo-interaction detection rate","2026-08-07 17:53:07 UTC","0.1.0","full"
"WF-015","within_family","main_effect_surface","main_effect_surface",FALSE,"probit generated: group x 1.50; condition x 1.00","Random-intercept binomial","probit","Binomial logit;Binomial probit","logit;probit",20260807,"seed = (base_seed + stream_offset + scenario_number * 10000 + replication) modulo .Machine$integer.max",300,0.05,0,,15,,,,,1.5,,-1.5,,1.5,1,"beta_group_multiplier;beta_condition_multiplier",,,,,,,,,,700,0.3,1.5,-1.5,-1,0,1.65,1,-1,0,"Binomial probit","probit","random-intercept GLMM",300,300,300,0,1,16,0.0533333333333333,0.0129729062394013,0.0330919125190965,0.0848691417748313,0.000455627726984513,0.0437076344858244,-0.0994085250734558,-0.0994085250734558,0,-0.0996144086114141,0,0,"","Nominal generating-scale rejection rate","2026-08-07 17:53:07 UTC","0.1.0","full"
"WF-016","within_family","main_effect_surface","main_effect_surface",FALSE,"probit generated: group x 0.50; condition x 1.50","Random-intercept binomial","probit","Binomial logit;Binomial probit","logit;probit",20260807,"seed = (base_seed + stream_offset + scenario_number * 10000 + replication) modulo .Machine$integer.max",300,0.05,0,,15,,,,,1.5,,-0.5,,0.5,1.5,"beta_group_multiplier;beta_condition_multiplier",,,,,,,,,,700,0.3,1.5,-0.5,-1.5,0,1.65,1,-1.5,0,"Binomial logit","logit","random-intercept GLMM",300,300,300,0,1,44,0.146666666666667,0.0204251116321352,0.111105187440337,0.191162512225009,0.0563649548062312,0.0809177334728419,-0.111804278992446,-0.111804278992446,0.16156773292088,-0.0996144086114141,0,0,"","Pseudo-interaction detection rate","2026-08-07 17:53:07 UTC","0.1.0","full"
"WF-016","within_family","main_effect_surface","main_effect_surface",FALSE,"probit generated: group x 0.50; condition x 1.50","Random-intercept binomial","probit","Binomial logit;Binomial probit","logit;probit",20260807,"seed = (base_seed + stream_offset + scenario_number * 10000 + replication) modulo .Machine$integer.max",300,0.05,0,,15,,,,,1.5,,-0.5,,0.5,1.5,"beta_group_multiplier;beta_condition_multiplier",,,,,,,,,,700,0.3,1.5,-0.5,-1.5,0,1.65,1,-1.5,0,"Binomial probit","probit","random-intercept GLMM",300,300,300,0,1,19,0.0633333333333333,0.0140620318852128,0.0409168823839153,0.0967913124855216,0.00212079736041909,0.0445582361147444,-0.0977312119971994,-0.0977312119971994,0,-0.0996144086114141,0,0,"","Nominal generating-scale rejection rate","2026-08-07 17:53:07 UTC","0.1.0","full"
"WF-017","within_family","main_effect_surface","main_effect_surface",FALSE,"probit generated: group x 1.00; condition x 1.50","Random-intercept binomial","probit","Binomial logit;Binomial probit","logit;probit",20260807,"seed = (base_seed + stream_offset + scenario_number * 10000 + replication) modulo .Machine$integer.max",300,0.05,0,,15,,,,,1.5,,-1,,1,1.5,"beta_group_multiplier;beta_condition_multiplier",,,,,,,,,,700,0.3,1.5,-1,-1.5,0,1.65,1,-1.5,0,"Binomial logit","logit","random-intercept GLMM",300,300,300,0,1,31,0.103333333333333,0.0175741813991961,0.0737565847385412,0.142940172432932,0.0545995380537281,0.0809702427004755,-0.115378356453173,-0.115378356453173,0.16156773292088,-0.0996144086114141,0,0,"","Pseudo-interaction detection rate","2026-08-07 17:53:07 UTC","0.1.0","full"
"WF-017","within_family","main_effect_surface","main_effect_surface",FALSE,"probit generated: group x 1.00; condition x 1.50","Random-intercept binomial","probit","Binomial logit;Binomial probit","logit;probit",20260807,"seed = (base_seed + stream_offset + scenario_number * 10000 + replication) modulo .Machine$integer.max",300,0.05,0,,15,,,,,1.5,,-1,,1,1.5,"beta_group_multiplier;beta_condition_multiplier",,,,,,,,,,700,0.3,1.5,-1,-1.5,0,1.65,1,-1.5,0,"Binomial probit","probit","random-intercept GLMM",300,300,300,0,1,19,0.0633333333333333,0.0140620318852128,0.0409168823839153,0.0967913124855216,-0.000477496320828187,0.0445886180743739,-0.101538946661511,-0.101538946661511,0,-0.0996144086114141,0,0,"","Nominal generating-scale rejection rate","2026-08-07 17:53:07 UTC","0.1.0","full"
"WF-018","within_family","main_effect_surface","main_effect_surface",FALSE,"probit generated: group x 1.50; condition x 1.50","Random-intercept binomial","probit","Binomial logit;Binomial probit","logit;probit",20260807,"seed = (base_seed + stream_offset + scenario_number * 10000 + replication) modulo .Machine$integer.max",300,0.05,0,,15,,,,,1.5,,-1.5,,1.5,1.5,"beta_group_multiplier;beta_condition_multiplier",,,,,,,,,,700,0.3,1.5,-1.5,-1.5,0,1.65,1,-1.5,0,"Binomial logit","logit","random-intercept GLMM",300,300,300,0,1,23,0.0766666666666667,0.0153610859955591,0.0516276117866075,0.112410103850175,0.00171785444216824,0.0860253155059867,-0.000599707549875039,-0.000599707549875039,0,0,0,0,"","Pseudo-interaction detection rate","2026-08-07 17:53:07 UTC","0.1.0","full"
"WF-018","within_family","main_effect_surface","main_effect_surface",FALSE,"probit generated: group x 1.50; condition x 1.50","Random-intercept binomial","probit","Binomial logit;Binomial probit","logit;probit",20260807,"seed = (base_seed + stream_offset + scenario_number * 10000 + replication) modulo .Machine$integer.max",300,0.05,0,,15,,,,,1.5,,-1.5,,1.5,1.5,"beta_group_multiplier;beta_condition_multiplier",,,,,,,,,,700,0.3,1.5,-1.5,-1.5,0,1.65,1,-1.5,0,"Binomial probit","probit","random-intercept GLMM",300,300,300,0,1,23,0.0766666666666667,0.0153610859955591,0.0516276117866075,0.112410103850175,0.00190383671783352,0.0466783062916519,-0.000785972045205696,-0.000785972045205696,0,0,0,0,"","Nominal generating-scale rejection rate","2026-08-07 17:53:07 UTC","0.1.0","full"
"WF-019","within_family","sample_size","sample_size",FALSE,"logit generated: subjects = 100","Random-intercept binomial","logit","Binomial logit;Binomial probit","logit;probit",20260807,"seed = (base_seed + stream_offset + scenario_number * 10000 + replication) modulo .Machine$integer.max",300,0.05,0,,15,,,,,2.475,,-1.65,,1,1,"n_subjects",100,,,,,,,,,100,0.3,1.5,-1,-1,0,1.65,1.65,-1.65,0,"Binomial logit","logit","random-intercept GLMM",300,300,300,0,1,16,0.0533333333333333,0.0129729062394013,0.0330919125190965,0.0848691417748313,-0.00829292575771497,0.199221651178935,-0.165106483008202,-0.165106483008202,0,-0.163519470599185,0,0,"","Nominal generating-scale rejection rate","2026-08-07 17:53:07 UTC","0.1.0","full"
"WF-019","within_family","sample_size","sample_size",FALSE,"logit generated: subjects = 100","Random-intercept binomial","logit","Binomial logit;Binomial probit","logit;probit",20260807,"seed = (base_seed + stream_offset + scenario_number * 10000 + replication) modulo .Machine$integer.max",300,0.05,0,,15,,,,,2.475,,-1.65,,1,1,"n_subjects",100,,,,,,,,,100,0.3,1.5,-1,-1,0,1.65,1.65,-1.65,0,"Binomial probit","probit","random-intercept GLMM",300,300,300,0,1,22,0.0733333333333333,0.0150505321672863,0.0489239938392286,0.108531341605717,-0.0487354029189928,0.112495836660841,-0.14321092074407,-0.14321092074407,-0.111562810312494,-0.163519470599185,0,0,"","Pseudo-interaction detection rate","2026-08-07 17:53:07 UTC","0.1.0","full"
"WF-020","within_family","sample_size","sample_size",FALSE,"logit generated: subjects = 200","Random-intercept binomial","logit","Binomial logit;Binomial probit","logit;probit",20260807,"seed = (base_seed + stream_offset + scenario_number * 10000 + replication) modulo .Machine$integer.max",300,0.05,0,,15,,,,,2.475,,-1.65,,1,1,"n_subjects",200,,,,,,,,,200,0.3,1.5,-1,-1,0,1.65,1.65,-1.65,0,"Binomial logit","logit","random-intercept GLMM",300,300,300,0,1,16,0.0533333333333333,0.0129729062394013,0.0330919125190965,0.0848691417748313,-0.00632409021789218,0.141253228998766,-0.163364853640779,-0.163364853640779,0,-0.163519470599185,0,0,"","Nominal generating-scale rejection rate","2026-08-07 17:53:07 UTC","0.1.0","full"
"WF-020","within_family","sample_size","sample_size",FALSE,"logit generated: subjects = 200","Random-intercept binomial","logit","Binomial logit;Binomial probit","logit;probit",20260807,"seed = (base_seed + stream_offset + scenario_number * 10000 + replication) modulo .Machine$integer.max",300,0.05,0,,15,,,,,2.475,,-1.65,,1,1,"n_subjects",200,,,,,,,,,200,0.3,1.5,-1,-1,0,1.65,1.65,-1.65,0,"Binomial probit","probit","random-intercept GLMM",300,300,300,0,1,26,0.0866666666666667,0.0162435172253995,0.0598288975180431,0.123955958694248,-0.0451450176640094,0.0796207824567873,-0.140915616441334,-0.140915616441334,-0.111562810312494,-0.163519470599185,0,0,"","Pseudo-interaction detection rate","2026-08-07 17:53:07 UTC","0.1.0","full"
"WF-021","within_family","sample_size","sample_size",FALSE,"logit generated: subjects = 300","Random-intercept binomial","logit","Binomial logit;Binomial probit","logit;probit",20260807,"seed = (base_seed + stream_offset + scenario_number * 10000 + replication) modulo .Machine$integer.max",300,0.05,0,,15,,,,,2.475,,-1.65,,1,1,"n_subjects",300,,,,,,,,,300,0.3,1.5,-1,-1,0,1.65,1.65,-1.65,0,"Binomial logit","logit","random-intercept GLMM",300,300,300,0,1,23,0.0766666666666667,0.0153610859955591,0.0516276117866075,0.112410103850175,-0.00664724591276651,0.115256523773424,-0.163495602870269,-0.163495602870269,0,-0.163519470599185,0,0,"","Nominal generating-scale rejection rate","2026-08-07 17:53:07 UTC","0.1.0","full"
"WF-021","within_family","sample_size","sample_size",FALSE,"logit generated: subjects = 300","Random-intercept binomial","logit","Binomial logit;Binomial probit","logit;probit",20260807,"seed = (base_seed + stream_offset + scenario_number * 10000 + replication) modulo .Machine$integer.max",300,0.05,0,,15,,,,,2.475,,-1.65,,1,1,"n_subjects",300,,,,,,,,,300,0.3,1.5,-1,-1,0,1.65,1.65,-1.65,0,"Binomial probit","probit","random-intercept GLMM",300,300,300,0,1,39,0.13,0.0194164878389476,0.0965753694127523,0.172780429293412,-0.045469031874669,0.0650215753265655,-0.139377947856058,-0.139377947856058,-0.111562810312494,-0.163519470599185,0,0,"","Pseudo-interaction detection rate","2026-08-07 17:53:07 UTC","0.1.0","full"
"WF-022","within_family","sample_size","sample_size",FALSE,"logit generated: subjects = 400","Random-intercept binomial","logit","Binomial logit;Binomial probit","logit;probit",20260807,"seed = (base_seed + stream_offset + scenario_number * 10000 + replication) modulo .Machine$integer.max",300,0.05,0,,15,,,,,2.475,,-1.65,,1,1,"n_subjects",400,,,,,,,,,400,0.3,1.5,-1,-1,0,1.65,1.65,-1.65,0,"Binomial logit","logit","random-intercept GLMM",300,300,300,0,1,8,0.0266666666666667,0.00930153312731393,0.0135730698086471,0.0517289429505898,0.0115591527811306,0.100003503008943,-0.164059567795279,-0.164059567795279,0,-0.163519470599185,0,0,"","Nominal generating-scale rejection rate","2026-08-07 17:53:07 UTC","0.1.0","full"
"WF-022","within_family","sample_size","sample_size",FALSE,"logit generated: subjects = 400","Random-intercept binomial","logit","Binomial logit;Binomial probit","logit;probit",20260807,"seed = (base_seed + stream_offset + scenario_number * 10000 + replication) modulo .Machine$integer.max",300,0.05,0,,15,,,,,2.475,,-1.65,,1,1,"n_subjects",400,,,,,,,,,400,0.3,1.5,-1,-1,0,1.65,1.65,-1.65,0,"Binomial probit","probit","random-intercept GLMM",300,300,300,0,1,29,0.0966666666666667,0.0170608931206451,0.0681502948182893,0.135381701969511,-0.0350902404817169,0.0563872567690094,-0.140001098232539,-0.140001098232539,-0.111562810312494,-0.163519470599185,0,0,"","Pseudo-interaction detection rate","2026-08-07 17:53:07 UTC","0.1.0","full"
"WF-023","within_family","sample_size","sample_size",FALSE,"logit generated: subjects = 1200","Random-intercept binomial","logit","Binomial logit;Binomial probit","logit;probit",20260807,"seed = (base_seed + stream_offset + scenario_number * 10000 + replication) modulo .Machine$integer.max",300,0.05,0,,15,,,,,2.475,,-1.65,,1,1,"n_subjects",1200,,,,,,,,,1200,0.3,1.5,-1,-1,0,1.65,1.65,-1.65,0,"Binomial logit","logit","random-intercept GLMM",300,300,300,0,1,16,0.0533333333333333,0.0129729062394013,0.0330919125190965,0.0848691417748313,0.00186987290939527,0.0574610352919402,-0.163211592800367,-0.163211592800367,0,-0.163519470599185,0,0,"","Nominal generating-scale rejection rate","2026-08-07 17:53:07 UTC","0.1.0","full"
"WF-023","within_family","sample_size","sample_size",FALSE,"logit generated: subjects = 1200","Random-intercept binomial","logit","Binomial logit;Binomial probit","logit;probit",20260807,"seed = (base_seed + stream_offset + scenario_number * 10000 + replication) modulo .Machine$integer.max",300,0.05,0,,15,,,,,2.475,,-1.65,,1,1,"n_subjects",1200,,,,,,,,,1200,0.3,1.5,-1,-1,0,1.65,1.65,-1.65,0,"Binomial probit","probit","random-intercept GLMM",300,300,300,0,1,61,0.203333333333333,0.0232371031534261,0.161673851641658,0.252494311284906,-0.0389873376637845,0.0324497975915811,-0.139170730581534,-0.139170730581534,-0.111562810312494,-0.163519470599185,0,0,"","Pseudo-interaction detection rate","2026-08-07 17:53:07 UTC","0.1.0","full"
"WF-024","within_family","sample_size","sample_size",FALSE,"logit generated: subjects = 2000","Random-intercept binomial","logit","Binomial logit;Binomial probit","logit;probit",20260807,"seed = (base_seed + stream_offset + scenario_number * 10000 + replication) modulo .Machine$integer.max",300,0.05,0,,15,,,,,2.475,,-1.65,,1,1,"n_subjects",2000,,,,,,,,,2000,0.3,1.5,-1,-1,0,1.65,1.65,-1.65,0,"Binomial logit","logit","random-intercept GLMM",300,300,300,0,1,16,0.0533333333333333,0.0129729062394013,0.0330919125190965,0.0848691417748313,0.000123541767440406,0.0445407498086862,-0.163586733416704,-0.163586733416704,0,-0.163519470599185,0,0,"","Nominal generating-scale rejection rate","2026-08-07 17:53:07 UTC","0.1.0","full"
"WF-024","within_family","sample_size","sample_size",FALSE,"logit generated: subjects = 2000","Random-intercept binomial","logit","Binomial logit;Binomial probit","logit;probit",20260807,"seed = (base_seed + stream_offset + scenario_number * 10000 + replication) modulo .Machine$integer.max",300,0.05,0,,15,,,,,2.475,,-1.65,,1,1,"n_subjects",2000,,,,,,,,,2000,0.3,1.5,-1,-1,0,1.65,1.65,-1.65,0,"Binomial probit","probit","random-intercept GLMM",300,300,300,0,1,111,0.37,0.0278747197295327,0.317331727809741,0.425955444708641,-0.04133514887691,0.0251493928042345,-0.139531647343882,-0.139531647343882,-0.111562810312494,-0.163519470599185,0,0,"","Pseudo-interaction detection rate","2026-08-07 17:53:07 UTC","0.1.0","full"
"WF-025","within_family","trial_count","trial_count",FALSE,"logit generated: trials per cell = 5","Random-intercept binomial","logit","Binomial logit;Binomial probit","logit;probit",20260807,"seed = (base_seed + stream_offset + scenario_number * 10000 + replication) modulo .Machine$integer.max",300,0.05,0,,5,,,,,2.475,,-1.65,,1,1,"k_trials",5,,,,,,,,,700,0.3,1.5,-1,-1,0,1.65,1.65,-1.65,0,"Binomial logit","logit","random-intercept GLMM",300,300,300,0,1,12,0.04,0.0113137084989848,0.0230273214879423,0.06860421203864,0.0020424990483008,0.128943648739267,-0.164041457006062,-0.164041457006062,0,-0.163519470599185,0,0,"","Nominal generating-scale rejection rate","2026-08-07 17:53:07 UTC","0.1.0","full"
"WF-025","within_family","trial_count","trial_count",FALSE,"logit generated: trials per cell = 5","Random-intercept binomial","logit","Binomial logit;Binomial probit","logit;probit",20260807,"seed = (base_seed + stream_offset + scenario_number * 10000 + replication) modulo .Machine$integer.max",300,0.05,0,,5,,,,,2.475,,-1.65,,1,1,"k_trials",5,,,,,,,,,700,0.3,1.5,-1,-1,0,1.65,1.65,-1.65,0,"Binomial probit","probit","random-intercept GLMM",300,300,300,0,1,22,0.0733333333333333,0.0150505321672863,0.0489239938392286,0.108531341605717,-0.0331477124550056,0.0734929996579993,-0.14043348245881,-0.14043348245881,-0.111562810312494,-0.163519470599185,0,0,"","Pseudo-interaction detection rate","2026-08-07 17:53:07 UTC","0.1.0","full"
"WF-026","within_family","trial_count","trial_count",FALSE,"logit generated: trials per cell = 30","Random-intercept binomial","logit","Binomial logit;Binomial probit","logit;probit",20260807,"seed = (base_seed + stream_offset + scenario_number * 10000 + replication) modulo .Machine$integer.max",300,0.05,0,,30,,,,,2.475,,-1.65,,1,1,"k_trials",30,,,,,,,,,700,0.3,1.5,-1,-1,0,1.65,1.65,-1.65,0,"Binomial logit","logit","random-intercept GLMM",300,300,300,0,1,18,0.06,0.0137113092008021,0.0382863695246921,0.0928394451529084,0.0020131074309527,0.0534852828897372,-0.163134355796419,-0.163134355796419,0,-0.163519470599185,0,0,"","Nominal generating-scale rejection rate","2026-08-07 17:53:07 UTC","0.1.0","full"
"WF-026","within_family","trial_count","trial_count",FALSE,"logit generated: trials per cell = 30","Random-intercept binomial","logit","Binomial logit;Binomial probit","logit;probit",20260807,"seed = (base_seed + stream_offset + scenario_number * 10000 + replication) modulo .Machine$integer.max",300,0.05,0,,30,,,,,2.475,,-1.65,,1,1,"k_trials",30,,,,,,,,,700,0.3,1.5,-1,-1,0,1.65,1.65,-1.65,0,"Binomial probit","probit","random-intercept GLMM",300,300,300,0,1,85,0.283333333333333,0.026016376608818,0.235330852631029,0.336814434899608,-0.0429533519888851,0.0300867209995703,-0.138480697564417,-0.138480697564417,-0.111562810312494,-0.163519470599185,0,0,"","Pseudo-interaction detection rate","2026-08-07 17:53:07 UTC","0.1.0","full"
"WF-027","within_family","latent_location","latent_location",FALSE,"logit generated: reference intercept = 0","Random-intercept binomial","logit","Binomial logit;Binomial probit","logit;probit",20260807,"seed = (base_seed + stream_offset + scenario_number * 10000 + replication) modulo .Machine$integer.max",300,0.05,0,,15,,,,,0,,-1.65,,1,1,"reference_beta_intercept",0,,,,,,,,,700,0.3,0,-1,-1,0,1.65,1.65,-1.65,0,"Binomial logit","logit","random-intercept GLMM",300,300,300,0,1,20,0.0666666666666667,0.0144016459964619,0.0435675155451583,0.100723059516115,0.00716547662894217,0.0880148142284973,0.211740947697054,0.211740947697054,0,0.213353290119466,0,0,"","Nominal generating-scale rejection rate","2026-08-07 17:53:07 UTC","0.1.0","full"
"WF-027","within_family","latent_location","latent_location",FALSE,"logit generated: reference intercept = 0","Random-intercept binomial","logit","Binomial logit;Binomial probit","logit;probit",20260807,"seed = (base_seed + stream_offset + scenario_number * 10000 + replication) modulo .Machine$integer.max",300,0.05,0,,15,,,,,0,,-1.65,,1,1,"reference_beta_intercept",0,,,,,,,,,700,0.3,0,-1,-1,0,1.65,1.65,-1.65,0,"Binomial probit","probit","random-intercept GLMM",300,300,300,0,1,121,0.403333333333333,0.0283228738864047,0.349382170080151,0.459728804356594,0.0835494752544833,0.0474503175202496,0.195319995316396,0.195319995316396,0.175253309772925,0.213353290119466,0,0,"","Pseudo-interaction detection rate","2026-08-07 17:53:07 UTC","0.1.0","full"
"WF-028","within_family","latent_location","latent_location",FALSE,"logit generated: reference intercept = 0.75","Random-intercept binomial","logit","Binomial logit;Binomial probit","logit;probit",20260807,"seed = (base_seed + stream_offset + scenario_number * 10000 + replication) modulo .Machine$integer.max",300,0.05,0,,15,,,,,1.2375,,-1.65,,1,1,"reference_beta_intercept",0.75,,,,,,,,,700,0.3,0.75,-1,-1,0,1.65,1.65,-1.65,0,"Binomial logit","logit","random-intercept GLMM",300,300,300,0,1,15,0.05,0.0125830573921179,0.0305316406293473,0.0808470334727441,0.0051562666261949,0.0723064026994437,0.0913416017985428,0.0913416017985428,0,0.0912983199659632,0,0,"","Nominal generating-scale rejection rate","2026-08-07 17:53:07 UTC","0.1.0","full"
"WF-028","within_family","latent_location","latent_location",FALSE,"logit generated: reference intercept = 0.75","Random-intercept binomial","logit","Binomial logit;Binomial probit","logit;probit",20260807,"seed = (base_seed + stream_offset + scenario_number * 10000 + replication) modulo .Machine$integer.max",300,0.05,0,,15,,,,,1.2375,,-1.65,,1,1,"reference_beta_intercept",0.75,,,,,,,,,700,0.3,0.75,-1,-1,0,1.65,1.65,-1.65,0,"Binomial probit","probit","random-intercept GLMM",300,300,300,0,1,27,0.09,0.0165227116418583,0.0625902256054794,0.127777010798648,0.0243980836132144,0.0413108503569586,0.077360800195894,0.077360800195894,0.0594817856854722,0.0912983199659632,0,0,"","Pseudo-interaction detection rate","2026-08-07 17:53:07 UTC","0.1.0","full"
"WF-029","within_family","latent_location","latent_location",FALSE,"logit generated: reference intercept = 2.25","Random-intercept binomial","logit","Binomial logit;Binomial probit","logit;probit",20260807,"seed = (base_seed + stream_offset + scenario_number * 10000 + replication) modulo .Machine$integer.max",300,0.05,0,,15,,,,,3.7125,,-1.65,,1,1,"reference_beta_intercept",2.25,,,,,,,,,700,0.3,2.25,-1,-1,0,1.65,1.65,-1.65,0,"Binomial logit","logit","random-intercept GLMM",300,300,300,0,1,15,0.05,0.0125830573921179,0.0305316406293473,0.0808470334727441,-0.0109245079301583,0.0988171287392342,-0.196690111483326,-0.196690111483326,0,-0.196556461435804,0,0,"","Nominal generating-scale rejection rate","2026-08-07 17:53:07 UTC","0.1.0","full"
"WF-029","within_family","latent_location","latent_location",FALSE,"logit generated: reference intercept = 2.25","Random-intercept binomial","logit","Binomial logit;Binomial probit","logit;probit",20260807,"seed = (base_seed + stream_offset + scenario_number * 10000 + replication) modulo .Machine$integer.max",300,0.05,0,,15,,,,,3.7125,,-1.65,,1,1,"reference_beta_intercept",2.25,,,,,,,,,700,0.3,2.25,-1,-1,0,1.65,1.65,-1.65,0,"Binomial probit","probit","random-intercept GLMM",300,300,300,0,1,138,0.46,0.0287749891398763,0.404463147497094,0.51654829020087,-0.0970385132187733,0.0515090900777948,-0.190704884451547,-0.190704884451547,-0.185565473350115,-0.196556461435804,0,0,"","Pseudo-interaction detection rate","2026-08-07 17:53:07 UTC","0.1.0","full"
"WF-030","within_family","icc","icc",FALSE,"logit generated: target ICC = 0","Random-intercept binomial","logit","Binomial logit;Binomial probit","logit;probit",20260807,"seed = (base_seed + stream_offset + scenario_number * 10000 + replication) modulo .Machine$integer.max",300,0.05,0,,15,,,,,2.475,,-1.65,,1,1,"target_icc",0,,,,,,,,,700,0,1.5,-1,-1,0,1.65,1.65,-1.65,0,"Binomial logit","logit","GLM",300,300,300,0,1,14,0.0466666666666667,0.0121776966745069,0.027998933682334,0.0767973602279211,-0.00351968815770884,0.0731439555125521,-0.164095238771,-0.164095238771,0,-0.163519470599185,0,0,"","Nominal generating-scale rejection rate","2026-08-07 17:53:07 UTC","0.1.0","full"
"WF-030","within_family","icc","icc",FALSE,"logit generated: target ICC = 0","Random-intercept binomial","logit","Binomial logit;Binomial probit","logit;probit",20260807,"seed = (base_seed + stream_offset + scenario_number * 10000 + replication) modulo .Machine$integer.max",300,0.05,0,,15,,,,,2.475,,-1.65,,1,1,"target_icc",0,,,,,,,,,700,0,1.5,-1,-1,0,1.65,1.65,-1.65,0,"Binomial probit","probit","GLM",300,300,300,0,1,237,0.79,0.0235159520326097,0.740388877423066,0.832278199266698,-0.113602156634876,0.0404057365582338,-0.164095238095597,-0.164095238095597,-0.111562810312494,-0.163519470599185,0,0,"","Pseudo-interaction detection rate","2026-08-07 17:53:07 UTC","0.1.0","full"
"WF-031","within_family","icc","icc",FALSE,"logit generated: target ICC = 0.15","Random-intercept binomial","logit","Binomial logit;Binomial probit","logit;probit",20260807,"seed = (base_seed + stream_offset + scenario_number * 10000 + replication) modulo .Machine$integer.max",300,0.05,0,,15,,,,,2.475,,-1.65,,1,1,"target_icc",0.15,,,,,,,,,700,0.15,1.5,-1,-1,0,1.65,1.65,-1.65,0,"Binomial logit","logit","random-intercept GLMM",300,300,300,0,1,22,0.0733333333333333,0.0150505321672863,0.0489239938392286,0.108531341605717,0.00493836686945122,0.0733096786293457,-0.161416229526537,-0.161416229526537,0,-0.163519470599185,0,0,"","Nominal generating-scale rejection rate","2026-08-07 17:53:07 UTC","0.1.0","full"
"WF-031","within_family","icc","icc",FALSE,"logit generated: target ICC = 0.15","Random-intercept binomial","logit","Binomial logit;Binomial probit","logit;probit",20260807,"seed = (base_seed + stream_offset + scenario_number * 10000 + replication) modulo .Machine$integer.max",300,0.05,0,,15,,,,,2.475,,-1.65,,1,1,"target_icc",0.15,,,,,,,,,700,0.15,1.5,-1,-1,0,1.65,1.65,-1.65,0,"Binomial probit","probit","random-intercept GLMM",300,300,300,0,1,111,0.37,0.0278747197295327,0.317331727809741,0.425955444708641,-0.0648387368492475,0.0412546406062018,-0.147315998948919,-0.147315998948919,-0.111562810312494,-0.163519470599185,0,0,"","Pseudo-interaction detection rate","2026-08-07 17:53:07 UTC","0.1.0","full"
"WF-032","within_family","icc","icc",FALSE,"logit generated: target ICC = 0.45","Random-intercept binomial","logit","Binomial logit;Binomial probit","logit;probit",20260807,"seed = (base_seed + stream_offset + scenario_number * 10000 + replication) modulo .Machine$integer.max",300,0.05,0,,15,,,,,2.475,,-1.65,,1,1,"target_icc",0.45,,,,,,,,,700,0.45,1.5,-1,-1,0,1.65,1.65,-1.65,0,"Binomial logit","logit","random-intercept GLMM",300,300,300,0,1,22,0.0733333333333333,0.0150505321672863,0.0489239938392286,0.108531341605717,0.00256844884431216,0.078846956693411,-0.165437431415998,-0.165437431415998,0,-0.163519470599185,0,0,"","Nominal generating-scale rejection rate","2026-08-07 17:53:07 UTC","0.1.0","full"
"WF-032","within_family","icc","icc",FALSE,"logit generated: target ICC = 0.45","Random-intercept binomial","logit","Binomial logit;Binomial probit","logit;probit",20260807,"seed = (base_seed + stream_offset + scenario_number * 10000 + replication) modulo .Machine$integer.max",300,0.05,0,,15,,,,,2.475,,-1.65,,1,1,"target_icc",0.45,,,,,,,,,700,0.45,1.5,-1,-1,0,1.65,1.65,-1.65,0,"Binomial probit","probit","random-intercept GLMM",300,300,300,0,1,26,0.0866666666666667,0.0162435172253995,0.0598288975180431,0.123955958694248,-0.0247410546274376,0.0443479397828462,-0.132458981106677,-0.132458981106677,-0.111562810312494,-0.163519470599185,0,0,"","Pseudo-interaction detection rate","2026-08-07 17:53:07 UTC","0.1.0","full"
"WF-033","within_family","sample_size","sample_size",FALSE,"probit generated: subjects = 100","Random-intercept binomial","probit","Binomial logit;Binomial probit","logit;probit",20260807,"seed = (base_seed + stream_offset + scenario_number * 10000 + replication) modulo .Machine$integer.max",300,0.05,0,,15,,,,,1.5,,-1,,1,1,"n_subjects",100,,,,,,,,,100,0.3,1.5,-1,-1,0,1.65,1,-1,0,"Binomial logit","logit","random-intercept GLMM",300,300,300,0,1,23,0.0766666666666667,0.0153610859955591,0.0516276117866075,0.112410103850175,0.067027757128144,0.201708405971127,-0.162104522619111,-0.162104522619111,0.21590490629677,-0.141194585090897,0,0,"","Pseudo-interaction detection rate","2026-08-07 17:53:07 UTC","0.1.0","full"
"WF-033","within_family","sample_size","sample_size",FALSE,"probit generated: subjects = 100","Random-intercept binomial","probit","Binomial logit;Binomial probit","logit;probit",20260807,"seed = (base_seed + stream_offset + scenario_number * 10000 + replication) modulo .Machine$integer.max",300,0.05,0,,15,,,,,1.5,,-1,,1,1,"n_subjects",100,,,,,,,,,100,0.3,1.5,-1,-1,0,1.65,1,-1,0,"Binomial probit","probit","random-intercept GLMM",300,300,300,0,1,15,0.05,0.0125830573921179,0.0305316406293473,0.0808470334727441,-0.00199358734426267,0.113603309063631,-0.140679570680023,-0.140679570680023,0,-0.141194585090897,0,0,"","Nominal generating-scale rejection rate","2026-08-07 17:53:07 UTC","0.1.0","full"
"WF-034","within_family","sample_size","sample_size",FALSE,"probit generated: subjects = 200","Random-intercept binomial","probit","Binomial logit;Binomial probit","logit;probit",20260807,"seed = (base_seed + stream_offset + scenario_number * 10000 + replication) modulo .Machine$integer.max",300,0.05,0,,15,,,,,1.5,,-1,,1,1,"n_subjects",200,,,,,,,,,200,0.3,1.5,-1,-1,0,1.65,1,-1,0,"Binomial logit","logit","random-intercept GLMM",300,300,300,0,1,24,0.08,0.015663120165961,0.0543468553951447,0.116273240433474,0.0733703223109383,0.142811135187546,-0.166968348089571,-0.166968348089571,0.21590490629677,-0.141194585090897,0,0,"","Pseudo-interaction detection rate","2026-08-07 17:53:07 UTC","0.1.0","full"
"WF-034","within_family","sample_size","sample_size",FALSE,"probit generated: subjects = 200","Random-intercept binomial","probit","Binomial logit;Binomial probit","logit;probit",20260807,"seed = (base_seed + stream_offset + scenario_number * 10000 + replication) modulo .Machine$integer.max",300,0.05,0,,15,,,,,1.5,,-1,,1,1,"n_subjects",200,,,,,,,,,200,0.3,1.5,-1,-1,0,1.65,1,-1,0,"Binomial probit","probit","random-intercept GLMM",300,300,300,0,1,14,0.0466666666666667,0.0121776966745069,0.027998933682334,0.0767973602279211,-0.00279598170935352,0.0803686314992937,-0.143660896590994,-0.143660896590994,0,-0.141194585090897,0,0,"","Nominal generating-scale rejection rate","2026-08-07 17:53:07 UTC","0.1.0","full"
"WF-035","within_family","sample_size","sample_size",FALSE,"probit generated: subjects = 300","Random-intercept binomial","probit","Binomial logit;Binomial probit","logit;probit",20260807,"seed = (base_seed + stream_offset + scenario_number * 10000 + replication) modulo .Machine$integer.max",300,0.05,0,,15,,,,,1.5,,-1,,1,1,"n_subjects",300,,,,,,,,,300,0.3,1.5,-1,-1,0,1.65,1,-1,0,"Binomial logit","logit","random-intercept GLMM",300,300,300,0,1,46,0.153333333333333,0.0208024215114669,0.116966402990917,0.198466057058102,0.0873463749658961,0.116490561491739,-0.160236206252931,-0.160236206252931,0.21590490629677,-0.141194585090897,0,0,"","Pseudo-interaction detection rate","2026-08-07 17:53:07 UTC","0.1.0","full"
"WF-035","within_family","sample_size","sample_size",FALSE,"probit generated: subjects = 300","Random-intercept binomial","probit","Binomial logit;Binomial probit","logit;probit",20260807,"seed = (base_seed + stream_offset + scenario_number * 10000 + replication) modulo .Machine$integer.max",300,0.05,0,,15,,,,,1.5,,-1,,1,1,"n_subjects",300,,,,,,,,,300,0.3,1.5,-1,-1,0,1.65,1,-1,0,"Binomial probit","probit","random-intercept GLMM",300,300,300,0,1,15,0.05,0.0125830573921179,0.0305316406293473,0.0808470334727441,0.0081209455271068,0.0655639077309034,-0.136815629303813,-0.136815629303813,0,-0.141194585090897,0,0,"","Nominal generating-scale rejection rate","2026-08-07 17:53:07 UTC","0.1.0","full"
"WF-036","within_family","sample_size","sample_size",FALSE,"probit generated: subjects = 400","Random-intercept binomial","probit","Binomial logit;Binomial probit","logit;probit",20260807,"seed = (base_seed + stream_offset + scenario_number * 10000 + replication) modulo .Machine$integer.max",300,0.05,0,,15,,,,,1.5,,-1,,1,1,"n_subjects",400,,,,,,,,,400,0.3,1.5,-1,-1,0,1.65,1,-1,0,"Binomial logit","logit","random-intercept GLMM",300,300,300,0,1,41,0.136666666666667,0.0198316992790909,0.102365146092086,0.180155412997751,0.0825637689737267,0.101040453387005,-0.164408524840969,-0.164408524840969,0.21590490629677,-0.141194585090897,0,0,"","Pseudo-interaction detection rate","2026-08-07 17:53:07 UTC","0.1.0","full"
"WF-036","within_family","sample_size","sample_size",FALSE,"probit generated: subjects = 400","Random-intercept binomial","probit","Binomial logit;Binomial probit","logit;probit",20260807,"seed = (base_seed + stream_offset + scenario_number * 10000 + replication) modulo .Machine$integer.max",300,0.05,0,,15,,,,,1.5,,-1,,1,1,"n_subjects",400,,,,,,,,,400,0.3,1.5,-1,-1,0,1.65,1,-1,0,"Binomial probit","probit","random-intercept GLMM",300,300,300,0,1,17,0.0566666666666667,0.0133486023682326,0.0356774764632895,0.0888659580224746,0.00186380415342534,0.0568482558064618,-0.140835667678811,-0.140835667678811,0,-0.141194585090897,0,0,"","Nominal generating-scale rejection rate","2026-08-07 17:53:07 UTC","0.1.0","full"
"WF-037","within_family","sample_size","sample_size",FALSE,"probit generated: subjects = 1200","Random-intercept binomial","probit","Binomial logit;Binomial probit","logit;probit",20260807,"seed = (base_seed + stream_offset + scenario_number * 10000 + replication) modulo .Machine$integer.max",300,0.05,0,,15,,,,,1.5,,-1,,1,1,"n_subjects",1200,,,,,,,,,1200,0.3,1.5,-1,-1,0,1.65,1,-1,0,"Binomial logit","logit","random-intercept GLMM",300,300,300,0,1,86,0.286666666666667,0.0261080376441744,0.238446038849698,0.340281628872775,0.0776902665892218,0.0581193752918124,-0.164949044052654,-0.164949044052654,0.21590490629677,-0.141194585090897,0,0,"","Pseudo-interaction detection rate","2026-08-07 17:53:07 UTC","0.1.0","full"
"WF-037","within_family","sample_size","sample_size",FALSE,"probit generated: subjects = 1200","Random-intercept binomial","probit","Binomial logit;Binomial probit","logit;probit",20260807,"seed = (base_seed + stream_offset + scenario_number * 10000 + replication) modulo .Machine$integer.max",300,0.05,0,,15,,,,,1.5,,-1,,1,1,"n_subjects",1200,,,,,,,,,1200,0.3,1.5,-1,-1,0,1.65,1,-1,0,"Binomial probit","probit","random-intercept GLMM",300,300,300,0,1,14,0.0466666666666667,0.0121776966745069,0.027998933682334,0.0767973602279211,0.00176896688975946,0.0327493769988277,-0.141249314865883,-0.141249314865883,0,-0.141194585090897,0,0,"","Nominal generating-scale rejection rate","2026-08-07 17:53:07 UTC","0.1.0","full"
"WF-038","within_family","sample_size","sample_size",FALSE,"probit generated: subjects = 2000","Random-intercept binomial","probit","Binomial logit;Binomial probit","logit;probit",20260807,"seed = (base_seed + stream_offset + scenario_number * 10000 + replication) modulo .Machine$integer.max",300,0.05,0,,15,,,,,1.5,,-1,,1,1,"n_subjects",2000,,,,,,,,,2000,0.3,1.5,-1,-1,0,1.65,1,-1,0,"Binomial logit","logit","random-intercept GLMM",300,300,300,0,1,129,0.43,0.0285832118559129,0.375211176733764,0.486558839237672,0.0832659382004771,0.0450657867096698,-0.163394136303139,-0.163394136303139,0.21590490629677,-0.141194585090897,0,0,"","Pseudo-interaction detection rate","2026-08-07 17:53:07 UTC","0.1.0","full"
"WF-038","within_family","sample_size","sample_size",FALSE,"probit generated: subjects = 2000","Random-intercept binomial","probit","Binomial logit;Binomial probit","logit;probit",20260807,"seed = (base_seed + stream_offset + scenario_number * 10000 + replication) modulo .Machine$integer.max",300,0.05,0,,15,,,,,1.5,,-1,,1,1,"n_subjects",2000,,,,,,,,,2000,0.3,1.5,-1,-1,0,1.65,1,-1,0,"Binomial probit","probit","random-intercept GLMM",300,300,300,0,1,12,0.04,0.0113137084989848,0.0230273214879423,0.06860421203864,0.00211352462463841,0.0253736495477942,-0.139783741890174,-0.139783741890174,0,-0.141194585090897,0,0,"","Nominal generating-scale rejection rate","2026-08-07 17:53:07 UTC","0.1.0","full"
"WF-039","within_family","trial_count","trial_count",FALSE,"probit generated: trials per cell = 5","Random-intercept binomial","probit","Binomial logit;Binomial probit","logit;probit",20260807,"seed = (base_seed + stream_offset + scenario_number * 10000 + replication) modulo .Machine$integer.max",300,0.05,0,,5,,,,,1.5,,-1,,1,1,"k_trials",5,,,,,,,,,700,0.3,1.5,-1,-1,0,1.65,1,-1,0,"Binomial logit","logit","random-intercept GLMM",300,300,300,0,1,29,0.0966666666666667,0.0170608931206451,0.0681502948182893,0.135381701969511,0.0581651524949247,0.130378017827798,-0.165407930987275,-0.165407930987275,0.21590490629677,-0.141194585090897,0,0,"","Pseudo-interaction detection rate","2026-08-07 17:53:07 UTC","0.1.0","full"
"WF-039","within_family","trial_count","trial_count",FALSE,"probit generated: trials per cell = 5","Random-intercept binomial","probit","Binomial logit;Binomial probit","logit;probit",20260807,"seed = (base_seed + stream_offset + scenario_number * 10000 + replication) modulo .Machine$integer.max",300,0.05,0,,5,,,,,1.5,,-1,,1,1,"k_trials",5,,,,,,,,,700,0.3,1.5,-1,-1,0,1.65,1,-1,0,"Binomial probit","probit","random-intercept GLMM",300,300,300,0,1,18,0.06,0.0137113092008021,0.0382863695246921,0.0928394451529084,-0.00409918954218018,0.0740596411394167,-0.141105610885586,-0.141105610885586,0,-0.141194585090897,0,0,"","Nominal generating-scale rejection rate","2026-08-07 17:53:07 UTC","0.1.0","full"
"WF-040","within_family","trial_count","trial_count",FALSE,"probit generated: trials per cell = 30","Random-intercept binomial","probit","Binomial logit;Binomial probit","logit;probit",20260807,"seed = (base_seed + stream_offset + scenario_number * 10000 + replication) modulo .Machine$integer.max",300,0.05,0,,30,,,,,1.5,,-1,,1,1,"k_trials",30,,,,,,,,,700,0.3,1.5,-1,-1,0,1.65,1,-1,0,"Binomial logit","logit","random-intercept GLMM",300,300,300,0,1,95,0.316666666666667,0.0268569599228263,0.266628350685736,0.371340738763264,0.0833697732175299,0.0541238637608358,-0.164588336957665,-0.164588336957665,0.21590490629677,-0.141194585090897,0,0,"","Pseudo-interaction detection rate","2026-08-07 17:53:07 UTC","0.1.0","full"
"WF-040","within_family","trial_count","trial_count",FALSE,"probit generated: trials per cell = 30","Random-intercept binomial","probit","Binomial logit;Binomial probit","logit;probit",20260807,"seed = (base_seed + stream_offset + scenario_number * 10000 + replication) modulo .Machine$integer.max",300,0.05,0,,30,,,,,1.5,,-1,,1,1,"k_trials",30,,,,,,,,,700,0.3,1.5,-1,-1,0,1.65,1,-1,0,"Binomial probit","probit","random-intercept GLMM",300,300,300,0,1,18,0.06,0.0137113092008021,0.0382863695246921,0.0928394451529084,0.00238896295635849,0.0303784985023805,-0.1408397857358,-0.1408397857358,0,-0.141194585090897,0,0,"","Nominal generating-scale rejection rate","2026-08-07 17:53:07 UTC","0.1.0","full"
"WF-041","within_family","latent_location","latent_location",FALSE,"probit generated: reference intercept = 0","Random-intercept binomial","probit","Binomial logit;Binomial probit","logit;probit",20260807,"seed = (base_seed + stream_offset + scenario_number * 10000 + replication) modulo .Machine$integer.max",300,0.05,0,,15,,,,,0,,-1,,1,1,"reference_beta_intercept",0,,,,,,,,,700,0.3,0,-1,-1,0,1.65,1,-1,0,"Binomial logit","logit","random-intercept GLMM",300,300,300,0,1,120,0.4,0.0282842712474619,0.346165190586097,0.456363403658812,-0.163769723150951,0.0937812113111497,0.221384167781259,0.221384167781259,-0.423635692381441,0.205439624085265,0,0,"","Pseudo-interaction detection rate","2026-08-07 17:53:07 UTC","0.1.0","full"
"WF-041","within_family","latent_location","latent_location",FALSE,"probit generated: reference intercept = 0","Random-intercept binomial","probit","Binomial logit;Binomial probit","logit;probit",20260807,"seed = (base_seed + stream_offset + scenario_number * 10000 + replication) modulo .Machine$integer.max",300,0.05,0,,15,,,,,0,,-1,,1,1,"reference_beta_intercept",0,,,,,,,,,700,0.3,0,-1,-1,0,1.65,1,-1,0,"Binomial probit","probit","random-intercept GLMM",300,300,300,0,1,18,0.06,0.0137113092008021,0.0382863695246921,0.0928394451529084,-0.00197609258689414,0.0498170437109406,0.205324554890693,0.205324554890693,0,0.205439624085265,0,0,"","Nominal generating-scale rejection rate","2026-08-07 17:53:07 UTC","0.1.0","full"
"WF-042","within_family","latent_location","latent_location",FALSE,"probit generated: reference intercept = 0.75","Random-intercept binomial","probit","Binomial logit;Binomial probit","logit;probit",20260807,"seed = (base_seed + stream_offset + scenario_number * 10000 + replication) modulo .Machine$integer.max",300,0.05,0,,15,,,,,0.75,,-1,,1,1,"reference_beta_intercept",0.75,,,,,,,,,700,0.3,0.75,-1,-1,0,1.65,1,-1,0,"Binomial logit","logit","random-intercept GLMM",300,300,300,0,1,23,0.0766666666666667,0.0153610859955591,0.0516276117866075,0.112410103850175,-0.0471240704928116,0.0724031076426522,0.0906170093614952,0.0906170093614952,-0.108358506856693,0.0764350726558344,0,0,"","Pseudo-interaction detection rate","2026-08-07 17:53:07 UTC","0.1.0","full"
"WF-042","within_family","latent_location","latent_location",FALSE,"probit generated: reference intercept = 0.75","Random-intercept binomial","probit","Binomial logit;Binomial probit","logit;probit",20260807,"seed = (base_seed + stream_offset + scenario_number * 10000 + replication) modulo .Machine$integer.max",300,0.05,0,,15,,,,,0.75,,-1,,1,1,"reference_beta_intercept",0.75,,,,,,,,,700,0.3,0.75,-1,-1,0,1.65,1,-1,0,"Binomial probit","probit","random-intercept GLMM",300,300,300,0,1,11,0.0366666666666667,0.0108508405545718,0.020595305162853,0.0644538481718929,-0.00560398972472884,0.0413894534138818,0.0752891120411679,0.0752891120411679,0,0.0764350726558344,0,0,"","Nominal generating-scale rejection rate","2026-08-07 17:53:07 UTC","0.1.0","full"
"WF-043","within_family","latent_location","latent_location",FALSE,"probit generated: reference intercept = 2.25","Random-intercept binomial","probit","Binomial logit;Binomial probit","logit;probit",20260807,"seed = (base_seed + stream_offset + scenario_number * 10000 + replication) modulo .Machine$integer.max",300,0.05,0,,15,,,,,2.25,,-1,,1,1,"reference_beta_intercept",2.25,,,,,,,,,700,0.3,2.25,-1,-1,0,1.65,1,-1,0,"Binomial logit","logit","random-intercept GLMM",300,300,300,0,1,133,0.443333333333333,0.0286815206993916,0.388186917565652,0.49991261917313,0.202143091667022,0.109624252509204,-0.207532725256383,-0.207532725256383,0.520157566980743,-0.20221859963841,0,0,"","Pseudo-interaction detection rate","2026-08-07 17:53:07 UTC","0.1.0","full"
"WF-043","within_family","latent_location","latent_location",FALSE,"probit generated: reference intercept = 2.25","Random-intercept binomial","probit","Binomial logit;Binomial probit","logit;probit",20260807,"seed = (base_seed + stream_offset + scenario_number * 10000 + replication) modulo .Machine$integer.max",300,0.05,0,,15,,,,,2.25,,-1,,1,1,"reference_beta_intercept",2.25,,,,,,,,,700,0.3,2.25,-1,-1,0,1.65,1,-1,0,"Binomial probit","probit","random-intercept GLMM",300,300,300,0,1,17,0.0566666666666667,0.0133486023682326,0.0356774764632895,0.0888659580224746,0.000571691920081629,0.0557154743921354,-0.2029629091187,-0.2029629091187,0,-0.20221859963841,0,0,"","Nominal generating-scale rejection rate","2026-08-07 17:53:07 UTC","0.1.0","full"
"WF-044","within_family","icc","icc",FALSE,"probit generated: target ICC = 0","Random-intercept binomial","probit","Binomial logit;Binomial probit","logit;probit",20260807,"seed = (base_seed + stream_offset + scenario_number * 10000 + replication) modulo .Machine$integer.max",300,0.05,0,,15,,,,,1.5,,-1,,1,1,"target_icc",0,,,,,,,,,700,0,1.5,-1,-1,0,1.65,1,-1,0,"Binomial logit","logit","GLM",300,300,300,0,1,247,0.823333333333333,0.0220193517582115,0.776167587907623,0.862323290700504,0.213229250925994,0.075707314703341,-0.142380952859157,-0.142380952859157,0.21590490629677,-0.141194585090897,0,0,"","Pseudo-interaction detection rate","2026-08-07 17:53:07 UTC","0.1.0","full"
"WF-044","within_family","icc","icc",FALSE,"probit generated: target ICC = 0","Random-intercept binomial","probit","Binomial logit;Binomial probit","logit;probit",20260807,"seed = (base_seed + stream_offset + scenario_number * 10000 + replication) modulo .Machine$integer.max",300,0.05,0,,15,,,,,1.5,,-1,,1,1,"target_icc",0,,,,,,,,,700,0,1.5,-1,-1,0,1.65,1,-1,0,"Binomial probit","probit","GLM",300,300,300,0,1,18,0.06,0.0137113092008021,0.0382863695246921,0.0928394451529084,-0.00393095083608617,0.0411204416628053,-0.142380952381648,-0.142380952381648,0,-0.141194585090897,0,0,"","Nominal generating-scale rejection rate","2026-08-07 17:53:07 UTC","0.1.0","full"
"WF-045","within_family","icc","icc",FALSE,"probit generated: target ICC = 0.15","Random-intercept binomial","probit","Binomial logit;Binomial probit","logit;probit",20260807,"seed = (base_seed + stream_offset + scenario_number * 10000 + replication) modulo .Machine$integer.max",300,0.05,0,,15,,,,,1.5,,-1,,1,1,"target_icc",0.15,,,,,,,,,700,0.15,1.5,-1,-1,0,1.65,1,-1,0,"Binomial logit","logit","random-intercept GLMM",300,300,300,0,1,115,0.383333333333333,0.0280706779925773,0.330119832453064,0.439496860832663,0.126626933197849,0.0748733349234443,-0.155576747286189,-0.155576747286189,0.21590490629677,-0.141194585090897,0,0,"","Pseudo-interaction detection rate","2026-08-07 17:53:07 UTC","0.1.0","full"
"WF-045","within_family","icc","icc",FALSE,"probit generated: target ICC = 0.15","Random-intercept binomial","probit","Binomial logit;Binomial probit","logit;probit",20260807,"seed = (base_seed + stream_offset + scenario_number * 10000 + replication) modulo .Machine$integer.max",300,0.05,0,,15,,,,,1.5,,-1,,1,1,"target_icc",0.15,,,,,,,,,700,0.15,1.5,-1,-1,0,1.65,1,-1,0,"Binomial probit","probit","random-intercept GLMM",300,300,300,0,1,9,0.03,0.0098488578017961,0.0158618538094323,0.0560225391416409,-0.0045339782691586,0.04176884505973,-0.142548420848251,-0.142548420848251,0,-0.141194585090897,0,0,"","Nominal generating-scale rejection rate","2026-08-07 17:53:07 UTC","0.1.0","full"
"WF-046","within_family","icc","icc",FALSE,"probit generated: target ICC = 0.45","Random-intercept binomial","probit","Binomial logit;Binomial probit","logit;probit",20260807,"seed = (base_seed + stream_offset + scenario_number * 10000 + replication) modulo .Machine$integer.max",300,0.05,0,,15,,,,,1.5,,-1,,1,1,"target_icc",0.45,,,,,,,,,700,0.45,1.5,-1,-1,0,1.65,1,-1,0,"Binomial logit","logit","random-intercept GLMM",300,300,300,0,1,25,0.0833333333333333,0.0159571184626056,0.0570808740563943,0.120121601964061,0.0478484957475567,0.0792641724890797,-0.176004069233759,-0.176004069233759,0.21590490629677,-0.141194585090897,0,0,"","Pseudo-interaction detection rate","2026-08-07 17:53:07 UTC","0.1.0","full"
"WF-046","within_family","icc","icc",FALSE,"probit generated: target ICC = 0.45","Random-intercept binomial","probit","Binomial logit;Binomial probit","logit;probit",20260807,"seed = (base_seed + stream_offset + scenario_number * 10000 + replication) modulo .Machine$integer.max",300,0.05,0,,15,,,,,1.5,,-1,,1,1,"target_icc",0.45,,,,,,,,,700,0.45,1.5,-1,-1,0,1.65,1,-1,0,"Binomial probit","probit","random-intercept GLMM",300,300,300,0,1,19,0.0633333333333333,0.0140620318852128,0.0409168823839153,0.0967913124855216,0.000490565061617865,0.0445733505690248,-0.142867609028772,-0.142867609028772,0,-0.141194585090897,0,0,"","Nominal generating-scale rejection rate","2026-08-07 17:53:07 UTC","0.1.0","full"
