"scenario_id","family","slice","slice_membership","paper_anchor","scenario_label","generating_model","generating_link","fitted_model","fitted_link","base_seed","seed_rule","B","alpha","generating_interaction","N","k_trials","chance","age_min","age_max","age_center","beta_intercept","beta_age","beta_group","beta_age_group","beta_main_1_multiplier","beta_main_2_multiplier","varied_parameter","varied_value","J","item_max","theta_sd","beta_x","beta_x_group","x_min","x_max","threshold_shift","n_subjects","target_icc","reference_beta_intercept","reference_beta_group","reference_beta_condition","reference_beta_group_condition","logit_probit_scale","coefficient_scale","beta_condition","beta_group_condition","diagnostic_source_slice","diagnostic_paper_anchor","diagnostic_slice_membership","wrong_fitted_link","wrong_model_label","diagnostic_note","diagnostic","applicable","computed","B_requested","dharma_n_sim","n_attempted","n_successful","detection_count","detection_rate","detection_mc_se","detection_ci_low","detection_ci_high","pseudo_interaction_n_successful","pseudo_interaction_detection_count","pseudo_interaction_detection_rate","pseudo_interaction_mc_se","pseudo_interaction_ci_low","pseudo_interaction_ci_high","aic_delta_n","aic_delta_median","aic_delta_q25","aic_delta_q75","aic_delta_within_two_rate","fit_success_rate","generated_at","atlas_version","run_type"
"D-FC-001","forced_choice","sample_size","sample_size",FALSE,"Lower performance","Chance-corrected binomial","chance-corrected logit","Gaussian identity;Standard binomial logit;Standard binomial probit;Chance-corrected binomial logit","identity;logit;probit;chance-corrected logit",20260807,"seed = (base_seed + stream_offset + scenario_number * 10000 + replication) modulo .Machine$integer.max",500,0.05,0,100,20,0.5,6,10,8,-0.8,0.6,-0.9,0,1,1,"beta_intercept",-0.8,,,,,,,,,,,,,,,,,,,"sample_size",FALSE,"sample_size","logit","Standard binomial logit","Paper framework: chance-corrected logit generated, standard logit fitted.","AIC favors generating link",TRUE,TRUE,3000,250,3000,3000,1961,0.653666666666667,0.00868689732788325,0.636453899874339,0.670486400617411,3000,813,0.271,0.00811498613677189,0.255395251501608,0.287190461214591,3000,0.768878491690884,-0.530918934939919,2.15170570935942,0.642666666666667,1,"2026-08-25 20:22:43 UTC","0.1.0","full"
"D-FC-001","forced_choice","sample_size","sample_size",FALSE,"Lower performance","Chance-corrected binomial","chance-corrected logit","Gaussian identity;Standard binomial logit;Standard binomial probit;Chance-corrected binomial logit","identity;logit;probit;chance-corrected logit",20260807,"seed = (base_seed + stream_offset + scenario_number * 10000 + replication) modulo .Machine$integer.max",500,0.05,0,100,20,0.5,6,10,8,-0.8,0.6,-0.9,0,1,1,"beta_intercept",-0.8,,,,,,,,,,,,,,,,,,,"sample_size",FALSE,"sample_size","logit","Standard binomial logit","Paper framework: chance-corrected logit generated, standard logit fitted.","DHARMa uniformity",TRUE,TRUE,3000,250,3000,3000,0,0,0,0,0.00127884872532596,3000,813,0.271,0.00811498613677189,0.255395251501608,0.287190461214591,3000,0.768878491690884,-0.530918934939919,2.15170570935942,0.642666666666667,1,"2026-08-25 20:22:43 UTC","0.1.0","full"
"D-FC-001","forced_choice","sample_size","sample_size",FALSE,"Lower performance","Chance-corrected binomial","chance-corrected logit","Gaussian identity;Standard binomial logit;Standard binomial probit;Chance-corrected binomial logit","identity;logit;probit;chance-corrected logit",20260807,"seed = (base_seed + stream_offset + scenario_number * 10000 + replication) modulo .Machine$integer.max",500,0.05,0,100,20,0.5,6,10,8,-0.8,0.6,-0.9,0,1,1,"beta_intercept",-0.8,,,,,,,,,,,,,,,,,,,"sample_size",FALSE,"sample_size","logit","Standard binomial logit","Paper framework: chance-corrected logit generated, standard logit fitted.","DHARMa dispersion",TRUE,TRUE,3000,250,3000,3000,45,0.015,0.00221923410211721,0.0112293772979089,0.0200111059656572,3000,813,0.271,0.00811498613677189,0.255395251501608,0.287190461214591,3000,0.768878491690884,-0.530918934939919,2.15170570935942,0.642666666666667,1,"2026-08-25 20:22:43 UTC","0.1.0","full"
"D-FC-001","forced_choice","sample_size","sample_size",FALSE,"Lower performance","Chance-corrected binomial","chance-corrected logit","Gaussian identity;Standard binomial logit;Standard binomial probit;Chance-corrected binomial logit","identity;logit;probit;chance-corrected logit",20260807,"seed = (base_seed + stream_offset + scenario_number * 10000 + replication) modulo .Machine$integer.max",500,0.05,0,100,20,0.5,6,10,8,-0.8,0.6,-0.9,0,1,1,"beta_intercept",-0.8,,,,,,,,,,,,,,,,,,,"sample_size",FALSE,"sample_size","logit","Standard binomial logit","Paper framework: chance-corrected logit generated, standard logit fitted.","DHARMa residual quantiles over fitted values",TRUE,TRUE,3000,250,3000,3000,210,0.07,0.00465832587954085,0.061409038063305,0.0796907718404754,3000,813,0.271,0.00811498613677189,0.255395251501608,0.287190461214591,3000,0.768878491690884,-0.530918934939919,2.15170570935942,0.642666666666667,1,"2026-08-25 20:22:43 UTC","0.1.0","full"
"D-FC-001","forced_choice","sample_size","sample_size",FALSE,"Lower performance","Chance-corrected binomial","chance-corrected logit","Gaussian identity;Standard binomial logit;Standard binomial probit;Chance-corrected binomial logit","identity;logit;probit;chance-corrected logit",20260807,"seed = (base_seed + stream_offset + scenario_number * 10000 + replication) modulo .Machine$integer.max",500,0.05,0,100,20,0.5,6,10,8,-0.8,0.6,-0.9,0,1,1,"beta_intercept",-0.8,,,,,,,,,,,,,,,,,,,"sample_size",FALSE,"sample_size","logit","Standard binomial logit","Paper framework: chance-corrected logit generated, standard logit fitted.","DHARMa residual quantiles over focal predictor",TRUE,TRUE,3000,250,3000,3000,323,0.107666666666667,0.00565905043729528,0.0970726114165809,0.119264191883225,3000,813,0.271,0.00811498613677189,0.255395251501608,0.287190461214591,3000,0.768878491690884,-0.530918934939919,2.15170570935942,0.642666666666667,1,"2026-08-25 20:22:43 UTC","0.1.0","full"
"D-FC-001","forced_choice","sample_size","sample_size",FALSE,"Lower performance","Chance-corrected binomial","chance-corrected logit","Gaussian identity;Standard binomial logit;Standard binomial probit;Chance-corrected binomial logit","identity;logit;probit;chance-corrected logit",20260807,"seed = (base_seed + stream_offset + scenario_number * 10000 + replication) modulo .Machine$integer.max",500,0.05,0,100,20,0.5,6,10,8,-0.8,0.6,-0.9,0,1,1,"beta_intercept",-0.8,,,,,,,,,,,,,,,,,,,"sample_size",FALSE,"sample_size","logit","Standard binomial logit","Paper framework: chance-corrected logit generated, standard logit fitted.","DHARMa residual distribution across design cells",FALSE,FALSE,3000,250,3000,0,0,,,,,3000,813,0.271,0.00811498613677189,0.255395251501608,0.287190461214591,3000,0.768878491690884,-0.530918934939919,2.15170570935942,0.642666666666667,1,"2026-08-25 20:22:43 UTC","0.1.0","full"
"D-FC-001","forced_choice","sample_size","sample_size",FALSE,"Lower performance","Chance-corrected binomial","chance-corrected logit","Gaussian identity;Standard binomial logit;Standard binomial probit;Chance-corrected binomial logit","identity;logit;probit;chance-corrected logit",20260807,"seed = (base_seed + stream_offset + scenario_number * 10000 + replication) modulo .Machine$integer.max",500,0.05,0,100,20,0.5,6,10,8,-0.8,0.6,-0.9,0,1,1,"beta_intercept",-0.8,,,,,,,,,,,,,,,,,,,"sample_size",FALSE,"sample_size","logit","Standard binomial logit","Paper framework: chance-corrected logit generated, standard logit fitted.","Pregibon-style added-term link check",TRUE,TRUE,3000,250,3000,3000,395,0.131666666666667,0.00617334473241088,0.120036743766038,0.144238674794952,3000,813,0.271,0.00811498613677189,0.255395251501608,0.287190461214591,3000,0.768878491690884,-0.530918934939919,2.15170570935942,0.642666666666667,1,"2026-08-25 20:22:43 UTC","0.1.0","full"
"D-FC-002","forced_choice","sample_size","diagnostic_anchor;sample_size;severity",TRUE,"Lower performance","Chance-corrected binomial","chance-corrected logit","Gaussian identity;Standard binomial logit;Standard binomial probit;Chance-corrected binomial logit","identity;logit;probit;chance-corrected logit",20260807,"seed = (base_seed + stream_offset + scenario_number * 10000 + replication) modulo .Machine$integer.max",500,0.05,0,250,20,0.5,6,10,8,-0.8,0.6,-0.9,0,1,1,"beta_intercept",-0.8,,,,,,,,,,,,,,,,,,,"sample_size",TRUE,"diagnostic_anchor;sample_size;severity","logit","Standard binomial logit","Paper framework: chance-corrected logit generated, standard logit fitted.","AIC favors generating link",TRUE,TRUE,3000,250,3000,3000,2312,0.770666666666667,0.00767549250440551,0.755282474225973,0.78535857566405,3000,1778,0.592666666666667,0.008970560905705,0.574977030030024,0.610119290006216,3000,2.24620870011984,0.220415491981555,4.54903507843557,0.384333333333333,1,"2026-08-25 20:22:43 UTC","0.1.0","full"
"D-FC-002","forced_choice","sample_size","diagnostic_anchor;sample_size;severity",TRUE,"Lower performance","Chance-corrected binomial","chance-corrected logit","Gaussian identity;Standard binomial logit;Standard binomial probit;Chance-corrected binomial logit","identity;logit;probit;chance-corrected logit",20260807,"seed = (base_seed + stream_offset + scenario_number * 10000 + replication) modulo .Machine$integer.max",500,0.05,0,250,20,0.5,6,10,8,-0.8,0.6,-0.9,0,1,1,"beta_intercept",-0.8,,,,,,,,,,,,,,,,,,,"sample_size",TRUE,"diagnostic_anchor;sample_size;severity","logit","Standard binomial logit","Paper framework: chance-corrected logit generated, standard logit fitted.","DHARMa uniformity",TRUE,TRUE,3000,250,3000,3000,4,0.00133333333333333,0.000666222073975226,0.000518625649661701,0.00342347947906339,3000,1778,0.592666666666667,0.008970560905705,0.574977030030024,0.610119290006216,3000,2.24620870011984,0.220415491981555,4.54903507843557,0.384333333333333,1,"2026-08-25 20:22:43 UTC","0.1.0","full"
"D-FC-002","forced_choice","sample_size","diagnostic_anchor;sample_size;severity",TRUE,"Lower performance","Chance-corrected binomial","chance-corrected logit","Gaussian identity;Standard binomial logit;Standard binomial probit;Chance-corrected binomial logit","identity;logit;probit;chance-corrected logit",20260807,"seed = (base_seed + stream_offset + scenario_number * 10000 + replication) modulo .Machine$integer.max",500,0.05,0,250,20,0.5,6,10,8,-0.8,0.6,-0.9,0,1,1,"beta_intercept",-0.8,,,,,,,,,,,,,,,,,,,"sample_size",TRUE,"diagnostic_anchor;sample_size;severity","logit","Standard binomial logit","Paper framework: chance-corrected logit generated, standard logit fitted.","DHARMa dispersion",TRUE,TRUE,3000,250,3000,3000,29,0.00966666666666667,0.00178635776765856,0.00673902630767826,0.0138484313422914,3000,1778,0.592666666666667,0.008970560905705,0.574977030030024,0.610119290006216,3000,2.24620870011984,0.220415491981555,4.54903507843557,0.384333333333333,1,"2026-08-25 20:22:43 UTC","0.1.0","full"
"D-FC-002","forced_choice","sample_size","diagnostic_anchor;sample_size;severity",TRUE,"Lower performance","Chance-corrected binomial","chance-corrected logit","Gaussian identity;Standard binomial logit;Standard binomial probit;Chance-corrected binomial logit","identity;logit;probit;chance-corrected logit",20260807,"seed = (base_seed + stream_offset + scenario_number * 10000 + replication) modulo .Machine$integer.max",500,0.05,0,250,20,0.5,6,10,8,-0.8,0.6,-0.9,0,1,1,"beta_intercept",-0.8,,,,,,,,,,,,,,,,,,,"sample_size",TRUE,"diagnostic_anchor;sample_size;severity","logit","Standard binomial logit","Paper framework: chance-corrected logit generated, standard logit fitted.","DHARMa residual quantiles over fitted values",TRUE,TRUE,3000,250,3000,3000,70,0.0233333333333333,0.00275613793129014,0.0185101345503412,0.0293757012344695,3000,1778,0.592666666666667,0.008970560905705,0.574977030030024,0.610119290006216,3000,2.24620870011984,0.220415491981555,4.54903507843557,0.384333333333333,1,"2026-08-25 20:22:43 UTC","0.1.0","full"
"D-FC-002","forced_choice","sample_size","diagnostic_anchor;sample_size;severity",TRUE,"Lower performance","Chance-corrected binomial","chance-corrected logit","Gaussian identity;Standard binomial logit;Standard binomial probit;Chance-corrected binomial logit","identity;logit;probit;chance-corrected logit",20260807,"seed = (base_seed + stream_offset + scenario_number * 10000 + replication) modulo .Machine$integer.max",500,0.05,0,250,20,0.5,6,10,8,-0.8,0.6,-0.9,0,1,1,"beta_intercept",-0.8,,,,,,,,,,,,,,,,,,,"sample_size",TRUE,"diagnostic_anchor;sample_size;severity","logit","Standard binomial logit","Paper framework: chance-corrected logit generated, standard logit fitted.","DHARMa residual quantiles over focal predictor",TRUE,TRUE,3000,250,3000,3000,183,0.061,0.00436955375295922,0.0529843310254597,0.0701384981553765,3000,1778,0.592666666666667,0.008970560905705,0.574977030030024,0.610119290006216,3000,2.24620870011984,0.220415491981555,4.54903507843557,0.384333333333333,1,"2026-08-25 20:22:43 UTC","0.1.0","full"
"D-FC-002","forced_choice","sample_size","diagnostic_anchor;sample_size;severity",TRUE,"Lower performance","Chance-corrected binomial","chance-corrected logit","Gaussian identity;Standard binomial logit;Standard binomial probit;Chance-corrected binomial logit","identity;logit;probit;chance-corrected logit",20260807,"seed = (base_seed + stream_offset + scenario_number * 10000 + replication) modulo .Machine$integer.max",500,0.05,0,250,20,0.5,6,10,8,-0.8,0.6,-0.9,0,1,1,"beta_intercept",-0.8,,,,,,,,,,,,,,,,,,,"sample_size",TRUE,"diagnostic_anchor;sample_size;severity","logit","Standard binomial logit","Paper framework: chance-corrected logit generated, standard logit fitted.","DHARMa residual distribution across design cells",FALSE,FALSE,3000,250,3000,0,0,,,,,3000,1778,0.592666666666667,0.008970560905705,0.574977030030024,0.610119290006216,3000,2.24620870011984,0.220415491981555,4.54903507843557,0.384333333333333,1,"2026-08-25 20:22:43 UTC","0.1.0","full"
"D-FC-002","forced_choice","sample_size","diagnostic_anchor;sample_size;severity",TRUE,"Lower performance","Chance-corrected binomial","chance-corrected logit","Gaussian identity;Standard binomial logit;Standard binomial probit;Chance-corrected binomial logit","identity;logit;probit;chance-corrected logit",20260807,"seed = (base_seed + stream_offset + scenario_number * 10000 + replication) modulo .Machine$integer.max",500,0.05,0,250,20,0.5,6,10,8,-0.8,0.6,-0.9,0,1,1,"beta_intercept",-0.8,,,,,,,,,,,,,,,,,,,"sample_size",TRUE,"diagnostic_anchor;sample_size;severity","logit","Standard binomial logit","Paper framework: chance-corrected logit generated, standard logit fitted.","Pregibon-style added-term link check",TRUE,TRUE,3000,250,3000,3000,913,0.304333333333333,0.00840068559812344,0.288127149167334,0.321039973633844,3000,1778,0.592666666666667,0.008970560905705,0.574977030030024,0.610119290006216,3000,2.24620870011984,0.220415491981555,4.54903507843557,0.384333333333333,1,"2026-08-25 20:22:43 UTC","0.1.0","full"
"D-FC-003","forced_choice","sample_size","sample_size",FALSE,"Lower performance","Chance-corrected binomial","chance-corrected logit","Gaussian identity;Standard binomial logit;Standard binomial probit;Chance-corrected binomial logit","identity;logit;probit;chance-corrected logit",20260807,"seed = (base_seed + stream_offset + scenario_number * 10000 + replication) modulo .Machine$integer.max",500,0.05,0,500,20,0.5,6,10,8,-0.8,0.6,-0.9,0,1,1,"beta_intercept",-0.8,,,,,,,,,,,,,,,,,,,"sample_size",FALSE,"sample_size","logit","Standard binomial logit","Paper framework: chance-corrected logit generated, standard logit fitted.","AIC favors generating link",TRUE,TRUE,3000,250,3000,3000,2563,0.854333333333333,0.00644070102004663,0.841256591360698,0.866503797842621,3000,2606,0.868666666666667,0.0061667087085654,0.856107203823245,0.880283191716615,3000,4.44157996466038,1.66695626950298,7.66242724737128,0.210333333333333,1,"2026-08-25 20:22:43 UTC","0.1.0","full"
"D-FC-003","forced_choice","sample_size","sample_size",FALSE,"Lower performance","Chance-corrected binomial","chance-corrected logit","Gaussian identity;Standard binomial logit;Standard binomial probit;Chance-corrected binomial logit","identity;logit;probit;chance-corrected logit",20260807,"seed = (base_seed + stream_offset + scenario_number * 10000 + replication) modulo .Machine$integer.max",500,0.05,0,500,20,0.5,6,10,8,-0.8,0.6,-0.9,0,1,1,"beta_intercept",-0.8,,,,,,,,,,,,,,,,,,,"sample_size",FALSE,"sample_size","logit","Standard binomial logit","Paper framework: chance-corrected logit generated, standard logit fitted.","DHARMa uniformity",TRUE,TRUE,3000,250,3000,3000,0,0,0,0,0.00127884872532596,3000,2606,0.868666666666667,0.0061667087085654,0.856107203823245,0.880283191716615,3000,4.44157996466038,1.66695626950298,7.66242724737128,0.210333333333333,1,"2026-08-25 20:22:43 UTC","0.1.0","full"
"D-FC-003","forced_choice","sample_size","sample_size",FALSE,"Lower performance","Chance-corrected binomial","chance-corrected logit","Gaussian identity;Standard binomial logit;Standard binomial probit;Chance-corrected binomial logit","identity;logit;probit;chance-corrected logit",20260807,"seed = (base_seed + stream_offset + scenario_number * 10000 + replication) modulo .Machine$integer.max",500,0.05,0,500,20,0.5,6,10,8,-0.8,0.6,-0.9,0,1,1,"beta_intercept",-0.8,,,,,,,,,,,,,,,,,,,"sample_size",FALSE,"sample_size","logit","Standard binomial logit","Paper framework: chance-corrected logit generated, standard logit fitted.","DHARMa dispersion",TRUE,TRUE,3000,250,3000,3000,30,0.01,0.0018165902124585,0.00701370425398682,0.0142395674968326,3000,2606,0.868666666666667,0.0061667087085654,0.856107203823245,0.880283191716615,3000,4.44157996466038,1.66695626950298,7.66242724737128,0.210333333333333,1,"2026-08-25 20:22:43 UTC","0.1.0","full"
"D-FC-003","forced_choice","sample_size","sample_size",FALSE,"Lower performance","Chance-corrected binomial","chance-corrected logit","Gaussian identity;Standard binomial logit;Standard binomial probit;Chance-corrected binomial logit","identity;logit;probit;chance-corrected logit",20260807,"seed = (base_seed + stream_offset + scenario_number * 10000 + replication) modulo .Machine$integer.max",500,0.05,0,500,20,0.5,6,10,8,-0.8,0.6,-0.9,0,1,1,"beta_intercept",-0.8,,,,,,,,,,,,,,,,,,,"sample_size",FALSE,"sample_size","logit","Standard binomial logit","Paper framework: chance-corrected logit generated, standard logit fitted.","DHARMa residual quantiles over fitted values",TRUE,TRUE,3000,250,3000,3000,46,0.0153333333333333,0.00224337708393857,0.0115155239447749,0.020390773419641,3000,2606,0.868666666666667,0.0061667087085654,0.856107203823245,0.880283191716615,3000,4.44157996466038,1.66695626950298,7.66242724737128,0.210333333333333,1,"2026-08-25 20:22:43 UTC","0.1.0","full"
"D-FC-003","forced_choice","sample_size","sample_size",FALSE,"Lower performance","Chance-corrected binomial","chance-corrected logit","Gaussian identity;Standard binomial logit;Standard binomial probit;Chance-corrected binomial logit","identity;logit;probit;chance-corrected logit",20260807,"seed = (base_seed + stream_offset + scenario_number * 10000 + replication) modulo .Machine$integer.max",500,0.05,0,500,20,0.5,6,10,8,-0.8,0.6,-0.9,0,1,1,"beta_intercept",-0.8,,,,,,,,,,,,,,,,,,,"sample_size",FALSE,"sample_size","logit","Standard binomial logit","Paper framework: chance-corrected logit generated, standard logit fitted.","DHARMa residual quantiles over focal predictor",TRUE,TRUE,3000,250,3000,2999,332,0.110703567855952,0.00572948848671601,0.099968134152172,0.122435035638542,3000,2606,0.868666666666667,0.0061667087085654,0.856107203823245,0.880283191716615,3000,4.44157996466038,1.66695626950298,7.66242724737128,0.210333333333333,1,"2026-08-25 20:22:43 UTC","0.1.0","full"
"D-FC-003","forced_choice","sample_size","sample_size",FALSE,"Lower performance","Chance-corrected binomial","chance-corrected logit","Gaussian identity;Standard binomial logit;Standard binomial probit;Chance-corrected binomial logit","identity;logit;probit;chance-corrected logit",20260807,"seed = (base_seed + stream_offset + scenario_number * 10000 + replication) modulo .Machine$integer.max",500,0.05,0,500,20,0.5,6,10,8,-0.8,0.6,-0.9,0,1,1,"beta_intercept",-0.8,,,,,,,,,,,,,,,,,,,"sample_size",FALSE,"sample_size","logit","Standard binomial logit","Paper framework: chance-corrected logit generated, standard logit fitted.","DHARMa residual distribution across design cells",FALSE,FALSE,3000,250,3000,0,0,,,,,3000,2606,0.868666666666667,0.0061667087085654,0.856107203823245,0.880283191716615,3000,4.44157996466038,1.66695626950298,7.66242724737128,0.210333333333333,1,"2026-08-25 20:22:43 UTC","0.1.0","full"
"D-FC-003","forced_choice","sample_size","sample_size",FALSE,"Lower performance","Chance-corrected binomial","chance-corrected logit","Gaussian identity;Standard binomial logit;Standard binomial probit;Chance-corrected binomial logit","identity;logit;probit;chance-corrected logit",20260807,"seed = (base_seed + stream_offset + scenario_number * 10000 + replication) modulo .Machine$integer.max",500,0.05,0,500,20,0.5,6,10,8,-0.8,0.6,-0.9,0,1,1,"beta_intercept",-0.8,,,,,,,,,,,,,,,,,,,"sample_size",FALSE,"sample_size","logit","Standard binomial logit","Paper framework: chance-corrected logit generated, standard logit fitted.","Pregibon-style added-term link check",TRUE,TRUE,3000,250,3000,3000,1553,0.517666666666667,0.00912300916892537,0.499774727045452,0.535513420299586,3000,2606,0.868666666666667,0.0061667087085654,0.856107203823245,0.880283191716615,3000,4.44157996466038,1.66695626950298,7.66242724737128,0.210333333333333,1,"2026-08-25 20:22:43 UTC","0.1.0","full"
"D-FC-004","forced_choice","sample_size","sample_size",FALSE,"Lower performance","Chance-corrected binomial","chance-corrected logit","Gaussian identity;Standard binomial logit;Standard binomial probit;Chance-corrected binomial logit","identity;logit;probit;chance-corrected logit",20260807,"seed = (base_seed + stream_offset + scenario_number * 10000 + replication) modulo .Machine$integer.max",500,0.05,0,1000,20,0.5,6,10,8,-0.8,0.6,-0.9,0,1,1,"beta_intercept",-0.8,,,,,,,,,,,,,,,,,,,"sample_size",FALSE,"sample_size","logit","Standard binomial logit","Paper framework: chance-corrected logit generated, standard logit fitted.","AIC favors generating link",TRUE,TRUE,3000,250,3000,3000,2842,0.947333333333333,0.0040781077674533,0.938752970757273,0.954769552583136,3000,2974,0.991333333333333,0.00169229189321815,0.987331253703942,0.994078730948638,3000,9.62068773933015,5.56393505493793,13.8257301407145,0.0673333333333333,1,"2026-08-25 20:22:43 UTC","0.1.0","full"
"D-FC-004","forced_choice","sample_size","sample_size",FALSE,"Lower performance","Chance-corrected binomial","chance-corrected logit","Gaussian identity;Standard binomial logit;Standard binomial probit;Chance-corrected binomial logit","identity;logit;probit;chance-corrected logit",20260807,"seed = (base_seed + stream_offset + scenario_number * 10000 + replication) modulo .Machine$integer.max",500,0.05,0,1000,20,0.5,6,10,8,-0.8,0.6,-0.9,0,1,1,"beta_intercept",-0.8,,,,,,,,,,,,,,,,,,,"sample_size",FALSE,"sample_size","logit","Standard binomial logit","Paper framework: chance-corrected logit generated, standard logit fitted.","DHARMa uniformity",TRUE,TRUE,3000,250,3000,3000,4,0.00133333333333333,0.000666222073975226,0.000518625649661701,0.00342347947906339,3000,2974,0.991333333333333,0.00169229189321815,0.987331253703942,0.994078730948638,3000,9.62068773933015,5.56393505493793,13.8257301407145,0.0673333333333333,1,"2026-08-25 20:22:43 UTC","0.1.0","full"
"D-FC-004","forced_choice","sample_size","sample_size",FALSE,"Lower performance","Chance-corrected binomial","chance-corrected logit","Gaussian identity;Standard binomial logit;Standard binomial probit;Chance-corrected binomial logit","identity;logit;probit;chance-corrected logit",20260807,"seed = (base_seed + stream_offset + scenario_number * 10000 + replication) modulo .Machine$integer.max",500,0.05,0,1000,20,0.5,6,10,8,-0.8,0.6,-0.9,0,1,1,"beta_intercept",-0.8,,,,,,,,,,,,,,,,,,,"sample_size",FALSE,"sample_size","logit","Standard binomial logit","Paper framework: chance-corrected logit generated, standard logit fitted.","DHARMa dispersion",TRUE,TRUE,3000,250,3000,3000,41,0.0136666666666667,0.00211973967653962,0.0100903332465303,0.0184868936136368,3000,2974,0.991333333333333,0.00169229189321815,0.987331253703942,0.994078730948638,3000,9.62068773933015,5.56393505493793,13.8257301407145,0.0673333333333333,1,"2026-08-25 20:22:43 UTC","0.1.0","full"
"D-FC-004","forced_choice","sample_size","sample_size",FALSE,"Lower performance","Chance-corrected binomial","chance-corrected logit","Gaussian identity;Standard binomial logit;Standard binomial probit;Chance-corrected binomial logit","identity;logit;probit;chance-corrected logit",20260807,"seed = (base_seed + stream_offset + scenario_number * 10000 + replication) modulo .Machine$integer.max",500,0.05,0,1000,20,0.5,6,10,8,-0.8,0.6,-0.9,0,1,1,"beta_intercept",-0.8,,,,,,,,,,,,,,,,,,,"sample_size",FALSE,"sample_size","logit","Standard binomial logit","Paper framework: chance-corrected logit generated, standard logit fitted.","DHARMa residual quantiles over fitted values",TRUE,TRUE,3000,250,3000,3000,112,0.0373333333333333,0.00346119225872413,0.0311197703823973,0.0447302576381044,3000,2974,0.991333333333333,0.00169229189321815,0.987331253703942,0.994078730948638,3000,9.62068773933015,5.56393505493793,13.8257301407145,0.0673333333333333,1,"2026-08-25 20:22:43 UTC","0.1.0","full"
"D-FC-004","forced_choice","sample_size","sample_size",FALSE,"Lower performance","Chance-corrected binomial","chance-corrected logit","Gaussian identity;Standard binomial logit;Standard binomial probit;Chance-corrected binomial logit","identity;logit;probit;chance-corrected logit",20260807,"seed = (base_seed + stream_offset + scenario_number * 10000 + replication) modulo .Machine$integer.max",500,0.05,0,1000,20,0.5,6,10,8,-0.8,0.6,-0.9,0,1,1,"beta_intercept",-0.8,,,,,,,,,,,,,,,,,,,"sample_size",FALSE,"sample_size","logit","Standard binomial logit","Paper framework: chance-corrected logit generated, standard logit fitted.","DHARMa residual quantiles over focal predictor",TRUE,TRUE,3000,250,3000,3000,1054,0.351333333333333,0.00871585188458788,0.334450567722102,0.368596343298895,3000,2974,0.991333333333333,0.00169229189321815,0.987331253703942,0.994078730948638,3000,9.62068773933015,5.56393505493793,13.8257301407145,0.0673333333333333,1,"2026-08-25 20:22:43 UTC","0.1.0","full"
"D-FC-004","forced_choice","sample_size","sample_size",FALSE,"Lower performance","Chance-corrected binomial","chance-corrected logit","Gaussian identity;Standard binomial logit;Standard binomial probit;Chance-corrected binomial logit","identity;logit;probit;chance-corrected logit",20260807,"seed = (base_seed + stream_offset + scenario_number * 10000 + replication) modulo .Machine$integer.max",500,0.05,0,1000,20,0.5,6,10,8,-0.8,0.6,-0.9,0,1,1,"beta_intercept",-0.8,,,,,,,,,,,,,,,,,,,"sample_size",FALSE,"sample_size","logit","Standard binomial logit","Paper framework: chance-corrected logit generated, standard logit fitted.","DHARMa residual distribution across design cells",FALSE,FALSE,3000,250,3000,0,0,,,,,3000,2974,0.991333333333333,0.00169229189321815,0.987331253703942,0.994078730948638,3000,9.62068773933015,5.56393505493793,13.8257301407145,0.0673333333333333,1,"2026-08-25 20:22:43 UTC","0.1.0","full"
"D-FC-004","forced_choice","sample_size","sample_size",FALSE,"Lower performance","Chance-corrected binomial","chance-corrected logit","Gaussian identity;Standard binomial logit;Standard binomial probit;Chance-corrected binomial logit","identity;logit;probit;chance-corrected logit",20260807,"seed = (base_seed + stream_offset + scenario_number * 10000 + replication) modulo .Machine$integer.max",500,0.05,0,1000,20,0.5,6,10,8,-0.8,0.6,-0.9,0,1,1,"beta_intercept",-0.8,,,,,,,,,,,,,,,,,,,"sample_size",FALSE,"sample_size","logit","Standard binomial logit","Paper framework: chance-corrected logit generated, standard logit fitted.","Pregibon-style added-term link check",TRUE,TRUE,3000,250,3000,3000,2511,0.837,0.00674366369268219,0.823353115323704,0.849784940635426,3000,2974,0.991333333333333,0.00169229189321815,0.987331253703942,0.994078730948638,3000,9.62068773933015,5.56393505493793,13.8257301407145,0.0673333333333333,1,"2026-08-25 20:22:43 UTC","0.1.0","full"
"D-FC-005","forced_choice","severity","severity",FALSE,"Lower performance","Chance-corrected binomial","chance-corrected logit","Gaussian identity;Standard binomial logit;Standard binomial probit;Chance-corrected binomial logit","identity;logit;probit;chance-corrected logit",20260807,"seed = (base_seed + stream_offset + scenario_number * 10000 + replication) modulo .Machine$integer.max",500,0.05,0,250,20,0.5,6,10,8,-1.5,0.6,-0.9,0,1,1,"beta_intercept",-0.8,,,,,,,,,,,,,,,,,,,"severity",FALSE,"severity","logit","Standard binomial logit","Paper framework: chance-corrected logit generated, standard logit fitted.","AIC favors generating link",TRUE,TRUE,3000,250,3000,3000,2148,0.716,0.00823294196100843,0.699595454474911,0.731852082875748,3000,1264,0.421333333333333,0.00901501627943724,0.403775843961599,0.439092028237852,3000,1.51426702251365,-0.239695378280544,3.43273589948814,0.479,1,"2026-08-25 20:22:43 UTC","0.1.0","full"
"D-FC-005","forced_choice","severity","severity",FALSE,"Lower performance","Chance-corrected binomial","chance-corrected logit","Gaussian identity;Standard binomial logit;Standard binomial probit;Chance-corrected binomial logit","identity;logit;probit;chance-corrected logit",20260807,"seed = (base_seed + stream_offset + scenario_number * 10000 + replication) modulo .Machine$integer.max",500,0.05,0,250,20,0.5,6,10,8,-1.5,0.6,-0.9,0,1,1,"beta_intercept",-0.8,,,,,,,,,,,,,,,,,,,"severity",FALSE,"severity","logit","Standard binomial logit","Paper framework: chance-corrected logit generated, standard logit fitted.","DHARMa uniformity",TRUE,TRUE,3000,250,3000,3000,1,0.000333333333333333,0.000333277773147376,5.88439418715664e-05,0.00188581888430418,3000,1264,0.421333333333333,0.00901501627943724,0.403775843961599,0.439092028237852,3000,1.51426702251365,-0.239695378280544,3.43273589948814,0.479,1,"2026-08-25 20:22:43 UTC","0.1.0","full"
"D-FC-005","forced_choice","severity","severity",FALSE,"Lower performance","Chance-corrected binomial","chance-corrected logit","Gaussian identity;Standard binomial logit;Standard binomial probit;Chance-corrected binomial logit","identity;logit;probit;chance-corrected logit",20260807,"seed = (base_seed + stream_offset + scenario_number * 10000 + replication) modulo .Machine$integer.max",500,0.05,0,250,20,0.5,6,10,8,-1.5,0.6,-0.9,0,1,1,"beta_intercept",-0.8,,,,,,,,,,,,,,,,,,,"severity",FALSE,"severity","logit","Standard binomial logit","Paper framework: chance-corrected logit generated, standard logit fitted.","DHARMa dispersion",TRUE,TRUE,3000,250,3000,3000,86,0.0286666666666667,0.00304657670667089,0.0232717040347649,0.0352671573636423,3000,1264,0.421333333333333,0.00901501627943724,0.403775843961599,0.439092028237852,3000,1.51426702251365,-0.239695378280544,3.43273589948814,0.479,1,"2026-08-25 20:22:43 UTC","0.1.0","full"
"D-FC-005","forced_choice","severity","severity",FALSE,"Lower performance","Chance-corrected binomial","chance-corrected logit","Gaussian identity;Standard binomial logit;Standard binomial probit;Chance-corrected binomial logit","identity;logit;probit;chance-corrected logit",20260807,"seed = (base_seed + stream_offset + scenario_number * 10000 + replication) modulo .Machine$integer.max",500,0.05,0,250,20,0.5,6,10,8,-1.5,0.6,-0.9,0,1,1,"beta_intercept",-0.8,,,,,,,,,,,,,,,,,,,"severity",FALSE,"severity","logit","Standard binomial logit","Paper framework: chance-corrected logit generated, standard logit fitted.","DHARMa residual quantiles over fitted values",TRUE,TRUE,3000,250,3000,3000,58,0.0193333333333333,0.00251393155273803,0.0149857495904204,0.024910316984193,3000,1264,0.421333333333333,0.00901501627943724,0.403775843961599,0.439092028237852,3000,1.51426702251365,-0.239695378280544,3.43273589948814,0.479,1,"2026-08-25 20:22:43 UTC","0.1.0","full"
"D-FC-005","forced_choice","severity","severity",FALSE,"Lower performance","Chance-corrected binomial","chance-corrected logit","Gaussian identity;Standard binomial logit;Standard binomial probit;Chance-corrected binomial logit","identity;logit;probit;chance-corrected logit",20260807,"seed = (base_seed + stream_offset + scenario_number * 10000 + replication) modulo .Machine$integer.max",500,0.05,0,250,20,0.5,6,10,8,-1.5,0.6,-0.9,0,1,1,"beta_intercept",-0.8,,,,,,,,,,,,,,,,,,,"severity",FALSE,"severity","logit","Standard binomial logit","Paper framework: chance-corrected logit generated, standard logit fitted.","DHARMa residual quantiles over focal predictor",TRUE,TRUE,3000,250,3000,3000,123,0.041,0.00362026702514239,0.0344716832702417,0.0487022998596076,3000,1264,0.421333333333333,0.00901501627943724,0.403775843961599,0.439092028237852,3000,1.51426702251365,-0.239695378280544,3.43273589948814,0.479,1,"2026-08-25 20:22:43 UTC","0.1.0","full"
"D-FC-005","forced_choice","severity","severity",FALSE,"Lower performance","Chance-corrected binomial","chance-corrected logit","Gaussian identity;Standard binomial logit;Standard binomial probit;Chance-corrected binomial logit","identity;logit;probit;chance-corrected logit",20260807,"seed = (base_seed + stream_offset + scenario_number * 10000 + replication) modulo .Machine$integer.max",500,0.05,0,250,20,0.5,6,10,8,-1.5,0.6,-0.9,0,1,1,"beta_intercept",-0.8,,,,,,,,,,,,,,,,,,,"severity",FALSE,"severity","logit","Standard binomial logit","Paper framework: chance-corrected logit generated, standard logit fitted.","DHARMa residual distribution across design cells",FALSE,FALSE,3000,250,3000,0,0,,,,,3000,1264,0.421333333333333,0.00901501627943724,0.403775843961599,0.439092028237852,3000,1.51426702251365,-0.239695378280544,3.43273589948814,0.479,1,"2026-08-25 20:22:43 UTC","0.1.0","full"
"D-FC-005","forced_choice","severity","severity",FALSE,"Lower performance","Chance-corrected binomial","chance-corrected logit","Gaussian identity;Standard binomial logit;Standard binomial probit;Chance-corrected binomial logit","identity;logit;probit;chance-corrected logit",20260807,"seed = (base_seed + stream_offset + scenario_number * 10000 + replication) modulo .Machine$integer.max",500,0.05,0,250,20,0.5,6,10,8,-1.5,0.6,-0.9,0,1,1,"beta_intercept",-0.8,,,,,,,,,,,,,,,,,,,"severity",FALSE,"severity","logit","Standard binomial logit","Paper framework: chance-corrected logit generated, standard logit fitted.","Pregibon-style added-term link check",TRUE,TRUE,3000,250,3000,3000,712,0.237333333333333,0.00776758697456343,0.222451083643117,0.252887404887255,3000,1264,0.421333333333333,0.00901501627943724,0.403775843961599,0.439092028237852,3000,1.51426702251365,-0.239695378280544,3.43273589948814,0.479,1,"2026-08-25 20:22:43 UTC","0.1.0","full"
"D-FC-006","forced_choice","severity","severity",FALSE,"Lower performance","Chance-corrected binomial","chance-corrected logit","Gaussian identity;Standard binomial logit;Standard binomial probit;Chance-corrected binomial logit","identity;logit;probit;chance-corrected logit",20260807,"seed = (base_seed + stream_offset + scenario_number * 10000 + replication) modulo .Machine$integer.max",500,0.05,0,250,20,0.5,6,10,8,0,0.6,-0.9,0,1,1,"beta_intercept",-0.8,,,,,,,,,,,,,,,,,,,"severity",FALSE,"severity","logit","Standard binomial logit","Paper framework: chance-corrected logit generated, standard logit fitted.","AIC favors generating link",TRUE,TRUE,3000,250,3000,3000,2368,0.789333333333333,0.00744504806839692,0.774375933664157,0.803550705873454,3000,1647,0.549,0.00908476747088223,0.531142798141765,0.566731874683153,3000,2.23763526075595,0.38678804679563,4.34863294849009,0.396,1,"2026-08-25 20:22:43 UTC","0.1.0","full"
"D-FC-006","forced_choice","severity","severity",FALSE,"Lower performance","Chance-corrected binomial","chance-corrected logit","Gaussian identity;Standard binomial logit;Standard binomial probit;Chance-corrected binomial logit","identity;logit;probit;chance-corrected logit",20260807,"seed = (base_seed + stream_offset + scenario_number * 10000 + replication) modulo .Machine$integer.max",500,0.05,0,250,20,0.5,6,10,8,0,0.6,-0.9,0,1,1,"beta_intercept",-0.8,,,,,,,,,,,,,,,,,,,"severity",FALSE,"severity","logit","Standard binomial logit","Paper framework: chance-corrected logit generated, standard logit fitted.","DHARMa uniformity",TRUE,TRUE,3000,250,3000,3000,1,0.000333333333333333,0.000333277773147376,5.88439418715664e-05,0.00188581888430418,3000,1647,0.549,0.00908476747088223,0.531142798141765,0.566731874683153,3000,2.23763526075595,0.38678804679563,4.34863294849009,0.396,1,"2026-08-25 20:22:43 UTC","0.1.0","full"
"D-FC-006","forced_choice","severity","severity",FALSE,"Lower performance","Chance-corrected binomial","chance-corrected logit","Gaussian identity;Standard binomial logit;Standard binomial probit;Chance-corrected binomial logit","identity;logit;probit;chance-corrected logit",20260807,"seed = (base_seed + stream_offset + scenario_number * 10000 + replication) modulo .Machine$integer.max",500,0.05,0,250,20,0.5,6,10,8,0,0.6,-0.9,0,1,1,"beta_intercept",-0.8,,,,,,,,,,,,,,,,,,,"severity",FALSE,"severity","logit","Standard binomial logit","Paper framework: chance-corrected logit generated, standard logit fitted.","DHARMa dispersion",TRUE,TRUE,3000,250,3000,3000,12,0.004,0.00115238882327103,0.00228968081210852,0.00697893712341483,3000,1647,0.549,0.00908476747088223,0.531142798141765,0.566731874683153,3000,2.23763526075595,0.38678804679563,4.34863294849009,0.396,1,"2026-08-25 20:22:43 UTC","0.1.0","full"
"D-FC-006","forced_choice","severity","severity",FALSE,"Lower performance","Chance-corrected binomial","chance-corrected logit","Gaussian identity;Standard binomial logit;Standard binomial probit;Chance-corrected binomial logit","identity;logit;probit;chance-corrected logit",20260807,"seed = (base_seed + stream_offset + scenario_number * 10000 + replication) modulo .Machine$integer.max",500,0.05,0,250,20,0.5,6,10,8,0,0.6,-0.9,0,1,1,"beta_intercept",-0.8,,,,,,,,,,,,,,,,,,,"severity",FALSE,"severity","logit","Standard binomial logit","Paper framework: chance-corrected logit generated, standard logit fitted.","DHARMa residual quantiles over fitted values",TRUE,TRUE,3000,250,3000,3000,50,0.0166666666666667,0.00233729821866251,0.0126651481211473,0.0219044056466678,3000,1647,0.549,0.00908476747088223,0.531142798141765,0.566731874683153,3000,2.23763526075595,0.38678804679563,4.34863294849009,0.396,1,"2026-08-25 20:22:43 UTC","0.1.0","full"
"D-FC-006","forced_choice","severity","severity",FALSE,"Lower performance","Chance-corrected binomial","chance-corrected logit","Gaussian identity;Standard binomial logit;Standard binomial probit;Chance-corrected binomial logit","identity;logit;probit;chance-corrected logit",20260807,"seed = (base_seed + stream_offset + scenario_number * 10000 + replication) modulo .Machine$integer.max",500,0.05,0,250,20,0.5,6,10,8,0,0.6,-0.9,0,1,1,"beta_intercept",-0.8,,,,,,,,,,,,,,,,,,,"severity",FALSE,"severity","logit","Standard binomial logit","Paper framework: chance-corrected logit generated, standard logit fitted.","DHARMa residual quantiles over focal predictor",TRUE,TRUE,3000,250,3000,3000,168,0.056,0.00419777718957704,0.0483259967828238,0.0648096208852657,3000,1647,0.549,0.00908476747088223,0.531142798141765,0.566731874683153,3000,2.23763526075595,0.38678804679563,4.34863294849009,0.396,1,"2026-08-25 20:22:43 UTC","0.1.0","full"
"D-FC-006","forced_choice","severity","severity",FALSE,"Lower performance","Chance-corrected binomial","chance-corrected logit","Gaussian identity;Standard binomial logit;Standard binomial probit;Chance-corrected binomial logit","identity;logit;probit;chance-corrected logit",20260807,"seed = (base_seed + stream_offset + scenario_number * 10000 + replication) modulo .Machine$integer.max",500,0.05,0,250,20,0.5,6,10,8,0,0.6,-0.9,0,1,1,"beta_intercept",-0.8,,,,,,,,,,,,,,,,,,,"severity",FALSE,"severity","logit","Standard binomial logit","Paper framework: chance-corrected logit generated, standard logit fitted.","DHARMa residual distribution across design cells",FALSE,FALSE,3000,250,3000,0,0,,,,,3000,1647,0.549,0.00908476747088223,0.531142798141765,0.566731874683153,3000,2.23763526075595,0.38678804679563,4.34863294849009,0.396,1,"2026-08-25 20:22:43 UTC","0.1.0","full"
"D-FC-006","forced_choice","severity","severity",FALSE,"Lower performance","Chance-corrected binomial","chance-corrected logit","Gaussian identity;Standard binomial logit;Standard binomial probit;Chance-corrected binomial logit","identity;logit;probit;chance-corrected logit",20260807,"seed = (base_seed + stream_offset + scenario_number * 10000 + replication) modulo .Machine$integer.max",500,0.05,0,250,20,0.5,6,10,8,0,0.6,-0.9,0,1,1,"beta_intercept",-0.8,,,,,,,,,,,,,,,,,,,"severity",FALSE,"severity","logit","Standard binomial logit","Paper framework: chance-corrected logit generated, standard logit fitted.","Pregibon-style added-term link check",TRUE,TRUE,3000,250,3000,3000,867,0.289,0.0082760497823539,0.273057207149982,0.305482467012106,3000,1647,0.549,0.00908476747088223,0.531142798141765,0.566731874683153,3000,2.23763526075595,0.38678804679563,4.34863294849009,0.396,1,"2026-08-25 20:22:43 UTC","0.1.0","full"
"D-FC-007","forced_choice","severity","severity",FALSE,"Lower performance","Chance-corrected binomial","chance-corrected logit","Gaussian identity;Standard binomial logit;Standard binomial probit;Chance-corrected binomial logit","identity;logit;probit;chance-corrected logit",20260807,"seed = (base_seed + stream_offset + scenario_number * 10000 + replication) modulo .Machine$integer.max",500,0.05,0,250,20,0.5,6,10,8,0.8,0.6,-0.9,0,1,1,"beta_intercept",-0.8,,,,,,,,,,,,,,,,,,,"severity",FALSE,"severity","logit","Standard binomial logit","Paper framework: chance-corrected logit generated, standard logit fitted.","AIC favors generating link",TRUE,TRUE,3000,250,3000,3000,2176,0.725333333333333,0.00814912856054537,0.709080782742716,0.741009549431737,3000,1007,0.335666666666667,0.0086215728564177,0.318988352649873,0.352765295631184,3000,1.36356428153596,-0.16191870752715,2.94425821642523,0.538666666666667,1,"2026-08-25 20:22:43 UTC","0.1.0","full"
"D-FC-007","forced_choice","severity","severity",FALSE,"Lower performance","Chance-corrected binomial","chance-corrected logit","Gaussian identity;Standard binomial logit;Standard binomial probit;Chance-corrected binomial logit","identity;logit;probit;chance-corrected logit",20260807,"seed = (base_seed + stream_offset + scenario_number * 10000 + replication) modulo .Machine$integer.max",500,0.05,0,250,20,0.5,6,10,8,0.8,0.6,-0.9,0,1,1,"beta_intercept",-0.8,,,,,,,,,,,,,,,,,,,"severity",FALSE,"severity","logit","Standard binomial logit","Paper framework: chance-corrected logit generated, standard logit fitted.","DHARMa uniformity",TRUE,TRUE,3000,250,3000,3000,0,0,0,0,0.00127884872532596,3000,1007,0.335666666666667,0.0086215728564177,0.318988352649873,0.352765295631184,3000,1.36356428153596,-0.16191870752715,2.94425821642523,0.538666666666667,1,"2026-08-25 20:22:43 UTC","0.1.0","full"
"D-FC-007","forced_choice","severity","severity",FALSE,"Lower performance","Chance-corrected binomial","chance-corrected logit","Gaussian identity;Standard binomial logit;Standard binomial probit;Chance-corrected binomial logit","identity;logit;probit;chance-corrected logit",20260807,"seed = (base_seed + stream_offset + scenario_number * 10000 + replication) modulo .Machine$integer.max",500,0.05,0,250,20,0.5,6,10,8,0.8,0.6,-0.9,0,1,1,"beta_intercept",-0.8,,,,,,,,,,,,,,,,,,,"severity",FALSE,"severity","logit","Standard binomial logit","Paper framework: chance-corrected logit generated, standard logit fitted.","DHARMa dispersion",TRUE,TRUE,3000,250,3000,3000,6,0.002,0.000815679675689749,0.000916930269583324,0.00435680306084133,3000,1007,0.335666666666667,0.0086215728564177,0.318988352649873,0.352765295631184,3000,1.36356428153596,-0.16191870752715,2.94425821642523,0.538666666666667,1,"2026-08-25 20:22:43 UTC","0.1.0","full"
"D-FC-007","forced_choice","severity","severity",FALSE,"Lower performance","Chance-corrected binomial","chance-corrected logit","Gaussian identity;Standard binomial logit;Standard binomial probit;Chance-corrected binomial logit","identity;logit;probit;chance-corrected logit",20260807,"seed = (base_seed + stream_offset + scenario_number * 10000 + replication) modulo .Machine$integer.max",500,0.05,0,250,20,0.5,6,10,8,0.8,0.6,-0.9,0,1,1,"beta_intercept",-0.8,,,,,,,,,,,,,,,,,,,"severity",FALSE,"severity","logit","Standard binomial logit","Paper framework: chance-corrected logit generated, standard logit fitted.","DHARMa residual quantiles over fitted values",TRUE,TRUE,3000,250,3000,3000,54,0.018,0.0024273442277518,0.0138221496378422,0.0234106605333721,3000,1007,0.335666666666667,0.0086215728564177,0.318988352649873,0.352765295631184,3000,1.36356428153596,-0.16191870752715,2.94425821642523,0.538666666666667,1,"2026-08-25 20:22:43 UTC","0.1.0","full"
"D-FC-007","forced_choice","severity","severity",FALSE,"Lower performance","Chance-corrected binomial","chance-corrected logit","Gaussian identity;Standard binomial logit;Standard binomial probit;Chance-corrected binomial logit","identity;logit;probit;chance-corrected logit",20260807,"seed = (base_seed + stream_offset + scenario_number * 10000 + replication) modulo .Machine$integer.max",500,0.05,0,250,20,0.5,6,10,8,0.8,0.6,-0.9,0,1,1,"beta_intercept",-0.8,,,,,,,,,,,,,,,,,,,"severity",FALSE,"severity","logit","Standard binomial logit","Paper framework: chance-corrected logit generated, standard logit fitted.","DHARMa residual quantiles over focal predictor",TRUE,TRUE,3000,250,3000,3000,116,0.0386666666666667,0.00352001683497658,0.0323367529364895,0.0461765314874112,3000,1007,0.335666666666667,0.0086215728564177,0.318988352649873,0.352765295631184,3000,1.36356428153596,-0.16191870752715,2.94425821642523,0.538666666666667,1,"2026-08-25 20:22:43 UTC","0.1.0","full"
"D-FC-007","forced_choice","severity","severity",FALSE,"Lower performance","Chance-corrected binomial","chance-corrected logit","Gaussian identity;Standard binomial logit;Standard binomial probit;Chance-corrected binomial logit","identity;logit;probit;chance-corrected logit",20260807,"seed = (base_seed + stream_offset + scenario_number * 10000 + replication) modulo .Machine$integer.max",500,0.05,0,250,20,0.5,6,10,8,0.8,0.6,-0.9,0,1,1,"beta_intercept",-0.8,,,,,,,,,,,,,,,,,,,"severity",FALSE,"severity","logit","Standard binomial logit","Paper framework: chance-corrected logit generated, standard logit fitted.","DHARMa residual distribution across design cells",FALSE,FALSE,3000,250,3000,0,0,,,,,3000,1007,0.335666666666667,0.0086215728564177,0.318988352649873,0.352765295631184,3000,1.36356428153596,-0.16191870752715,2.94425821642523,0.538666666666667,1,"2026-08-25 20:22:43 UTC","0.1.0","full"
"D-FC-007","forced_choice","severity","severity",FALSE,"Lower performance","Chance-corrected binomial","chance-corrected logit","Gaussian identity;Standard binomial logit;Standard binomial probit;Chance-corrected binomial logit","identity;logit;probit;chance-corrected logit",20260807,"seed = (base_seed + stream_offset + scenario_number * 10000 + replication) modulo .Machine$integer.max",500,0.05,0,250,20,0.5,6,10,8,0.8,0.6,-0.9,0,1,1,"beta_intercept",-0.8,,,,,,,,,,,,,,,,,,,"severity",FALSE,"severity","logit","Standard binomial logit","Paper framework: chance-corrected logit generated, standard logit fitted.","Pregibon-style added-term link check",TRUE,TRUE,3000,250,3000,3000,570,0.19,0.00716240183178799,0.176361772251459,0.204431113958243,3000,1007,0.335666666666667,0.0086215728564177,0.318988352649873,0.352765295631184,3000,1.36356428153596,-0.16191870752715,2.94425821642523,0.538666666666667,1,"2026-08-25 20:22:43 UTC","0.1.0","full"
"D-FC-008","forced_choice","severity","severity",FALSE,"Lower performance","Chance-corrected binomial","chance-corrected logit","Gaussian identity;Standard binomial logit;Standard binomial probit;Chance-corrected binomial logit","identity;logit;probit;chance-corrected logit",20260807,"seed = (base_seed + stream_offset + scenario_number * 10000 + replication) modulo .Machine$integer.max",500,0.05,0,250,20,0.5,6,10,8,1.5,0.6,-0.9,0,1,1,"beta_intercept",-0.8,,,,,,,,,,,,,,,,,,,"severity",FALSE,"severity","logit","Standard binomial logit","Paper framework: chance-corrected logit generated, standard logit fitted.","AIC favors generating link",TRUE,TRUE,3000,250,3000,3000,1961,0.653666666666667,0.00868689732788325,0.636453899874339,0.670486400617411,3000,411,0.137,0.00627776499507056,0.125159139162325,0.149769305012262,3000,0.550930242234529,-0.397641004961827,1.57855569350451,0.777666666666667,1,"2026-08-25 20:22:43 UTC","0.1.0","full"
"D-FC-008","forced_choice","severity","severity",FALSE,"Lower performance","Chance-corrected binomial","chance-corrected logit","Gaussian identity;Standard binomial logit;Standard binomial probit;Chance-corrected binomial logit","identity;logit;probit;chance-corrected logit",20260807,"seed = (base_seed + stream_offset + scenario_number * 10000 + replication) modulo .Machine$integer.max",500,0.05,0,250,20,0.5,6,10,8,1.5,0.6,-0.9,0,1,1,"beta_intercept",-0.8,,,,,,,,,,,,,,,,,,,"severity",FALSE,"severity","logit","Standard binomial logit","Paper framework: chance-corrected logit generated, standard logit fitted.","DHARMa uniformity",TRUE,TRUE,3000,250,3000,3000,2,0.000666666666666667,0.000471247359752895,0.000182843087809544,0.00242763383921598,3000,411,0.137,0.00627776499507056,0.125159139162325,0.149769305012262,3000,0.550930242234529,-0.397641004961827,1.57855569350451,0.777666666666667,1,"2026-08-25 20:22:43 UTC","0.1.0","full"
"D-FC-008","forced_choice","severity","severity",FALSE,"Lower performance","Chance-corrected binomial","chance-corrected logit","Gaussian identity;Standard binomial logit;Standard binomial probit;Chance-corrected binomial logit","identity;logit;probit;chance-corrected logit",20260807,"seed = (base_seed + stream_offset + scenario_number * 10000 + replication) modulo .Machine$integer.max",500,0.05,0,250,20,0.5,6,10,8,1.5,0.6,-0.9,0,1,1,"beta_intercept",-0.8,,,,,,,,,,,,,,,,,,,"severity",FALSE,"severity","logit","Standard binomial logit","Paper framework: chance-corrected logit generated, standard logit fitted.","DHARMa dispersion",TRUE,TRUE,3000,250,3000,3000,2,0.000666666666666667,0.000471247359752895,0.000182843087809544,0.00242763383921598,3000,411,0.137,0.00627776499507056,0.125159139162325,0.149769305012262,3000,0.550930242234529,-0.397641004961827,1.57855569350451,0.777666666666667,1,"2026-08-25 20:22:43 UTC","0.1.0","full"
"D-FC-008","forced_choice","severity","severity",FALSE,"Lower performance","Chance-corrected binomial","chance-corrected logit","Gaussian identity;Standard binomial logit;Standard binomial probit;Chance-corrected binomial logit","identity;logit;probit;chance-corrected logit",20260807,"seed = (base_seed + stream_offset + scenario_number * 10000 + replication) modulo .Machine$integer.max",500,0.05,0,250,20,0.5,6,10,8,1.5,0.6,-0.9,0,1,1,"beta_intercept",-0.8,,,,,,,,,,,,,,,,,,,"severity",FALSE,"severity","logit","Standard binomial logit","Paper framework: chance-corrected logit generated, standard logit fitted.","DHARMa residual quantiles over fitted values",TRUE,TRUE,3000,250,3000,3000,51,0.017,0.00236015536211779,0.012953739842509,0.0222816280261559,3000,411,0.137,0.00627776499507056,0.125159139162325,0.149769305012262,3000,0.550930242234529,-0.397641004961827,1.57855569350451,0.777666666666667,1,"2026-08-25 20:22:43 UTC","0.1.0","full"
"D-FC-008","forced_choice","severity","severity",FALSE,"Lower performance","Chance-corrected binomial","chance-corrected logit","Gaussian identity;Standard binomial logit;Standard binomial probit;Chance-corrected binomial logit","identity;logit;probit;chance-corrected logit",20260807,"seed = (base_seed + stream_offset + scenario_number * 10000 + replication) modulo .Machine$integer.max",500,0.05,0,250,20,0.5,6,10,8,1.5,0.6,-0.9,0,1,1,"beta_intercept",-0.8,,,,,,,,,,,,,,,,,,,"severity",FALSE,"severity","logit","Standard binomial logit","Paper framework: chance-corrected logit generated, standard logit fitted.","DHARMa residual quantiles over focal predictor",TRUE,TRUE,3000,250,3000,3000,80,0.0266666666666667,0.0029414030413821,0.0214789198199719,0.0330650569733367,3000,411,0.137,0.00627776499507056,0.125159139162325,0.149769305012262,3000,0.550930242234529,-0.397641004961827,1.57855569350451,0.777666666666667,1,"2026-08-25 20:22:43 UTC","0.1.0","full"
"D-FC-008","forced_choice","severity","severity",FALSE,"Lower performance","Chance-corrected binomial","chance-corrected logit","Gaussian identity;Standard binomial logit;Standard binomial probit;Chance-corrected binomial logit","identity;logit;probit;chance-corrected logit",20260807,"seed = (base_seed + stream_offset + scenario_number * 10000 + replication) modulo .Machine$integer.max",500,0.05,0,250,20,0.5,6,10,8,1.5,0.6,-0.9,0,1,1,"beta_intercept",-0.8,,,,,,,,,,,,,,,,,,,"severity",FALSE,"severity","logit","Standard binomial logit","Paper framework: chance-corrected logit generated, standard logit fitted.","DHARMa residual distribution across design cells",FALSE,FALSE,3000,250,3000,0,0,,,,,3000,411,0.137,0.00627776499507056,0.125159139162325,0.149769305012262,3000,0.550930242234529,-0.397641004961827,1.57855569350451,0.777666666666667,1,"2026-08-25 20:22:43 UTC","0.1.0","full"
"D-FC-008","forced_choice","severity","severity",FALSE,"Lower performance","Chance-corrected binomial","chance-corrected logit","Gaussian identity;Standard binomial logit;Standard binomial probit;Chance-corrected binomial logit","identity;logit;probit;chance-corrected logit",20260807,"seed = (base_seed + stream_offset + scenario_number * 10000 + replication) modulo .Machine$integer.max",500,0.05,0,250,20,0.5,6,10,8,1.5,0.6,-0.9,0,1,1,"beta_intercept",-0.8,,,,,,,,,,,,,,,,,,,"severity",FALSE,"severity","logit","Standard binomial logit","Paper framework: chance-corrected logit generated, standard logit fitted.","Pregibon-style added-term link check",TRUE,TRUE,3000,250,3000,3000,348,0.116,0.00584648042272728,0.105028991660456,0.127953164160595,3000,411,0.137,0.00627776499507056,0.125159139162325,0.149769305012262,3000,0.550930242234529,-0.397641004961827,1.57855569350451,0.777666666666667,1,"2026-08-25 20:22:43 UTC","0.1.0","full"
"D-SS-001","sum_scores","diagnostic_not_defined","diagnostic_not_defined",FALSE,"Middle range","Deterministic graded-response item model","graded logistic latent scale","Observed sum-score identity;Gaussian-probit bounded score;Latent generating scale","identity;probit;identity latent benchmark",20260807,"seed = (base_seed + stream_offset + scenario_number * 10000 + replication) modulo .Machine$integer.max",500,0.05,0,600,,,,,,,,-0.9,,1,1,"threshold_shift",0,9,3,1,0.85,0,-1,1,0,,,,,,,,,,,"diagnostic_not_defined",FALSE,"diagnostic_not_defined",,"No comparable paper diagnostic","The paper does not compare diagnostics for the sum-score models because their response variables/scales do not support a same-likelihood AIC comparison.","AIC favors generating link",FALSE,FALSE,0,,0,0,0,,,,,0,0,,,,,0,,,,,,"2026-08-25 20:22:43 UTC","0.1.0","full"
"D-SS-001","sum_scores","diagnostic_not_defined","diagnostic_not_defined",FALSE,"Middle range","Deterministic graded-response item model","graded logistic latent scale","Observed sum-score identity;Gaussian-probit bounded score;Latent generating scale","identity;probit;identity latent benchmark",20260807,"seed = (base_seed + stream_offset + scenario_number * 10000 + replication) modulo .Machine$integer.max",500,0.05,0,600,,,,,,,,-0.9,,1,1,"threshold_shift",0,9,3,1,0.85,0,-1,1,0,,,,,,,,,,,"diagnostic_not_defined",FALSE,"diagnostic_not_defined",,"No comparable paper diagnostic","The paper does not compare diagnostics for the sum-score models because their response variables/scales do not support a same-likelihood AIC comparison.","DHARMa uniformity",FALSE,FALSE,0,,0,0,0,,,,,0,0,,,,,0,,,,,,"2026-08-25 20:22:43 UTC","0.1.0","full"
"D-SS-001","sum_scores","diagnostic_not_defined","diagnostic_not_defined",FALSE,"Middle range","Deterministic graded-response item model","graded logistic latent scale","Observed sum-score identity;Gaussian-probit bounded score;Latent generating scale","identity;probit;identity latent benchmark",20260807,"seed = (base_seed + stream_offset + scenario_number * 10000 + replication) modulo .Machine$integer.max",500,0.05,0,600,,,,,,,,-0.9,,1,1,"threshold_shift",0,9,3,1,0.85,0,-1,1,0,,,,,,,,,,,"diagnostic_not_defined",FALSE,"diagnostic_not_defined",,"No comparable paper diagnostic","The paper does not compare diagnostics for the sum-score models because their response variables/scales do not support a same-likelihood AIC comparison.","DHARMa dispersion",FALSE,FALSE,0,,0,0,0,,,,,0,0,,,,,0,,,,,,"2026-08-25 20:22:43 UTC","0.1.0","full"
"D-SS-001","sum_scores","diagnostic_not_defined","diagnostic_not_defined",FALSE,"Middle range","Deterministic graded-response item model","graded logistic latent scale","Observed sum-score identity;Gaussian-probit bounded score;Latent generating scale","identity;probit;identity latent benchmark",20260807,"seed = (base_seed + stream_offset + scenario_number * 10000 + replication) modulo .Machine$integer.max",500,0.05,0,600,,,,,,,,-0.9,,1,1,"threshold_shift",0,9,3,1,0.85,0,-1,1,0,,,,,,,,,,,"diagnostic_not_defined",FALSE,"diagnostic_not_defined",,"No comparable paper diagnostic","The paper does not compare diagnostics for the sum-score models because their response variables/scales do not support a same-likelihood AIC comparison.","DHARMa residual quantiles over fitted values",FALSE,FALSE,0,,0,0,0,,,,,0,0,,,,,0,,,,,,"2026-08-25 20:22:43 UTC","0.1.0","full"
"D-SS-001","sum_scores","diagnostic_not_defined","diagnostic_not_defined",FALSE,"Middle range","Deterministic graded-response item model","graded logistic latent scale","Observed sum-score identity;Gaussian-probit bounded score;Latent generating scale","identity;probit;identity latent benchmark",20260807,"seed = (base_seed + stream_offset + scenario_number * 10000 + replication) modulo .Machine$integer.max",500,0.05,0,600,,,,,,,,-0.9,,1,1,"threshold_shift",0,9,3,1,0.85,0,-1,1,0,,,,,,,,,,,"diagnostic_not_defined",FALSE,"diagnostic_not_defined",,"No comparable paper diagnostic","The paper does not compare diagnostics for the sum-score models because their response variables/scales do not support a same-likelihood AIC comparison.","DHARMa residual quantiles over focal predictor",FALSE,FALSE,0,,0,0,0,,,,,0,0,,,,,0,,,,,,"2026-08-25 20:22:43 UTC","0.1.0","full"
"D-SS-001","sum_scores","diagnostic_not_defined","diagnostic_not_defined",FALSE,"Middle range","Deterministic graded-response item model","graded logistic latent scale","Observed sum-score identity;Gaussian-probit bounded score;Latent generating scale","identity;probit;identity latent benchmark",20260807,"seed = (base_seed + stream_offset + scenario_number * 10000 + replication) modulo .Machine$integer.max",500,0.05,0,600,,,,,,,,-0.9,,1,1,"threshold_shift",0,9,3,1,0.85,0,-1,1,0,,,,,,,,,,,"diagnostic_not_defined",FALSE,"diagnostic_not_defined",,"No comparable paper diagnostic","The paper does not compare diagnostics for the sum-score models because their response variables/scales do not support a same-likelihood AIC comparison.","DHARMa residual distribution across design cells",FALSE,FALSE,0,,0,0,0,,,,,0,0,,,,,0,,,,,,"2026-08-25 20:22:43 UTC","0.1.0","full"
"D-SS-001","sum_scores","diagnostic_not_defined","diagnostic_not_defined",FALSE,"Middle range","Deterministic graded-response item model","graded logistic latent scale","Observed sum-score identity;Gaussian-probit bounded score;Latent generating scale","identity;probit;identity latent benchmark",20260807,"seed = (base_seed + stream_offset + scenario_number * 10000 + replication) modulo .Machine$integer.max",500,0.05,0,600,,,,,,,,-0.9,,1,1,"threshold_shift",0,9,3,1,0.85,0,-1,1,0,,,,,,,,,,,"diagnostic_not_defined",FALSE,"diagnostic_not_defined",,"No comparable paper diagnostic","The paper does not compare diagnostics for the sum-score models because their response variables/scales do not support a same-likelihood AIC comparison.","Pregibon-style added-term link check",FALSE,FALSE,0,,0,0,0,,,,,0,0,,,,,0,,,,,,"2026-08-25 20:22:43 UTC","0.1.0","full"
"D-WF-001","within_family","sample_size","sample_size",FALSE,"Probit-generated manuscript scenario","Random-intercept binomial","probit","Binomial logit;Binomial probit","logit;probit",20260807,"seed = (base_seed + stream_offset + scenario_number * 10000 + replication) modulo .Machine$integer.max",300,0.05,0,,15,,,,,1.5,,-1,,1,1,"",,,,,,,,,,200,0.3,1.5,-1,-1,0,1.65,1,-1,0,"sample_size",FALSE,"sample_size","logit","Binomial logit GLMM","Exact paper diagnostic anchor uses 300 subjects; probit generated, logit fitted.","AIC favors generating link",TRUE,TRUE,3000,250,3000,3000,2747,0.915666666666667,0.00507350050826916,0.905183366734871,0.925086817024808,3000,235,0.0783333333333333,0.00490568453334912,0.0692486467839036,0.0884965156411213,3000,3.92042553843248,1.98943435196225,5.76674282607632,0.231,1,"2026-08-25 20:22:43 UTC","0.1.0","full"
"D-WF-001","within_family","sample_size","sample_size",FALSE,"Probit-generated manuscript scenario","Random-intercept binomial","probit","Binomial logit;Binomial probit","logit;probit",20260807,"seed = (base_seed + stream_offset + scenario_number * 10000 + replication) modulo .Machine$integer.max",300,0.05,0,,15,,,,,1.5,,-1,,1,1,"",,,,,,,,,,200,0.3,1.5,-1,-1,0,1.65,1,-1,0,"sample_size",FALSE,"sample_size","logit","Binomial logit GLMM","Exact paper diagnostic anchor uses 300 subjects; probit generated, logit fitted.","DHARMa uniformity",TRUE,TRUE,3000,250,3000,3000,65,0.0216666666666667,0.00265814610974279,0.0170360323036747,0.0275207329768871,3000,235,0.0783333333333333,0.00490568453334912,0.0692486467839036,0.0884965156411213,3000,3.92042553843248,1.98943435196225,5.76674282607632,0.231,1,"2026-08-25 20:22:43 UTC","0.1.0","full"
"D-WF-001","within_family","sample_size","sample_size",FALSE,"Probit-generated manuscript scenario","Random-intercept binomial","probit","Binomial logit;Binomial probit","logit;probit",20260807,"seed = (base_seed + stream_offset + scenario_number * 10000 + replication) modulo .Machine$integer.max",300,0.05,0,,15,,,,,1.5,,-1,,1,1,"",,,,,,,,,,200,0.3,1.5,-1,-1,0,1.65,1,-1,0,"sample_size",FALSE,"sample_size","logit","Binomial logit GLMM","Exact paper diagnostic anchor uses 300 subjects; probit generated, logit fitted.","DHARMa dispersion",TRUE,TRUE,3000,250,3000,3000,0,0,0,0,0.00127884872532596,3000,235,0.0783333333333333,0.00490568453334912,0.0692486467839036,0.0884965156411213,3000,3.92042553843248,1.98943435196225,5.76674282607632,0.231,1,"2026-08-25 20:22:43 UTC","0.1.0","full"
"D-WF-001","within_family","sample_size","sample_size",FALSE,"Probit-generated manuscript scenario","Random-intercept binomial","probit","Binomial logit;Binomial probit","logit;probit",20260807,"seed = (base_seed + stream_offset + scenario_number * 10000 + replication) modulo .Machine$integer.max",300,0.05,0,,15,,,,,1.5,,-1,,1,1,"",,,,,,,,,,200,0.3,1.5,-1,-1,0,1.65,1,-1,0,"sample_size",FALSE,"sample_size","logit","Binomial logit GLMM","Exact paper diagnostic anchor uses 300 subjects; probit generated, logit fitted.","DHARMa residual quantiles over fitted values",FALSE,FALSE,3000,250,3000,0,0,,,,,3000,235,0.0783333333333333,0.00490568453334912,0.0692486467839036,0.0884965156411213,3000,3.92042553843248,1.98943435196225,5.76674282607632,0.231,1,"2026-08-25 20:22:43 UTC","0.1.0","full"
"D-WF-001","within_family","sample_size","sample_size",FALSE,"Probit-generated manuscript scenario","Random-intercept binomial","probit","Binomial logit;Binomial probit","logit;probit",20260807,"seed = (base_seed + stream_offset + scenario_number * 10000 + replication) modulo .Machine$integer.max",300,0.05,0,,15,,,,,1.5,,-1,,1,1,"",,,,,,,,,,200,0.3,1.5,-1,-1,0,1.65,1,-1,0,"sample_size",FALSE,"sample_size","logit","Binomial logit GLMM","Exact paper diagnostic anchor uses 300 subjects; probit generated, logit fitted.","DHARMa residual quantiles over focal predictor",FALSE,FALSE,3000,250,3000,0,0,,,,,3000,235,0.0783333333333333,0.00490568453334912,0.0692486467839036,0.0884965156411213,3000,3.92042553843248,1.98943435196225,5.76674282607632,0.231,1,"2026-08-25 20:22:43 UTC","0.1.0","full"
"D-WF-001","within_family","sample_size","sample_size",FALSE,"Probit-generated manuscript scenario","Random-intercept binomial","probit","Binomial logit;Binomial probit","logit;probit",20260807,"seed = (base_seed + stream_offset + scenario_number * 10000 + replication) modulo .Machine$integer.max",300,0.05,0,,15,,,,,1.5,,-1,,1,1,"",,,,,,,,,,200,0.3,1.5,-1,-1,0,1.65,1,-1,0,"sample_size",FALSE,"sample_size","logit","Binomial logit GLMM","Exact paper diagnostic anchor uses 300 subjects; probit generated, logit fitted.","DHARMa residual distribution across design cells",TRUE,TRUE,3000,250,3000,3000,17,0.00566666666666667,0.00137046896542212,0.00354105658324783,0.00905663185652444,3000,235,0.0783333333333333,0.00490568453334912,0.0692486467839036,0.0884965156411213,3000,3.92042553843248,1.98943435196225,5.76674282607632,0.231,1,"2026-08-25 20:22:43 UTC","0.1.0","full"
"D-WF-001","within_family","sample_size","sample_size",FALSE,"Probit-generated manuscript scenario","Random-intercept binomial","probit","Binomial logit;Binomial probit","logit;probit",20260807,"seed = (base_seed + stream_offset + scenario_number * 10000 + replication) modulo .Machine$integer.max",300,0.05,0,,15,,,,,1.5,,-1,,1,1,"",,,,,,,,,,200,0.3,1.5,-1,-1,0,1.65,1,-1,0,"sample_size",FALSE,"sample_size","logit","Binomial logit GLMM","Exact paper diagnostic anchor uses 300 subjects; probit generated, logit fitted.","Pregibon-style added-term link check",TRUE,TRUE,3000,250,3000,3000,2989,0.996333333333333,0.00110351290918627,0.993445864760527,0.9979513314048,3000,235,0.0783333333333333,0.00490568453334912,0.0692486467839036,0.0884965156411213,3000,3.92042553843248,1.98943435196225,5.76674282607632,0.231,1,"2026-08-25 20:22:43 UTC","0.1.0","full"
"D-WF-002","within_family","sample_size","diagnostic_anchor;sample_size;severity",TRUE,"Probit-generated manuscript scenario","Random-intercept binomial","probit","Binomial logit;Binomial probit","logit;probit",20260807,"seed = (base_seed + stream_offset + scenario_number * 10000 + replication) modulo .Machine$integer.max",300,0.05,0,,15,,,,,1.5,,-1,,1,1,"",,,,,,,,,,300,0.3,1.5,-1,-1,0,1.65,1,-1,0,"sample_size",TRUE,"diagnostic_anchor;sample_size;severity","logit","Binomial logit GLMM","Exact paper diagnostic anchor uses 300 subjects; probit generated, logit fitted.","AIC favors generating link",TRUE,TRUE,3000,250,3000,3000,2863,0.954333333333333,0.00381143989511498,0.946264227269933,0.96124039218832,3000,308,0.102666666666667,0.00554154678232899,0.0923086237446457,0.114040968042413,3000,6.04374687505606,3.7226485926999,8.46009182838907,0.111333333333333,1,"2026-08-25 20:22:43 UTC","0.1.0","full"
"D-WF-002","within_family","sample_size","diagnostic_anchor;sample_size;severity",TRUE,"Probit-generated manuscript scenario","Random-intercept binomial","probit","Binomial logit;Binomial probit","logit;probit",20260807,"seed = (base_seed + stream_offset + scenario_number * 10000 + replication) modulo .Machine$integer.max",300,0.05,0,,15,,,,,1.5,,-1,,1,1,"",,,,,,,,,,300,0.3,1.5,-1,-1,0,1.65,1,-1,0,"sample_size",TRUE,"diagnostic_anchor;sample_size;severity","logit","Binomial logit GLMM","Exact paper diagnostic anchor uses 300 subjects; probit generated, logit fitted.","DHARMa uniformity",TRUE,TRUE,3000,250,3000,3000,103,0.0343333333333333,0.00332438242663484,0.0283901731768666,0.041467527935987,3000,308,0.102666666666667,0.00554154678232899,0.0923086237446457,0.114040968042413,3000,6.04374687505606,3.7226485926999,8.46009182838907,0.111333333333333,1,"2026-08-25 20:22:43 UTC","0.1.0","full"
"D-WF-002","within_family","sample_size","diagnostic_anchor;sample_size;severity",TRUE,"Probit-generated manuscript scenario","Random-intercept binomial","probit","Binomial logit;Binomial probit","logit;probit",20260807,"seed = (base_seed + stream_offset + scenario_number * 10000 + replication) modulo .Machine$integer.max",300,0.05,0,,15,,,,,1.5,,-1,,1,1,"",,,,,,,,,,300,0.3,1.5,-1,-1,0,1.65,1,-1,0,"sample_size",TRUE,"diagnostic_anchor;sample_size;severity","logit","Binomial logit GLMM","Exact paper diagnostic anchor uses 300 subjects; probit generated, logit fitted.","DHARMa dispersion",TRUE,TRUE,3000,250,3000,3000,0,0,0,0,0.00127884872532596,3000,308,0.102666666666667,0.00554154678232899,0.0923086237446457,0.114040968042413,3000,6.04374687505606,3.7226485926999,8.46009182838907,0.111333333333333,1,"2026-08-25 20:22:43 UTC","0.1.0","full"
"D-WF-002","within_family","sample_size","diagnostic_anchor;sample_size;severity",TRUE,"Probit-generated manuscript scenario","Random-intercept binomial","probit","Binomial logit;Binomial probit","logit;probit",20260807,"seed = (base_seed + stream_offset + scenario_number * 10000 + replication) modulo .Machine$integer.max",300,0.05,0,,15,,,,,1.5,,-1,,1,1,"",,,,,,,,,,300,0.3,1.5,-1,-1,0,1.65,1,-1,0,"sample_size",TRUE,"diagnostic_anchor;sample_size;severity","logit","Binomial logit GLMM","Exact paper diagnostic anchor uses 300 subjects; probit generated, logit fitted.","DHARMa residual quantiles over fitted values",FALSE,FALSE,3000,250,3000,0,0,,,,,3000,308,0.102666666666667,0.00554154678232899,0.0923086237446457,0.114040968042413,3000,6.04374687505606,3.7226485926999,8.46009182838907,0.111333333333333,1,"2026-08-25 20:22:43 UTC","0.1.0","full"
"D-WF-002","within_family","sample_size","diagnostic_anchor;sample_size;severity",TRUE,"Probit-generated manuscript scenario","Random-intercept binomial","probit","Binomial logit;Binomial probit","logit;probit",20260807,"seed = (base_seed + stream_offset + scenario_number * 10000 + replication) modulo .Machine$integer.max",300,0.05,0,,15,,,,,1.5,,-1,,1,1,"",,,,,,,,,,300,0.3,1.5,-1,-1,0,1.65,1,-1,0,"sample_size",TRUE,"diagnostic_anchor;sample_size;severity","logit","Binomial logit GLMM","Exact paper diagnostic anchor uses 300 subjects; probit generated, logit fitted.","DHARMa residual quantiles over focal predictor",FALSE,FALSE,3000,250,3000,0,0,,,,,3000,308,0.102666666666667,0.00554154678232899,0.0923086237446457,0.114040968042413,3000,6.04374687505606,3.7226485926999,8.46009182838907,0.111333333333333,1,"2026-08-25 20:22:43 UTC","0.1.0","full"
"D-WF-002","within_family","sample_size","diagnostic_anchor;sample_size;severity",TRUE,"Probit-generated manuscript scenario","Random-intercept binomial","probit","Binomial logit;Binomial probit","logit;probit",20260807,"seed = (base_seed + stream_offset + scenario_number * 10000 + replication) modulo .Machine$integer.max",300,0.05,0,,15,,,,,1.5,,-1,,1,1,"",,,,,,,,,,300,0.3,1.5,-1,-1,0,1.65,1,-1,0,"sample_size",TRUE,"diagnostic_anchor;sample_size;severity","logit","Binomial logit GLMM","Exact paper diagnostic anchor uses 300 subjects; probit generated, logit fitted.","DHARMa residual distribution across design cells",TRUE,TRUE,3000,250,3000,3000,21,0.007,0.00152216950435883,0.00458305171480416,0.0106778931283672,3000,308,0.102666666666667,0.00554154678232899,0.0923086237446457,0.114040968042413,3000,6.04374687505606,3.7226485926999,8.46009182838907,0.111333333333333,1,"2026-08-25 20:22:43 UTC","0.1.0","full"
"D-WF-002","within_family","sample_size","diagnostic_anchor;sample_size;severity",TRUE,"Probit-generated manuscript scenario","Random-intercept binomial","probit","Binomial logit;Binomial probit","logit;probit",20260807,"seed = (base_seed + stream_offset + scenario_number * 10000 + replication) modulo .Machine$integer.max",300,0.05,0,,15,,,,,1.5,,-1,,1,1,"",,,,,,,,,,300,0.3,1.5,-1,-1,0,1.65,1,-1,0,"sample_size",TRUE,"diagnostic_anchor;sample_size;severity","logit","Binomial logit GLMM","Exact paper diagnostic anchor uses 300 subjects; probit generated, logit fitted.","Pregibon-style added-term link check",TRUE,TRUE,3000,250,3000,3000,3000,1,0,0.998721151274674,1,3000,308,0.102666666666667,0.00554154678232899,0.0923086237446457,0.114040968042413,3000,6.04374687505606,3.7226485926999,8.46009182838907,0.111333333333333,1,"2026-08-25 20:22:43 UTC","0.1.0","full"
"D-WF-003","within_family","sample_size","sample_size",FALSE,"Probit-generated manuscript scenario","Random-intercept binomial","probit","Binomial logit;Binomial probit","logit;probit",20260807,"seed = (base_seed + stream_offset + scenario_number * 10000 + replication) modulo .Machine$integer.max",300,0.05,0,,15,,,,,1.5,,-1,,1,1,"",,,,,,,,,,700,0.3,1.5,-1,-1,0,1.65,1,-1,0,"sample_size",FALSE,"sample_size","logit","Binomial logit GLMM","Exact paper diagnostic anchor uses 300 subjects; probit generated, logit fitted.","AIC favors generating link",TRUE,TRUE,3000,250,3000,3000,2978,0.992666666666667,0.00155772864084811,0.988921109577917,0.995152131478062,3000,555,0.185,0.00708931120302483,0.1715110881969,0.199294586500055,3000,13.7559912436664,10.0203051178869,17.4775400041781,0.0126666666666667,1,"2026-08-25 20:22:43 UTC","0.1.0","full"
"D-WF-003","within_family","sample_size","sample_size",FALSE,"Probit-generated manuscript scenario","Random-intercept binomial","probit","Binomial logit;Binomial probit","logit;probit",20260807,"seed = (base_seed + stream_offset + scenario_number * 10000 + replication) modulo .Machine$integer.max",300,0.05,0,,15,,,,,1.5,,-1,,1,1,"",,,,,,,,,,700,0.3,1.5,-1,-1,0,1.65,1,-1,0,"sample_size",FALSE,"sample_size","logit","Binomial logit GLMM","Exact paper diagnostic anchor uses 300 subjects; probit generated, logit fitted.","DHARMa uniformity",TRUE,TRUE,3000,250,3000,3000,231,0.077,0.00486727165189425,0.0679920427108075,0.0870898633108183,3000,555,0.185,0.00708931120302483,0.1715110881969,0.199294586500055,3000,13.7559912436664,10.0203051178869,17.4775400041781,0.0126666666666667,1,"2026-08-25 20:22:43 UTC","0.1.0","full"
"D-WF-003","within_family","sample_size","sample_size",FALSE,"Probit-generated manuscript scenario","Random-intercept binomial","probit","Binomial logit;Binomial probit","logit;probit",20260807,"seed = (base_seed + stream_offset + scenario_number * 10000 + replication) modulo .Machine$integer.max",300,0.05,0,,15,,,,,1.5,,-1,,1,1,"",,,,,,,,,,700,0.3,1.5,-1,-1,0,1.65,1,-1,0,"sample_size",FALSE,"sample_size","logit","Binomial logit GLMM","Exact paper diagnostic anchor uses 300 subjects; probit generated, logit fitted.","DHARMa dispersion",TRUE,TRUE,3000,250,3000,3000,0,0,0,0,0.00127884872532596,3000,555,0.185,0.00708931120302483,0.1715110881969,0.199294586500055,3000,13.7559912436664,10.0203051178869,17.4775400041781,0.0126666666666667,1,"2026-08-25 20:22:43 UTC","0.1.0","full"
"D-WF-003","within_family","sample_size","sample_size",FALSE,"Probit-generated manuscript scenario","Random-intercept binomial","probit","Binomial logit;Binomial probit","logit;probit",20260807,"seed = (base_seed + stream_offset + scenario_number * 10000 + replication) modulo .Machine$integer.max",300,0.05,0,,15,,,,,1.5,,-1,,1,1,"",,,,,,,,,,700,0.3,1.5,-1,-1,0,1.65,1,-1,0,"sample_size",FALSE,"sample_size","logit","Binomial logit GLMM","Exact paper diagnostic anchor uses 300 subjects; probit generated, logit fitted.","DHARMa residual quantiles over fitted values",FALSE,FALSE,3000,250,3000,0,0,,,,,3000,555,0.185,0.00708931120302483,0.1715110881969,0.199294586500055,3000,13.7559912436664,10.0203051178869,17.4775400041781,0.0126666666666667,1,"2026-08-25 20:22:43 UTC","0.1.0","full"
"D-WF-003","within_family","sample_size","sample_size",FALSE,"Probit-generated manuscript scenario","Random-intercept binomial","probit","Binomial logit;Binomial probit","logit;probit",20260807,"seed = (base_seed + stream_offset + scenario_number * 10000 + replication) modulo .Machine$integer.max",300,0.05,0,,15,,,,,1.5,,-1,,1,1,"",,,,,,,,,,700,0.3,1.5,-1,-1,0,1.65,1,-1,0,"sample_size",FALSE,"sample_size","logit","Binomial logit GLMM","Exact paper diagnostic anchor uses 300 subjects; probit generated, logit fitted.","DHARMa residual quantiles over focal predictor",FALSE,FALSE,3000,250,3000,0,0,,,,,3000,555,0.185,0.00708931120302483,0.1715110881969,0.199294586500055,3000,13.7559912436664,10.0203051178869,17.4775400041781,0.0126666666666667,1,"2026-08-25 20:22:43 UTC","0.1.0","full"
"D-WF-003","within_family","sample_size","sample_size",FALSE,"Probit-generated manuscript scenario","Random-intercept binomial","probit","Binomial logit;Binomial probit","logit;probit",20260807,"seed = (base_seed + stream_offset + scenario_number * 10000 + replication) modulo .Machine$integer.max",300,0.05,0,,15,,,,,1.5,,-1,,1,1,"",,,,,,,,,,700,0.3,1.5,-1,-1,0,1.65,1,-1,0,"sample_size",FALSE,"sample_size","logit","Binomial logit GLMM","Exact paper diagnostic anchor uses 300 subjects; probit generated, logit fitted.","DHARMa residual distribution across design cells",TRUE,TRUE,3000,250,3000,3000,39,0.013,0.00206809090709282,0.00952441098756193,0.0177211876709056,3000,555,0.185,0.00708931120302483,0.1715110881969,0.199294586500055,3000,13.7559912436664,10.0203051178869,17.4775400041781,0.0126666666666667,1,"2026-08-25 20:22:43 UTC","0.1.0","full"
"D-WF-003","within_family","sample_size","sample_size",FALSE,"Probit-generated manuscript scenario","Random-intercept binomial","probit","Binomial logit;Binomial probit","logit;probit",20260807,"seed = (base_seed + stream_offset + scenario_number * 10000 + replication) modulo .Machine$integer.max",300,0.05,0,,15,,,,,1.5,,-1,,1,1,"",,,,,,,,,,700,0.3,1.5,-1,-1,0,1.65,1,-1,0,"sample_size",FALSE,"sample_size","logit","Binomial logit GLMM","Exact paper diagnostic anchor uses 300 subjects; probit generated, logit fitted.","Pregibon-style added-term link check",TRUE,TRUE,3000,250,3000,3000,3000,1,0,0.998721151274674,1,3000,555,0.185,0.00708931120302483,0.1715110881969,0.199294586500055,3000,13.7559912436664,10.0203051178869,17.4775400041781,0.0126666666666667,1,"2026-08-25 20:22:43 UTC","0.1.0","full"
"D-WF-004","within_family","sample_size","sample_size",FALSE,"Probit-generated manuscript scenario","Random-intercept binomial","probit","Binomial logit;Binomial probit","logit;probit",20260807,"seed = (base_seed + stream_offset + scenario_number * 10000 + replication) modulo .Machine$integer.max",300,0.05,0,,15,,,,,1.5,,-1,,1,1,"",,,,,,,,,,1200,0.3,1.5,-1,-1,0,1.65,1,-1,0,"sample_size",FALSE,"sample_size","logit","Binomial logit GLMM","Exact paper diagnostic anchor uses 300 subjects; probit generated, logit fitted.","AIC favors generating link",TRUE,TRUE,3000,250,3000,3000,2999,0.999666666666667,0.000333277773147358,0.998114181115696,0.999941156058129,3000,807,0.269,0.00809606900497602,0.253434808645807,0.285156019465294,3000,23.5432019162472,18.8258151577338,28.2800694321941,0.000666666666666667,1,"2026-08-25 20:22:43 UTC","0.1.0","full"
"D-WF-004","within_family","sample_size","sample_size",FALSE,"Probit-generated manuscript scenario","Random-intercept binomial","probit","Binomial logit;Binomial probit","logit;probit",20260807,"seed = (base_seed + stream_offset + scenario_number * 10000 + replication) modulo .Machine$integer.max",300,0.05,0,,15,,,,,1.5,,-1,,1,1,"",,,,,,,,,,1200,0.3,1.5,-1,-1,0,1.65,1,-1,0,"sample_size",FALSE,"sample_size","logit","Binomial logit GLMM","Exact paper diagnostic anchor uses 300 subjects; probit generated, logit fitted.","DHARMa uniformity",TRUE,TRUE,3000,250,3000,3000,448,0.149333333333333,0.00650724951852135,0.137028079369685,0.162535486536343,3000,807,0.269,0.00809606900497602,0.253434808645807,0.285156019465294,3000,23.5432019162472,18.8258151577338,28.2800694321941,0.000666666666666667,1,"2026-08-25 20:22:43 UTC","0.1.0","full"
"D-WF-004","within_family","sample_size","sample_size",FALSE,"Probit-generated manuscript scenario","Random-intercept binomial","probit","Binomial logit;Binomial probit","logit;probit",20260807,"seed = (base_seed + stream_offset + scenario_number * 10000 + replication) modulo .Machine$integer.max",300,0.05,0,,15,,,,,1.5,,-1,,1,1,"",,,,,,,,,,1200,0.3,1.5,-1,-1,0,1.65,1,-1,0,"sample_size",FALSE,"sample_size","logit","Binomial logit GLMM","Exact paper diagnostic anchor uses 300 subjects; probit generated, logit fitted.","DHARMa dispersion",TRUE,TRUE,3000,250,3000,3000,8,0.00266666666666667,0.000941551123688203,0.00135186474019355,0.00525349679193067,3000,807,0.269,0.00809606900497602,0.253434808645807,0.285156019465294,3000,23.5432019162472,18.8258151577338,28.2800694321941,0.000666666666666667,1,"2026-08-25 20:22:43 UTC","0.1.0","full"
"D-WF-004","within_family","sample_size","sample_size",FALSE,"Probit-generated manuscript scenario","Random-intercept binomial","probit","Binomial logit;Binomial probit","logit;probit",20260807,"seed = (base_seed + stream_offset + scenario_number * 10000 + replication) modulo .Machine$integer.max",300,0.05,0,,15,,,,,1.5,,-1,,1,1,"",,,,,,,,,,1200,0.3,1.5,-1,-1,0,1.65,1,-1,0,"sample_size",FALSE,"sample_size","logit","Binomial logit GLMM","Exact paper diagnostic anchor uses 300 subjects; probit generated, logit fitted.","DHARMa residual quantiles over fitted values",FALSE,FALSE,3000,250,3000,0,0,,,,,3000,807,0.269,0.00809606900497602,0.253434808645807,0.285156019465294,3000,23.5432019162472,18.8258151577338,28.2800694321941,0.000666666666666667,1,"2026-08-25 20:22:43 UTC","0.1.0","full"
"D-WF-004","within_family","sample_size","sample_size",FALSE,"Probit-generated manuscript scenario","Random-intercept binomial","probit","Binomial logit;Binomial probit","logit;probit",20260807,"seed = (base_seed + stream_offset + scenario_number * 10000 + replication) modulo .Machine$integer.max",300,0.05,0,,15,,,,,1.5,,-1,,1,1,"",,,,,,,,,,1200,0.3,1.5,-1,-1,0,1.65,1,-1,0,"sample_size",FALSE,"sample_size","logit","Binomial logit GLMM","Exact paper diagnostic anchor uses 300 subjects; probit generated, logit fitted.","DHARMa residual quantiles over focal predictor",FALSE,FALSE,3000,250,3000,0,0,,,,,3000,807,0.269,0.00809606900497602,0.253434808645807,0.285156019465294,3000,23.5432019162472,18.8258151577338,28.2800694321941,0.000666666666666667,1,"2026-08-25 20:22:43 UTC","0.1.0","full"
"D-WF-004","within_family","sample_size","sample_size",FALSE,"Probit-generated manuscript scenario","Random-intercept binomial","probit","Binomial logit;Binomial probit","logit;probit",20260807,"seed = (base_seed + stream_offset + scenario_number * 10000 + replication) modulo .Machine$integer.max",300,0.05,0,,15,,,,,1.5,,-1,,1,1,"",,,,,,,,,,1200,0.3,1.5,-1,-1,0,1.65,1,-1,0,"sample_size",FALSE,"sample_size","logit","Binomial logit GLMM","Exact paper diagnostic anchor uses 300 subjects; probit generated, logit fitted.","DHARMa residual distribution across design cells",TRUE,TRUE,3000,250,3000,3000,91,0.0303333333333333,0.00313119903669623,0.0247715134128969,0.0370964184897593,3000,807,0.269,0.00809606900497602,0.253434808645807,0.285156019465294,3000,23.5432019162472,18.8258151577338,28.2800694321941,0.000666666666666667,1,"2026-08-25 20:22:43 UTC","0.1.0","full"
"D-WF-004","within_family","sample_size","sample_size",FALSE,"Probit-generated manuscript scenario","Random-intercept binomial","probit","Binomial logit;Binomial probit","logit;probit",20260807,"seed = (base_seed + stream_offset + scenario_number * 10000 + replication) modulo .Machine$integer.max",300,0.05,0,,15,,,,,1.5,,-1,,1,1,"",,,,,,,,,,1200,0.3,1.5,-1,-1,0,1.65,1,-1,0,"sample_size",FALSE,"sample_size","logit","Binomial logit GLMM","Exact paper diagnostic anchor uses 300 subjects; probit generated, logit fitted.","Pregibon-style added-term link check",TRUE,TRUE,3000,250,3000,3000,3000,1,0,0.998721151274674,1,3000,807,0.269,0.00809606900497602,0.253434808645807,0.285156019465294,3000,23.5432019162472,18.8258151577338,28.2800694321941,0.000666666666666667,1,"2026-08-25 20:22:43 UTC","0.1.0","full"
"D-WF-005","within_family","severity","severity",FALSE,"Probit-generated manuscript scenario","Random-intercept binomial","probit","Binomial logit;Binomial probit","logit;probit",20260807,"seed = (base_seed + stream_offset + scenario_number * 10000 + replication) modulo .Machine$integer.max",300,0.05,0,,15,,,,,0,,-1,,1,1,"",,,,,,,,,,300,0.3,0,-1,-1,0,1.65,1,-1,0,"severity",FALSE,"severity","logit","Binomial logit GLMM","Exact paper diagnostic anchor uses 300 subjects; probit generated, logit fitted.","AIC favors generating link",TRUE,TRUE,3000,250,3000,3000,2858,0.952666666666667,0.00387697858685897,0.944471863523999,0.959703685430006,3000,594,0.198,0.00727543813113685,0.184130503909671,0.212641920720426,3000,6.6827532995876,4.02944847578237,9.33871392395849,0.103333333333333,1,"2026-08-25 20:22:43 UTC","0.1.0","full"
"D-WF-005","within_family","severity","severity",FALSE,"Probit-generated manuscript scenario","Random-intercept binomial","probit","Binomial logit;Binomial probit","logit;probit",20260807,"seed = (base_seed + stream_offset + scenario_number * 10000 + replication) modulo .Machine$integer.max",300,0.05,0,,15,,,,,0,,-1,,1,1,"",,,,,,,,,,300,0.3,0,-1,-1,0,1.65,1,-1,0,"severity",FALSE,"severity","logit","Binomial logit GLMM","Exact paper diagnostic anchor uses 300 subjects; probit generated, logit fitted.","DHARMa uniformity",TRUE,TRUE,3000,250,3000,3000,123,0.041,0.00362026702514239,0.0344716832702417,0.0487022998596076,3000,594,0.198,0.00727543813113685,0.184130503909671,0.212641920720426,3000,6.6827532995876,4.02944847578237,9.33871392395849,0.103333333333333,1,"2026-08-25 20:22:43 UTC","0.1.0","full"
"D-WF-005","within_family","severity","severity",FALSE,"Probit-generated manuscript scenario","Random-intercept binomial","probit","Binomial logit;Binomial probit","logit;probit",20260807,"seed = (base_seed + stream_offset + scenario_number * 10000 + replication) modulo .Machine$integer.max",300,0.05,0,,15,,,,,0,,-1,,1,1,"",,,,,,,,,,300,0.3,0,-1,-1,0,1.65,1,-1,0,"severity",FALSE,"severity","logit","Binomial logit GLMM","Exact paper diagnostic anchor uses 300 subjects; probit generated, logit fitted.","DHARMa dispersion",TRUE,TRUE,3000,250,3000,3000,0,0,0,0,0.00127884872532596,3000,594,0.198,0.00727543813113685,0.184130503909671,0.212641920720426,3000,6.6827532995876,4.02944847578237,9.33871392395849,0.103333333333333,1,"2026-08-25 20:22:43 UTC","0.1.0","full"
"D-WF-005","within_family","severity","severity",FALSE,"Probit-generated manuscript scenario","Random-intercept binomial","probit","Binomial logit;Binomial probit","logit;probit",20260807,"seed = (base_seed + stream_offset + scenario_number * 10000 + replication) modulo .Machine$integer.max",300,0.05,0,,15,,,,,0,,-1,,1,1,"",,,,,,,,,,300,0.3,0,-1,-1,0,1.65,1,-1,0,"severity",FALSE,"severity","logit","Binomial logit GLMM","Exact paper diagnostic anchor uses 300 subjects; probit generated, logit fitted.","DHARMa residual quantiles over fitted values",FALSE,FALSE,3000,250,3000,0,0,,,,,3000,594,0.198,0.00727543813113685,0.184130503909671,0.212641920720426,3000,6.6827532995876,4.02944847578237,9.33871392395849,0.103333333333333,1,"2026-08-25 20:22:43 UTC","0.1.0","full"
"D-WF-005","within_family","severity","severity",FALSE,"Probit-generated manuscript scenario","Random-intercept binomial","probit","Binomial logit;Binomial probit","logit;probit",20260807,"seed = (base_seed + stream_offset + scenario_number * 10000 + replication) modulo .Machine$integer.max",300,0.05,0,,15,,,,,0,,-1,,1,1,"",,,,,,,,,,300,0.3,0,-1,-1,0,1.65,1,-1,0,"severity",FALSE,"severity","logit","Binomial logit GLMM","Exact paper diagnostic anchor uses 300 subjects; probit generated, logit fitted.","DHARMa residual quantiles over focal predictor",FALSE,FALSE,3000,250,3000,0,0,,,,,3000,594,0.198,0.00727543813113685,0.184130503909671,0.212641920720426,3000,6.6827532995876,4.02944847578237,9.33871392395849,0.103333333333333,1,"2026-08-25 20:22:43 UTC","0.1.0","full"
"D-WF-005","within_family","severity","severity",FALSE,"Probit-generated manuscript scenario","Random-intercept binomial","probit","Binomial logit;Binomial probit","logit;probit",20260807,"seed = (base_seed + stream_offset + scenario_number * 10000 + replication) modulo .Machine$integer.max",300,0.05,0,,15,,,,,0,,-1,,1,1,"",,,,,,,,,,300,0.3,0,-1,-1,0,1.65,1,-1,0,"severity",FALSE,"severity","logit","Binomial logit GLMM","Exact paper diagnostic anchor uses 300 subjects; probit generated, logit fitted.","DHARMa residual distribution across design cells",TRUE,TRUE,3000,250,3000,3000,47,0.0156666666666667,0.00226724665782252,0.0118021898563052,0.0207699216089606,3000,594,0.198,0.00727543813113685,0.184130503909671,0.212641920720426,3000,6.6827532995876,4.02944847578237,9.33871392395849,0.103333333333333,1,"2026-08-25 20:22:43 UTC","0.1.0","full"
"D-WF-005","within_family","severity","severity",FALSE,"Probit-generated manuscript scenario","Random-intercept binomial","probit","Binomial logit;Binomial probit","logit;probit",20260807,"seed = (base_seed + stream_offset + scenario_number * 10000 + replication) modulo .Machine$integer.max",300,0.05,0,,15,,,,,0,,-1,,1,1,"",,,,,,,,,,300,0.3,0,-1,-1,0,1.65,1,-1,0,"severity",FALSE,"severity","logit","Binomial logit GLMM","Exact paper diagnostic anchor uses 300 subjects; probit generated, logit fitted.","Pregibon-style added-term link check",TRUE,TRUE,3000,250,3000,3000,3000,1,0,0.998721151274674,1,3000,594,0.198,0.00727543813113685,0.184130503909671,0.212641920720426,3000,6.6827532995876,4.02944847578237,9.33871392395849,0.103333333333333,1,"2026-08-25 20:22:43 UTC","0.1.0","full"
"D-WF-006","within_family","severity","severity",FALSE,"Probit-generated manuscript scenario","Random-intercept binomial","probit","Binomial logit;Binomial probit","logit;probit",20260807,"seed = (base_seed + stream_offset + scenario_number * 10000 + replication) modulo .Machine$integer.max",300,0.05,0,,15,,,,,0.75,,-1,,1,1,"",,,,,,,,,,300,0.3,0.75,-1,-1,0,1.65,1,-1,0,"severity",FALSE,"severity","logit","Binomial logit GLMM","Exact paper diagnostic anchor uses 300 subjects; probit generated, logit fitted.","AIC favors generating link",TRUE,TRUE,3000,250,3000,3000,2876,0.958666666666667,0.0036343219857762,0.950937391991374,0.965222810777927,3000,182,0.0606666666666667,0.00435837210520252,0.0526732505118864,0.0697837645681,3000,5.55967181799224,3.33645297664862,7.69770971538856,0.128666666666667,1,"2026-08-25 20:22:43 UTC","0.1.0","full"
"D-WF-006","within_family","severity","severity",FALSE,"Probit-generated manuscript scenario","Random-intercept binomial","probit","Binomial logit;Binomial probit","logit;probit",20260807,"seed = (base_seed + stream_offset + scenario_number * 10000 + replication) modulo .Machine$integer.max",300,0.05,0,,15,,,,,0.75,,-1,,1,1,"",,,,,,,,,,300,0.3,0.75,-1,-1,0,1.65,1,-1,0,"severity",FALSE,"severity","logit","Binomial logit GLMM","Exact paper diagnostic anchor uses 300 subjects; probit generated, logit fitted.","DHARMa uniformity",TRUE,TRUE,3000,250,3000,3000,89,0.0296666666666667,0.00309766339658113,0.0241709857624426,0.036365317938514,3000,182,0.0606666666666667,0.00435837210520252,0.0526732505118864,0.0697837645681,3000,5.55967181799224,3.33645297664862,7.69770971538856,0.128666666666667,1,"2026-08-25 20:22:43 UTC","0.1.0","full"
"D-WF-006","within_family","severity","severity",FALSE,"Probit-generated manuscript scenario","Random-intercept binomial","probit","Binomial logit;Binomial probit","logit;probit",20260807,"seed = (base_seed + stream_offset + scenario_number * 10000 + replication) modulo .Machine$integer.max",300,0.05,0,,15,,,,,0.75,,-1,,1,1,"",,,,,,,,,,300,0.3,0.75,-1,-1,0,1.65,1,-1,0,"severity",FALSE,"severity","logit","Binomial logit GLMM","Exact paper diagnostic anchor uses 300 subjects; probit generated, logit fitted.","DHARMa dispersion",TRUE,TRUE,3000,250,3000,3000,0,0,0,0,0.00127884872532596,3000,182,0.0606666666666667,0.00435837210520252,0.0526732505118864,0.0697837645681,3000,5.55967181799224,3.33645297664862,7.69770971538856,0.128666666666667,1,"2026-08-25 20:22:43 UTC","0.1.0","full"
"D-WF-006","within_family","severity","severity",FALSE,"Probit-generated manuscript scenario","Random-intercept binomial","probit","Binomial logit;Binomial probit","logit;probit",20260807,"seed = (base_seed + stream_offset + scenario_number * 10000 + replication) modulo .Machine$integer.max",300,0.05,0,,15,,,,,0.75,,-1,,1,1,"",,,,,,,,,,300,0.3,0.75,-1,-1,0,1.65,1,-1,0,"severity",FALSE,"severity","logit","Binomial logit GLMM","Exact paper diagnostic anchor uses 300 subjects; probit generated, logit fitted.","DHARMa residual quantiles over fitted values",FALSE,FALSE,3000,250,3000,0,0,,,,,3000,182,0.0606666666666667,0.00435837210520252,0.0526732505118864,0.0697837645681,3000,5.55967181799224,3.33645297664862,7.69770971538856,0.128666666666667,1,"2026-08-25 20:22:43 UTC","0.1.0","full"
"D-WF-006","within_family","severity","severity",FALSE,"Probit-generated manuscript scenario","Random-intercept binomial","probit","Binomial logit;Binomial probit","logit;probit",20260807,"seed = (base_seed + stream_offset + scenario_number * 10000 + replication) modulo .Machine$integer.max",300,0.05,0,,15,,,,,0.75,,-1,,1,1,"",,,,,,,,,,300,0.3,0.75,-1,-1,0,1.65,1,-1,0,"severity",FALSE,"severity","logit","Binomial logit GLMM","Exact paper diagnostic anchor uses 300 subjects; probit generated, logit fitted.","DHARMa residual quantiles over focal predictor",FALSE,FALSE,3000,250,3000,0,0,,,,,3000,182,0.0606666666666667,0.00435837210520252,0.0526732505118864,0.0697837645681,3000,5.55967181799224,3.33645297664862,7.69770971538856,0.128666666666667,1,"2026-08-25 20:22:43 UTC","0.1.0","full"
"D-WF-006","within_family","severity","severity",FALSE,"Probit-generated manuscript scenario","Random-intercept binomial","probit","Binomial logit;Binomial probit","logit;probit",20260807,"seed = (base_seed + stream_offset + scenario_number * 10000 + replication) modulo .Machine$integer.max",300,0.05,0,,15,,,,,0.75,,-1,,1,1,"",,,,,,,,,,300,0.3,0.75,-1,-1,0,1.65,1,-1,0,"severity",FALSE,"severity","logit","Binomial logit GLMM","Exact paper diagnostic anchor uses 300 subjects; probit generated, logit fitted.","DHARMa residual distribution across design cells",TRUE,TRUE,3000,250,3000,3000,21,0.007,0.00152216950435883,0.00458305171480416,0.0106778931283672,3000,182,0.0606666666666667,0.00435837210520252,0.0526732505118864,0.0697837645681,3000,5.55967181799224,3.33645297664862,7.69770971538856,0.128666666666667,1,"2026-08-25 20:22:43 UTC","0.1.0","full"
"D-WF-006","within_family","severity","severity",FALSE,"Probit-generated manuscript scenario","Random-intercept binomial","probit","Binomial logit;Binomial probit","logit;probit",20260807,"seed = (base_seed + stream_offset + scenario_number * 10000 + replication) modulo .Machine$integer.max",300,0.05,0,,15,,,,,0.75,,-1,,1,1,"",,,,,,,,,,300,0.3,0.75,-1,-1,0,1.65,1,-1,0,"severity",FALSE,"severity","logit","Binomial logit GLMM","Exact paper diagnostic anchor uses 300 subjects; probit generated, logit fitted.","Pregibon-style added-term link check",TRUE,TRUE,3000,250,3000,3000,2454,0.818,0.00704452506087766,0.803789150415063,0.83139750179563,3000,182,0.0606666666666667,0.00435837210520252,0.0526732505118864,0.0697837645681,3000,5.55967181799224,3.33645297664862,7.69770971538856,0.128666666666667,1,"2026-08-25 20:22:43 UTC","0.1.0","full"
"D-WF-007","within_family","severity","severity",FALSE,"Probit-generated manuscript scenario","Random-intercept binomial","probit","Binomial logit;Binomial probit","logit;probit",20260807,"seed = (base_seed + stream_offset + scenario_number * 10000 + replication) modulo .Machine$integer.max",300,0.05,0,,15,,,,,2.25,,-1,,1,1,"",,,,,,,,,,300,0.3,2.25,-1,-1,0,1.65,1,-1,0,"severity",FALSE,"severity","logit","Binomial logit GLMM","Exact paper diagnostic anchor uses 300 subjects; probit generated, logit fitted.","AIC favors generating link",TRUE,TRUE,3000,250,3000,3000,2817,0.939,0.00436955375295922,0.929861501844623,0.94701566897454,3000,663,0.221,0.00757537677830835,0.206514540776023,0.236199056812709,3000,6.49769265703344,3.5780490994207,9.41157952584763,0.123,1,"2026-08-25 20:22:43 UTC","0.1.0","full"
"D-WF-007","within_family","severity","severity",FALSE,"Probit-generated manuscript scenario","Random-intercept binomial","probit","Binomial logit;Binomial probit","logit;probit",20260807,"seed = (base_seed + stream_offset + scenario_number * 10000 + replication) modulo .Machine$integer.max",300,0.05,0,,15,,,,,2.25,,-1,,1,1,"",,,,,,,,,,300,0.3,2.25,-1,-1,0,1.65,1,-1,0,"severity",FALSE,"severity","logit","Binomial logit GLMM","Exact paper diagnostic anchor uses 300 subjects; probit generated, logit fitted.","DHARMa uniformity",TRUE,TRUE,3000,250,3000,3000,145,0.0483333333333333,0.0039156618096316,0.0412195796839997,0.0566023136645448,3000,663,0.221,0.00757537677830835,0.206514540776023,0.236199056812709,3000,6.49769265703344,3.5780490994207,9.41157952584763,0.123,1,"2026-08-25 20:22:43 UTC","0.1.0","full"
"D-WF-007","within_family","severity","severity",FALSE,"Probit-generated manuscript scenario","Random-intercept binomial","probit","Binomial logit;Binomial probit","logit;probit",20260807,"seed = (base_seed + stream_offset + scenario_number * 10000 + replication) modulo .Machine$integer.max",300,0.05,0,,15,,,,,2.25,,-1,,1,1,"",,,,,,,,,,300,0.3,2.25,-1,-1,0,1.65,1,-1,0,"severity",FALSE,"severity","logit","Binomial logit GLMM","Exact paper diagnostic anchor uses 300 subjects; probit generated, logit fitted.","DHARMa dispersion",TRUE,TRUE,3000,250,3000,3000,0,0,0,0,0.00127884872532596,3000,663,0.221,0.00757537677830835,0.206514540776023,0.236199056812709,3000,6.49769265703344,3.5780490994207,9.41157952584763,0.123,1,"2026-08-25 20:22:43 UTC","0.1.0","full"
"D-WF-007","within_family","severity","severity",FALSE,"Probit-generated manuscript scenario","Random-intercept binomial","probit","Binomial logit;Binomial probit","logit;probit",20260807,"seed = (base_seed + stream_offset + scenario_number * 10000 + replication) modulo .Machine$integer.max",300,0.05,0,,15,,,,,2.25,,-1,,1,1,"",,,,,,,,,,300,0.3,2.25,-1,-1,0,1.65,1,-1,0,"severity",FALSE,"severity","logit","Binomial logit GLMM","Exact paper diagnostic anchor uses 300 subjects; probit generated, logit fitted.","DHARMa residual quantiles over fitted values",FALSE,FALSE,3000,250,3000,0,0,,,,,3000,663,0.221,0.00757537677830835,0.206514540776023,0.236199056812709,3000,6.49769265703344,3.5780490994207,9.41157952584763,0.123,1,"2026-08-25 20:22:43 UTC","0.1.0","full"
"D-WF-007","within_family","severity","severity",FALSE,"Probit-generated manuscript scenario","Random-intercept binomial","probit","Binomial logit;Binomial probit","logit;probit",20260807,"seed = (base_seed + stream_offset + scenario_number * 10000 + replication) modulo .Machine$integer.max",300,0.05,0,,15,,,,,2.25,,-1,,1,1,"",,,,,,,,,,300,0.3,2.25,-1,-1,0,1.65,1,-1,0,"severity",FALSE,"severity","logit","Binomial logit GLMM","Exact paper diagnostic anchor uses 300 subjects; probit generated, logit fitted.","DHARMa residual quantiles over focal predictor",FALSE,FALSE,3000,250,3000,0,0,,,,,3000,663,0.221,0.00757537677830835,0.206514540776023,0.236199056812709,3000,6.49769265703344,3.5780490994207,9.41157952584763,0.123,1,"2026-08-25 20:22:43 UTC","0.1.0","full"
"D-WF-007","within_family","severity","severity",FALSE,"Probit-generated manuscript scenario","Random-intercept binomial","probit","Binomial logit;Binomial probit","logit;probit",20260807,"seed = (base_seed + stream_offset + scenario_number * 10000 + replication) modulo .Machine$integer.max",300,0.05,0,,15,,,,,2.25,,-1,,1,1,"",,,,,,,,,,300,0.3,2.25,-1,-1,0,1.65,1,-1,0,"severity",FALSE,"severity","logit","Binomial logit GLMM","Exact paper diagnostic anchor uses 300 subjects; probit generated, logit fitted.","DHARMa residual distribution across design cells",TRUE,TRUE,3000,250,3000,3000,52,0.0173333333333333,0.00238277771301262,0.0132427788334055,0.0226584031361091,3000,663,0.221,0.00757537677830835,0.206514540776023,0.236199056812709,3000,6.49769265703344,3.5780490994207,9.41157952584763,0.123,1,"2026-08-25 20:22:43 UTC","0.1.0","full"
"D-WF-007","within_family","severity","severity",FALSE,"Probit-generated manuscript scenario","Random-intercept binomial","probit","Binomial logit;Binomial probit","logit;probit",20260807,"seed = (base_seed + stream_offset + scenario_number * 10000 + replication) modulo .Machine$integer.max",300,0.05,0,,15,,,,,2.25,,-1,,1,1,"",,,,,,,,,,300,0.3,2.25,-1,-1,0,1.65,1,-1,0,"severity",FALSE,"severity","logit","Binomial logit GLMM","Exact paper diagnostic anchor uses 300 subjects; probit generated, logit fitted.","Pregibon-style added-term link check",TRUE,TRUE,3000,250,3000,3000,3000,1,0,0.998721151274674,1,3000,663,0.221,0.00757537677830835,0.206514540776023,0.236199056812709,3000,6.49769265703344,3.5780490994207,9.41157952584763,0.123,1,"2026-08-25 20:22:43 UTC","0.1.0","full"
