"scenario","true_link_function","fitted_link_function","interaction_p","interaction_coef","dharma_uniformity_p","dharma_dispersion_p","dharma_quantile_fitted_p","dharma_quantile_predictor_p","dharma_categorical_design_p","dharma_valid_tests","dharma_tests_used","pregibon_link_test_p","aic_true_link_interaction","aic_fitted_link_interaction","aic_favors_true_link","aic_favors_fitted_link","aic_fitted_minus_true"
"Count errors","log","identity",NA,NA,NA,NA,NA,NA,NA,0,"",NA,762.647330803874,NA,NA,NA,NA
"Count errors","log","identity",0.00918780405131241,-0.658685419353234,0.765605141213215,0.904,0.110239136612995,0.0123186029290245,NA,4,"uniformity; dispersion; quantile_fitted; quantile_predictor",0.000305065469534329,729.133282718952,742.394997003048,TRUE,FALSE,13.2617142840967
"Count errors","log","identity",0.0953290546217498,-0.384995827533452,0.615247680377643,0.056,0.000265668921059947,0,NA,4,"uniformity; dispersion; quantile_fitted; quantile_predictor",7.28265022590531e-12,734.352281950224,779.338785495937,TRUE,FALSE,44.9865035457135
"Count errors","log","identity",0.0271202043298131,-0.462410674438319,0.678771660878628,0.008,0.00236206406031181,0.000374732117698784,NA,4,"uniformity; dispersion; quantile_fitted; quantile_predictor",2.24501295871507e-07,743.025173201477,770.572745626575,TRUE,FALSE,27.5475724250975
"Count errors","log","identity",0.0626840723562499,-0.468180507702655,0.494181582806104,0.064,0.00530295583222323,5.0128580815656e-05,NA,4,"uniformity; dispersion; quantile_fitted; quantile_predictor",2.40610347746381e-06,757.067663213735,783.061721209789,TRUE,FALSE,25.9940579960542
"Count errors","log","identity",2.16660570890249e-06,-1.13618635686993,0.854490994730713,0.056,0.00013320277022888,0,NA,4,"uniformity; dispersion; quantile_fitted; quantile_predictor",3.86256789433055e-09,728.03802387002,766.618739881831,TRUE,FALSE,38.5807160118119
"Count errors","log","identity",0.0301860137313093,-0.530771191286299,0.68878931457831,0.232,0.000455185790262325,1.39951447047926e-06,NA,4,"uniformity; dispersion; quantile_fitted; quantile_predictor",7.26085191826288e-08,745.999354254344,779.596418960946,TRUE,FALSE,33.5970647066025
"Count errors","log","identity",2.17504202873519e-05,-1.03363171333825,0.89393678638797,0.288,0.0900622085392999,0.00165749365912737,NA,4,"uniformity; dispersion; quantile_fitted; quantile_predictor",2.50018861592758e-05,729.02607663535,749.162783399365,TRUE,FALSE,20.1367067640151
"Count errors","log","identity",3.67290865382605e-06,-1.0465468900685,0.466771531800282,0.296,0.00188855402183818,0.000769138886589138,NA,4,"uniformity; dispersion; quantile_fitted; quantile_predictor",3.79328344384752e-07,700.123745349745,732.101958239247,TRUE,FALSE,31.9782128895018
"Count errors","log","identity",0.00213330441827932,-0.758970715831478,0.949769620611044,0.92,0.0140964322265011,1.13585948923189e-05,NA,4,"uniformity; dispersion; quantile_fitted; quantile_predictor",1.17025297149275e-06,722.57400191347,748.967032281895,TRUE,FALSE,26.3930303684251
"Count errors","log","identity",0.000333548168279228,-0.867900732870932,0.179124969962811,0.104,0.000489234446978348,2.24500992196397e-06,NA,4,"uniformity; dispersion; quantile_fitted; quantile_predictor",1.74066760429224e-08,731.815266820348,766.586380844757,TRUE,FALSE,34.7711140244094
"Count errors","log","identity",7.55410259749832e-07,-1.21161454602466,0.382082490564528,0,0.0076537343229186,0,NA,4,"uniformity; dispersion; quantile_fitted; quantile_predictor",2.33434319420615e-07,733.180522866337,771.805263448408,TRUE,FALSE,38.6247405820711
"Count errors","log","identity",4.71825296063934e-05,-0.94947463595386,0.396963376069075,0.976,0.000478065014879347,0,NA,4,"uniformity; dispersion; quantile_fitted; quantile_predictor",6.8389420206833e-08,709.15940165316,740.23938506551,TRUE,FALSE,31.0799834123494
"Count errors","log","identity",2.25097533301303e-05,-1.00793243745862,0.244953552141934,0.032,0.0499234664716434,0.000509899144763848,NA,4,"uniformity; dispersion; quantile_fitted; quantile_predictor",7.01472816896289e-07,736.660021523045,763.349312818232,TRUE,FALSE,26.6892912951871
"Count errors","log","identity",0.000387754730168881,-0.938313619542798,0.505345034718346,0.168,0.0267029060712109,0.00575792898644362,NA,4,"uniformity; dispersion; quantile_fitted; quantile_predictor",9.72605790022444e-05,752.65428191035,770.408267518736,TRUE,FALSE,17.7539856083857
"Count errors","log","identity",0.000859410442617011,-0.800089495986211,0.800813394320382,0.184,2.26369790592429e-05,-3.96373264317518e-05,NA,4,"uniformity; dispersion; quantile_fitted; quantile_predictor",1.08063912864509e-05,742.210672754139,764.241685534033,TRUE,FALSE,22.0310127798947
"Count errors","log","identity",0.000549167212190004,-0.825005308579651,0.74958658620753,0.032,0.0597584645270031,0.0238472469873183,NA,4,"uniformity; dispersion; quantile_fitted; quantile_predictor",3.48187120616631e-05,746.742218415744,765.942912635327,TRUE,FALSE,19.2006942195832
"Count errors","log","identity",NA,NA,NA,NA,NA,NA,NA,0,"",NA,719.316357440401,NA,NA,NA,NA
"Count errors","log","identity",0.000901457609970209,-0.8157408936691,0.949723477806227,0.968,0.120005097167719,3.7764034778287e-05,NA,4,"uniformity; dispersion; quantile_fitted; quantile_predictor",0.000175247542306162,705.115878253552,723.990913433438,TRUE,FALSE,18.8750351798863
"Count errors","log","identity",0.000803127972109304,-0.75643871914929,0.648787141636358,0.04,0.0345734156817021,0.00133292301053134,NA,4,"uniformity; dispersion; quantile_fitted; quantile_predictor",6.71701321368552e-05,748.51069092989,768.231389868064,TRUE,FALSE,19.7206989381745
"Count errors","log","identity",0.00519984664061541,-0.716732965542769,0.969777567026683,0.136,0.0256968859442377,3.49165492219417e-06,NA,4,"uniformity; dispersion; quantile_fitted; quantile_predictor",3.51425978599592e-07,734.456739947101,758.209107473805,TRUE,FALSE,23.752367526704
"Count errors","log","identity",0.00877962337708395,-0.651101544316914,0.321649867827697,0.536,0.00419247167033909,0.00025395945190182,NA,4,"uniformity; dispersion; quantile_fitted; quantile_predictor",7.60847829853153e-06,740.983522945362,763.307687953151,TRUE,FALSE,22.3241650077891
"Count errors","log","identity",7.18071751471232e-06,-1.0763899666025,0.586779442874809,0.256,0.00271969207119838,3.55410313532811e-05,NA,4,"uniformity; dispersion; quantile_fitted; quantile_predictor",2.8365924162032e-08,718.982119379116,748.98444112974,TRUE,FALSE,30.0023217506238
"Count errors","log","identity",0.0229081108453823,-0.553647192087708,0.722811977275081,0.088,0.00447481968421903,0.000369836583634986,NA,4,"uniformity; dispersion; quantile_fitted; quantile_predictor",5.06462196001251e-05,780.956580135297,799.450479642997,TRUE,FALSE,18.4938995076998
"Count errors","log","identity",0.000178587007381723,-0.959380791458372,0.899283693207712,0.04,0.00492257576026167,9.44279538495074e-06,NA,4,"uniformity; dispersion; quantile_fitted; quantile_predictor",4.52590341762199e-07,761.257693318211,790.187366265639,TRUE,FALSE,28.9296729474278
"Count errors","log","identity",6.09545609066814e-05,-0.917215908478287,0.758460514806725,0.112,0.132341046098539,0.0274470966553629,NA,4,"uniformity; dispersion; quantile_fitted; quantile_predictor",3.9636160649173e-05,726.220774062379,746.196887683,TRUE,FALSE,19.9761136206206
"Count errors","log","identity",1.40228920980873e-05,-1.05637594896962,0.899401188037901,0.424,0.152633549262762,0.0349052012153945,NA,4,"uniformity; dispersion; quantile_fitted; quantile_predictor",0.00149296578682589,725.119400911666,735.429108838758,TRUE,FALSE,10.3097079270919
"Count errors","log","identity",0.0058945059275644,-0.696361971679564,0.754903545726801,0.464,0.00255088165216333,8.62574718675235e-05,NA,4,"uniformity; dispersion; quantile_fitted; quantile_predictor",3.79224583777621e-08,738.672682128743,769.022524507483,TRUE,FALSE,30.3498423787402
"Count errors","log","identity",7.44037938332137e-05,-1.01799945285198,0.90051297703799,0.12,0.0205258055153343,0.0126769868169631,NA,4,"uniformity; dispersion; quantile_fitted; quantile_predictor",0.000539951390760055,762.514840828695,776.662477391576,TRUE,FALSE,14.147636562881
"Count errors","log","identity",0.000130662018689121,-0.982826480807346,0.271097343928738,0.184,5.05498949242199e-07,0.00220843495015494,NA,4,"uniformity; dispersion; quantile_fitted; quantile_predictor",8.70523515833716e-06,711.187942994277,734.023741169314,TRUE,FALSE,22.8357981750364
"Count errors","log","identity",0.000150031124645667,-0.904706558068847,0.723280062739767,0.136,0.00121115317707593,2.16074800428734e-05,NA,4,"uniformity; dispersion; quantile_fitted; quantile_predictor",4.18994575463432e-08,718.708774942872,754.153887878351,TRUE,FALSE,35.445112935479
"Count errors","log","identity",6.30531815492847e-07,-1.22300327458391,0.202333779595543,0.472,0.0456041834696483,2.52321570680733e-05,NA,4,"uniformity; dispersion; quantile_fitted; quantile_predictor",4.10871374670657e-06,754.048625572097,779.346195718025,TRUE,FALSE,25.2975701459278
"Count errors","log","identity",0.00221565326393981,-0.637785086204325,0.464955754256218,0.832,0.0060021357105341,0.0015134871943705,NA,4,"uniformity; dispersion; quantile_fitted; quantile_predictor",0.000422428893588148,713.969882936472,727.346083708376,TRUE,FALSE,13.3762007719046
"Count errors","log","identity",0.0470512233219372,-0.461137814453985,0.684234548631802,0.04,0.022622224168111,0.0110427260584983,NA,4,"uniformity; dispersion; quantile_fitted; quantile_predictor",4.20917698399882e-06,751.035117744342,773.236228225888,TRUE,FALSE,22.2011104815459
"Count errors","log","identity",0.000265787822555747,-0.942853149056806,0.578437897653513,0.432,0.000130501253181148,0,NA,4,"uniformity; dispersion; quantile_fitted; quantile_predictor",3.09231198707422e-09,745.009168628272,782.265834140295,TRUE,FALSE,37.2566655120237
"Count errors","log","identity",8.77249770693724e-05,-1.00326519942672,0.501139340201883,0.096,0.0122777893593392,2.17369208083129e-05,NA,4,"uniformity; dispersion; quantile_fitted; quantile_predictor",1.63081330904046e-09,765.490951766963,798.969040532095,TRUE,FALSE,33.4780887651316
"Count errors","log","identity",0.00177926275879238,-0.734333886687264,0.707697443443923,0.136,2.22503627339554e-05,0,NA,4,"uniformity; dispersion; quantile_fitted; quantile_predictor",7.58302571067364e-11,723.446833296844,767.250373976416,TRUE,FALSE,43.8035406795719
"Count errors","log","identity",0.0195909020781288,-0.554430270212553,0.152673513466369,0.04,0.00113595712699437,0,NA,4,"uniformity; dispersion; quantile_fitted; quantile_predictor",2.01115341123534e-07,760.831947873247,792.511747518186,TRUE,FALSE,31.6797996449385
"Count errors","log","identity",0.00117036857756083,-0.761693150632386,0.431959060472488,0.096,0.00204513287854424,0.000198413232380679,NA,4,"uniformity; dispersion; quantile_fitted; quantile_predictor",8.31887367502752e-08,732.308625381429,763.076603002061,TRUE,FALSE,30.7679776206323
"Count errors","log","identity",NA,NA,NA,NA,NA,NA,NA,0,"",NA,748.134703520348,NA,NA,NA,NA
"Count errors","log","identity",0.0120854347581302,-0.613687496153781,0.434922346822507,0.104,0.000134385361592382,1.03808385920612e-06,NA,4,"uniformity; dispersion; quantile_fitted; quantile_predictor",1.95857391054322e-08,767.541012400417,799.3134651828,TRUE,FALSE,31.7724527823833
"Count errors","log","identity",1.52129553682958e-06,-1.1998782265993,0.665744751658676,0.896,0.0237837100366155,0.00245475570865261,NA,4,"uniformity; dispersion; quantile_fitted; quantile_predictor",1.09676835512762e-06,754.352633900461,776.096084935973,TRUE,FALSE,21.7434510355114
"Count errors","log","identity",5.88120145816105e-05,-1.00557576990036,0.198625479935172,0.04,0.00990604795734135,0.000104022713653507,NA,4,"uniformity; dispersion; quantile_fitted; quantile_predictor",5.16713234609481e-07,741.430261053639,768.359905498946,TRUE,FALSE,26.9296444453072
"Count errors","log","identity",1.56403930559303e-05,-1.04962239690059,0.655455881479612,0.256,0.0916601838525684,0.000198754270516743,NA,4,"uniformity; dispersion; quantile_fitted; quantile_predictor",2.88032971932537e-05,757.03320871839,780.197410241012,TRUE,FALSE,23.1642015226225
"Count errors","log","identity",0.0305391343470367,-0.480143646428644,0.48338697391563,0.088,0.237798557002195,0.0407572671811107,NA,4,"uniformity; dispersion; quantile_fitted; quantile_predictor",0.00078687267912776,715.943772379014,728.796271563958,TRUE,FALSE,12.8524991849445
"Count errors","log","identity",0.000930693059048012,-0.841207219808142,0.923238406609533,0.064,0.00269672111724756,2.19482486518707e-07,NA,4,"uniformity; dispersion; quantile_fitted; quantile_predictor",9.47874684582902e-09,742.208518729172,770.911686324629,TRUE,FALSE,28.7031675954573
"Count errors","log","identity",0.00213231056232536,-0.6752939449316,0.7595950120272,0.704,0.0070661779607859,0.000422575062634878,NA,4,"uniformity; dispersion; quantile_fitted; quantile_predictor",2.04858321102277e-05,720.665482829888,741.753690865053,TRUE,FALSE,21.0882080351653
"Count errors","log","identity",NA,NA,NA,NA,NA,NA,NA,0,"",NA,750.297369857867,NA,NA,NA,NA
"Count errors","log","identity",0.00131908448284317,-0.783178655470222,0.297725034039199,0,0.0957614781035807,1.0825289584071e-05,NA,4,"uniformity; dispersion; quantile_fitted; quantile_predictor",7.52596476356768e-09,751.794231110516,785.957887889666,TRUE,FALSE,34.1636567791504
"Count errors","log","identity",NA,NA,NA,NA,NA,NA,NA,0,"",NA,763.123824802719,NA,NA,NA,NA
"Count errors","log","identity",2.39202850255371e-05,-1.02378598708252,0.817407987041268,0.936,0.00559262804027705,0.00197347244422108,NA,4,"uniformity; dispersion; quantile_fitted; quantile_predictor",1.26932445387467e-06,749.579133936998,775.449778703799,TRUE,FALSE,25.8706447668008
"Count errors","log","identity",3.57885870511531e-05,-0.957794346486714,0.444497087044839,0.56,0.0470002255418873,0.0280937273571774,NA,4,"uniformity; dispersion; quantile_fitted; quantile_predictor",7.96674710057081e-05,726.047690455572,739.77224677974,TRUE,FALSE,13.724556324168
"Count errors","log","identity",0.00914046992712758,-0.649087542194081,0.593036021335869,0.144,0.0261896733283893,0.00143294098405533,NA,4,"uniformity; dispersion; quantile_fitted; quantile_predictor",1.11030381281269e-06,757.386550613643,782.675247044133,TRUE,FALSE,25.2886964304903
"Count errors","log","identity",2.23753580173678e-05,-0.99334117955981,0.942720281572724,0.272,0.000172637220837324,0,NA,4,"uniformity; dispersion; quantile_fitted; quantile_predictor",4.73126165958974e-07,715.266026251622,742.510757983338,TRUE,FALSE,27.2447317317163
"Count errors","log","identity",3.65760263094019e-09,-1.39341266697426,0.952640834711952,0.32,0.957214494374488,0.0732123096255778,NA,4,"uniformity; dispersion; quantile_fitted; quantile_predictor",0.014826036484381,727.18181708737,730.212916771295,TRUE,FALSE,3.03109968392459
"Count errors","log","identity",0.0611244671940366,-0.447949673357608,0.563439080316841,0.672,0.175825986159341,0.0162820645522559,NA,4,"uniformity; dispersion; quantile_fitted; quantile_predictor",0.0140271507633857,716.426935159317,722.477359765258,TRUE,FALSE,6.05042460594052
"Count errors","log","identity",2.61627623415085e-05,-1.01159386268228,0.320989788345959,0.056,0.216855335232763,0.0215755044861373,NA,4,"uniformity; dispersion; quantile_fitted; quantile_predictor",0.000328715972939103,716.20675466674,731.642796654668,TRUE,FALSE,15.4360419879288
"Count errors","log","identity",4.85071972974475e-08,-1.22272718042406,0.664350921011891,0.464,0.0175005922829587,0.00098493395469057,NA,4,"uniformity; dispersion; quantile_fitted; quantile_predictor",4.83720384343823e-06,735.190270899663,758.617631767758,TRUE,FALSE,23.4273608680948
"Count errors","log","identity",7.96494396508956e-05,-1.05167791361934,0.419374701787322,0.968,0.00415017373673265,0.00137864135758864,NA,4,"uniformity; dispersion; quantile_fitted; quantile_predictor",0.00107811578233597,716.120594255875,730.076980715533,TRUE,FALSE,13.956386459658
"Count errors","log","identity",0.57876927381626,-0.14428275484411,0.590535368902493,0.352,0.141431828957913,0.0110457002290252,NA,4,"uniformity; dispersion; quantile_fitted; quantile_predictor",0.000156819642222956,706.715102584553,721.756125660094,TRUE,FALSE,15.0410230755406
"Count errors","log","identity",NA,NA,NA,NA,NA,NA,NA,0,"",NA,742.70649070425,NA,NA,NA,NA
"Count errors","log","identity",0.00149767299267775,-0.773055519878972,0.118596584132427,0.016,0.000400052325606137,0,NA,4,"uniformity; dispersion; quantile_fitted; quantile_predictor",2.07714758669566e-09,726.371367870128,768.63431034434,TRUE,FALSE,42.2629424742119
"Count errors","log","identity",0.00100931819576534,-0.802956300079918,0.912298041990131,0.872,0.0905160669808918,0.00354700704295841,NA,4,"uniformity; dispersion; quantile_fitted; quantile_predictor",1.90736282803965e-05,738.942065141583,756.454725053201,TRUE,FALSE,17.5126599116182
"Count errors","log","identity",9.57550584394686e-07,-1.10574171873021,0.130873815451049,0,0.0306442797911245,0,NA,4,"uniformity; dispersion; quantile_fitted; quantile_predictor",8.34105362958636e-06,766.936834822167,796.103704964596,TRUE,FALSE,29.1668701424298
"Count errors","log","identity",0.000413498602644346,-0.873386762342073,0.349627064457173,0.008,0.000919811239007196,1.57372085209939e-05,NA,4,"uniformity; dispersion; quantile_fitted; quantile_predictor",1.31013387695752e-08,760.375106471954,801.046354784037,TRUE,FALSE,40.6712483120829
"Count errors","log","identity",8.5824752455872e-05,-0.983031997751718,0.978428169655045,0.536,0.0440581668138413,0.000677568200761147,NA,4,"uniformity; dispersion; quantile_fitted; quantile_predictor",1.16066335837496e-05,738.52763231002,759.671139817017,TRUE,FALSE,21.1435075069971
"Count errors","log","identity",3.12663665927852e-06,-1.12435739631933,0.766493030106412,0.368,0.0331705175965126,0.000589645339641454,NA,4,"uniformity; dispersion; quantile_fitted; quantile_predictor",3.68063488194478e-06,720.267153458778,747.79606720483,TRUE,FALSE,27.5289137460516
"Count errors","log","identity",0.0015760372578313,-0.770512195555589,0.967822861059475,0.792,0.00674754469020128,2.78145756030801e-05,NA,4,"uniformity; dispersion; quantile_fitted; quantile_predictor",3.02876307281128e-06,755.904397838225,780.417118465764,TRUE,FALSE,24.5127206275388
"Count errors","log","identity",1.36969734929757e-05,-1.0218888423049,0.888757800772878,0.016,0.0189643641971078,0.000922272147406589,NA,4,"uniformity; dispersion; quantile_fitted; quantile_predictor",2.18203977120263e-05,735.531871425448,752.755960372215,TRUE,FALSE,17.2240889467662
"Count errors","log","identity",3.7939218306273e-06,-1.03996190828681,0.650806831198069,0.768,0.0756729297959781,0.00511203764038226,NA,4,"uniformity; dispersion; quantile_fitted; quantile_predictor",0.00217267044482208,740.198577377318,750.063776188178,TRUE,FALSE,9.86519881085917
"Count errors","log","identity",2.82382196028642e-08,-1.33457194430895,0.168827682407634,0.152,0.135931395332758,0.00434965749885691,NA,4,"uniformity; dispersion; quantile_fitted; quantile_predictor",6.27482006530734e-05,759.061740384762,778.661392904078,TRUE,FALSE,19.5996525193152
"Count errors","log","identity",0.0110198627125641,-0.619656104943878,0.822077724378858,0.784,0.139214291007308,0.0196177616055805,NA,4,"uniformity; dispersion; quantile_fitted; quantile_predictor",4.01292163938727e-05,735.092940990341,750.656959763476,TRUE,FALSE,15.5640187731348
"Count errors","log","identity",8.05616620666313e-07,-1.22450471264364,0.79972580201922,0,-4.21179651455272e-05,0,NA,4,"uniformity; dispersion; quantile_fitted; quantile_predictor",1.7257350726082e-09,728.307960281379,771.96766268967,TRUE,FALSE,43.6597024082905
"Count errors","log","identity",0.000725568292174423,-0.778053068233578,0.92263857076619,0.032,0.0495496049621058,0.000209672774227898,NA,4,"uniformity; dispersion; quantile_fitted; quantile_predictor",1.81050710360682e-06,740.576594432403,765.307688874269,TRUE,FALSE,24.7310944418656
"Count errors","log","identity",9.48643599203237e-07,-1.14659355423563,0.816160438079116,0.256,0.0114406202492045,5.87872741752982e-06,NA,4,"uniformity; dispersion; quantile_fitted; quantile_predictor",7.65458157859066e-09,726.702319158901,764.312725993064,TRUE,FALSE,37.6104068341635
"Count errors","log","identity",0.000188596382224738,-0.888373466578436,0.361421152913216,0.096,4.49716515999473e-06,0.0650985562240813,NA,4,"uniformity; dispersion; quantile_fitted; quantile_predictor",0.00116123764335736,745.989416801637,756.590643560413,TRUE,FALSE,10.601226758776
"Count errors","log","identity",8.83481246975669e-05,-0.965222986411681,0.92369449571472,0.56,0.00517293384284057,0.00210303772782938,NA,4,"uniformity; dispersion; quantile_fitted; quantile_predictor",6.63412881845257e-05,748.607591961801,766.88483230838,TRUE,FALSE,18.277240346579
"Count errors","log","identity",NA,NA,NA,NA,NA,NA,NA,0,"",NA,735.838270106544,NA,NA,NA,NA
"Count errors","log","identity",0.0320496806470234,-0.522415667306333,0.838002096124298,0.76,0.494669352134529,0.0113045029377374,NA,4,"uniformity; dispersion; quantile_fitted; quantile_predictor",6.33028390188782e-05,736.07472508595,753.448926541831,TRUE,FALSE,17.3742014558816
"Count errors","log","identity",0.000755969905794634,-0.812569582257138,0.961859353776193,0.84,0.000498166489039886,0.00423862158150745,NA,4,"uniformity; dispersion; quantile_fitted; quantile_predictor",0.000138949227531781,718.741909016175,733.216624609478,TRUE,FALSE,14.474715593303
"Count errors","log","identity",0.000647340500367944,-0.780577569324332,0.988295983415517,0.544,0.149250520550369,0.000706830368397804,NA,4,"uniformity; dispersion; quantile_fitted; quantile_predictor",8.45456588120327e-05,748.574431613336,766.756606461046,TRUE,FALSE,18.1821748477099
"Count errors","log","identity",0.000170393294034169,-0.931557268170819,0.701645907484044,0.08,0.127838641998526,0.000322363749838628,NA,4,"uniformity; dispersion; quantile_fitted; quantile_predictor",6.22373898640921e-06,755.712088763333,782.535492326812,TRUE,FALSE,26.8234035634794
"Count errors","log","identity",0.000528832282811158,-0.829523170895392,0.905999072991414,0.48,0.0220377374374367,0.00017602506120773,NA,4,"uniformity; dispersion; quantile_fitted; quantile_predictor",4.50867221263613e-05,768.824487779279,786.5914029597,TRUE,FALSE,17.7669151804212
"Count errors","log","identity",0.00445745035899483,-0.672697235031056,0.8559190435583,0.376,0.844634061920648,0.0870218619003468,NA,4,"uniformity; dispersion; quantile_fitted; quantile_predictor",0.011742094818132,723.109938321737,726.244365824654,TRUE,FALSE,3.13442750291722
"Count errors","log","identity",NA,NA,NA,NA,NA,NA,NA,0,"",NA,747.578867474046,NA,NA,NA,NA
"Count errors","log","identity",0.00092641577645526,-0.762837782989053,0.330623728017806,0.752,0.001922599931101,6.41848255811261e-06,NA,4,"uniformity; dispersion; quantile_fitted; quantile_predictor",8.07369169216377e-07,715.392904412668,746.43552259847,TRUE,FALSE,31.042618185802
"Count errors","log","identity",0.127054929330526,-0.355865975208547,0.748387315160061,0.2,0.0329980250500585,0.000651245099635822,NA,4,"uniformity; dispersion; quantile_fitted; quantile_predictor",1.26642281663592e-07,744.643096235014,775.981312178409,TRUE,FALSE,31.3382159433943
"Count errors","log","identity",0.000109137871205065,-0.936480242003867,0.0970481295189696,0.056,0.0146865368692015,3.53701326823996e-05,NA,4,"uniformity; dispersion; quantile_fitted; quantile_predictor",3.20725279077567e-08,731.671394004556,762.074145850583,TRUE,FALSE,30.4027518460269
"Count errors","log","identity",0.00787142173159239,-0.654388252517695,0.550538765416097,0.992,0.0146567376760611,3.72705578380845e-05,NA,4,"uniformity; dispersion; quantile_fitted; quantile_predictor",9.6703924336878e-06,748.124599166922,768.764307351212,TRUE,FALSE,20.6397081842899
"Count errors","log","identity",1.52024159477822e-05,-1.02280814327328,0.324462374053248,0.544,0.00247690911719373,3.17381250847237e-06,NA,4,"uniformity; dispersion; quantile_fitted; quantile_predictor",5.86704732223923e-07,699.602646650098,725.158047648085,TRUE,FALSE,25.555400997987
"Count errors","log","identity",0.032044698220405,-0.530919870834729,0.146949147835049,0.248,0.0280088281679695,3.3324737685525e-05,NA,4,"uniformity; dispersion; quantile_fitted; quantile_predictor",1.42592478340845e-08,736.982048496944,770.314580220687,TRUE,FALSE,33.3325317237425
"Count errors","log","identity",0.00025424325436802,-0.878509781058295,0.661079219416363,0.48,0.00820984560965543,1.2912323970049e-06,NA,4,"uniformity; dispersion; quantile_fitted; quantile_predictor",2.3593412059269e-07,741.110906173653,777.214921352711,TRUE,FALSE,36.1040151790573
"Count errors","log","identity",2.22090500076991e-05,-0.993322229566192,0.398589373991554,0.136,0.00348153280571684,-3.17249964965072e-07,NA,4,"uniformity; dispersion; quantile_fitted; quantile_predictor",5.39100617248688e-07,736.227319070099,770.03165252115,TRUE,FALSE,33.8043334510508
"Count errors","log","identity",0.00449515514321055,-0.662241413477757,0.58389314984887,0.024,0.108892922180142,0.000168980296721633,NA,4,"uniformity; dispersion; quantile_fitted; quantile_predictor",6.12613575144934e-07,735.104819582649,762.54168611258,TRUE,FALSE,27.4368665299313
"Count errors","log","identity",0.000221703580087494,-0.902047245640045,0.952412100479299,0.136,0.309097356004001,0.00196364626067158,NA,4,"uniformity; dispersion; quantile_fitted; quantile_predictor",0.000173095775504236,716.554434670011,739.070959667422,TRUE,FALSE,22.5165249974111
"Count errors","log","identity",0.000112486898852402,-0.873266371363671,0.96710939980636,0.104,0.0017216123000231,9.76544093552745e-05,NA,4,"uniformity; dispersion; quantile_fitted; quantile_predictor",2.40199420044795e-07,714.208486255241,741.202663384199,TRUE,FALSE,26.9941771289584
"Count errors","log","identity",NA,NA,NA,NA,NA,NA,NA,0,"",NA,722.627438282144,NA,NA,NA,NA
"Count errors","log","identity",1.15182235870071e-05,-1.08984354112516,0.719103170689808,0.016,0.0065332819086753,0.000394521861057817,NA,4,"uniformity; dispersion; quantile_fitted; quantile_predictor",2.48371833156792e-08,756.635944625659,791.795509178978,TRUE,FALSE,35.159564553319
"Count errors","log","identity",0.000114847659745576,-0.994861072087303,0.87342603269941,0.216,0.100818406354937,0.0147667014249126,NA,4,"uniformity; dispersion; quantile_fitted; quantile_predictor",4.17716455923866e-05,750.62550004267,769.418203572106,TRUE,FALSE,18.7927035294358
"Count errors","log","identity",0.0132961334716156,-0.566531546574377,0.755407791838455,0.024,0.297050808626888,0.0228930216827401,NA,4,"uniformity; dispersion; quantile_fitted; quantile_predictor",0.00616478485840693,737.038040192359,744.42592709977,TRUE,FALSE,7.38788690741137
"Count errors","log","identity",0.00253474158900969,-0.712925052827694,0.144527681838754,0.072,0.168782917243696,0.102163848108971,NA,4,"uniformity; dispersion; quantile_fitted; quantile_predictor",6.89565665072878e-06,757.70071697075,776.008992077805,TRUE,FALSE,18.3082751070556
"Count errors","log","identity",0.000157778944078989,-0.893604563056114,0.349961191358641,0.112,0.0109563457861748,1.53352379033689e-05,NA,4,"uniformity; dispersion; quantile_fitted; quantile_predictor",1.40123826204073e-06,736.269392675422,764.43959035678,TRUE,FALSE,28.170197681358
"Count errors","log","identity",5.41149627478602e-06,-1.11356331401092,0.414118171840456,0.168,0.00334059080914584,6.10854815748518e-05,NA,4,"uniformity; dispersion; quantile_fitted; quantile_predictor",1.41864595854898e-07,740.199874369858,771.357828515522,TRUE,FALSE,31.1579541456645
"Count errors","log","identity",2.65154852250735e-06,-0.983248329434796,0.879744069102927,0.272,0.526579590192818,0.0346739670693492,NA,4,"uniformity; dispersion; quantile_fitted; quantile_predictor",0.0269191978978572,688.692906948597,690.678633852442,TRUE,FALSE,1.98572690384503
"Count errors","log","identity",0.000292444514475575,-0.940025652533064,0.563107377004418,0.488,0.0150629632855924,6.08663472956295e-08,NA,4,"uniformity; dispersion; quantile_fitted; quantile_predictor",1.04684741083948e-07,746.231847000728,776.931405488412,TRUE,FALSE,30.6995584876839
"Count errors","log","identity",4.41239222315167e-06,-1.02955491462673,0.429590379665743,0.512,0.000687758240206393,0.000689255505508635,NA,4,"uniformity; dispersion; quantile_fitted; quantile_predictor",1.38202056225269e-06,726.792559875875,750.668606817167,TRUE,FALSE,23.8760469412922
"Count errors","log","identity",0.0608679592104099,-0.462689747098272,0.980121237888464,0.224,0.0404436858825283,0.00246716528571789,NA,4,"uniformity; dispersion; quantile_fitted; quantile_predictor",4.75529093340359e-05,762.246300466594,782.272493330364,TRUE,FALSE,20.02619286377
"Count errors","log","identity",0.00264941594619008,-0.691862476396822,0.452043218309308,0.528,3.83891419952764e-06,3.44739801405591e-06,NA,4,"uniformity; dispersion; quantile_fitted; quantile_predictor",2.52003510471793e-06,747.730010155788,771.181596017051,TRUE,FALSE,23.451585861263
"Count errors","log","identity",0.014137282353142,-0.597614259307626,0.730948401525357,0,0.00388680792153895,0,NA,4,"uniformity; dispersion; quantile_fitted; quantile_predictor",3.67075477008851e-08,767.837924559007,802.029712594982,TRUE,FALSE,34.191788035975
"Count errors","log","identity",0.000693712782729682,-0.770933846555933,0.206126849495974,0.008,0.0159929668895781,0.00435221329542512,NA,4,"uniformity; dispersion; quantile_fitted; quantile_predictor",5.47987751082528e-05,787.462155497671,805.247226508214,TRUE,FALSE,17.7850710105432
"Count errors","log","identity",0.00663461729258701,-0.71058546333341,0.894270923019738,0,0.0791265840819385,0.00429771845044025,NA,4,"uniformity; dispersion; quantile_fitted; quantile_predictor",1.76928849351051e-05,730.235031457172,748.042885076459,TRUE,FALSE,17.8078536192876
"Count errors","log","identity",NA,NA,NA,NA,NA,NA,NA,0,"",NA,711.751439008828,NA,NA,NA,NA
"Count errors","log","identity",1.83146138851319e-07,-1.23276482137649,0.979082336898853,0.864,0.0837994406901553,0.0396578356595144,NA,4,"uniformity; dispersion; quantile_fitted; quantile_predictor",0.000321728399179428,737.684730991561,749.353990678197,TRUE,FALSE,11.6692596866355
"Count errors","log","identity",1.66184103749638e-05,-1.0321081646867,0.873869916591203,0.064,0.293376605978309,0.00340227554744643,NA,4,"uniformity; dispersion; quantile_fitted; quantile_predictor",0.000942773732992052,765.93072514306,781.707354366188,TRUE,FALSE,15.7766292231282
"Count errors","log","identity",0.0017769232790489,-0.758274947623925,0.565078151134831,0.096,0.00550594020980311,7.8529499598079e-06,NA,4,"uniformity; dispersion; quantile_fitted; quantile_predictor",5.82277314540582e-08,694.765068754323,732.380054178588,TRUE,FALSE,37.6149854242649
"Count errors","log","identity",0.000379191739758298,-0.798195175687967,0.464707301542518,0.112,0.331999884196684,0.0884236088642731,NA,4,"uniformity; dispersion; quantile_fitted; quantile_predictor",0.000474008499494266,751.781446879705,763.981642541016,TRUE,FALSE,12.2001956613111
"Count errors","log","identity",7.14430086488486e-06,-0.993560145631387,0.524547105876507,0.088,6.23389028531207e-06,1.35815942329254e-05,NA,4,"uniformity; dispersion; quantile_fitted; quantile_predictor",1.10944403549278e-06,739.021422963175,766.313380300147,TRUE,FALSE,27.291957336972
"Count errors","log","identity",3.29842866061916e-05,-1.00745220140596,0.539146318158132,0.856,0.19308385374161,0.00322380641214448,NA,4,"uniformity; dispersion; quantile_fitted; quantile_predictor",1.90611601693783e-05,710.187640608843,733.630481581695,TRUE,FALSE,23.4428409728523
"Count errors","log","identity",0.00152419497638802,-0.785507609136078,0.312767563983278,0.056,6.18968087692795e-05,0,NA,4,"uniformity; dispersion; quantile_fitted; quantile_predictor",9.35477773619688e-11,735.64838165462,780.343785275135,TRUE,FALSE,44.6954036205152
"Count errors","log","identity",0.00973486463396572,-0.643447651160194,0.905697417216349,0.552,0.0125009421584307,0,NA,4,"uniformity; dispersion; quantile_fitted; quantile_predictor",1.05475814578112e-06,727.112789589926,750.776812822136,TRUE,FALSE,23.6640232322102
"Count errors","log","identity",0.0576492765465117,-0.440065745806488,0.4781163090932,0.672,0.124929385712363,0.00771618046288669,NA,4,"uniformity; dispersion; quantile_fitted; quantile_predictor",0.000100736579049598,731.193366616757,746.292254194888,TRUE,FALSE,15.0988875781311
"Count errors","log","identity",0.000504702031376611,-0.849114108153195,0.986334295879194,0.056,0.0325458396658965,0.00019200238943351,NA,4,"uniformity; dispersion; quantile_fitted; quantile_predictor",1.07411770627222e-05,741.742565134746,766.264409314724,TRUE,FALSE,24.521844179978
"Count errors","log","identity",0.0425178701008374,-0.512997887172473,0.469127650806785,0.944,0.00011403158291623,2.23827366857554e-06,NA,4,"uniformity; dispersion; quantile_fitted; quantile_predictor",2.25725573656204e-07,734.532007723901,761.532820686177,TRUE,FALSE,27.0008129622759
"Count errors","log","identity",0.000231853506724964,-0.889298602203974,0.74548891533062,0.792,0.029251065894691,0.00254591112378011,NA,4,"uniformity; dispersion; quantile_fitted; quantile_predictor",6.97268575002398e-05,704.01352537492,721.528242924744,TRUE,FALSE,17.5147175498238
"Count errors","log","identity",NA,NA,NA,NA,NA,NA,NA,0,"",NA,753.85727936755,NA,NA,NA,NA
"Count errors","log","identity",1.0537075972783e-05,-1.05645757203599,0.606717064025066,0.128,0.00135114847344453,0.0105375767898632,NA,4,"uniformity; dispersion; quantile_fitted; quantile_predictor",0.000364349089700727,730.942474948605,746.939213199479,TRUE,FALSE,15.9967382508745
"Count errors","log","identity",0.00298209905701685,-0.71524596182952,0.93148127616064,0.616,0.130492849997724,0.505358132440912,NA,4,"uniformity; dispersion; quantile_fitted; quantile_predictor",0.0246998939865369,739.968586514502,743.244591474167,TRUE,FALSE,3.27600495966522
"Count errors","log","identity",2.14371105334233e-07,-1.26827093071402,0.805814734703564,0.912,0.151704434669597,0.000988355608683544,NA,4,"uniformity; dispersion; quantile_fitted; quantile_predictor",8.45753468315108e-06,753.686567048151,770.967371293867,TRUE,FALSE,17.2808042457166
"Count errors","log","identity",0.000594984818110919,-0.802678246057962,0.585228582143654,0.792,0.000436028501796473,6.20135036244474e-06,NA,4,"uniformity; dispersion; quantile_fitted; quantile_predictor",1.40040312926694e-06,737.121538287293,765.916188440546,TRUE,FALSE,28.794650153253
"Count errors","log","identity",NA,NA,NA,NA,NA,NA,NA,0,"",NA,743.114903444144,NA,NA,NA,NA
"Count errors","log","identity",9.87110826341202e-08,-1.26411879436261,0.843360953268364,0.08,0.00215798479012719,0.00182547323343391,NA,4,"uniformity; dispersion; quantile_fitted; quantile_predictor",6.61284180350863e-07,758.001328474102,782.854936207126,TRUE,FALSE,24.8536077330245
"Count errors","log","identity",6.06107761538379e-05,-1.03667692782909,0.954347505895685,0.68,0.000744475237464792,0,NA,4,"uniformity; dispersion; quantile_fitted; quantile_predictor",1.28277710492774e-07,735.690368932123,762.635730799223,TRUE,FALSE,26.9453618671006
"Count errors","log","identity",0.0721276711132917,-0.446146815179386,0.474734751325975,0.008,0.00375793824523322,2.83236075027116e-06,NA,4,"uniformity; dispersion; quantile_fitted; quantile_predictor",1.59017719368395e-09,753.498823128834,787.108360634507,TRUE,FALSE,33.6095375056731
"Count errors","log","identity",0.00259075953243658,-0.756244945962971,0.350295144382001,0.624,0.381569417268258,0.0733580230168408,NA,4,"uniformity; dispersion; quantile_fitted; quantile_predictor",0.000888218647634277,739.134209083053,752.440750058843,TRUE,FALSE,13.3065409757897
"Count errors","log","identity",6.78342698085467e-05,-0.941559862003969,0.220479031788495,0.56,0.00191605237421899,0.000378756913102574,NA,4,"uniformity; dispersion; quantile_fitted; quantile_predictor",1.98237753549404e-05,727.49157402147,748.004464528957,TRUE,FALSE,20.5128905074872
"Count errors","log","identity",0.00040533601826663,-0.867242816339606,0.639056282231375,0.336,4.05612999920812e-06,-8.5965113627573e-07,NA,4,"uniformity; dispersion; quantile_fitted; quantile_predictor",7.55932180102763e-09,698.68703080997,732.670390850604,TRUE,FALSE,33.9833600406339
"Count errors","log","identity",0.00205510226235165,-0.74200442101758,0.831496118835172,0.496,0.0267357532764705,0.000757632131456076,NA,4,"uniformity; dispersion; quantile_fitted; quantile_predictor",1.03561379083149e-06,722.738087597992,744.5966093902,TRUE,FALSE,21.8585217922085
"Count errors","log","identity",9.57278571729399e-07,-1.18455513575499,0.146312022797858,0.024,0.0823152839720562,0.154830128996242,NA,4,"uniformity; dispersion; quantile_fitted; quantile_predictor",0.00334000812517236,762.26850547974,769.81218396927,TRUE,FALSE,7.54367848953007
"Count errors","log","identity",0.000393813755943351,-0.84990209577685,0.207475280277071,0.024,0.20683744927106,0.00249516379202718,NA,4,"uniformity; dispersion; quantile_fitted; quantile_predictor",2.26122984948485e-06,759.045197930113,784.874592232338,TRUE,FALSE,25.8293943022247
"Count errors","log","identity",0.00938360416260839,-0.603718625487432,0.93322174429055,0.52,0.00014721808145346,0,NA,4,"uniformity; dispersion; quantile_fitted; quantile_predictor",4.54316022856187e-09,697.468115650743,734.405998013342,TRUE,FALSE,36.9378823625998
"Count errors","log","identity",8.35702677677497e-07,-1.22459849863167,0.751928022683041,0.384,0.144381035577895,0.00169384361277147,NA,4,"uniformity; dispersion; quantile_fitted; quantile_predictor",9.96206953867272e-05,744.361294096008,761.835320445531,TRUE,FALSE,17.4740263495232
"Count errors","log","identity",7.98711403670083e-05,-0.995702018676053,0.567342067211208,0.096,0.130081585687795,0.0057959798657875,NA,4,"uniformity; dispersion; quantile_fitted; quantile_predictor",3.38429228547362e-05,749.337847225916,769.260708317441,TRUE,FALSE,19.9228610915242
"Count errors","log","identity",0.00144562305522051,-0.665204206622363,0.807105741732217,0.536,0.00166279101026467,0.0217552311388424,NA,4,"uniformity; dispersion; quantile_fitted; quantile_predictor",0.000799835277216626,754.759278201081,756.110797845474,TRUE,FALSE,1.35151964439308
"Count errors","log","identity",0.00539029796891532,-0.72404854355281,0.846970312378383,0.664,0.00807835307751259,8.58211302023903e-08,NA,4,"uniformity; dispersion; quantile_fitted; quantile_predictor",2.24295280526443e-05,728.886095452057,750.711044644028,TRUE,FALSE,21.8249491919712
"Count errors","log","identity",9.29537926748758e-06,-1.05712428808449,0.876008300021902,0.96,0.831164583877691,0.156749395385028,NA,4,"uniformity; dispersion; quantile_fitted; quantile_predictor",0.0059223606799419,721.958913532597,729.403898228076,TRUE,FALSE,7.44498469547841
"Count errors","log","identity",0.0258992279807236,-0.592418850230736,0.965675720265289,0.36,0.0154119206769355,0.00722735146426567,NA,4,"uniformity; dispersion; quantile_fitted; quantile_predictor",0.000116354866409624,752.938995490368,768.949804675492,TRUE,FALSE,16.0108091851243
"Count errors","log","identity",0.0010647514856701,-0.781444319844731,0.308682852427575,0.104,0.0691263126558939,0.0023326163076075,NA,4,"uniformity; dispersion; quantile_fitted; quantile_predictor",9.6711128137017e-06,722.519353001377,747.2918162081,TRUE,FALSE,24.7724632067228
"Count errors","log","identity",0.000448556776125272,-0.801568065160321,0.998296671837144,0.888,0.0142880613157214,0.00178745967682592,NA,4,"uniformity; dispersion; quantile_fitted; quantile_predictor",0.000182285905854871,721.57145572464,731.87752530707,TRUE,FALSE,10.3060695824296
"Count errors","log","identity",NA,NA,NA,NA,NA,NA,NA,0,"",NA,708.881449347951,NA,NA,NA,NA
"Count errors","log","identity",0.000254330281967381,-0.868633986809264,0.487744268115378,0.088,0.0475811309790214,0.00772451868386037,NA,4,"uniformity; dispersion; quantile_fitted; quantile_predictor",0.000180752254142903,764.236708846873,779.325624090487,TRUE,FALSE,15.0889152436138
"Count errors","log","identity",7.12382433624525e-06,-1.05958921575584,0.25049724738184,0.024,0.000108364061418275,0.00236807157087193,NA,4,"uniformity; dispersion; quantile_fitted; quantile_predictor",3.97365254513049e-05,754.147265179908,779.734190018808,TRUE,FALSE,25.5869248389005
"Count errors","log","identity",0.00829143441763205,-0.639128893469507,0.945296145729167,0.024,0.0128784504900745,0.000640302438309426,NA,4,"uniformity; dispersion; quantile_fitted; quantile_predictor",2.20276200957926e-06,734.715358033397,759.928358589263,TRUE,FALSE,25.2130005558653
"Count errors","log","identity",NA,NA,NA,NA,NA,NA,NA,0,"",NA,721.585661069323,NA,NA,NA,NA
"Count errors","log","identity",0.00470518994185256,-0.687738941787824,0.227691531134906,0.008,0.00123307167334608,2.63551729357315e-06,NA,4,"uniformity; dispersion; quantile_fitted; quantile_predictor",4.98061959083607e-08,765.01843977771,797.015918861593,TRUE,FALSE,31.9974790838834
"Count errors","log","identity",1.33419795791094e-07,-1.19226139413356,0.762603582093186,0.2,0.0113862427116069,1.40354191402459e-06,NA,4,"uniformity; dispersion; quantile_fitted; quantile_predictor",1.07259453332953e-06,715.054231644192,745.096704461351,TRUE,FALSE,30.0424728171596
"Count errors","log","identity",0.00289135641025803,-0.708795272790752,0.0196805344057134,0.008,0.000230845771174973,0,NA,4,"uniformity; dispersion; quantile_fitted; quantile_predictor",1.38703855209363e-08,758.257398660227,792.616271801091,TRUE,FALSE,34.358873140864
"Count errors","log","identity",0.0355614835775417,-0.571863953928181,0.508748831867199,0.152,0.224474323607826,0.0142672965756169,NA,4,"uniformity; dispersion; quantile_fitted; quantile_predictor",8.34340632419616e-06,742.217821936875,762.624560123022,TRUE,FALSE,20.4067381861473
"Count errors","log","identity",0.133154942343501,-0.348703163937482,0.293189099035348,0,0.00344098574742258,0.00010758341691991,NA,4,"uniformity; dispersion; quantile_fitted; quantile_predictor",1.92361169634129e-07,743.180132210634,776.291006079781,TRUE,FALSE,33.1108738691472
"Count errors","log","identity",1.16451814610245e-07,-1.24140994388503,0.467401466573285,0.216,2.01750798201061e-05,0,NA,4,"uniformity; dispersion; quantile_fitted; quantile_predictor",5.86247635264065e-06,765.903785677876,792.242905626845,TRUE,FALSE,26.3391199489682
"Count errors","log","identity",0.000112392755101919,-0.9449498399239,0.0613701925521779,0.296,0.0176184238066074,0.0053653072825276,NA,4,"uniformity; dispersion; quantile_fitted; quantile_predictor",2.18448743613123e-06,768.535971337962,791.420930139574,TRUE,FALSE,22.8849588016124
"Count errors","log","identity",0.0273041560155522,-0.505665937605454,0.516633805833483,0.08,0.0345263674559805,3.05099452989621e-05,NA,4,"uniformity; dispersion; quantile_fitted; quantile_predictor",2.04733496400092e-05,730.287730271248,754.925450443598,TRUE,FALSE,24.6377201723493
"Count errors","log","identity",0.00325821104613038,-0.701691744935611,0.178262418645016,0.064,0.00114421622914845,3.74589942098158e-06,NA,4,"uniformity; dispersion; quantile_fitted; quantile_predictor",2.85833695671627e-07,745.971388470504,773.211344651842,TRUE,FALSE,27.2399561813371
"Count errors","log","identity",0.000382863479140863,-0.902459742170345,0.85152015508614,0.584,0.0124333697538491,0.00117987481700743,NA,4,"uniformity; dispersion; quantile_fitted; quantile_predictor",1.09785924555307e-05,739.78405964385,763.412096764388,TRUE,FALSE,23.6280371205382
"Count errors","log","identity",1.57522271093043e-06,-1.23135326524316,0.590408878345827,0.408,0.657550403333593,0.38360177962759,NA,4,"uniformity; dispersion; quantile_fitted; quantile_predictor",0.0363171084331964,754.99360751588,759.360169121797,TRUE,FALSE,4.36656160591701
"Count errors","log","identity",1.31567633428053e-05,-0.985341236795259,0.913617218571124,0.904,0.00336736000717353,0.000285331984746062,NA,4,"uniformity; dispersion; quantile_fitted; quantile_predictor",3.95768517995722e-06,729.997853524175,752.54826031845,TRUE,FALSE,22.5504067942753
"Count errors","log","identity",1.74747115789068e-06,-1.11205753589436,0.463399054075821,0.072,0.599958940614445,0.0731187338876806,NA,4,"uniformity; dispersion; quantile_fitted; quantile_predictor",0.0105411800877949,724.54360815171,730.843202615092,TRUE,FALSE,6.2995944633816
"Count errors","log","identity",0.00185352639730299,-0.734699893826455,0.846729654325111,0.16,0.00220674744558502,0.000302777024250189,NA,4,"uniformity; dispersion; quantile_fitted; quantile_predictor",2.69423897674794e-06,757.040966278562,780.08353979121,TRUE,FALSE,23.0425735126486
"Count errors","log","identity",1.85864105845535e-05,-1.06366817775418,0.874164224963429,0.168,0.00266342113556228,0.000117076730827392,NA,4,"uniformity; dispersion; quantile_fitted; quantile_predictor",5.06388849366043e-06,736.309457939387,761.627133957267,TRUE,FALSE,25.31767601788
"Count errors","log","identity",0.000132849958697131,-0.941141690063232,0.911973580768797,0.584,0.00776541843726619,0.000399949013043299,NA,4,"uniformity; dispersion; quantile_fitted; quantile_predictor",2.42965348962561e-05,720.178831737627,739.362630411568,TRUE,FALSE,19.1837986739409
"Count errors","log","identity",0.0140399025674794,-0.621189102909409,0.886084269944882,0.632,0.0966716278689696,0.00338790717769311,NA,4,"uniformity; dispersion; quantile_fitted; quantile_predictor",9.59419080875768e-07,737.250010789449,760.305688741592,TRUE,FALSE,23.055677952143
"Count errors","log","identity",0.00708499634413942,-0.646758797232808,0.601726142300041,0.264,0.0531450261213802,2.57198606445908e-06,NA,4,"uniformity; dispersion; quantile_fitted; quantile_predictor",5.89596280049935e-10,750.476669906592,785.866624885656,TRUE,FALSE,35.3899549790646
"Count errors","log","identity",0.00185149002468333,-0.70023446265945,0.53067722256883,0.016,6.02925027313526e-05,0,NA,4,"uniformity; dispersion; quantile_fitted; quantile_predictor",6.12806698593959e-07,715.35441904471,747.861198160576,TRUE,FALSE,32.5067791158657
"Count errors","log","identity",5.85688737567139e-05,-0.959254276643128,0.212433139308527,0.016,0.434556013479398,0.358211747722306,NA,4,"uniformity; dispersion; quantile_fitted; quantile_predictor",0.000514333582234646,768.711577008311,780.993472023906,TRUE,FALSE,12.2818950155946
"Count errors","log","identity",0.0115787658253026,-0.604851460901153,0.948406916133018,0.016,0.000218004221984092,8.72447967020795e-06,NA,4,"uniformity; dispersion; quantile_fitted; quantile_predictor",4.63596549779917e-09,753.535727940967,791.842225189898,TRUE,FALSE,38.3064972489319
"Count errors","log","identity",6.77288435952837e-05,-0.917337020603778,0.437099041896797,0.04,0.220558766118051,0.0260184498896692,NA,4,"uniformity; dispersion; quantile_fitted; quantile_predictor",3.09563581566699e-05,751.323201389828,770.831309148535,TRUE,FALSE,19.5081077587068
"Count errors","log","identity",0.00118616072259118,-0.785185757638387,0.398435009534922,0.184,0.00274184740331711,0.0140180119923771,NA,4,"uniformity; dispersion; quantile_fitted; quantile_predictor",2.45927320303011e-05,749.820265280508,767.08306419172,TRUE,FALSE,17.2627989112116
"Count errors","log","identity",0.000515040408655523,-0.852827134097826,0.634168064159011,0.272,0.0274813027276214,0.00248942974380573,NA,4,"uniformity; dispersion; quantile_fitted; quantile_predictor",3.18257630748709e-05,755.353606704676,774.398742580159,TRUE,FALSE,19.045135875483
"Count errors","log","identity",0.000297853034797649,-0.862971225608745,0.763831506177657,0.064,0.00164543072313161,0.000863868852734817,NA,4,"uniformity; dispersion; quantile_fitted; quantile_predictor",1.69046668930485e-08,754.639425878532,786.642411920647,TRUE,FALSE,32.0029860421151
"Count errors","log","identity",0.00037037618288375,-0.864369055815434,0.842224634559647,0.04,0.0168397405660065,4.56899130982791e-05,NA,4,"uniformity; dispersion; quantile_fitted; quantile_predictor",3.30434056355876e-06,769.718862538237,801.02116924618,TRUE,FALSE,31.3023067079428
"Count errors","log","identity",NA,NA,NA,NA,NA,NA,NA,0,"",NA,741.344201656283,NA,NA,NA,NA
"Count errors","log","identity",9.8875379412645e-07,-1.23737491527226,0.990853505885994,0.784,0.093827203002399,0.000496472023026717,NA,4,"uniformity; dispersion; quantile_fitted; quantile_predictor",6.68484783019496e-05,737.779482806418,760.920160321659,TRUE,FALSE,23.140677515241
"Count errors","log","identity",0.0293213321056846,-0.511235718376528,0.239154421515345,0.176,0.00267405811552113,1.75096773227246e-05,NA,4,"uniformity; dispersion; quantile_fitted; quantile_predictor",8.72113414898183e-08,741.273923373459,772.833229822175,TRUE,FALSE,31.5593064487157
"Count errors","log","identity",0.0114372087077414,-0.62958303502462,0.216653895858155,0.952,0.0326468756498801,0.00881736397785693,NA,4,"uniformity; dispersion; quantile_fitted; quantile_predictor",1.64563827090929e-05,703.982754024502,723.27978364356,TRUE,FALSE,19.2970296190584
"Count errors","log","identity",0.000394460307664067,-0.815031792647375,0.918756722298939,0.464,0.0128390911852546,1.62250809954134e-06,NA,4,"uniformity; dispersion; quantile_fitted; quantile_predictor",8.77045202340796e-09,730.172077484167,766.026834512643,TRUE,FALSE,35.8547570284759
"Count errors","log","identity",NA,NA,NA,NA,NA,NA,NA,0,"",NA,716.365586859975,NA,NA,NA,NA
"Count errors","log","identity",1.95878222245925e-07,-1.18015150186795,0.470063468530571,0.064,0.0074187525276429,1.55980133429434e-05,NA,4,"uniformity; dispersion; quantile_fitted; quantile_predictor",4.0261463471034e-08,743.899320998143,778.237310504988,TRUE,FALSE,34.337989506845
"Count errors","log","identity",6.81719667617278e-09,-1.35335246640432,0.417628308380738,0.312,0.00586708018072954,0.059450318896079,NA,4,"uniformity; dispersion; quantile_fitted; quantile_predictor",0.0133362563627187,729.875219615574,735.593891566952,TRUE,FALSE,5.71867195137793
"Count errors","log","identity",4.52028613602641e-05,-0.945226890604096,0.547993201117102,0.76,0.502118153057113,0.112188453773496,NA,4,"uniformity; dispersion; quantile_fitted; quantile_predictor",0.00118244501453033,719.7413190658,730.99146966531,TRUE,FALSE,11.25015059951
"Count errors","log","identity",4.91803702593563e-06,-1.0182975288242,0.785887801521797,0.768,0.0462364014316778,0.139790130961708,NA,4,"uniformity; dispersion; quantile_fitted; quantile_predictor",6.85779816575388e-05,731.659173127553,743.315054598138,TRUE,FALSE,11.6558814705851
"Count errors","log","identity",0.00103728329826802,-0.69950228865276,0.508083059645425,0.04,7.3634314877169e-05,8.50430710552796e-06,NA,4,"uniformity; dispersion; quantile_fitted; quantile_predictor",6.00559010881662e-08,708.087658788593,741.814511875637,TRUE,FALSE,33.7268530870435
"Count errors","log","identity",0.000122801862037026,-0.906293333905461,0.74565580644319,0.544,0.00534038401487158,0.00024685895126586,NA,4,"uniformity; dispersion; quantile_fitted; quantile_predictor",6.79437015305821e-05,692.138195296425,711.316263918948,TRUE,FALSE,19.1780686225223
"Count errors","log","identity",0.0565320292452511,-0.459594158790992,0.754660216733004,0.768,0.19729720073616,0.00217420343349106,NA,4,"uniformity; dispersion; quantile_fitted; quantile_predictor",5.16074575977413e-05,737.224410999429,754.391816384241,TRUE,FALSE,17.1674053848126
"Count errors","log","identity",0.00523913344283252,-0.698271025578903,0.653049997695808,0.072,0.0239002404352401,0.00506094408729585,NA,4,"uniformity; dispersion; quantile_fitted; quantile_predictor",2.97353536534113e-07,755.872649934454,780.873837287465,TRUE,FALSE,25.0011873530111
"Count errors","log","identity",NA,NA,NA,NA,NA,NA,NA,0,"",NA,738.15553240242,NA,NA,NA,NA
"Count errors","log","identity",2.2688479406662e-05,-1.01122686468271,0.768479412398408,0.736,0.372354721730985,0.010014634600047,NA,4,"uniformity; dispersion; quantile_fitted; quantile_predictor",0.00831489078231931,699.658277439612,704.125669716744,TRUE,FALSE,4.46739227713181
"Count errors","log","identity",2.34616237186416e-05,-1.01943794363834,0.756747432354928,0.848,0.00621983942501664,0,NA,4,"uniformity; dispersion; quantile_fitted; quantile_predictor",3.04281250171386e-07,711.766442685032,743.972032546518,TRUE,FALSE,32.2055898614855
"Count errors","log","identity",0.00444122692807902,-0.679720608978398,0.682760848184452,0.08,0.000157941376711213,0,NA,4,"uniformity; dispersion; quantile_fitted; quantile_predictor",2.77849507537016e-08,726.922002361354,759.937620269189,TRUE,FALSE,33.0156179078357
"Count errors","log","identity",5.63266919998552e-06,-1.08351951577687,0.307633220068144,0.016,0.00013722282577101,1.97235656940187e-06,NA,4,"uniformity; dispersion; quantile_fitted; quantile_predictor",6.26990593740155e-07,739.711304966678,774.490990967971,TRUE,FALSE,34.779686001293
"Count errors","log","identity",1.2838243613498e-07,-1.30555324425436,0.149196092468603,0.032,0,0,NA,4,"uniformity; dispersion; quantile_fitted; quantile_predictor",9.05210367440962e-10,733.698949819503,782.417354321823,TRUE,FALSE,48.7184045023203
"Count errors","log","identity",0.00113342819281748,-0.870096095806722,0.565967425050283,0.144,1.46357669255637e-05,0,NA,4,"uniformity; dispersion; quantile_fitted; quantile_predictor",7.58459032437482e-11,728.938709282581,772.173490468138,TRUE,FALSE,43.234781185557
"Count errors","log","identity",7.17924646074572e-05,-0.944461006820622,0.967144642057877,0.808,0.0229470738394513,1.39797491206517e-05,NA,4,"uniformity; dispersion; quantile_fitted; quantile_predictor",5.73895515425822e-06,711.971116451328,740.185741062586,TRUE,FALSE,28.2146246112572
"Count errors","log","identity",0.0148972921550753,-0.598111566796564,0.606271347707055,0.28,0.026422457579744,4.81310334374818e-05,NA,4,"uniformity; dispersion; quantile_fitted; quantile_predictor",4.93043726761064e-08,746.704133244161,780.709553548952,TRUE,FALSE,34.0054203047905
"Count errors","log","identity",7.55635708260696e-06,-1.10940414824872,0.613987484726551,0.016,2.35540733467543e-05,0,NA,4,"uniformity; dispersion; quantile_fitted; quantile_predictor",3.29204936645423e-09,736.496519647169,774.29793885238,TRUE,FALSE,37.8014192052116
"Count errors","log","identity",0.00022093733103595,-0.864688058196539,0.0920294658587183,0.24,0.000232271321732203,0,NA,4,"uniformity; dispersion; quantile_fitted; quantile_predictor",5.42003842975697e-12,696.430229188489,744.320423452057,TRUE,FALSE,47.8901942635688
"Count errors","log","identity",0.000155934455238747,-0.91394682218319,0.710583410701484,0.744,0.0487811311636339,0.0154287179754876,NA,4,"uniformity; dispersion; quantile_fitted; quantile_predictor",1.86022430725567e-05,766.611036641779,784.47171942065,TRUE,FALSE,17.8606827788713
"Count errors","log","identity",2.45026209682326e-05,-0.955272703171635,0.389721097755436,0.16,0.0288845819787069,0.00118780544717171,NA,4,"uniformity; dispersion; quantile_fitted; quantile_predictor",0.000413544754605896,746.087338581878,764.68637430796,TRUE,FALSE,18.5990357260822
"Count errors","log","identity",1.28331597376535e-07,-1.20624354847448,0.432343945453007,0.176,0.0509388192174024,3.16150496418866e-05,NA,4,"uniformity; dispersion; quantile_fitted; quantile_predictor",0.000796166379171516,743.747721290681,767.947840768612,TRUE,FALSE,24.200119477931
"Count errors","log","identity",5.52131452581602e-06,-1.08314573587633,0.458869281909276,0.032,0.0447223135976054,0.00249591669380289,NA,4,"uniformity; dispersion; quantile_fitted; quantile_predictor",0.000413757991351871,746.658253274918,761.819048497104,TRUE,FALSE,15.160795222186
"Count errors","log","identity",0.0770881574474126,-0.412183416825006,0.378238121093923,0.328,0.042501080795845,0.00782585747598663,NA,4,"uniformity; dispersion; quantile_fitted; quantile_predictor",9.80870516057577e-06,731.194677854776,748.526102789461,TRUE,FALSE,17.3314249346853
"Count errors","log","identity",0.000936485025640538,-0.782765553897497,0.585382421915876,0.528,0.907299643899775,0.262629532036122,NA,4,"uniformity; dispersion; quantile_fitted; quantile_predictor",0.00614548500190161,726.388093464923,733.067324911018,TRUE,FALSE,6.67923144609426
"Count errors","log","identity",0.000708152914616029,-0.777221479528369,0.111402961388944,0.016,9.20123723366917e-05,0,NA,4,"uniformity; dispersion; quantile_fitted; quantile_predictor",4.60769264832125e-12,746.78712302665,796.073681140515,TRUE,FALSE,49.2865581138659
"Count errors","log","identity",8.1122957651531e-06,-1.11791004424308,0.20247925143027,0.856,0.000630034567580928,5.24051511086032e-06,NA,4,"uniformity; dispersion; quantile_fitted; quantile_predictor",5.23260269830421e-09,761.930751519151,794.282369430313,TRUE,FALSE,32.3516179111622
"Count errors","log","identity",0.00432922229635247,-0.666155319491791,0.261665523567911,0.016,0.000429765382978103,0.000390051300921686,NA,4,"uniformity; dispersion; quantile_fitted; quantile_predictor",0.000191442195480358,801.042572160571,812.180913762645,TRUE,FALSE,11.1383416020742
"Count errors","log","identity",3.67381735302969e-05,-0.95767558202793,0.739642603588348,0.024,0.144589296693091,0.00277533511010852,NA,4,"uniformity; dispersion; quantile_fitted; quantile_predictor",8.53570700412694e-05,750.99743203528,774.312825566607,TRUE,FALSE,23.3153935313267
"Count errors","log","identity",0.0891122708135796,-0.444331879546954,0.214295804217393,0.16,0.606003787182302,0.385224565232083,NA,4,"uniformity; dispersion; quantile_fitted; quantile_predictor",0.00246720190715578,757.151226021134,769.527801971091,TRUE,FALSE,12.3765759499564
"Count errors","log","identity",5.00866785173736e-09,-1.51487044954144,0.772916898839915,0.136,0.0653894856114138,0.00224420647549678,NA,4,"uniformity; dispersion; quantile_fitted; quantile_predictor",4.58304990320733e-07,727.121054470089,755.350210479576,TRUE,FALSE,28.2291560094874
"Count errors","log","identity",NA,NA,NA,NA,NA,NA,NA,0,"",NA,724.601267713707,NA,NA,NA,NA
"Count errors","log","identity",0.000634216589761485,-0.830895030928656,0.17141504394917,0,0.0224249098706088,0.0189218466167203,NA,4,"uniformity; dispersion; quantile_fitted; quantile_predictor",3.31896369842202e-06,789.236128503245,813.59109581151,TRUE,FALSE,24.3549673082655
"Count errors","log","identity",0.00420804034483129,-0.726954641184429,0.236531242099221,0.232,0.125615392177554,0.00429699434346004,NA,4,"uniformity; dispersion; quantile_fitted; quantile_predictor",4.51490094304814e-05,743.718623194585,767.148447110684,TRUE,FALSE,23.4298239160989
"Count errors","log","identity",NA,NA,NA,NA,NA,NA,NA,0,"",NA,732.47331441061,NA,NA,NA,NA
"Count errors","log","identity",6.05481530462323e-08,-1.23585699529314,0.998376470412268,0.168,0.120117706115543,0.0602007819860413,NA,4,"uniformity; dispersion; quantile_fitted; quantile_predictor",5.59828295285293e-05,741.987660997756,759.56979297328,TRUE,FALSE,17.5821319755236
"Count errors","log","identity",0.000719897846681379,-0.813364987990829,0.413479540011952,0.016,0.0937509233403673,0.0019973289593791,NA,4,"uniformity; dispersion; quantile_fitted; quantile_predictor",8.22629386600238e-07,759.354383320585,786.637455678738,TRUE,FALSE,27.2830723581527
"Count errors","log","identity",1.49189695484256e-06,-1.15635967838142,0.680262447792902,0.448,0.140881316775719,0.000442478474466368,NA,4,"uniformity; dispersion; quantile_fitted; quantile_predictor",0.00051394538364454,737.049453909004,750.142549191472,TRUE,FALSE,13.0930952824679
"Count errors","log","identity",4.64135582167219e-05,-0.990854143499245,0.778238271087154,0.952,0.0135320622976011,0.00412811239908584,NA,4,"uniformity; dispersion; quantile_fitted; quantile_predictor",8.82294836891792e-05,726.346020428276,748.456506667756,TRUE,FALSE,22.1104862394791
"Count errors","log","identity",4.31762569587347e-06,-1.05109892264814,0.467501429474773,0.56,0.00579443055618193,0.00922217626722138,NA,4,"uniformity; dispersion; quantile_fitted; quantile_predictor",0.000860043133316203,714.495526606587,726.490904886717,TRUE,FALSE,11.9953782801302
"Count errors","log","identity",0.00751242100473298,-0.671652811549824,0.362013008009235,0.528,0.0208283486511406,0.0122284396006798,NA,4,"uniformity; dispersion; quantile_fitted; quantile_predictor",0.000322459680409624,698.30871721241,713.296927374342,TRUE,FALSE,14.9882101619326
"Count errors","log","identity",0.00613907393526022,-0.666898136722569,0.161712255030451,0.008,0.00426091145468799,4.20773150822118e-06,NA,4,"uniformity; dispersion; quantile_fitted; quantile_predictor",1.5568940964993e-06,729.985368936271,759.483295853837,TRUE,FALSE,29.4979269175653
"Count errors","log","identity",0.0107044026010685,-0.643805444189337,0.496535442197231,0.808,0.272790319907454,0.150158349244196,NA,4,"uniformity; dispersion; quantile_fitted; quantile_predictor",0.00393357357247298,755.431086234862,761.976297809009,TRUE,FALSE,6.5452115741474
"Count errors","log","identity",0.000413628479074473,-0.924313391018246,0.871513331679114,0.008,0.00748360867232875,0.00013055969202258,NA,4,"uniformity; dispersion; quantile_fitted; quantile_predictor",2.44152713778124e-07,729.618299106515,757.647921187364,TRUE,FALSE,28.029622080849
"Count errors","log","identity",7.12166849836246e-07,-1.1172903067588,0.552419323561134,0.208,0.00117375027517658,5.57111558875389e-05,NA,4,"uniformity; dispersion; quantile_fitted; quantile_predictor",6.45894548188006e-05,747.682687561374,767.968432234122,TRUE,FALSE,20.2857446727483
"Count errors","log","identity",3.82962741900384e-07,-1.20589524727747,0.582443956053429,0.016,0.000319891935952388,0,NA,4,"uniformity; dispersion; quantile_fitted; quantile_predictor",1.02747733599577e-08,760.420140909313,800.806148918496,TRUE,FALSE,40.3860080091837
"Count errors","log","identity",0.00033740990776377,-0.887681251239101,0.946947821752442,0.832,0.256624076198,0.191667054204747,NA,4,"uniformity; dispersion; quantile_fitted; quantile_predictor",0.00255199406104085,754.771666450898,760.881070486474,TRUE,FALSE,6.10940403557584
"Count errors","log","identity",0.00224823015564192,-0.72672007257015,0.511521207557813,0.144,3.20654063244996e-05,0,NA,4,"uniformity; dispersion; quantile_fitted; quantile_predictor",2.2154959981472e-09,727.624026252647,766.680192123287,TRUE,FALSE,39.0561658706405
"Count errors","log","identity",4.19665186420816e-09,-1.38779117969194,0.114285026290591,0,0.00137186062476424,0,NA,4,"uniformity; dispersion; quantile_fitted; quantile_predictor",1.08312432468916e-08,727.734623669837,777.671602931355,TRUE,FALSE,49.9369792615175
"Count errors","log","identity",2.28186952201135e-06,-1.12660999210643,0.532760153360476,0.352,0.000151611410354802,0,NA,4,"uniformity; dispersion; quantile_fitted; quantile_predictor",1.89254621478635e-06,723.066501899023,751.556428000916,TRUE,FALSE,28.4899261018925
"Count errors","log","identity",NA,NA,NA,NA,NA,NA,NA,0,"",NA,723.719866863358,NA,NA,NA,NA
"Count errors","log","identity",0.00309832702597024,-0.71357308872883,0.951856126907649,0.232,0.0089545332372063,0.00105951302122581,NA,4,"uniformity; dispersion; quantile_fitted; quantile_predictor",0.000137815604186664,745.711687955375,763.912949225203,TRUE,FALSE,18.2012612698283
"Count errors","log","identity",0.0112090254956333,-0.598548019979903,0.85126425469953,0.576,0.00393231488061829,1.31907004069509e-06,NA,4,"uniformity; dispersion; quantile_fitted; quantile_predictor",9.6861356701024e-09,710.086289266023,748.115336575661,TRUE,FALSE,38.0290473096375
"Count errors","log","identity",3.02499972430727e-06,-1.14853158992171,0.819150110967157,0.208,0.206709708718608,0.812660268632958,NA,4,"uniformity; dispersion; quantile_fitted; quantile_predictor",0.00245833543120454,745.873760491503,753.74226446382,TRUE,FALSE,7.86850397231706
"Count errors","log","identity",6.08865418871665e-09,-1.35099240028854,0.316324461136043,0.424,0.0636285243192054,0.000125244071458197,NA,4,"uniformity; dispersion; quantile_fitted; quantile_predictor",6.66530720043139e-06,740.176077219008,764.62858890534,TRUE,FALSE,24.4525116863324
"Count errors","log","identity",0.000552761552611587,-0.809414194175593,0.481486846084618,0.056,0.050592065057545,0.00297905980909441,NA,4,"uniformity; dispersion; quantile_fitted; quantile_predictor",1.99848511535778e-06,776.549933737553,800.246405229932,TRUE,FALSE,23.6964714923789
"Count errors","log","identity",2.61747605214818e-05,-1.06647242827905,0.271715743440547,0.12,0.000389219033580095,6.69847624757891e-05,NA,4,"uniformity; dispersion; quantile_fitted; quantile_predictor",8.19438559642311e-06,736.70415203721,758.144027973208,TRUE,FALSE,21.4398759359985
"Count errors","log","identity",0.00041989880003296,-0.824514211797809,0.195616838009657,0.064,0.169294521047128,0.000743665546993455,NA,4,"uniformity; dispersion; quantile_fitted; quantile_predictor",1.12835830489951e-06,755.042323633013,781.454589391092,TRUE,FALSE,26.4122657580791
"Count errors","log","identity",0.000504542352097988,-0.854457409718609,0.69477625387496,0.536,0.0951657399669963,0.000773620992751689,NA,4,"uniformity; dispersion; quantile_fitted; quantile_predictor",1.59886141676155e-05,740.646306253361,762.350331689849,TRUE,FALSE,21.7040254364888
"Count errors","log","identity",NA,NA,NA,NA,NA,NA,NA,0,"",NA,738.114374532534,NA,NA,NA,NA
"Count errors","log","identity",6.36996672176301e-06,-1.03827015756262,0.38477689615642,0.048,3.10972212557159e-05,0,NA,4,"uniformity; dispersion; quantile_fitted; quantile_predictor",1.29923415909095e-08,747.37970148898,789.91618485508,TRUE,FALSE,42.5364833660998
"Count errors","log","identity",0.000979021698607523,-0.803362863524106,0.491436103812928,0.872,0.631387340981393,0.283222612432236,NA,4,"uniformity; dispersion; quantile_fitted; quantile_predictor",0.0862697684364008,727.415426918088,724.201378887497,FALSE,TRUE,-3.2140480305917
"Count errors","log","identity",1.86709572291774e-06,-1.14566339845589,0.607854489628434,0.384,0.0454579794185176,7.75698277897252e-05,NA,4,"uniformity; dispersion; quantile_fitted; quantile_predictor",2.89456269453453e-05,725.735720146209,744.663311486266,TRUE,FALSE,18.927591340057
"Count errors","log","identity",3.38028184761758e-08,-1.25500757464904,0.371926580253131,0.008,0.107566821700516,0.0038864226999477,NA,4,"uniformity; dispersion; quantile_fitted; quantile_predictor",6.82366924500374e-06,780.614041949792,803.552705189187,TRUE,FALSE,22.9386632393949
"Count errors","log","identity",0.16693964671479,-0.332717707993917,0.527171824719378,0.32,0.280499086816979,0.170046303269109,NA,4,"uniformity; dispersion; quantile_fitted; quantile_predictor",0.00233818881661682,741.812704568082,752.483014457689,TRUE,FALSE,10.6703098896071
"Count errors","log","identity",5.0402979618088e-05,-0.854343254758836,0.494780459006848,0.264,0.00142061963024465,0,NA,4,"uniformity; dispersion; quantile_fitted; quantile_predictor",3.21612861532777e-07,729.907044491099,763.811591768953,TRUE,FALSE,33.9045472778536
"Count errors","log","identity",9.62876815392732e-06,-1.01479670183829,0.11544399396064,0,0.0632258529046472,0.0388290266849202,NA,4,"uniformity; dispersion; quantile_fitted; quantile_predictor",1.52138530478234e-05,763.69794737933,782.091080947568,TRUE,FALSE,18.3931335682382
"Count errors","log","identity",0.00975687482422681,-0.608933170239936,0.860310452068523,0.048,0.00215550636217166,1.06080155859445e-05,NA,4,"uniformity; dispersion; quantile_fitted; quantile_predictor",1.15524608546848e-07,716.40640537754,745.060571845384,TRUE,FALSE,28.6541664678438
"Count errors","log","identity",0.0110533912503989,-0.629914079896712,0.672190381244628,0.92,0.000460041446092574,5.13903495371615e-05,NA,4,"uniformity; dispersion; quantile_fitted; quantile_predictor",6.99429712849856e-07,711.738528487018,735.449629467182,TRUE,FALSE,23.7111009801648
"Count errors","log","identity",0.00197583066019129,-0.767101440442475,0.528856747157535,0.168,0.0553306802984738,0.00053693305493463,NA,4,"uniformity; dispersion; quantile_fitted; quantile_predictor",4.95944794849726e-06,747.432214994961,772.707222663723,TRUE,FALSE,25.2750076687619
"Count errors","log","identity",0.00458585107537022,-0.742510918558065,0.669117240931594,0.576,0.0593665324466155,0.00166105258941085,NA,4,"uniformity; dispersion; quantile_fitted; quantile_predictor",1.83464171784104e-05,747.37057551455,767.474632892901,TRUE,FALSE,20.1040573783509
"Count errors","log","identity",0.000156290482927472,-0.957261189569428,0.394507156313763,0.44,0.3335111898095,0.0226906355084751,NA,4,"uniformity; dispersion; quantile_fitted; quantile_predictor",0.00061920064465839,742.59225375946,755.575345666421,TRUE,FALSE,12.9830919069609
"Count errors","log","identity",0.00944833897089933,-0.631253738976097,0.757362377898938,0.088,0.01942113718382,1.72479486113541e-05,NA,4,"uniformity; dispersion; quantile_fitted; quantile_predictor",1.14313498665225e-07,741.651628846779,771.4331396831,TRUE,FALSE,29.7815108363213
"Count errors","log","identity",0.00181616003660949,-0.700854094439701,0.0748697671862514,0.04,0.00145784065400623,0.00683899805410876,NA,4,"uniformity; dispersion; quantile_fitted; quantile_predictor",3.40497669196469e-05,749.443940835216,769.209715504928,TRUE,FALSE,19.7657746697126
"Count errors","log","identity",0.000439745680418129,-0.83115966489986,0.68033665039318,0.672,0.312585402269067,0.0629654292036401,NA,4,"uniformity; dispersion; quantile_fitted; quantile_predictor",0.000481548161879185,729.466802010604,742.926620914879,TRUE,FALSE,13.4598189042753
"Count errors","log","identity",3.32532352408528e-06,-1.16923806758803,0.414595489949959,0.048,0.00201167514748561,0,NA,4,"uniformity; dispersion; quantile_fitted; quantile_predictor",8.15010004668684e-10,766.501755398657,805.959234814386,TRUE,FALSE,39.457479415729
"Count errors","log","identity",7.01642689887992e-06,-1.11853582717991,0.677336800873362,0.4,0.136322447631609,0.00749627965552169,NA,4,"uniformity; dispersion; quantile_fitted; quantile_predictor",7.62792707049433e-05,766.810753212722,784.962561912435,TRUE,FALSE,18.1518086997129
"Count errors","log","identity",1.88578785723727e-09,-1.36366350791969,0.179759974903445,0.032,0.000589921274479099,0.000152172010907115,NA,4,"uniformity; dispersion; quantile_fitted; quantile_predictor",8.3249097204509e-06,752.221344299493,774.36342868745,TRUE,FALSE,22.1420843879573
"Count errors","log","identity",1.73963569107709e-05,-1.07176473602028,0.968670991439703,0.2,0.0485043002895903,0.00129312508027268,NA,4,"uniformity; dispersion; quantile_fitted; quantile_predictor",3.44192076260102e-06,739.062286347874,765.060784494299,TRUE,FALSE,25.9984981464247
"Count errors","log","identity",4.27028959804131e-06,-1.13878182370104,0.944077848131313,0.36,0.312196047645238,0.00967779898093013,NA,4,"uniformity; dispersion; quantile_fitted; quantile_predictor",3.86682101532449e-05,744.083132726909,765.082883648598,TRUE,FALSE,20.9997509216888
"Count errors","log","identity",3.43730099067151e-07,-1.31620518612436,0.693876651399263,0.008,0.0911509988308399,0.0101483570500598,NA,4,"uniformity; dispersion; quantile_fitted; quantile_predictor",0.000141639856939509,785.487708649738,805.746234638076,TRUE,FALSE,20.2585259883374
"Count errors","log","identity",0.0060906878786751,-0.639976758248695,0.717523223697972,0.04,0.0222661101664811,0.00019651818422961,NA,4,"uniformity; dispersion; quantile_fitted; quantile_predictor",1.6085292216115e-06,756.083891958519,782.102002678048,TRUE,FALSE,26.0181107195292
"Count errors","log","identity",0.000124503533800328,-0.886102302000169,0.762770869587543,0.28,0.00146483765683736,-6.02568484442401e-07,NA,4,"uniformity; dispersion; quantile_fitted; quantile_predictor",1.73014460012842e-06,726.364151567745,749.467828968441,TRUE,FALSE,23.1036774006959
"Count errors","log","identity",1.93216983594682e-06,-1.14844143608786,0.484528275178944,0.056,-4.24339434690335e-05,0,NA,4,"uniformity; dispersion; quantile_fitted; quantile_predictor",1.18726801211024e-09,755.052834926219,794.628006783727,TRUE,FALSE,39.5751718575081
"Count errors","log","identity",9.80116828886095e-05,-0.979043299694681,0.293883198569199,0.288,0.0202402326770102,0.00151360746171425,NA,4,"uniformity; dispersion; quantile_fitted; quantile_predictor",3.10822808573512e-05,746.665315239504,767.991680739345,TRUE,FALSE,21.3263654998415
"Count errors","log","identity",0.109065841957384,-0.384390949563364,0.915136070672444,0.448,0.0371076895460486,0.021856509799568,NA,4,"uniformity; dispersion; quantile_fitted; quantile_predictor",0.00176868337996452,731.464426744729,741.168357774426,TRUE,FALSE,9.70393102969672
"Count errors","log","identity",0.000132827279410781,-0.934581830795812,0.901215152482641,0.408,0.0474320728299062,8.25117514280382e-06,NA,4,"uniformity; dispersion; quantile_fitted; quantile_predictor",2.20589146997436e-06,737.927053557706,763.573274600625,TRUE,FALSE,25.646221042919
"Count errors","log","identity",8.0340981669907e-07,-1.10564150927993,0.313738808110467,0.992,0.000106527607856566,4.71467371446765e-05,NA,4,"uniformity; dispersion; quantile_fitted; quantile_predictor",3.03690087194472e-07,714.245126974438,739.29972729354,TRUE,FALSE,25.0546003191025
"Count errors","log","identity",0.00961414862192633,-0.665074904714299,0.564354075251567,0.144,0.0116945201400829,0.0489117651859388,NA,4,"uniformity; dispersion; quantile_fitted; quantile_predictor",0.000613396214605833,778.731530782865,789.609304935466,TRUE,FALSE,10.8777741526013
"Count errors","log","identity",0.0650466667816006,-0.43961118554024,0.719690867064054,0.096,0.00233771627132784,0.000389205881595855,NA,4,"uniformity; dispersion; quantile_fitted; quantile_predictor",8.86533232809243e-07,704.55162744667,734.307957047986,TRUE,FALSE,29.7563296013161
"Count errors","log","identity",0.000143092714925494,-0.973709257438895,0.817855577634411,0.248,0.0189218121508684,0.00231563960759507,NA,4,"uniformity; dispersion; quantile_fitted; quantile_predictor",8.58685692229484e-06,727.846411200748,753.581002168667,TRUE,FALSE,25.7345909679194
"Count errors","log","identity",1.59587120482327e-06,-1.14121098869759,0.764655625620175,0.016,0.0023859636879161,1.46040733459696e-05,NA,4,"uniformity; dispersion; quantile_fitted; quantile_predictor",2.996735603553e-07,755.717477570221,792.231657328285,TRUE,FALSE,36.5141797580635
"Count errors","log","identity",5.55893561188538e-06,-1.08418578692978,0.66907463650349,0.848,0.211574351204452,0.000976188547008539,NA,4,"uniformity; dispersion; quantile_fitted; quantile_predictor",0.000449472941254772,738.891531883793,754.146325527978,TRUE,FALSE,15.2547936441854
"Count errors","log","identity",NA,NA,NA,NA,NA,NA,NA,0,"",NA,738.330942931988,NA,NA,NA,NA
"Count errors","log","identity",0.0130952070564824,-0.597623204920437,0.89805554878877,0.424,0.00727852106554117,1.02257923845217e-05,NA,4,"uniformity; dispersion; quantile_fitted; quantile_predictor",9.31466656722102e-07,736.600224434434,762.570836183451,TRUE,FALSE,25.9706117490163
"Count errors","log","identity",0.00761258836163761,-0.616596763993543,0.0727657007400108,0,0.0222127495667276,0.000101059961420291,NA,4,"uniformity; dispersion; quantile_fitted; quantile_predictor",4.40860232395993e-09,778.14722027415,815.508759910416,TRUE,FALSE,37.3615396362666
"Count errors","log","identity",0.00468644894408564,-0.727979012474837,0.971302092934036,0.44,0.00613767451025682,0.000130178104894685,NA,4,"uniformity; dispersion; quantile_fitted; quantile_predictor",5.34069200683072e-05,719.450992558577,738.633473569251,TRUE,FALSE,19.1824810106735
"Count errors","log","identity",5.2140217329564e-07,-1.2056154794122,0.633625612751377,0.04,0.0604352703431807,0.00802895926069525,NA,4,"uniformity; dispersion; quantile_fitted; quantile_predictor",9.6922862968162e-07,756.03258526587,781.796653250397,TRUE,FALSE,25.7640679845268
"Count errors","log","identity",1.44757153857248e-06,-1.10872746788577,0.34365308194818,0.816,0.000543046981452688,0,NA,4,"uniformity; dispersion; quantile_fitted; quantile_predictor",1.83461365749208e-08,727.067041379786,757.280388741959,TRUE,FALSE,30.2133473621724
"Count errors","log","identity",NA,NA,NA,NA,NA,NA,NA,0,"",NA,714.088564627028,NA,NA,NA,NA
"Count errors","log","identity",0.00126797292894796,-0.783018133993912,0.20314025110205,0.2,0.204798413543145,0.0502356809811322,NA,4,"uniformity; dispersion; quantile_fitted; quantile_predictor",4.32045615635171e-05,794.292087366264,810.974315746985,TRUE,FALSE,16.6822283807217
"Count errors","log","identity",0.0485885694721535,-0.476094962127104,0.964502131712857,0.784,0.00266131069022379,0.00156671047625706,NA,4,"uniformity; dispersion; quantile_fitted; quantile_predictor",4.86024698900454e-05,742.180149006072,759.289964332223,TRUE,FALSE,17.109815326151
"Count errors","log","identity",0.00700505061106266,-0.671003427193161,0.582661627105905,0.848,0.18549432781323,0.0298586628968173,NA,4,"uniformity; dispersion; quantile_fitted; quantile_predictor",6.53078493878417e-05,730.801062774111,747.109982620894,TRUE,FALSE,16.3089198467835
"Count errors","log","identity",1.54022834859949e-07,-1.17981055389798,0.395554898395896,0.704,0.0311805317546261,0.000169985747527246,NA,4,"uniformity; dispersion; quantile_fitted; quantile_predictor",1.43830925841761e-05,705.561386819766,729.150356094588,TRUE,FALSE,23.5889692748219
"Count errors","log","identity",3.2676232914921e-06,-1.05493454995412,0.88573439459863,0.92,1.49919564742529e-05,0,NA,4,"uniformity; dispersion; quantile_fitted; quantile_predictor",3.17463186046023e-08,739.659781184275,771.505796799103,TRUE,FALSE,31.8460156148279
"Count errors","log","identity",0.00213717620477779,-0.72664685605051,0.497440266561006,0.368,0.387393753861217,0.142760240186503,NA,4,"uniformity; dispersion; quantile_fitted; quantile_predictor",0.00189697556627162,740.77284098995,747.677023388397,TRUE,FALSE,6.90418239844701
"Count errors","log","identity",0.098125647838209,-0.418262408034346,0.925494448989416,0.448,4.11595570962708e-05,1.61621465157857e-05,NA,4,"uniformity; dispersion; quantile_fitted; quantile_predictor",8.45780359599549e-08,721.37859180625,752.212517268628,TRUE,FALSE,30.833925462378
"Count errors","log","identity",3.06026917515677e-07,-1.20890707729544,0.159636178539739,0.128,0.000330809434350317,0.000847787315827353,NA,4,"uniformity; dispersion; quantile_fitted; quantile_predictor",4.02420209017824e-05,746.130388830049,765.516428253369,TRUE,FALSE,19.3860394233195
"Count errors","log","identity",2.41108608090765e-06,-1.11281814035334,0.678940022227159,0.288,0.000614530997606444,0,NA,4,"uniformity; dispersion; quantile_fitted; quantile_predictor",9.95095529871558e-08,720.350259434146,753.897877353575,TRUE,FALSE,33.5476179194289
"Count errors","log","identity",0.0494224036761143,-0.497902714139365,0.0310295405001266,0,0.00122076990343867,9.15158905590019e-05,NA,4,"uniformity; dispersion; quantile_fitted; quantile_predictor",1.65285031646441e-09,784.262141890468,818.166677138908,TRUE,FALSE,33.9045352484395
"Count errors","log","identity",9.28087600135115e-06,-1.05744271566156,0.775103058191847,0.728,0.0265532545801664,5.74679642629805e-05,NA,4,"uniformity; dispersion; quantile_fitted; quantile_predictor",3.17048299841056e-06,720.880177274163,743.123265278822,TRUE,FALSE,22.2430880046591
"Count errors","log","identity",0.000354784455962558,-0.840689500533966,0.400686360848253,0.016,0.00663584383003502,1.25556613093103e-05,NA,4,"uniformity; dispersion; quantile_fitted; quantile_predictor",1.56652125207812e-06,739.738106949063,770.14827596017,TRUE,FALSE,30.4101690111067
"Count errors","log","identity",0.00014004841352275,-0.990554883066614,0.449202570114389,0.536,0.00443914535554824,2.61491110025158e-05,NA,4,"uniformity; dispersion; quantile_fitted; quantile_predictor",1.27430511615834e-06,767.678404667798,796.323759302817,TRUE,FALSE,28.6453546350185
"Count errors","log","identity",0.00112744132002914,-0.73645240965399,0.879886282220713,0.344,0.0310510535912092,3.22380285633361e-06,NA,4,"uniformity; dispersion; quantile_fitted; quantile_predictor",2.1706129840051e-06,715.493183012744,748.40389375036,TRUE,FALSE,32.9107107376161
"Count errors","log","identity",4.54146796295803e-06,-1.1107779549652,0.398747498100105,0.056,0.00014020666677683,0.00105635666886283,NA,4,"uniformity; dispersion; quantile_fitted; quantile_predictor",1.1679578357406e-05,741.855569611778,763.178616416251,TRUE,FALSE,21.3230468044728
"Chance-floor accuracy","chance-corrected logit","standard logit",0.0312629141694465,-0.113735410576391,0.960669709265938,0.792,0.910415495653281,0.91103253406533,NA,4,"uniformity; dispersion; quantile_fitted; quantile_predictor",0.584157188720979,1536.8002933453,1081.40651745496,FALSE,TRUE,-455.39377589034
"Chance-floor accuracy","chance-corrected logit","standard logit",0.162072441775203,-0.074213292377297,0.928699961545747,0.44,0.98353511967437,0.888319644805188,NA,4,"uniformity; dispersion; quantile_fitted; quantile_predictor",0.14359897492596,1487.80827627043,1075.28316759378,FALSE,TRUE,-412.525108676651
"Chance-floor accuracy","chance-corrected logit","standard logit",0.00882473741646792,-0.14344071531173,0.368081271605447,0.968,0.531691058490551,0.178430330679469,NA,4,"uniformity; dispersion; quantile_fitted; quantile_predictor",0.0226132209809415,1469.95025042868,1091.845056115,FALSE,TRUE,-378.105194313683
"Chance-floor accuracy","chance-corrected logit","standard logit",0.00956367689083453,-0.143572984921788,0.721056741941564,0.984,0.488932481268522,0.545799051108759,NA,4,"uniformity; dispersion; quantile_fitted; quantile_predictor",0.0717521169680151,1484.15108361253,1093.91540087649,FALSE,TRUE,-390.235682736042
"Chance-floor accuracy","chance-corrected logit","standard logit",0.00714866968753876,-0.134392129022315,0.943489569136666,0.776,0.906684006321695,0.173081713474476,NA,4,"uniformity; dispersion; quantile_fitted; quantile_predictor",0.0177268166499212,1658.43016398907,1082.15137334273,FALSE,TRUE,-576.278790646338
"Chance-floor accuracy","chance-corrected logit","standard logit",0.00184857187283962,-0.157257706668913,0.658009267388892,0.912,0.911301384283185,0.909338671432679,NA,4,"uniformity; dispersion; quantile_fitted; quantile_predictor",0.350596048889196,1499.05038088295,1099.2762772574,FALSE,TRUE,-399.774103625557
"Chance-floor accuracy","chance-corrected logit","standard logit",0.00243242225009059,-0.160522699092294,0.425494047742039,0.472,0.910634501453479,0.775840407600561,NA,4,"uniformity; dispersion; quantile_fitted; quantile_predictor",0.0773185006337579,1609.15745701802,1067.42522263957,FALSE,TRUE,-541.732234378442
"Chance-floor accuracy","chance-corrected logit","standard logit",0.0422787046537648,-0.106423254908195,0.840480335859534,0.224,0.694451237979751,0.721412262541276,NA,4,"uniformity; dispersion; quantile_fitted; quantile_predictor",0.0174899225214739,1473.02162962687,1063.85203238412,FALSE,TRUE,-409.169597242757
"Chance-floor accuracy","chance-corrected logit","standard logit",0.0330510560968117,-0.111662169214654,0.575834376506792,0.256,0.927594363305157,0.835069791518567,NA,4,"uniformity; dispersion; quantile_fitted; quantile_predictor",0.200690534056372,1549.52090478676,1066.87095954352,FALSE,TRUE,-482.649945243242
"Chance-floor accuracy","chance-corrected logit","standard logit",0.0700743913362252,-0.097764253747337,0.509367483405046,0.344,0.910891727510156,0.291499698629607,NA,4,"uniformity; dispersion; quantile_fitted; quantile_predictor",0.00919344621595882,1570.4216701771,1056.43852758148,FALSE,TRUE,-513.983142595613
"Chance-floor accuracy","chance-corrected logit","standard logit",0.0848053841711685,-0.0859450790513918,0.992571521771388,0.872,0.880174782233681,0.97239386131962,NA,4,"uniformity; dispersion; quantile_fitted; quantile_predictor",0.246497107705549,1547.4311200743,1085.67109181231,FALSE,TRUE,-461.760028261994
"Chance-floor accuracy","chance-corrected logit","standard logit",0.156345717984007,-0.0747234420820721,0.85401928252858,0.76,0.82112590225433,0.806597707064879,NA,4,"uniformity; dispersion; quantile_fitted; quantile_predictor",0.0466290156306542,1507.28762439101,1100.58995661822,FALSE,TRUE,-406.697667772788
"Chance-floor accuracy","chance-corrected logit","standard logit",0.000412498865052858,-0.178584783709762,0.977730689489463,0.8,0.888257735887507,0.478727095621418,NA,4,"uniformity; dispersion; quantile_fitted; quantile_predictor",0.103745605350298,1552.73774737701,1106.92464765473,FALSE,TRUE,-445.813099722282
"Chance-floor accuracy","chance-corrected logit","standard logit",0.0575415372881178,-0.103940449587806,0.695808040820989,0.992,0.822023583670212,0.0935188889585736,NA,4,"uniformity; dispersion; quantile_fitted; quantile_predictor",0.0219408600659309,1449.29776134886,1097.72642123934,FALSE,TRUE,-351.571340109524
"Chance-floor accuracy","chance-corrected logit","standard logit",0.552683732860032,-0.0305416356465692,0.294995877104015,0.184,0.84062406474439,0.0356450369011505,NA,4,"uniformity; dispersion; quantile_fitted; quantile_predictor",0.00868348910557905,1443.1154808684,1062.92740920531,FALSE,TRUE,-380.188071663084
"Chance-floor accuracy","chance-corrected logit","standard logit",0.000135532229125444,-0.195147511008797,0.397289391678079,0.832,0.857650801847277,0.944591001504407,NA,4,"uniformity; dispersion; quantile_fitted; quantile_predictor",0.118043904343563,1578.5421875176,1087.16825256789,FALSE,TRUE,-491.373934949706
"Chance-floor accuracy","chance-corrected logit","standard logit",0.205337374273856,-0.0651013214427519,0.767022505912564,0.832,0.972863623394366,0.182777369012884,NA,4,"uniformity; dispersion; quantile_fitted; quantile_predictor",0.181908771047919,1525.05552635232,1100.90625068767,FALSE,TRUE,-424.149275664652
"Chance-floor accuracy","chance-corrected logit","standard logit",0.00147793893598467,-0.160554829279798,0.8524852837488,0.88,0.952053817192025,0.951560902558644,NA,4,"uniformity; dispersion; quantile_fitted; quantile_predictor",0.785584378509074,1454.13427295392,1095.36716749082,FALSE,TRUE,-358.767105463099
"Chance-floor accuracy","chance-corrected logit","standard logit",0.014806273246008,-0.126194445228307,0.971256309934717,0.488,0.385771118911422,0.818923539437682,NA,4,"uniformity; dispersion; quantile_fitted; quantile_predictor",0.316186072952067,1541.56185003697,1118.46538289504,FALSE,TRUE,-423.096467141929
"Chance-floor accuracy","chance-corrected logit","standard logit",0.00013412341745226,-0.190639077919991,0.741428632244013,0.92,0.947738604070202,0.948001478755224,NA,4,"uniformity; dispersion; quantile_fitted; quantile_predictor",0.844037115199034,1509.60728478832,1090.0968288927,FALSE,TRUE,-419.510455895622
"Chance-floor accuracy","chance-corrected logit","standard logit",0.0130598271988656,-0.131163444819786,0.944550188924645,0.728,0.82544582473286,0.51008356455573,NA,4,"uniformity; dispersion; quantile_fitted; quantile_predictor",0.0356239406907437,1483.97751288494,1106.15658314407,FALSE,TRUE,-377.820929740866
"Chance-floor accuracy","chance-corrected logit","standard logit",0.00350898760121095,-0.151688176740476,0.969346724150282,0.544,0.498668255316054,0.916633849183206,NA,4,"uniformity; dispersion; quantile_fitted; quantile_predictor",0.00874189899702876,1540.02127706087,1077.95075152129,FALSE,TRUE,-462.070525539583
"Chance-floor accuracy","chance-corrected logit","standard logit",0.40292374103483,0.0413116846688705,0.994734935852571,0.824,0.80365707652304,0.142990636303252,NA,4,"uniformity; dispersion; quantile_fitted; quantile_predictor",0.00620816297306829,1506.26985391868,1099.53694234498,FALSE,TRUE,-406.732911573699
"Chance-floor accuracy","chance-corrected logit","standard logit",0.0974830087565688,-0.0854618745130457,0.644946138990911,0.504,0.884771604337697,0.764487472493018,NA,4,"uniformity; dispersion; quantile_fitted; quantile_predictor",0.0648259824123846,1604.9363937678,1113.50714888374,FALSE,TRUE,-491.429244884057
"Chance-floor accuracy","chance-corrected logit","standard logit",0.0924953392081059,-0.0893659616868203,0.535693472240726,0.816,0.658054108592388,0.728171102161353,NA,4,"uniformity; dispersion; quantile_fitted; quantile_predictor",0.711692161279047,1496.09636787862,1085.07764330546,FALSE,TRUE,-411.018724573155
"Chance-floor accuracy","chance-corrected logit","standard logit",0.166418726302454,-0.069933770479812,0.815997135341918,0.744,0.640351061142472,0.0511906558603417,NA,4,"uniformity; dispersion; quantile_fitted; quantile_predictor",0.0328831139313948,1591.21894264412,1101.56785253378,FALSE,TRUE,-489.651090110342
"Chance-floor accuracy","chance-corrected logit","standard logit",0.00660103931463792,-0.138367622328701,0.991459148192628,0.96,0.967473182595648,0.968100087667849,NA,4,"uniformity; dispersion; quantile_fitted; quantile_predictor",0.876499881202015,1413.15598504686,1103.29150845249,FALSE,TRUE,-309.864476594378
"Chance-floor accuracy","chance-corrected logit","standard logit",0.0958710220345122,-0.0869686448222761,0.283475630799742,0.6,0.795429630706723,0.353258267927958,NA,4,"uniformity; dispersion; quantile_fitted; quantile_predictor",0.0882814167752946,1617.16888636142,1108.96225161328,FALSE,TRUE,-508.206634748134
"Chance-floor accuracy","chance-corrected logit","standard logit",0.219592693679772,-0.0650891458585958,0.503773508727892,0.232,0.110176938784345,0.00142882447697246,NA,4,"uniformity; dispersion; quantile_fitted; quantile_predictor",0.00140920117560626,1484.82658424462,1128.97978106432,FALSE,TRUE,-355.846803180295
"Chance-floor accuracy","chance-corrected logit","standard logit",0.811147530685452,-0.0126839312274261,0.893000259767829,0.488,0.928719058553622,0.77522753619814,NA,4,"uniformity; dispersion; quantile_fitted; quantile_predictor",0.0460915871225245,1561.2804784506,1067.91508753981,FALSE,TRUE,-493.365390910791
"Chance-floor accuracy","chance-corrected logit","standard logit",0.12820925546987,-0.0811803795675651,0.697970307637898,0.344,0.81316782457542,0.802460410153952,NA,4,"uniformity; dispersion; quantile_fitted; quantile_predictor",0.0867539256188087,1500.60018390672,1068.95582787226,FALSE,TRUE,-431.644356034461
"Chance-floor accuracy","chance-corrected logit","standard logit",0.000368069909866775,-0.198935849625057,0.989844852335336,0.432,0.998994554225323,0.624714714680734,NA,4,"uniformity; dispersion; quantile_fitted; quantile_predictor",0.463090125846099,1451.9129417387,1077.75675417725,FALSE,TRUE,-374.156187561448
"Chance-floor accuracy","chance-corrected logit","standard logit",0.00360873936940964,-0.148840825756574,0.650718801107852,0.312,0.510662522842049,0.377719376590654,NA,4,"uniformity; dispersion; quantile_fitted; quantile_predictor",0.0934877388974164,1604.62492910783,1126.03994270977,FALSE,TRUE,-478.584986398066
"Chance-floor accuracy","chance-corrected logit","standard logit",0.0360084526487955,-0.108829286101085,0.786619906996314,0.624,0.387557521442168,0.505279328559258,NA,4,"uniformity; dispersion; quantile_fitted; quantile_predictor",0.903332677362815,1536.68779537577,1081.1153897294,FALSE,TRUE,-455.572405646366
"Chance-floor accuracy","chance-corrected logit","standard logit",0.0193497356988098,-0.131556148731213,0.979720517846835,0.576,0.844044704266738,0.489673602665976,NA,4,"uniformity; dispersion; quantile_fitted; quantile_predictor",0.00649180195583119,1577.94044947663,1105.69922698538,FALSE,TRUE,-472.24122249125
"Chance-floor accuracy","chance-corrected logit","standard logit",0.025229424225111,-0.119174097300072,0.744076334456898,0.872,0.85100589036625,0.444443091433756,NA,4,"uniformity; dispersion; quantile_fitted; quantile_predictor",0.689091473961017,1489.71300029954,1098.73048790821,FALSE,TRUE,-390.982512391329
"Chance-floor accuracy","chance-corrected logit","standard logit",0.212577165657327,-0.0665205454315125,0.648032052766852,0.392,0.538072476066792,0.779163585112021,NA,4,"uniformity; dispersion; quantile_fitted; quantile_predictor",0.0555529853176334,1540.20106314047,1122.55726530224,FALSE,TRUE,-417.64379783823
"Chance-floor accuracy","chance-corrected logit","standard logit",0.0724778124469449,-0.091238008689926,0.695872072348166,0.936,0.998774927848175,0.631467984767132,NA,4,"uniformity; dispersion; quantile_fitted; quantile_predictor",0.0599579371533772,1515.65201115438,1102.37258669352,FALSE,TRUE,-413.279424460863
"Chance-floor accuracy","chance-corrected logit","standard logit",4.13122457746371e-06,-0.240869291515042,0.853893216747917,0.84,0.295915374956869,0.000749006608518177,NA,4,"uniformity; dispersion; quantile_fitted; quantile_predictor",0.00277319848183391,1573.63432489758,1100.71955408187,FALSE,TRUE,-472.91477081571
"Chance-floor accuracy","chance-corrected logit","standard logit",0.00113655040266621,-0.174316016420838,0.944664990192718,0.712,0.965120541951999,0.953915796295552,NA,4,"uniformity; dispersion; quantile_fitted; quantile_predictor",0.918549441122395,1526.8582153229,1082.6799430347,FALSE,TRUE,-444.178272288205
"Chance-floor accuracy","chance-corrected logit","standard logit",0.149910072763709,-0.0776599517933918,0.623232536467973,0.952,0.97354086398063,0.856261746834315,NA,4,"uniformity; dispersion; quantile_fitted; quantile_predictor",0.671439016173881,1530.72681018259,1089.50384547461,FALSE,TRUE,-441.222964707984
"Chance-floor accuracy","chance-corrected logit","standard logit",0.00886123640184374,-0.142458427311566,0.942415394498952,0.512,0.835601369850232,0.0561481164754072,NA,4,"uniformity; dispersion; quantile_fitted; quantile_predictor",0.0279266345718816,1491.53428895952,1120.52656920588,FALSE,TRUE,-371.007719753637
"Chance-floor accuracy","chance-corrected logit","standard logit",0.000666533321172267,-0.172054914827002,0.940099597160108,0.488,0.913554467428186,0.447798576245637,NA,4,"uniformity; dispersion; quantile_fitted; quantile_predictor",0.0328004648400719,1531.63914943319,1115.89679383261,FALSE,TRUE,-415.742355600576
"Chance-floor accuracy","chance-corrected logit","standard logit",0.020220504524408,-0.122643026688867,0.985482108029296,0.864,0.558888349569631,0.437099251343542,NA,4,"uniformity; dispersion; quantile_fitted; quantile_predictor",0.142552462168975,1496.29279655445,1103.72697294271,FALSE,TRUE,-392.565823611736
"Chance-floor accuracy","chance-corrected logit","standard logit",0.0287818326261902,-0.115847452757788,0.881640081790988,0.28,0.318271094820943,0.049755639451089,NA,4,"uniformity; dispersion; quantile_fitted; quantile_predictor",0.00089577334360323,1440.9727489997,1072.44133326465,FALSE,TRUE,-368.531415735054
"Chance-floor accuracy","chance-corrected logit","standard logit",0.124846680038269,-0.0785691537334603,0.605277346680018,0.248,0.537784944210503,0.136386796950364,NA,4,"uniformity; dispersion; quantile_fitted; quantile_predictor",0.000698517838951918,1551.08974215405,1132.38390567797,FALSE,TRUE,-418.705836476076
"Chance-floor accuracy","chance-corrected logit","standard logit",0.113562946564047,-0.0813506143538825,0.821281992591274,0.896,0.864266094830431,0.39045841737406,NA,4,"uniformity; dispersion; quantile_fitted; quantile_predictor",0.00104540262520872,1558.81517879145,1099.16094195206,FALSE,TRUE,-459.654236839389
"Chance-floor accuracy","chance-corrected logit","standard logit",0.00621058665362764,-0.145289105231639,0.83322417273977,0.304,0.882358208001383,0.947775544054109,NA,4,"uniformity; dispersion; quantile_fitted; quantile_predictor",0.939952242202937,1463.19591627674,1069.72036313124,FALSE,TRUE,-393.475553145504
"Chance-floor accuracy","chance-corrected logit","standard logit",0.181361947812593,-0.0677603128724719,0.921267981217943,0.28,0.787534787815559,0.79109039985515,NA,4,"uniformity; dispersion; quantile_fitted; quantile_predictor",0.281058729618653,1481.22823103694,1072.16745151684,FALSE,TRUE,-409.060779520099
"Chance-floor accuracy","chance-corrected logit","standard logit",0.102905273431049,-0.0834004150498014,0.342386628048516,0.584,0.635095931161825,0.718494123841285,NA,4,"uniformity; dispersion; quantile_fitted; quantile_predictor",0.460762268760898,1596.21293296435,1107.06332478677,FALSE,TRUE,-489.14960817758
"Chance-floor accuracy","chance-corrected logit","standard logit",0.0188042038535804,-0.12521598940363,0.57372468217025,0.976,0.810275726157985,0.808305424143566,NA,4,"uniformity; dispersion; quantile_fitted; quantile_predictor",0.168146334731917,1523.46763904152,1098.2054430049,FALSE,TRUE,-425.262196036619
"Chance-floor accuracy","chance-corrected logit","standard logit",0.0267213408850676,-0.119035769573008,0.969339531937005,0.56,0.573024265536855,0.174418825825877,NA,4,"uniformity; dispersion; quantile_fitted; quantile_predictor",0.00250610512021558,1558.61211627311,1075.1837903455,FALSE,TRUE,-483.428325927606
"Chance-floor accuracy","chance-corrected logit","standard logit",0.296988502968856,-0.0512213717497562,0.918228640571204,0.928,0.71753076523241,0.787596033439148,NA,4,"uniformity; dispersion; quantile_fitted; quantile_predictor",0.400172538469196,1578.91263352167,1098.25925240248,FALSE,TRUE,-480.653381119199
"Chance-floor accuracy","chance-corrected logit","standard logit",0.0112758478947768,-0.136039713411394,0.557364128670145,0.328,0.568431254423867,0.0383289299443499,NA,4,"uniformity; dispersion; quantile_fitted; quantile_predictor",0.0110906996062184,1528.63513356559,1062.69672758481,FALSE,TRUE,-465.938405980783
"Chance-floor accuracy","chance-corrected logit","standard logit",0.277749319301888,-0.0572217240941227,0.996361716320388,0.728,0.88700058938316,0.88524297855852,NA,4,"uniformity; dispersion; quantile_fitted; quantile_predictor",0.217556333101571,1539.00439394579,1103.93267300832,FALSE,TRUE,-435.071720937471
"Chance-floor accuracy","chance-corrected logit","standard logit",0.153545006005409,-0.0746386941662951,0.495317597011922,0.68,0.764933693252689,0.803252378178934,NA,4,"uniformity; dispersion; quantile_fitted; quantile_predictor",0.0702856246768794,1525.5445206845,1115.03526299656,FALSE,TRUE,-410.509257687939
"Chance-floor accuracy","chance-corrected logit","standard logit",0.0606680012559968,-0.103117071964613,0.714353123147089,0.216,0.90121243027083,0.359302730744374,NA,4,"uniformity; dispersion; quantile_fitted; quantile_predictor",0.297113683818923,1511.00163672353,1064.31696004614,FALSE,TRUE,-446.684676677389
"Chance-floor accuracy","chance-corrected logit","standard logit",0.0197648063151803,-0.116971762506912,0.706485178899336,0.608,0.797926515256214,0.721081109203263,NA,4,"uniformity; dispersion; quantile_fitted; quantile_predictor",0.329037991403126,1580.15686272124,1111.69531304845,FALSE,TRUE,-468.46154967279
"Chance-floor accuracy","chance-corrected logit","standard logit",0.314736220025205,-0.0507067235848434,0.695363050177347,0.736,0.365941066557806,0.505256724947231,NA,4,"uniformity; dispersion; quantile_fitted; quantile_predictor",0.0361470908901547,1524.45561767076,1088.2447773292,FALSE,TRUE,-436.21084034156
"Chance-floor accuracy","chance-corrected logit","standard logit",0.0864245315541271,-0.0893179640449224,0.496773511039438,0.64,0.929143973027034,0.998767582844792,NA,4,"uniformity; dispersion; quantile_fitted; quantile_predictor",0.887222217270138,1496.87867027959,1084.54951323489,FALSE,TRUE,-412.3291570447
"Chance-floor accuracy","chance-corrected logit","standard logit",0.00856890392518334,-0.141477182021906,0.539931006116239,0.624,0.720162167912314,0.714223469375258,NA,4,"uniformity; dispersion; quantile_fitted; quantile_predictor",0.772586000923146,1579.03462326636,1099.75493350059,FALSE,TRUE,-479.279689765769
"Chance-floor accuracy","chance-corrected logit","standard logit",0.0103415788498173,-0.136355779728611,0.994244670072921,0.688,0.456824833636265,0.0286708483752244,NA,4,"uniformity; dispersion; quantile_fitted; quantile_predictor",0.0120457527470872,1475.04455723537,1115.31970851885,FALSE,TRUE,-359.724848716524
"Chance-floor accuracy","chance-corrected logit","standard logit",0.0360535333912388,-0.10454048323988,0.757244114477964,0.752,0.997481590404236,0.913880297223345,NA,4,"uniformity; dispersion; quantile_fitted; quantile_predictor",0.747043967819068,1560.72202317187,1084.70066278689,FALSE,TRUE,-476.021360384975
"Chance-floor accuracy","chance-corrected logit","standard logit",0.00746421550727203,-0.133576235070993,0.662677418192278,0.384,0.99618620312865,0.826780594021373,NA,4,"uniformity; dispersion; quantile_fitted; quantile_predictor",0.0982000854147213,1462.53109932763,1067.13135119805,FALSE,TRUE,-395.399748129576
"Chance-floor accuracy","chance-corrected logit","standard logit",9.11399491034237e-05,-0.20187734161643,0.417795203455044,0.768,0.522306327624117,0.573540546723065,NA,4,"uniformity; dispersion; quantile_fitted; quantile_predictor",0.0262769672040877,1557.01013225636,1098.52585530791,FALSE,TRUE,-458.484276948454
"Chance-floor accuracy","chance-corrected logit","standard logit",0.00750652132547837,-0.134909806842989,0.751281304988005,0.44,0.988337360777545,0.343750288130757,NA,4,"uniformity; dispersion; quantile_fitted; quantile_predictor",0.799095203939699,1534.10464898314,1116.91217582816,FALSE,TRUE,-417.192473154979
"Chance-floor accuracy","chance-corrected logit","standard logit",0.014063974435818,-0.130554862518797,0.766630819143372,0.28,0.961596896423492,0.962260700001098,NA,4,"uniformity; dispersion; quantile_fitted; quantile_predictor",0.222067787542112,1525.69440915886,1064.24219769417,FALSE,TRUE,-461.452211464698
"Chance-floor accuracy","chance-corrected logit","standard logit",0.131053814216549,-0.0789202380860753,0.812772573050724,0.872,0.577375394023359,0.967073376517178,NA,4,"uniformity; dispersion; quantile_fitted; quantile_predictor",0.0221833992068802,1547.53083934471,1088.10325418634,FALSE,TRUE,-459.427585158367
"Chance-floor accuracy","chance-corrected logit","standard logit",0.0138497995268735,-0.127305122186869,0.95959139674665,0.896,0.872932102443167,0.705100021304629,NA,4,"uniformity; dispersion; quantile_fitted; quantile_predictor",0.0765049792890344,1525.98808521941,1097.74648283442,FALSE,TRUE,-428.241602384997
"Chance-floor accuracy","chance-corrected logit","standard logit",0.0103917794819249,-0.133812933085538,0.692250353378378,0.624,0.891817508710745,0.966811277965011,NA,4,"uniformity; dispersion; quantile_fitted; quantile_predictor",0.99992691051118,1562.77023061201,1074.39131627369,FALSE,TRUE,-488.378914338317
"Chance-floor accuracy","chance-corrected logit","standard logit",0.0167634337042321,-0.126508026654433,0.96201574765528,0.88,0.960704015547518,0.977582009175328,NA,4,"uniformity; dispersion; quantile_fitted; quantile_predictor",0.487837660461874,1527.17372174785,1093.64238117513,FALSE,TRUE,-433.531340572719
"Chance-floor accuracy","chance-corrected logit","standard logit",0.0138106814339866,-0.127567934330026,0.527110140918123,0.552,0.860152677511929,0.633755130082833,NA,4,"uniformity; dispersion; quantile_fitted; quantile_predictor",0.294547201659242,1604.68617472278,1072.93116466359,FALSE,TRUE,-531.755010059184
"Chance-floor accuracy","chance-corrected logit","standard logit",0.000571995277002411,-0.189719069479808,0.622785865328189,0.568,0.853550011431761,0.488477017117319,NA,4,"uniformity; dispersion; quantile_fitted; quantile_predictor",0.0186489526569261,1607.88921065944,1106.46109303445,FALSE,TRUE,-501.428117624991
"Chance-floor accuracy","chance-corrected logit","standard logit",0.00205888555225533,-0.155191148759195,0.961886431019439,0.912,0.98868941640191,0.974036330982877,NA,4,"uniformity; dispersion; quantile_fitted; quantile_predictor",0.307301139893471,1470.34893999165,1095.54560876216,FALSE,TRUE,-374.803331229485
"Chance-floor accuracy","chance-corrected logit","standard logit",0.0814890468022381,-0.0900083516536003,0.968928516372687,0.752,0.899711866929562,0.866907650635946,NA,4,"uniformity; dispersion; quantile_fitted; quantile_predictor",0.0698603742586726,1534.2334153661,1104.48277669903,FALSE,TRUE,-429.750638667071
"Chance-floor accuracy","chance-corrected logit","standard logit",6.52673518900696e-05,-0.213939312683345,0.74071439108729,0.304,0.411694017826402,0.164327896885334,NA,4,"uniformity; dispersion; quantile_fitted; quantile_predictor",0.0294627018483623,1471.196218167,1070.29650797245,FALSE,TRUE,-400.899710194541
"Chance-floor accuracy","chance-corrected logit","standard logit",0.0196490754624973,-0.119998622924032,0.656004684630317,0.76,0.990735466036625,0.994994667059961,NA,4,"uniformity; dispersion; quantile_fitted; quantile_predictor",0.397131043457855,1566.65036467272,1083.98032820903,FALSE,TRUE,-482.670036463686
"Chance-floor accuracy","chance-corrected logit","standard logit",0.0574623461646783,-0.0955156762540486,0.634310259769326,0.28,0.883409863570315,0.638472578149111,NA,4,"uniformity; dispersion; quantile_fitted; quantile_predictor",0.0576095426184345,1439.36021487278,1064.06710384366,FALSE,TRUE,-375.293111029122
"Chance-floor accuracy","chance-corrected logit","standard logit",0.374268621418939,-0.0460887516761997,0.637687239226837,0.904,0.605665029715679,0.857720147290066,NA,4,"uniformity; dispersion; quantile_fitted; quantile_predictor",0.666809851927515,1410.89989647126,1106.35256986009,FALSE,TRUE,-304.547326611166
"Chance-floor accuracy","chance-corrected logit","standard logit",0.00107613264914081,-0.167281982181914,0.767987100878379,0.512,0.888512877438562,0.775173125014796,NA,4,"uniformity; dispersion; quantile_fitted; quantile_predictor",0.0650033899417177,1564.33144034105,1116.61140660684,FALSE,TRUE,-447.720033734216
"Chance-floor accuracy","chance-corrected logit","standard logit",0.00846610240699447,-0.142001622458214,0.987151569286803,0.64,0.884103650443084,0.881058319648861,NA,4,"uniformity; dispersion; quantile_fitted; quantile_predictor",0.96543504815269,1486.9025824148,1087.93229277971,FALSE,TRUE,-398.970289635094
"Chance-floor accuracy","chance-corrected logit","standard logit",0.0109000569713022,-0.127075300741355,0.259690702084047,0.92,0.913828783776792,0.790196463641057,NA,4,"uniformity; dispersion; quantile_fitted; quantile_predictor",0.175971172209897,1625.85754942491,1093.82894311296,FALSE,TRUE,-532.028606311952
"Chance-floor accuracy","chance-corrected logit","standard logit",0.704424115623092,-0.020150814832989,0.950645690398071,0.824,0.913888817239772,0.918633655395645,NA,4,"uniformity; dispersion; quantile_fitted; quantile_predictor",0.11906090712882,1520.59713600567,1103.24988188566,FALSE,TRUE,-417.347254120011
"Chance-floor accuracy","chance-corrected logit","standard logit",0.0975799356505481,-0.0910062754460659,0.770570917364707,0.504,0.0548526576999411,0.000209563828434511,NA,4,"uniformity; dispersion; quantile_fitted; quantile_predictor",6.78793718843778e-05,1488.34433077123,1078.73139558485,FALSE,TRUE,-409.612935186381
"Chance-floor accuracy","chance-corrected logit","standard logit",0.107949351561468,-0.0851196873777671,0.866327596372227,0.928,0.793743565351791,0.94244732463836,NA,4,"uniformity; dispersion; quantile_fitted; quantile_predictor",0.119980286293321,1476.37831358176,1094.61778272329,FALSE,TRUE,-381.760530858469
"Chance-floor accuracy","chance-corrected logit","standard logit",0.050023472576513,-0.102851335876601,0.744876056935367,0.336,0.934621823628509,0.414326263521337,NA,4,"uniformity; dispersion; quantile_fitted; quantile_predictor",0.117659642576996,1459.31473986498,1068.29118910252,FALSE,TRUE,-391.023550762461
"Chance-floor accuracy","chance-corrected logit","standard logit",0.00207142337764271,-0.161818461354282,0.877701169922202,0.568,0.247926358501435,0.290594894141757,NA,4,"uniformity; dispersion; quantile_fitted; quantile_predictor",0.0411945286214646,1569.42354993437,1111.09505482179,FALSE,TRUE,-458.328495112575
"Chance-floor accuracy","chance-corrected logit","standard logit",0.0173950827671755,-0.128887090756042,0.961643136687192,0.848,0.979471392048148,0.201653255093158,NA,4,"uniformity; dispersion; quantile_fitted; quantile_predictor",0.0361841224213981,1579.08355483333,1091.93580046255,FALSE,TRUE,-487.147754370775
"Chance-floor accuracy","chance-corrected logit","standard logit",0.0271511030650904,-0.111537703600015,0.686470837459123,0.296,0.626109651544273,0.425123841694088,NA,4,"uniformity; dispersion; quantile_fitted; quantile_predictor",0.016379357521614,1640.74599016191,1121.53173278421,FALSE,TRUE,-519.214257377705
"Chance-floor accuracy","chance-corrected logit","standard logit",0.0264490149718983,-0.115329266258649,0.398738905978701,0.496,0.905228772029654,0.981571909427849,NA,4,"uniformity; dispersion; quantile_fitted; quantile_predictor",0.739150812161515,1472.2516747984,1071.66037940302,FALSE,TRUE,-400.591295395376
"Chance-floor accuracy","chance-corrected logit","standard logit",0.247300042336002,-0.0614917746479123,0.593032594502344,0.936,0.848159688042182,0.892165226823486,NA,4,"uniformity; dispersion; quantile_fitted; quantile_predictor",0.33240431583476,1540.64813826587,1089.19557623839,FALSE,TRUE,-451.452562027489
"Chance-floor accuracy","chance-corrected logit","standard logit",0.00010295789077036,-0.205266634892618,0.850128755130315,0.84,0.789218560237452,0.426414346470595,NA,4,"uniformity; dispersion; quantile_fitted; quantile_predictor",0.0111473372384586,1484.30122079545,1090.39336736848,FALSE,TRUE,-393.907853426964
"Chance-floor accuracy","chance-corrected logit","standard logit",0.117902484224369,-0.0823410125435642,0.530106319122613,0.488,0.94465140967216,0.98576431770955,NA,4,"uniformity; dispersion; quantile_fitted; quantile_predictor",0.662247150005621,1568.71473015295,1116.27873973802,FALSE,TRUE,-452.435990414937
"Chance-floor accuracy","chance-corrected logit","standard logit",0.018975998004852,-0.128630181479824,0.868680307295797,0.352,0.950473189881957,0.355147124300495,NA,4,"uniformity; dispersion; quantile_fitted; quantile_predictor",0.510407940354202,1498.16241213426,1116.67794070913,FALSE,TRUE,-381.484471425126
"Chance-floor accuracy","chance-corrected logit","standard logit",7.75318748436159e-05,-0.213154458436746,0.970417801893692,0.648,0.999972133230613,0.995025878110658,NA,4,"uniformity; dispersion; quantile_fitted; quantile_predictor",0.916258019688342,1481.16826228645,1080.31851889132,FALSE,TRUE,-400.849743395135
"Chance-floor accuracy","chance-corrected logit","standard logit",0.0165931165635915,-0.125463124615618,0.930218352419033,0.312,0.44000608631927,0.0309305981092636,NA,4,"uniformity; dispersion; quantile_fitted; quantile_predictor",0.00228628914548157,1587.46838461631,1120.12724197275,FALSE,TRUE,-467.341142643563
"Chance-floor accuracy","chance-corrected logit","standard logit",0.000136172188158651,-0.192180104750549,0.954393967683145,0.768,0.985038528270317,0.962483528537732,NA,4,"uniformity; dispersion; quantile_fitted; quantile_predictor",0.772807290914781,1622.49674293956,1081.34855711535,FALSE,TRUE,-541.148185824209
"Chance-floor accuracy","chance-corrected logit","standard logit",0.000332363818689758,-0.194401620025469,0.92633157933641,0.568,0.985017468498508,0.987224462931684,NA,4,"uniformity; dispersion; quantile_fitted; quantile_predictor",0.414590590116165,1566.78138543228,1074.76014451509,FALSE,TRUE,-492.021240917191
"Chance-floor accuracy","chance-corrected logit","standard logit",0.123639589359535,-0.0845706416415319,0.639721839831461,0.416,0.972438491156725,0.800955703713239,NA,4,"uniformity; dispersion; quantile_fitted; quantile_predictor",0.338662606092895,1464.38416969807,1067.4459579092,FALSE,TRUE,-396.938211788873
"Chance-floor accuracy","chance-corrected logit","standard logit",0.0262114187102175,-0.117779588043659,0.882825382214909,0.568,0.981534387294999,0.331790507907278,NA,4,"uniformity; dispersion; quantile_fitted; quantile_predictor",0.0138115226923546,1591.81536625342,1105.41270911024,FALSE,TRUE,-486.402657143185
"Chance-floor accuracy","chance-corrected logit","standard logit",0.0194669538513084,-0.126729563195677,0.819799716745192,0.744,0.945668176259717,0.632158908700294,NA,4,"uniformity; dispersion; quantile_fitted; quantile_predictor",0.513160543374321,1487.99482047529,1105.56816831896,FALSE,TRUE,-382.426652156335
"Chance-floor accuracy","chance-corrected logit","standard logit",0.149536663626253,-0.0726217550227754,0.983400113465356,0.672,0.743100915847872,0.32925131275681,NA,4,"uniformity; dispersion; quantile_fitted; quantile_predictor",0.0281684176722568,1541.17521640249,1076.88754895454,FALSE,TRUE,-464.287667447944
"Chance-floor accuracy","chance-corrected logit","standard logit",0.470500112013202,-0.0363421551628986,0.64887982173601,0.632,0.803870898499043,0.159828374979408,NA,4,"uniformity; dispersion; quantile_fitted; quantile_predictor",0.00371536535816636,1512.96179000585,1110.27218815469,FALSE,TRUE,-402.689601851153
"Chance-floor accuracy","chance-corrected logit","standard logit",0.00724193501718419,-0.13927577333558,0.541079143851852,0.704,0.868435143526093,0.881175886087846,NA,4,"uniformity; dispersion; quantile_fitted; quantile_predictor",0.532360369323942,1586.07660808601,1105.28826216917,FALSE,TRUE,-480.788345916838
"Chance-floor accuracy","chance-corrected logit","standard logit",0.0232032509139144,-0.121789844945286,0.555886244948579,0.976,0.892958422808757,0.0422312508895352,NA,4,"uniformity; dispersion; quantile_fitted; quantile_predictor",0.00391363384708067,1508.12218349965,1097.62851137415,FALSE,TRUE,-410.493672125498
"Chance-floor accuracy","chance-corrected logit","standard logit",0.0104008385280409,-0.13330268001136,0.922163240731443,0.504,0.73596380794271,0.694771345357384,NA,4,"uniformity; dispersion; quantile_fitted; quantile_predictor",0.480372232378746,1602.12488292772,1118.01144502759,FALSE,TRUE,-484.113437900135
"Chance-floor accuracy","chance-corrected logit","standard logit",0.127830478370317,-0.0790991169996301,0.957101357254374,0.992,0.937793964917646,0.995477234148136,NA,4,"uniformity; dispersion; quantile_fitted; quantile_predictor",0.170607563409148,1501.60445611062,1098.53582155643,FALSE,TRUE,-403.068634554185
"Chance-floor accuracy","chance-corrected logit","standard logit",0.043144550614819,-0.102995083526525,0.937397148365912,0.848,0.969445014647621,0.967237709975123,NA,4,"uniformity; dispersion; quantile_fitted; quantile_predictor",0.385969963279661,1421.91872428102,1106.83226693613,FALSE,TRUE,-315.086457344886
"Chance-floor accuracy","chance-corrected logit","standard logit",0.0123412456960061,-0.129082598080858,0.950061410828985,1,0.997431678019553,0.728424006009495,NA,4,"uniformity; dispersion; quantile_fitted; quantile_predictor",0.18473165278955,1483.25603506592,1105.40580089602,FALSE,TRUE,-377.850234169899
"Chance-floor accuracy","chance-corrected logit","standard logit",0.222987281413196,-0.0636431754236408,0.659576421397226,0.144,0.979887800536825,0.930118496291916,NA,4,"uniformity; dispersion; quantile_fitted; quantile_predictor",0.258159691996591,1470.15377155793,1054.93946136121,FALSE,TRUE,-415.214310196713
"Chance-floor accuracy","chance-corrected logit","standard logit",0.823597690340059,-0.0113894334617885,0.730588957973529,0.384,0.713171083389564,0.48710199428207,NA,4,"uniformity; dispersion; quantile_fitted; quantile_predictor",0.399470212218668,1521.7408525182,1125.90815400807,FALSE,TRUE,-395.832698510131
"Chance-floor accuracy","chance-corrected logit","standard logit",0.28253953887593,-0.0584007931125309,0.77016258689492,0.704,0.965435266542458,0.312520488617133,NA,4,"uniformity; dispersion; quantile_fitted; quantile_predictor",0.0213061367021286,1532.41013059281,1111.83747395358,FALSE,TRUE,-420.572656639228
"Chance-floor accuracy","chance-corrected logit","standard logit",0.000230769978236384,-0.194284829103712,0.596689108298551,0.832,0.989006185135892,0.99284096217736,NA,4,"uniformity; dispersion; quantile_fitted; quantile_predictor",0.166040614287863,1502.32299089657,1093.65633750544,FALSE,TRUE,-408.666653391138
"Chance-floor accuracy","chance-corrected logit","standard logit",0.000989179089865714,-0.164332424445833,0.911805665046816,0.336,0.961115745515611,0.339521277891093,NA,4,"uniformity; dispersion; quantile_fitted; quantile_predictor",0.612203256087405,1576.44937717769,1115.88081429606,FALSE,TRUE,-460.56856288163
"Chance-floor accuracy","chance-corrected logit","standard logit",0.272806457881252,-0.0571320545396115,0.398404715892833,0.152,0.0578665174897324,0.214151319934724,NA,4,"uniformity; dispersion; quantile_fitted; quantile_predictor",0.022715381592688,1589.43883550902,1129.96021758826,FALSE,TRUE,-459.478617920762
"Chance-floor accuracy","chance-corrected logit","standard logit",0.160470470947423,-0.0717006035111428,0.980190530026513,0.184,0.98101368508664,0.907194414762943,NA,4,"uniformity; dispersion; quantile_fitted; quantile_predictor",0.0946679324278803,1489.57759575118,1060.34929970721,FALSE,TRUE,-429.228296043967
"Chance-floor accuracy","chance-corrected logit","standard logit",5.87889804394289e-05,-0.221560688413772,0.664856831992623,0.352,0.981233808264484,0.927686733773364,NA,4,"uniformity; dispersion; quantile_fitted; quantile_predictor",0.0883846182475592,1561.30069302341,1058.00781084425,FALSE,TRUE,-503.292882179156
"Chance-floor accuracy","chance-corrected logit","standard logit",0.000575470462557513,-0.177497703425674,0.364869543307568,0.048,0.522379509342336,0.565834624605677,NA,4,"uniformity; dispersion; quantile_fitted; quantile_predictor",0.707467541261161,1646.99542965889,1137.60843294467,FALSE,TRUE,-509.386996714218
"Chance-floor accuracy","chance-corrected logit","standard logit",0.0440788471501023,-0.100900229774513,0.828386244639106,0.864,0.904594581190063,0.906873781345169,NA,4,"uniformity; dispersion; quantile_fitted; quantile_predictor",0.145909946922616,1478.0573118474,1091.5926685216,FALSE,TRUE,-386.464643325798
"Chance-floor accuracy","chance-corrected logit","standard logit",0.00926960360849905,-0.130679124521909,0.674871142170719,0.64,0.988577391659136,0.989235058192139,NA,4,"uniformity; dispersion; quantile_fitted; quantile_predictor",0.886022351052388,1514.50006020725,1103.79086656739,FALSE,TRUE,-410.709193639857
"Chance-floor accuracy","chance-corrected logit","standard logit",0.000126176514633354,-0.206079891370533,0.371417569442902,0.336,0.068572599614029,0.493653127676272,NA,4,"uniformity; dispersion; quantile_fitted; quantile_predictor",0.312768986850217,1503.91177877776,1068.64365336244,FALSE,TRUE,-435.268125415316
"Chance-floor accuracy","chance-corrected logit","standard logit",0.0114819341141368,-0.131943597116299,0.949012021686753,0.488,0.0723470329264963,0.0266163357574515,NA,4,"uniformity; dispersion; quantile_fitted; quantile_predictor",0.00275373985109997,1460.12348539213,1082.56916234533,FALSE,TRUE,-377.554323046803
"Chance-floor accuracy","chance-corrected logit","standard logit",0.198768269511144,-0.0664594497776948,0.696102036520928,0.488,0.886511182864117,0.759715668197529,NA,4,"uniformity; dispersion; quantile_fitted; quantile_predictor",0.0438770155090571,1556.96614275579,1122.7747715527,FALSE,TRUE,-434.191371203094
"Chance-floor accuracy","chance-corrected logit","standard logit",0.0013703013460531,-0.17110839268706,0.907279646677699,0.384,0.968527513440094,0.90606309522494,NA,4,"uniformity; dispersion; quantile_fitted; quantile_predictor",0.996684333482076,1422.6236051525,1074.5301018428,FALSE,TRUE,-348.093503309699
"Chance-floor accuracy","chance-corrected logit","standard logit",0.00127421512793629,-0.16061202003124,0.499905666909586,0.208,0.773382188140681,0.82247165039577,NA,4,"uniformity; dispersion; quantile_fitted; quantile_predictor",0.159802406228074,1516.60947874054,1058.13302804807,FALSE,TRUE,-458.476450692471
"Chance-floor accuracy","chance-corrected logit","standard logit",0.00041138883017371,-0.173106238617487,0.707340987320151,0.496,0.82596855645563,0.980285028193178,NA,4,"uniformity; dispersion; quantile_fitted; quantile_predictor",0.382348836928289,1588.36873635476,1113.70662138318,FALSE,TRUE,-474.662114971582
"Chance-floor accuracy","chance-corrected logit","standard logit",0.0154227205627799,-0.122905999028484,0.438766303012979,0.144,0.849271512091088,0.606873810381249,NA,4,"uniformity; dispersion; quantile_fitted; quantile_predictor",0.0290755099468834,1479.85248765043,1052.93691331675,FALSE,TRUE,-426.91557433368
"Chance-floor accuracy","chance-corrected logit","standard logit",0.000592677166416756,-0.170354204927803,0.593334783791999,0.872,0.983759479152015,0.999642679781101,NA,4,"uniformity; dispersion; quantile_fitted; quantile_predictor",0.448596091769162,1557.48968471524,1079.86856243097,FALSE,TRUE,-477.621122284268
"Chance-floor accuracy","chance-corrected logit","standard logit",0.0789291382653492,-0.090814444118188,0.69269259694865,0.304,0.998997324672225,0.845328380394017,NA,4,"uniformity; dispersion; quantile_fitted; quantile_predictor",0.515373871501791,1474.7964313454,1060.91632393853,FALSE,TRUE,-413.880107406873
"Chance-floor accuracy","chance-corrected logit","standard logit",0.0746376741393864,-0.092795382345269,0.879099362083829,0.328,0.709228465404029,0.102460211854473,NA,4,"uniformity; dispersion; quantile_fitted; quantile_predictor",0.00260402071017954,1513.12353205577,1123.4830571708,FALSE,TRUE,-389.640474884964
"Chance-floor accuracy","chance-corrected logit","standard logit",0.00065256479306675,-0.180465497307498,0.798016829299726,0.88,0.876903557786347,0.833725516622797,NA,4,"uniformity; dispersion; quantile_fitted; quantile_predictor",0.419324797859132,1570.04685238236,1084.60655324381,FALSE,TRUE,-485.440299138545
"Chance-floor accuracy","chance-corrected logit","standard logit",0.00426676186075826,-0.145142503922266,0.617290198708167,0.272,0.835408893173592,0.835693813036588,NA,4,"uniformity; dispersion; quantile_fitted; quantile_predictor",0.162686521155385,1599.43036281593,1131.489259928,FALSE,TRUE,-467.941102887928
"Chance-floor accuracy","chance-corrected logit","standard logit",0.166152452115465,-0.0700969074847697,0.988226249172607,0.92,0.985303663076009,0.972536150827013,NA,4,"uniformity; dispersion; quantile_fitted; quantile_predictor",0.58149531909189,1473.07829860426,1108.23160911076,FALSE,TRUE,-364.846689493499
"Chance-floor accuracy","chance-corrected logit","standard logit",0.975476037722738,-0.00164766918766829,0.70498863535627,0.8,0.765613127414571,0.0429471561947403,NA,4,"uniformity; dispersion; quantile_fitted; quantile_predictor",0.0146423596727079,1500.65537695032,1108.53461771906,FALSE,TRUE,-392.120759231253
"Chance-floor accuracy","chance-corrected logit","standard logit",0.037074164884166,-0.112347201204396,0.893527353837675,0.576,0.785527900005485,0.431212691124554,NA,4,"uniformity; dispersion; quantile_fitted; quantile_predictor",0.00854081199193212,1498.46916898216,1114.1663159807,FALSE,TRUE,-384.302853001456
"Chance-floor accuracy","chance-corrected logit","standard logit",0.0120347804880825,-0.131250198774371,0.947304971439772,0.968,0.953348912430761,0.780955051292495,NA,4,"uniformity; dispersion; quantile_fitted; quantile_predictor",0.0690025355958548,1547.10073358878,1094.07994326998,FALSE,TRUE,-453.020790318805
"Chance-floor accuracy","chance-corrected logit","standard logit",0.0268619748576114,-0.112966097567366,0.328094751977639,0.448,0.0209542018954439,0.0584407594326875,NA,4,"uniformity; dispersion; quantile_fitted; quantile_predictor",0.0501017343225449,1639.65067751202,1107.8648434672,FALSE,TRUE,-531.785834044818
"Chance-floor accuracy","chance-corrected logit","standard logit",0.0152177870453762,-0.136251896139425,0.572716449295199,0.496,0.837626898071773,0.133734263362351,NA,4,"uniformity; dispersion; quantile_fitted; quantile_predictor",0.403015582783195,1538.83363378714,1110.41513239419,FALSE,TRUE,-428.41850139295
"Chance-floor accuracy","chance-corrected logit","standard logit",0.0392299372698314,-0.105495161845261,0.178143135679902,0.384,0.886885364471883,0.704983438001153,NA,4,"uniformity; dispersion; quantile_fitted; quantile_predictor",0.0247847122189215,1392.74384519449,1123.96755386822,FALSE,TRUE,-268.776291326262
"Chance-floor accuracy","chance-corrected logit","standard logit",0.00166829570085621,-0.164065070473013,0.736334930421044,0.184,0.138131491998553,0.0401444842834933,NA,4,"uniformity; dispersion; quantile_fitted; quantile_predictor",0.250112317832847,1567.6428479951,1132.8774192969,FALSE,TRUE,-434.7654286982
"Chance-floor accuracy","chance-corrected logit","standard logit",0.0986771281701249,-0.0844933484985914,0.684765002933002,0.84,0.981232918196299,0.996419555421882,NA,4,"uniformity; dispersion; quantile_fitted; quantile_predictor",0.994017856755042,1532.97852693594,1088.96311588345,FALSE,TRUE,-444.015411052491
"Chance-floor accuracy","chance-corrected logit","standard logit",0.00890944866441792,-0.139075034612625,0.650143401491028,0.624,0.228403562388779,0.418009501643071,NA,4,"uniformity; dispersion; quantile_fitted; quantile_predictor",0.00711042825654067,1518.08382486632,1084.01624928266,FALSE,TRUE,-434.067575583658
"Chance-floor accuracy","chance-corrected logit","standard logit",0.00364930388025641,-0.155238522643585,0.995085844384511,0.624,0.86843400197957,0.857642924106352,NA,4,"uniformity; dispersion; quantile_fitted; quantile_predictor",0.0931942644459489,1562.58588661569,1085.07313704104,FALSE,TRUE,-477.512749574646
"Chance-floor accuracy","chance-corrected logit","standard logit",1.45079745734884e-05,-0.226521236112725,0.812573759530607,0.904,0.992895837840313,0.991322550806535,NA,4,"uniformity; dispersion; quantile_fitted; quantile_predictor",0.848125817349033,1525.8396002974,1090.87794555545,FALSE,TRUE,-434.961654741951
"Chance-floor accuracy","chance-corrected logit","standard logit",0.123039918438313,-0.0814853922250754,0.740692307583141,0.552,0.931292770125656,0.446062846420062,NA,4,"uniformity; dispersion; quantile_fitted; quantile_predictor",0.0298873555889136,1538.53011003851,1112.78069474735,FALSE,TRUE,-425.749415291166
"Chance-floor accuracy","chance-corrected logit","standard logit",0.00159628035744945,-0.164463472799993,0.58226602327602,0.32,0.873094628931905,0.691868206543466,NA,4,"uniformity; dispersion; quantile_fitted; quantile_predictor",0.62801226387708,1584.81066020519,1113.55247835873,FALSE,TRUE,-471.258181846465
"Chance-floor accuracy","chance-corrected logit","standard logit",0.0241911116958878,-0.118732670445834,0.562987488419228,0.536,0.976289770523556,0.949061366650874,NA,4,"uniformity; dispersion; quantile_fitted; quantile_predictor",0.0718763678319443,1533.24049727701,1075.18859899717,FALSE,TRUE,-458.051898279839
"Chance-floor accuracy","chance-corrected logit","standard logit",0.466929647427707,-0.0388296465839872,0.56446468281928,0.408,1.61172587596626e-06,0.216328803628209,NA,4,"uniformity; dispersion; quantile_fitted; quantile_predictor",0.337542620704633,1453.94714263486,1084.59445423729,FALSE,TRUE,-369.352688397573
"Chance-floor accuracy","chance-corrected logit","standard logit",4.53029991696852e-05,-0.215027039083974,0.836875555338075,0.664,0.132341879803255,0.146092916543975,NA,4,"uniformity; dispersion; quantile_fitted; quantile_predictor",0.00240738626307505,1645.03539683746,1112.23233407957,FALSE,TRUE,-532.803062757892
"Chance-floor accuracy","chance-corrected logit","standard logit",0.0701811609318038,-0.0952330615704647,0.651330526357259,0.624,0.996626202614402,0.975631382160556,NA,4,"uniformity; dispersion; quantile_fitted; quantile_predictor",0.687491648661239,1470.17273471613,1084.60567444289,FALSE,TRUE,-385.567060273235
"Chance-floor accuracy","chance-corrected logit","standard logit",0.030786696693818,-0.109170911947819,0.967736782957029,0.808,0.806439295332211,0.807068062181346,NA,4,"uniformity; dispersion; quantile_fitted; quantile_predictor",0.199819919877584,1525.80959261862,1102.48608436118,FALSE,TRUE,-423.323508257438
"Chance-floor accuracy","chance-corrected logit","standard logit",0.000780400789559169,-0.177909637149263,0.859856834392236,0.632,0.997185199015632,0.986203213565573,NA,4,"uniformity; dispersion; quantile_fitted; quantile_predictor",0.153177686946362,1532.70418817809,1078.41990514961,FALSE,TRUE,-454.284283028482
"Chance-floor accuracy","chance-corrected logit","standard logit",0.0469432217566653,-0.105720083323547,0.864154900464359,0.824,0.838303914975885,0.914939625628156,NA,4,"uniformity; dispersion; quantile_fitted; quantile_predictor",0.32897803505104,1587.6069869283,1081.24248651912,FALSE,TRUE,-506.364500409182
"Chance-floor accuracy","chance-corrected logit","standard logit",0.000199037939921982,-0.199517192768972,0.812185190160531,0.616,0.905451193350209,0.992022874579435,NA,4,"uniformity; dispersion; quantile_fitted; quantile_predictor",0.0435157235285494,1543.35780070007,1075.53472346028,FALSE,TRUE,-467.823077239792
"Chance-floor accuracy","chance-corrected logit","standard logit",0.00165941155455236,-0.165686374182962,0.776015533459332,0.584,0.953355173597302,0.244900004949855,NA,4,"uniformity; dispersion; quantile_fitted; quantile_predictor",0.0114944898690616,1528.96294199646,1077.32378578098,FALSE,TRUE,-451.639156215487
"Chance-floor accuracy","chance-corrected logit","standard logit",0.00215861559822838,-0.160864241123929,0.633532681212438,0.168,0.682964001719662,0.0657108351845017,NA,4,"uniformity; dispersion; quantile_fitted; quantile_predictor",0.0201455969272829,1561.11405279849,1126.12374144352,FALSE,TRUE,-434.990311354966
"Chance-floor accuracy","chance-corrected logit","standard logit",0.000334123384166696,-0.18547708054364,0.588288607063418,0.968,0.879751209364427,0.215802835413411,NA,4,"uniformity; dispersion; quantile_fitted; quantile_predictor",0.0151401120850616,1546.96836162228,1090.3691438151,FALSE,TRUE,-456.599217807175
"Chance-floor accuracy","chance-corrected logit","standard logit",0.0859759754803412,-0.086985498021001,0.684460521827837,0.288,0.863480238933546,0.568238377706778,NA,4,"uniformity; dispersion; quantile_fitted; quantile_predictor",0.0309412465860139,1566.12816810562,1132.00943856242,FALSE,TRUE,-434.118729543197
"Chance-floor accuracy","chance-corrected logit","standard logit",0.04401246237944,-0.10581789274427,0.343936111300655,0.248,0.951412242147953,0.954053246224405,NA,4,"uniformity; dispersion; quantile_fitted; quantile_predictor",0.598794567529271,1542.51170557303,1124.0396504852,FALSE,TRUE,-418.47205508783
"Chance-floor accuracy","chance-corrected logit","standard logit",0.00528641328866516,-0.146009516048852,0.974249879292106,0.88,0.509463593305325,0.991655153441691,NA,4,"uniformity; dispersion; quantile_fitted; quantile_predictor",0.486594991252123,1508.31095915678,1085.0836263669,FALSE,TRUE,-423.227332789879
"Chance-floor accuracy","chance-corrected logit","standard logit",0.00456797525103182,-0.147133756423751,0.999473451620569,0.992,0.977834200244807,0.723446954917321,NA,4,"uniformity; dispersion; quantile_fitted; quantile_predictor",0.0279700473256796,1558.0628955535,1094.19834977084,FALSE,TRUE,-463.864545782664
"Chance-floor accuracy","chance-corrected logit","standard logit",0.00701031195922895,-0.135816458307592,0.876479564520592,0.472,0.91005143061908,0.911442586614697,NA,4,"uniformity; dispersion; quantile_fitted; quantile_predictor",0.50074467840022,1512.08380015158,1076.2546263469,FALSE,TRUE,-435.82917380468
"Chance-floor accuracy","chance-corrected logit","standard logit",0.0268660386316179,-0.118498807657678,0.801945776577043,0.936,0.927518251217973,0.927204728289685,NA,4,"uniformity; dispersion; quantile_fitted; quantile_predictor",0.92442356467718,1473.63762816469,1093.74876104549,FALSE,TRUE,-379.8888671192
"Chance-floor accuracy","chance-corrected logit","standard logit",0.00265420424738703,-0.161747110868805,0.941071416770102,0.752,0.941602600569189,0.940617255652552,NA,4,"uniformity; dispersion; quantile_fitted; quantile_predictor",0.125556898539268,1512.98407585567,1101.17851152806,FALSE,TRUE,-411.805564327612
"Chance-floor accuracy","chance-corrected logit","standard logit",0.00857313489006591,-0.135812375466503,0.948412551604302,0.464,0.968171582073821,0.993104580683015,NA,4,"uniformity; dispersion; quantile_fitted; quantile_predictor",0.134718814857035,1465.60100672149,1077.50513611346,FALSE,TRUE,-388.095870608034
"Chance-floor accuracy","chance-corrected logit","standard logit",0.00428462624508594,-0.140262915862009,0.838645846063072,0.84,0.958683922576293,0.693140904346602,NA,4,"uniformity; dispersion; quantile_fitted; quantile_predictor",0.0373266023964099,1505.60732517259,1088.52182491956,FALSE,TRUE,-417.085500253027
"Chance-floor accuracy","chance-corrected logit","standard logit",0.759495899219056,-0.0159963389672527,0.66771734045341,0.752,0.974438975987667,0.939805033993371,NA,4,"uniformity; dispersion; quantile_fitted; quantile_predictor",0.291097394772991,1491.61758180742,1105.37355707369,FALSE,TRUE,-386.244024733729
"Chance-floor accuracy","chance-corrected logit","standard logit",0.00145562284686274,-0.162856325153738,0.996864254213969,0.496,0.861793536974685,0.860562610361521,NA,4,"uniformity; dispersion; quantile_fitted; quantile_predictor",0.861524047955063,1567.11564713659,1075.47154362774,FALSE,TRUE,-491.644103508841
"Chance-floor accuracy","chance-corrected logit","standard logit",0.328055220500487,-0.0522955533384242,0.988614968921551,0.8,0.456675071920106,0.965294474545395,NA,4,"uniformity; dispersion; quantile_fitted; quantile_predictor",0.122934805648653,1545.46965218059,1101.25368642063,FALSE,TRUE,-444.21596575996
"Chance-floor accuracy","chance-corrected logit","standard logit",1.24199993778573e-06,-0.258979062679236,0.992837805040267,0.848,0.483620314502738,0.459517634354654,NA,4,"uniformity; dispersion; quantile_fitted; quantile_predictor",0.0034525397124201,1577.60579775851,1083.06809437025,FALSE,TRUE,-494.53770338826
"Chance-floor accuracy","chance-corrected logit","standard logit",0.00426666707102797,-0.147501382412896,0.482424685507206,0.432,0.323822792804345,0.469227776936585,NA,4,"uniformity; dispersion; quantile_fitted; quantile_predictor",0.0808489863690569,1451.71843791572,1077.74163779452,FALSE,TRUE,-373.976800121199
"Chance-floor accuracy","chance-corrected logit","standard logit",0.278368599327712,-0.0571028321952357,0.274330453804533,0.12,0.898213808895992,0.931141679386394,NA,4,"uniformity; dispersion; quantile_fitted; quantile_predictor",0.722544462843645,1613.09300314702,1138.77158877477,FALSE,TRUE,-474.321414372245
"Chance-floor accuracy","chance-corrected logit","standard logit",1.7670891584439e-05,-0.229326994461114,0.351751300633623,0.808,0.273823440259373,0.399790146276086,NA,4,"uniformity; dispersion; quantile_fitted; quantile_predictor",0.0111132359197984,1506.44311065337,1104.33773834178,FALSE,TRUE,-402.105372311587
"Chance-floor accuracy","chance-corrected logit","standard logit",0.0969044947874308,-0.0836345321121755,0.430316323381828,0.992,0.670087826794335,0.365305507271751,NA,4,"uniformity; dispersion; quantile_fitted; quantile_predictor",0.0874149896006851,1455.30608900799,1098.32200242119,FALSE,TRUE,-356.984086586799
"Chance-floor accuracy","chance-corrected logit","standard logit",0.0004415724596997,-0.178493057561656,0.527360545503963,0.024,0.823159291203663,0.891382917071115,NA,4,"uniformity; dispersion; quantile_fitted; quantile_predictor",0.890663840224225,1569.96391966339,1170.76098250258,FALSE,TRUE,-399.202937160804
"Chance-floor accuracy","chance-corrected logit","standard logit",0.00295691583215274,-0.144091852159679,0.850771034803752,0.712,0.923846776476519,0.918701730168604,NA,4,"uniformity; dispersion; quantile_fitted; quantile_predictor",0.491959575605309,1452.5800827708,1087.81320497891,FALSE,TRUE,-364.766877791893
"Chance-floor accuracy","chance-corrected logit","standard logit",0.264088269650058,-0.0579827983646528,0.516851839393189,0.248,0.997451650244576,0.988834490659771,NA,4,"uniformity; dispersion; quantile_fitted; quantile_predictor",0.0648673728581201,1427.68171972778,1058.51027747618,FALSE,TRUE,-369.171442251605
"Chance-floor accuracy","chance-corrected logit","standard logit",0.00915946849135472,-0.133993657591237,0.544762886956007,0.296,0.677081441035149,0.428788750154954,NA,4,"uniformity; dispersion; quantile_fitted; quantile_predictor",0.00340858557922303,1619.97058264924,1124.72393656675,FALSE,TRUE,-495.246646082486
"Chance-floor accuracy","chance-corrected logit","standard logit",0.41888582944654,-0.0413494970559743,0.981125851227308,0.32,0.999986351003007,0.962972748574158,NA,4,"uniformity; dispersion; quantile_fitted; quantile_predictor",0.97624172578007,1494.30867701184,1069.13546272833,FALSE,TRUE,-425.173214283513
"Chance-floor accuracy","chance-corrected logit","standard logit",0.0923113182026961,-0.0884430889081202,0.864344700482608,0.552,0.93927520463347,0.243744322206519,NA,4,"uniformity; dispersion; quantile_fitted; quantile_predictor",0.250336360451821,1513.47000714449,1115.99182116686,FALSE,TRUE,-397.478185977634
"Chance-floor accuracy","chance-corrected logit","standard logit",0.345731644399724,-0.0477775405812884,0.860458110251589,0.424,0.884286382805356,0.883556071582598,NA,4,"uniformity; dispersion; quantile_fitted; quantile_predictor",0.210193695150014,1474.31580666873,1124.81572545351,FALSE,TRUE,-349.500081215226
"Chance-floor accuracy","chance-corrected logit","standard logit",0.0490801164622648,-0.0995234407613075,0.565446435022108,0.808,0.855726105592681,0.816385350431126,NA,4,"uniformity; dispersion; quantile_fitted; quantile_predictor",0.796896894030282,1489.70993062138,1088.14509994149,FALSE,TRUE,-401.56483067989
"Chance-floor accuracy","chance-corrected logit","standard logit",0.00013863508830094,-0.193500958641724,0.752566240628354,0.608,0.763235819650453,0.883226137021155,NA,4,"uniformity; dispersion; quantile_fitted; quantile_predictor",0.0133880712983185,1521.43850634898,1080.13335048941,FALSE,TRUE,-441.305155859565
"Chance-floor accuracy","chance-corrected logit","standard logit",0.0638223202207554,-0.0941186091601359,0.699988296784589,0.832,0.796804786808021,0.655851750118916,NA,4,"uniformity; dispersion; quantile_fitted; quantile_predictor",0.0543844461536968,1527.33739489047,1091.74978128235,FALSE,TRUE,-435.587613608117
"Chance-floor accuracy","chance-corrected logit","standard logit",0.000283508495491782,-0.20092186392568,0.898410437043566,0.784,0.994375038902413,0.882749892947365,NA,4,"uniformity; dispersion; quantile_fitted; quantile_predictor",0.0620028340088959,1582.22211830931,1101.9558249855,FALSE,TRUE,-480.266293323812
"Chance-floor accuracy","chance-corrected logit","standard logit",0.0655268527704564,-0.0959377695269815,0.872538849127813,0.376,0.927143955642342,0.916983396628939,NA,4,"uniformity; dispersion; quantile_fitted; quantile_predictor",0.739108434071583,1527.02906233544,1064.8954300056,FALSE,TRUE,-462.133632329841
"Chance-floor accuracy","chance-corrected logit","standard logit",0.0540194777756879,-0.100703553093058,0.790316261824559,0.672,0.413696704932094,0.63815526998483,NA,4,"uniformity; dispersion; quantile_fitted; quantile_predictor",0.0133653214800326,1524.37840334388,1111.00977756254,FALSE,TRUE,-413.368625781335
"Chance-floor accuracy","chance-corrected logit","standard logit",0.0327626190352444,-0.114030592219511,0.879382292162698,0.488,0.904658334966191,0.732696096890826,NA,4,"uniformity; dispersion; quantile_fitted; quantile_predictor",0.0545088899423743,1500.20649898069,1079.96601276246,FALSE,TRUE,-420.24048621823
"Chance-floor accuracy","chance-corrected logit","standard logit",0.00144720460557637,-0.165386919678425,0.825086136796496,0.68,0.178202255122208,2.79998877608207e-05,NA,4,"uniformity; dispersion; quantile_fitted; quantile_predictor",0.0197331586003667,1579.57246393981,1098.21879025114,FALSE,TRUE,-481.353673688672
"Chance-floor accuracy","chance-corrected logit","standard logit",0.00796785091107598,-0.139060858987684,0.764102849353384,0.504,0.810014261199892,0.904491784728054,NA,4,"uniformity; dispersion; quantile_fitted; quantile_predictor",0.0432400332472766,1514.44292723018,1116.95169117398,FALSE,TRUE,-397.491236056198
"Chance-floor accuracy","chance-corrected logit","standard logit",0.000327062736176622,-0.183828326361043,0.788072281215529,0.872,0.949154273894681,0.928158818879717,NA,4,"uniformity; dispersion; quantile_fitted; quantile_predictor",0.594755673567721,1581.7575153424,1096.92499078234,FALSE,TRUE,-484.832524560055
"Chance-floor accuracy","chance-corrected logit","standard logit",0.0205214919283221,-0.123295128009331,0.511092400448953,0.368,0.931149815290841,0.931655213845772,NA,4,"uniformity; dispersion; quantile_fitted; quantile_predictor",0.618769968552368,1500.82208371528,1067.93895175637,FALSE,TRUE,-432.883131958914
"Chance-floor accuracy","chance-corrected logit","standard logit",0.0100947739944162,-0.132427235652466,0.992466131370827,0.328,0.976117400501135,0.957050967327502,NA,4,"uniformity; dispersion; quantile_fitted; quantile_predictor",0.93858298572071,1561.96409347027,1067.49392739108,FALSE,TRUE,-494.470166079191
"Chance-floor accuracy","chance-corrected logit","standard logit",0.15007349352985,-0.0757803816537144,0.988619571558384,0.608,0.885613589120449,0.630097347999358,NA,4,"uniformity; dispersion; quantile_fitted; quantile_predictor",0.123162108823202,1481.84053558999,1083.0486143599,FALSE,TRUE,-398.791921230096
"Chance-floor accuracy","chance-corrected logit","standard logit",0.0716388618238204,-0.094116323981163,0.578242664943215,0.304,0.836554862046866,0.267133242174842,NA,4,"uniformity; dispersion; quantile_fitted; quantile_predictor",0.00878589785814937,1546.84189503214,1118.92998557916,FALSE,TRUE,-427.91190945298
"Chance-floor accuracy","chance-corrected logit","standard logit",0.310774227644086,-0.0514662516804353,0.303292722397083,0.184,0.989502009943329,0.737255684908881,NA,4,"uniformity; dispersion; quantile_fitted; quantile_predictor",0.244766928102525,1533.97544795921,1134.63006235571,FALSE,TRUE,-399.345385603499
"Chance-floor accuracy","chance-corrected logit","standard logit",0.063915610773536,-0.0940705291550031,0.905160860788409,0.368,0.992115934506001,0.819105472013787,NA,4,"uniformity; dispersion; quantile_fitted; quantile_predictor",0.675753206247736,1474.22264021944,1071.08102637371,FALSE,TRUE,-403.141613845733
"Chance-floor accuracy","chance-corrected logit","standard logit",0.000181755276649675,-0.19059057111357,0.758578851958,0.352,0.935421818550633,0.813639868169448,NA,4,"uniformity; dispersion; quantile_fitted; quantile_predictor",0.32046301967153,1509.75905736628,1067.29869164084,FALSE,TRUE,-442.460365725435
"Chance-floor accuracy","chance-corrected logit","standard logit",0.00829502433049528,-0.14302646275996,0.90392648357299,0.752,0.946762253854694,0.447546894932561,NA,4,"uniformity; dispersion; quantile_fitted; quantile_predictor",0.0243170797993496,1607.54774679864,1079.99921489265,FALSE,TRUE,-527.548531905991
"Chance-floor accuracy","chance-corrected logit","standard logit",0.0585608323092989,-0.0967245390554488,0.65726075779735,0.792,0.962458794441801,0.537932397249556,NA,4,"uniformity; dispersion; quantile_fitted; quantile_predictor",0.0284960711850841,1501.89260250527,1105.20451034337,FALSE,TRUE,-396.688092161894
"Chance-floor accuracy","chance-corrected logit","standard logit",0.000399480143423821,-0.199524079115696,0.729869135489165,0.824,0.848942370276929,0.870295051453811,NA,4,"uniformity; dispersion; quantile_fitted; quantile_predictor",0.173165913249198,1521.70276584467,1098.24793878051,FALSE,TRUE,-423.454827064158
"Chance-floor accuracy","chance-corrected logit","standard logit",0.0269095788118592,-0.117377017908393,0.42672895053295,0.04,0.841408207126318,0.35431254451061,NA,4,"uniformity; dispersion; quantile_fitted; quantile_predictor",0.0933020033679962,1416.36702291711,1042.8710636753,FALSE,TRUE,-373.495959241816
"Chance-floor accuracy","chance-corrected logit","standard logit",0.000518300388353778,-0.186614005215698,0.997399304736688,0.52,0.350641505088508,0.540668136152898,NA,4,"uniformity; dispersion; quantile_fitted; quantile_predictor",0.318446070439224,1509.60791753417,1077.75117303357,FALSE,TRUE,-431.856744500596
"Chance-floor accuracy","chance-corrected logit","standard logit",0.270683645744718,-0.0594103397730292,0.785268889030553,0.576,0.962176756433697,0.969701230024855,NA,4,"uniformity; dispersion; quantile_fitted; quantile_predictor",0.549587202081169,1576.4473509163,1109.2588024303,FALSE,TRUE,-467.188548485997
"Chance-floor accuracy","chance-corrected logit","standard logit",0.0311960025341844,-0.108823840270306,0.953044557355429,0.704,0.907221368198618,0.970531521680837,NA,4,"uniformity; dispersion; quantile_fitted; quantile_predictor",0.682546080661082,1521.60870925022,1080.02732481104,FALSE,TRUE,-441.581384439183
"Chance-floor accuracy","chance-corrected logit","standard logit",0.382288169971783,-0.0458603756810812,0.864694908459455,0.368,0.99542940305119,0.78551800364652,NA,4,"uniformity; dispersion; quantile_fitted; quantile_predictor",0.43664244659126,1471.85915141283,1077.1860757327,FALSE,TRUE,-394.673075680129
"Chance-floor accuracy","chance-corrected logit","standard logit",0.00413329188462342,-0.147580052303761,0.9192330190442,0.968,0.786422576203743,0.70512945327668,NA,4,"uniformity; dispersion; quantile_fitted; quantile_predictor",0.0684230473339169,1553.92395507101,1090.50265616771,FALSE,TRUE,-463.421298903301
"Chance-floor accuracy","chance-corrected logit","standard logit",0.0893808638323915,-0.0906856118488912,0.218687220333517,0.104,0.305989881030203,0.057578531815201,NA,4,"uniformity; dispersion; quantile_fitted; quantile_predictor",0.0263052457270549,1547.22715600235,1148.94427187742,FALSE,TRUE,-398.282884124933
"Chance-floor accuracy","chance-corrected logit","standard logit",0.576658570120532,0.02840924281886,0.545241466325202,0.976,0.609839288892519,0.511982041490811,NA,4,"uniformity; dispersion; quantile_fitted; quantile_predictor",0.00786344319542794,1576.4444479677,1090.81297102867,FALSE,TRUE,-485.631476939039
"Chance-floor accuracy","chance-corrected logit","standard logit",0.000779828842930429,-0.179286049188904,0.798617291057803,0.272,0.955679468292917,0.965741428660782,NA,4,"uniformity; dispersion; quantile_fitted; quantile_predictor",0.183936550158247,1555.30278084778,1053.69000707648,FALSE,TRUE,-501.612773771304
"Chance-floor accuracy","chance-corrected logit","standard logit",0.000746784731672524,-0.174360798009577,0.626781075459115,0.432,0.242729012973285,0.344790088195609,NA,4,"uniformity; dispersion; quantile_fitted; quantile_predictor",0.175068669874017,1551.95313408761,1119.37254409138,FALSE,TRUE,-432.580589996232
"Chance-floor accuracy","chance-corrected logit","standard logit",8.73776580215103e-05,-0.209010382188543,0.846531910999287,0.448,0.506382310588432,0.675049057921967,NA,4,"uniformity; dispersion; quantile_fitted; quantile_predictor",0.00355750917088394,1578.37403531156,1114.49752072573,FALSE,TRUE,-463.876514585832
"Chance-floor accuracy","chance-corrected logit","standard logit",0.144081097328266,-0.0770845984451095,0.612319006541304,0.76,0.980447647797006,0.943688446085844,NA,4,"uniformity; dispersion; quantile_fitted; quantile_predictor",0.203764320698193,1590.55895513836,1083.43702366697,FALSE,TRUE,-507.121931471392
"Chance-floor accuracy","chance-corrected logit","standard logit",0.0233585029456676,-0.117072514362057,0.324994372186042,0.384,0.939969200670277,0.958146930550388,NA,4,"uniformity; dispersion; quantile_fitted; quantile_predictor",0.495454990664506,1601.50410449158,1121.79290779411,FALSE,TRUE,-479.711196697471
"Chance-floor accuracy","chance-corrected logit","standard logit",0.00795339250242394,-0.146292393730451,0.454696794911863,0.344,0.304016351762196,0.0200217091160601,NA,4,"uniformity; dispersion; quantile_fitted; quantile_predictor",0.00234814014534235,1564.74564417123,1127.80136477329,FALSE,TRUE,-436.944279397943
"Chance-floor accuracy","chance-corrected logit","standard logit",0.0309088831567315,-0.112275293747846,0.709481498481648,0.96,0.987307085928851,0.986245650777248,NA,4,"uniformity; dispersion; quantile_fitted; quantile_predictor",0.239875712335803,1562.81165242005,1092.28481046769,FALSE,TRUE,-470.526841952357
"Chance-floor accuracy","chance-corrected logit","standard logit",0.000905163266661184,-0.173288025822405,0.829237027533279,0.568,0.361649034778818,0.324246554839826,NA,4,"uniformity; dispersion; quantile_fitted; quantile_predictor",0.0252851672538989,1542.45902439892,1078.58366901005,FALSE,TRUE,-463.875355388869
"Chance-floor accuracy","chance-corrected logit","standard logit",0.00493361343557921,-0.146364929554004,0.536077084331495,0.344,0.0741033563863376,0.0116414668850487,NA,4,"uniformity; dispersion; quantile_fitted; quantile_predictor",3.29200071236483e-05,1530.10048104855,1132.15858863922,FALSE,TRUE,-397.941892409326
"Chance-floor accuracy","chance-corrected logit","standard logit",0.0268841647249062,-0.110505995938927,0.256449583270974,0.624,0.956148475507267,0.990478174621298,NA,4,"uniformity; dispersion; quantile_fitted; quantile_predictor",0.886150717144627,1647.35893905643,1072.08253462358,FALSE,TRUE,-575.27640443285
"Chance-floor accuracy","chance-corrected logit","standard logit",0.177139173677263,-0.0699532633049141,0.672670805196583,0.68,0.956463235293555,0.966968043754908,NA,4,"uniformity; dispersion; quantile_fitted; quantile_predictor",0.960091429619693,1617.19282400178,1104.95988084863,FALSE,TRUE,-512.23294315315
"Chance-floor accuracy","chance-corrected logit","standard logit",0.355906796339546,-0.0496804924420202,0.989638735240319,0.976,0.985309184559277,0.997277880709364,NA,4,"uniformity; dispersion; quantile_fitted; quantile_predictor",0.388719423870185,1519.46903781831,1089.23646666938,FALSE,TRUE,-430.232571148933
"Chance-floor accuracy","chance-corrected logit","standard logit",0.00286057417634758,-0.157495455387212,0.964395075461949,0.936,0.926433618030912,0.043873109129664,NA,4,"uniformity; dispersion; quantile_fitted; quantile_predictor",0.0369618725652943,1473.15649244925,1103.03977738574,FALSE,TRUE,-370.116715063519
"Chance-floor accuracy","chance-corrected logit","standard logit",0.0190016162410715,-0.131370340926244,0.889594214865921,0.792,0.469007851953743,0.461672691335493,NA,4,"uniformity; dispersion; quantile_fitted; quantile_predictor",0.705756993961385,1601.04530033675,1101.48010386604,FALSE,TRUE,-499.565196470712
"Chance-floor accuracy","chance-corrected logit","standard logit",0.216655426162974,-0.0650160557221316,0.905304336773075,0.072,0.972252217698008,0.624694922874995,NA,4,"uniformity; dispersion; quantile_fitted; quantile_predictor",0.071251931040939,1477.05108137153,1045.44716395837,FALSE,TRUE,-431.603917413157
"Chance-floor accuracy","chance-corrected logit","standard logit",0.0574100882121849,-0.0966126664274333,0.771967027722991,0.936,0.889751389953025,0.155037726558003,NA,4,"uniformity; dispersion; quantile_fitted; quantile_predictor",0.643551089234817,1510.83405397322,1101.67997958222,FALSE,TRUE,-409.154074390997
"Chance-floor accuracy","chance-corrected logit","standard logit",0.00702479242722804,-0.142056912161107,0.984423160791936,0.984,0.933869164864562,0.94301957783336,NA,4,"uniformity; dispersion; quantile_fitted; quantile_predictor",0.0987557949618468,1487.1952527442,1100.32909173454,FALSE,TRUE,-386.866161009655
"Chance-floor accuracy","chance-corrected logit","standard logit",0.000136706856439601,-0.197533265402238,0.758854929775844,0.576,0.672090271030927,0.863479151366595,NA,4,"uniformity; dispersion; quantile_fitted; quantile_predictor",0.0173234507947652,1490.83645729906,1114.9712832681,FALSE,TRUE,-375.865174030959
"Chance-floor accuracy","chance-corrected logit","standard logit",0.656481827016041,-0.0230326156275477,0.999059845792776,0.448,0.826226242782716,0.477311070286759,NA,4,"uniformity; dispersion; quantile_fitted; quantile_predictor",0.151163041005867,1545.64416163338,1072.42791144978,FALSE,TRUE,-473.216250183603
"Chance-floor accuracy","chance-corrected logit","standard logit",0.00950697298332478,-0.139445519682228,0.94497206737174,0.992,0.793747116463715,0.733596300118424,NA,4,"uniformity; dispersion; quantile_fitted; quantile_predictor",0.597592053224756,1525.19625044475,1093.7224337972,FALSE,TRUE,-431.473816647551
"Chance-floor accuracy","chance-corrected logit","standard logit",0.165551658273353,-0.0691461398950146,0.999956391479323,0.936,0.777147103173112,0.74496123488639,NA,4,"uniformity; dispersion; quantile_fitted; quantile_predictor",0.0722617435119041,1532.82289860526,1101.5907935987,FALSE,TRUE,-431.232105006567
"Chance-floor accuracy","chance-corrected logit","standard logit",0.809136826595794,-0.0131457349396814,0.41107502897871,0.168,0.581765328195812,0.867833506644266,NA,4,"uniformity; dispersion; quantile_fitted; quantile_predictor",0.342471180290852,1466.93690566756,1061.71812665705,FALSE,TRUE,-405.218779010505
"Chance-floor accuracy","chance-corrected logit","standard logit",0.174199779294775,-0.0716333410180672,0.157909416029411,0.248,0.327282342215568,0.227485706124727,NA,4,"uniformity; dispersion; quantile_fitted; quantile_predictor",0.0185592313253549,1491.17355699467,1065.68332121285,FALSE,TRUE,-425.490235781816
"Chance-floor accuracy","chance-corrected logit","standard logit",0.00297462670026346,-0.159916550491517,0.593528492909396,0.76,0.987853777568675,0.993923378074252,NA,4,"uniformity; dispersion; quantile_fitted; quantile_predictor",0.620407596776993,1631.03659062422,1103.61317595614,FALSE,TRUE,-527.423414668089
"Chance-floor accuracy","chance-corrected logit","standard logit",0.00903729983771237,-0.133141005096273,0.157387789594326,0.312,0.881261273703452,0.821316412764578,NA,4,"uniformity; dispersion; quantile_fitted; quantile_predictor",0.324346793357303,1528.83663606515,1078.07205398562,FALSE,TRUE,-450.764582079534
"Chance-floor accuracy","chance-corrected logit","standard logit",0.192794185025087,-0.0679428599699144,0.989418002349082,0.616,0.956118779296169,0.487374725128464,NA,4,"uniformity; dispersion; quantile_fitted; quantile_predictor",0.0449717632328616,1458.68818374935,1086.06985029081,FALSE,TRUE,-372.618333458542
"Chance-floor accuracy","chance-corrected logit","standard logit",0.00117495206853996,-0.168258864048996,0.989227138483223,0.68,0.971432370917704,0.879569671730638,NA,4,"uniformity; dispersion; quantile_fitted; quantile_predictor",0.591440625521569,1564.90746723572,1075.41771853709,FALSE,TRUE,-489.489748698629
"Chance-floor accuracy","chance-corrected logit","standard logit",0.00395264945284725,-0.152694437192396,0.971289318800145,0.896,0.898500434732982,0.978426382224116,NA,4,"uniformity; dispersion; quantile_fitted; quantile_predictor",0.704645242940298,1562.59208116175,1087.24892095221,FALSE,TRUE,-475.343160209542
"Chance-floor accuracy","chance-corrected logit","standard logit",0.00208950328694551,-0.159844095835328,0.933342403042423,0.456,0.690892693300801,0.018626682211742,NA,4,"uniformity; dispersion; quantile_fitted; quantile_predictor",0.0162753943092252,1587.78892353921,1070.21559424649,FALSE,TRUE,-517.573329292728
"Chance-floor accuracy","chance-corrected logit","standard logit",0.0356536365154052,-0.112144741599927,0.557127775621179,0.424,0.515413475007413,0.0774415526543751,NA,4,"uniformity; dispersion; quantile_fitted; quantile_predictor",0.0194115798659971,1582.78670456725,1071.86254700893,FALSE,TRUE,-510.924157558312
"Chance-floor accuracy","chance-corrected logit","standard logit",9.41586573340981e-05,-0.202884739929526,0.873992963774547,0.776,0.991274870679751,0.621006106311462,NA,4,"uniformity; dispersion; quantile_fitted; quantile_predictor",0.334957516884732,1553.64380874863,1101.40572541068,FALSE,TRUE,-452.238083337945
"Chance-floor accuracy","chance-corrected logit","standard logit",0.0230664523231728,-0.116215464970833,0.915211320319309,0.424,0.927556439256638,0.938481509929492,NA,4,"uniformity; dispersion; quantile_fitted; quantile_predictor",0.787648826099588,1518.63686351579,1075.1865684443,FALSE,TRUE,-443.45029507149
"Chance-floor accuracy","chance-corrected logit","standard logit",0.0217499252419106,-0.118766841697492,0.349810359011741,0.888,0.491917830578749,0.0619797039734071,NA,4,"uniformity; dispersion; quantile_fitted; quantile_predictor",0.00226418480774511,1496.34344845373,1099.75851888393,FALSE,TRUE,-396.584929569806
"Chance-floor accuracy","chance-corrected logit","standard logit",0.00262756581985403,-0.158276992820843,0.914283186196726,0.944,0.926981888078389,0.924272795586862,NA,4,"uniformity; dispersion; quantile_fitted; quantile_predictor",0.431107245833815,1563.35268198591,1089.76448963423,FALSE,TRUE,-473.588192351685
"Chance-floor accuracy","chance-corrected logit","standard logit",0.676264429420222,-0.0220199809908123,0.839569225960032,0.816,0.999888452161355,0.982165583493345,NA,4,"uniformity; dispersion; quantile_fitted; quantile_predictor",0.0405546486384928,1506.19171996894,1087.71480782869,FALSE,TRUE,-418.476912140245
"Chance-floor accuracy","chance-corrected logit","standard logit",0.00176686906857407,-0.161557852810011,0.831344318833146,0.728,0.989198748989732,0.982147704171469,NA,4,"uniformity; dispersion; quantile_fitted; quantile_predictor",0.0685656607147628,1538.61470482951,1105.06353249256,FALSE,TRUE,-433.551172336953
"Chance-floor accuracy","chance-corrected logit","standard logit",0.0326912096467374,-0.110082430367459,0.984283300859454,0.832,0.216511518215924,0.291486694672201,NA,4,"uniformity; dispersion; quantile_fitted; quantile_predictor",0.0479841249501274,1467.16659781352,1097.12165400836,FALSE,TRUE,-370.044943805161
"Chance-floor accuracy","chance-corrected logit","standard logit",0.910800523774311,0.00576460401060399,0.844761509625616,0.512,0.875159100874609,0.984194526085094,NA,4,"uniformity; dispersion; quantile_fitted; quantile_predictor",0.903459939956254,1527.30870217993,1079.50099874996,FALSE,TRUE,-447.807703429966
"Chance-floor accuracy","chance-corrected logit","standard logit",0.0211650790835076,-0.123296921263023,0.790528811743972,0.896,0.390445831636139,0.123738768417221,NA,4,"uniformity; dispersion; quantile_fitted; quantile_predictor",0.605017218007243,1559.71259332247,1101.09546389682,FALSE,TRUE,-458.61712942565
"Chance-floor accuracy","chance-corrected logit","standard logit",0.023150646150219,-0.114341991387503,0.914599811804325,0.856,0.996871149200501,0.995998755432761,NA,4,"uniformity; dispersion; quantile_fitted; quantile_predictor",0.367490973597992,1525.20618427316,1090.58288170214,FALSE,TRUE,-434.623302571016
"Chance-floor accuracy","chance-corrected logit","standard logit",0.301944448117453,-0.0528239867518357,0.706557801988103,0.88,0.891327221921596,0.927493109090903,NA,4,"uniformity; dispersion; quantile_fitted; quantile_predictor",0.0991999305934339,1577.77502526424,1089.12032600817,FALSE,TRUE,-488.654699256067
"Chance-floor accuracy","chance-corrected logit","standard logit",0.0137040390312861,-0.131466779379693,0.898626906924483,0.568,0.983503562134141,0.995053683952641,NA,4,"uniformity; dispersion; quantile_fitted; quantile_predictor",0.762370106487827,1532.9517391683,1074.96657998468,FALSE,TRUE,-457.98515918362
"Chance-floor accuracy","chance-corrected logit","standard logit",0.34149988783361,-0.0494322112119469,0.726162706409465,0.76,0.703095589254048,0.492322810752854,NA,4,"uniformity; dispersion; quantile_fitted; quantile_predictor",0.00405627782955893,1654.05889585942,1097.89230020032,FALSE,TRUE,-556.166595659097
"Chance-floor accuracy","chance-corrected logit","standard logit",0.0804933731014868,-0.0873269404211716,0.97143633041529,0.328,0.846825760979495,0.803890331575571,NA,4,"uniformity; dispersion; quantile_fitted; quantile_predictor",0.134924205091826,1526.89783258775,1068.87157170571,FALSE,TRUE,-458.026260882032
"Chance-floor accuracy","chance-corrected logit","standard logit",4.02507870199326e-05,-0.213322013983457,0.874304296207306,0.928,0.973250748074215,0.837996400549245,NA,4,"uniformity; dispersion; quantile_fitted; quantile_predictor",0.499111467983797,1516.22288108685,1094.08966844228,FALSE,TRUE,-422.133212644569
"Chance-floor accuracy","chance-corrected logit","standard logit",0.60836628547494,0.0269174832934501,0.473883670064904,0.456,0.944870571305428,0.942027184665426,NA,4,"uniformity; dispersion; quantile_fitted; quantile_predictor",0.236276755761291,1518.19050886789,1071.62849023436,FALSE,TRUE,-446.562018633525
"Chance-floor accuracy","chance-corrected logit","standard logit",0.015855676238779,-0.119484796979429,0.987431086002461,0.752,0.911542976109295,0.8339864806266,NA,4,"uniformity; dispersion; quantile_fitted; quantile_predictor",0.608694555737906,1504.26785767032,1107.12901748821,FALSE,TRUE,-397.138840182112
"Chance-floor accuracy","chance-corrected logit","standard logit",0.0302155503853293,-0.117859355903022,0.893660819504924,0.192,0.869050559803393,0.813592186433193,NA,4,"uniformity; dispersion; quantile_fitted; quantile_predictor",0.053778056766076,1482.18922839187,1057.66137983511,FALSE,TRUE,-424.527848556762
"Chance-floor accuracy","chance-corrected logit","standard logit",0.00486535240849973,-0.140167949926853,0.498946821626286,0.944,0.467073141255961,0.631864691912957,NA,4,"uniformity; dispersion; quantile_fitted; quantile_predictor",0.0792335910281433,1478.03913735677,1094.97096036002,FALSE,TRUE,-383.068176996749
"Chance-floor accuracy","chance-corrected logit","standard logit",0.0172261001281944,-0.132208008279577,0.486110751672585,0.736,0.667354823963864,0.758388318787939,NA,4,"uniformity; dispersion; quantile_fitted; quantile_predictor",0.107642658706779,1521.07819187759,1101.30749374561,FALSE,TRUE,-419.770698131978
"Chance-floor accuracy","chance-corrected logit","standard logit",0.00791515858076293,-0.137065706351667,0.86401404989253,1,0.957275270086471,0.958678071889076,NA,4,"uniformity; dispersion; quantile_fitted; quantile_predictor",0.177461002130955,1543.51471403879,1096.31098940772,FALSE,TRUE,-447.203724631077
"Chance-floor accuracy","chance-corrected logit","standard logit",0.272944095476043,-0.0579787546809204,0.814762188791747,0.488,0.98253563447157,0.951430760853539,NA,4,"uniformity; dispersion; quantile_fitted; quantile_predictor",0.240447902556051,1566.70389564428,1111.2654848146,FALSE,TRUE,-455.438410829684
"Chance-floor accuracy","chance-corrected logit","standard logit",0.609528119073013,-0.0254996217286825,0.982526009650326,0.632,0.91263885888721,0.600888621504482,NA,4,"uniformity; dispersion; quantile_fitted; quantile_predictor",0.140974425500881,1465.93560086235,1081.58420369652,FALSE,TRUE,-384.351397165823
"Chance-floor accuracy","chance-corrected logit","standard logit",0.00722400571283808,-0.147880207761003,0.915871202875185,0.912,0.912949144136386,0.765448774171198,NA,4,"uniformity; dispersion; quantile_fitted; quantile_predictor",0.306665969302895,1487.20626284404,1088.61917333327,FALSE,TRUE,-398.587089510762
"Chance-floor accuracy","chance-corrected logit","standard logit",0.71826727710622,-0.0180837685739598,0.586886891148049,0.648,0.917791436401766,0.921392964824379,NA,4,"uniformity; dispersion; quantile_fitted; quantile_predictor",0.417450900711566,1448.48961659078,1111.57871586501,FALSE,TRUE,-336.910900725771
"Chance-floor accuracy","chance-corrected logit","standard logit",0.473558098734709,-0.0374950385881595,0.41726073972417,0.136,0.868596508840656,0.868682843930664,NA,4,"uniformity; dispersion; quantile_fitted; quantile_predictor",0.862844514238803,1627.61174006623,1142.74865979561,FALSE,TRUE,-484.863080270625
"Chance-floor accuracy","chance-corrected logit","standard logit",0.0474340354555005,-0.105446321286463,0.833294688954811,0.96,0.938431057537156,0.934141499260613,NA,4,"uniformity; dispersion; quantile_fitted; quantile_predictor",0.0715589324382709,1498.30908743287,1099.86409941965,FALSE,TRUE,-398.444988013213
"Chance-floor accuracy","chance-corrected logit","standard logit",0.281924048303052,-0.0557861515567228,0.721398360127689,0.392,0.963864059598129,0.955767593924557,NA,4,"uniformity; dispersion; quantile_fitted; quantile_predictor",0.139525906870457,1567.58682291632,1072.93012959202,FALSE,TRUE,-494.656693324298
"Chance-floor accuracy","chance-corrected logit","standard logit",0.00654578178612645,-0.141023115507016,0.83569111458525,0.392,0.911397967999081,0.910237763537118,NA,4,"uniformity; dispersion; quantile_fitted; quantile_predictor",0.256406252423477,1411.63237476677,1080.63619697754,FALSE,TRUE,-330.996177789228
"Chance-floor accuracy","chance-corrected logit","standard logit",0.26059151416044,-0.0588149112677518,0.672811612098072,0.432,0.940214835497247,0.920728086637599,NA,4,"uniformity; dispersion; quantile_fitted; quantile_predictor",0.551619333350873,1421.24865692459,1076.11447124844,FALSE,TRUE,-345.134185676158
"Chance-floor accuracy","chance-corrected logit","standard logit",0.194958736408766,-0.0665386661869766,0.971815094570949,0.632,0.969097648107188,0.978301778702763,NA,4,"uniformity; dispersion; quantile_fitted; quantile_predictor",0.713835184603848,1492.84639597404,1081.18199253426,FALSE,TRUE,-411.664403439781
"Chance-floor accuracy","chance-corrected logit","standard logit",0.0124525784596055,-0.129111237488513,0.649306047322898,0.504,0.995083403736074,0.998978042960676,NA,4,"uniformity; dispersion; quantile_fitted; quantile_predictor",0.574427267734384,1533.99094510365,1075.45764353094,FALSE,TRUE,-458.533301572709
"Chance-floor accuracy","chance-corrected logit","standard logit",0.20267105961347,-0.0672150123690832,0.741653194072378,0.6,0.665324318287242,0.325824293345239,NA,4,"uniformity; dispersion; quantile_fitted; quantile_predictor",0.025251853670818,1549.39409136246,1112.63759480356,FALSE,TRUE,-436.756496558903
"Chance-floor accuracy","chance-corrected logit","standard logit",0.372044772495394,-0.0447654628183789,0.931920023894096,0.808,0.123424458975835,0.0120433271931394,NA,4,"uniformity; dispersion; quantile_fitted; quantile_predictor",0.000381319843785968,1606.75415000922,1101.33804056438,FALSE,TRUE,-505.416109444835
"Chance-floor accuracy","chance-corrected logit","standard logit",0.0237580306565545,-0.119784265264113,0.994643019017916,0.616,0.181453550733961,0.0116469323824614,NA,4,"uniformity; dispersion; quantile_fitted; quantile_predictor",0.0133120562226019,1528.92102626045,1084.9119653383,FALSE,TRUE,-444.009060922146
"Chance-floor accuracy","chance-corrected logit","standard logit",0.26325116246283,-0.0574943766983641,0.730978524890827,0.672,0.996644999599911,0.997209859358025,NA,4,"uniformity; dispersion; quantile_fitted; quantile_predictor",0.613138815291335,1576.15953700864,1074.32130850621,FALSE,TRUE,-501.838228502426
"Chance-floor accuracy","chance-corrected logit","standard logit",0.0142037730057126,-0.130552299588082,0.338017873769601,0.024,0.829594164988157,0.519194254484487,NA,4,"uniformity; dispersion; quantile_fitted; quantile_predictor",0.0179570462751291,1518.5043932549,1039.3073601703,FALSE,TRUE,-479.197033084597
"Chance-floor accuracy","chance-corrected logit","standard logit",0.0131718844286372,-0.128828623852275,0.389180008209781,0.056,0.14110920184599,0.564436642988757,NA,4,"uniformity; dispersion; quantile_fitted; quantile_predictor",0.0411882617305263,1604.54557654815,1154.12068990021,FALSE,TRUE,-450.424886647933
"Chance-floor accuracy","chance-corrected logit","standard logit",0.0136281560436455,-0.131871559077815,0.916230051558811,0.92,0.956557026661162,0.956404671689344,NA,4,"uniformity; dispersion; quantile_fitted; quantile_predictor",0.992496021112838,1472.56376627091,1096.76097662434,FALSE,TRUE,-375.802789646568
"Chance-floor accuracy","chance-corrected logit","standard logit",0.00131108408501072,-0.168331080751826,0.573418873739939,0.824,0.964403733474692,0.898051734480965,NA,4,"uniformity; dispersion; quantile_fitted; quantile_predictor",0.638459874791496,1550.82441538404,1101.87115040118,FALSE,TRUE,-448.953264982867
"Chance-floor accuracy","chance-corrected logit","standard logit",0.146295906759275,-0.0758422889298674,0.380800056773819,0.96,0.943886294750036,0.811319169357296,NA,4,"uniformity; dispersion; quantile_fitted; quantile_predictor",0.194116550782691,1526.79510689303,1090.2379388047,FALSE,TRUE,-436.557168088338
"Chance-floor accuracy","chance-corrected logit","standard logit",0.0564309277498412,-0.099232805428642,0.33701417951714,0.808,0.626710600395423,0.0681029427934181,NA,4,"uniformity; dispersion; quantile_fitted; quantile_predictor",0.00180560748795939,1562.56556619865,1103.5742094671,FALSE,TRUE,-458.991356731555
"Chance-floor accuracy","chance-corrected logit","standard logit",0.0373720078882158,-0.109826720573749,0.629798102273873,0.848,0.8414850149254,0.76405073058196,NA,4,"uniformity; dispersion; quantile_fitted; quantile_predictor",0.873174248503601,1583.63016405551,1096.97965282286,FALSE,TRUE,-486.650511232648
"Chance-floor accuracy","chance-corrected logit","standard logit",0.549613592492956,-0.0320050420096272,0.728859595224731,0.664,0.9960766485976,0.993212691146369,NA,4,"uniformity; dispersion; quantile_fitted; quantile_predictor",0.143821676025102,1537.98022361756,1076.70603684997,FALSE,TRUE,-461.274186767597
"Chance-floor accuracy","chance-corrected logit","standard logit",0.172380746432389,-0.0730204474066762,0.299392223245759,0.216,0.659596525830174,0.567177623353506,NA,4,"uniformity; dispersion; quantile_fitted; quantile_predictor",0.347227881037045,1563.21895106904,1131.6337940436,FALSE,TRUE,-431.585157025444
"Chance-floor accuracy","chance-corrected logit","standard logit",0.574301567603771,-0.0303651663714865,0.949274149416218,0.536,0.927927011907882,0.835699970433251,NA,4,"uniformity; dispersion; quantile_fitted; quantile_predictor",0.609873231333131,1519.52680960709,1080.13407180659,FALSE,TRUE,-439.392737800501
"Chance-floor accuracy","chance-corrected logit","standard logit",0.0889452484886128,-0.0850729126190294,0.688417293902132,0.672,0.835212204664103,0.772581593210913,NA,4,"uniformity; dispersion; quantile_fitted; quantile_predictor",0.0584961497575577,1559.35970309668,1080.11414109351,FALSE,TRUE,-479.245562003166
"Chance-floor accuracy","chance-corrected logit","standard logit",0.116368095137384,-0.0826990857712525,0.265208426601185,0.592,0.162764113062262,0.014562732666797,NA,4,"uniformity; dispersion; quantile_fitted; quantile_predictor",0.00451132804311867,1511.50927402507,1114.14624739424,FALSE,TRUE,-397.363026630834
"Chance-floor accuracy","chance-corrected logit","standard logit",0.176599372080264,-0.0667649458713195,0.799645352251198,0.928,0.981493941244076,0.995083712766328,NA,4,"uniformity; dispersion; quantile_fitted; quantile_predictor",0.748360007151468,1549.8049888412,1099.87483523096,FALSE,TRUE,-449.930153610248
"Chance-floor accuracy","chance-corrected logit","standard logit",0.0753242024461618,-0.0931487939945745,0.969412163639116,0.848,0.962707940801803,0.991501231608701,NA,4,"uniformity; dispersion; quantile_fitted; quantile_predictor",0.933885683356479,1527.90821228977,1086.77006752519,FALSE,TRUE,-441.138144764577
"Chance-floor accuracy","chance-corrected logit","standard logit",0.291812363746295,-0.0561440488595822,0.553205058566477,0.8,0.887044806113076,0.351631759534258,NA,4,"uniformity; dispersion; quantile_fitted; quantile_predictor",0.071293742842595,1501.33839135175,1084.3037429629,FALSE,TRUE,-417.034648388854
"Chance-floor accuracy","chance-corrected logit","standard logit",0.00192345049896615,-0.158113055584217,0.567627526992064,0.656,0.995273288978989,0.950171141922895,NA,4,"uniformity; dispersion; quantile_fitted; quantile_predictor",0.369054103068555,1529.38578680915,1085.38674237351,FALSE,TRUE,-443.999044435639
"Chance-floor accuracy","chance-corrected logit","standard logit",0.264336745612234,-0.0569449365751689,0.619157807478284,0.064,0.91316396761419,0.804375467211781,NA,4,"uniformity; dispersion; quantile_fitted; quantile_predictor",0.0964471460849192,1398.23222229969,1043.53289356973,FALSE,TRUE,-354.699328729956
"Chance-floor accuracy","chance-corrected logit","standard logit",0.00190424882910785,-0.156761708925922,0.416851857637796,0.264,0.999845824683453,0.998889041335973,NA,4,"uniformity; dispersion; quantile_fitted; quantile_predictor",0.593292011441265,1431.85059467362,1072.96490054227,FALSE,TRUE,-358.885694131356
"Chance-floor accuracy","chance-corrected logit","standard logit",0.170575498714566,-0.0685786202809211,0.374246946478018,0.096,0.238845814855322,0.0215102398631054,NA,4,"uniformity; dispersion; quantile_fitted; quantile_predictor",0.000428310067903429,1588.57759620587,1138.6573952532,FALSE,TRUE,-449.920200952668
"Chance-floor accuracy","chance-corrected logit","standard logit",0.00824210940442668,-0.133693916935724,0.843408067083494,0.44,0.933669804177349,0.931302045575455,NA,4,"uniformity; dispersion; quantile_fitted; quantile_predictor",0.314050273662194,1478.02173301473,1079.03225091374,FALSE,TRUE,-398.989482100993
"Chance-floor accuracy","chance-corrected logit","standard logit",0.00124576737281115,-0.169348764448633,0.971317301411768,0.8,0.998256508416151,0.997767841646719,NA,4,"uniformity; dispersion; quantile_fitted; quantile_predictor",0.241783058797155,1597.13959412376,1091.30718965531,FALSE,TRUE,-505.832404468448
"Chance-floor accuracy","chance-corrected logit","standard logit",0.0368939097212041,-0.107643192806684,0.729836595107846,0.368,0.98091490306475,0.107816737312528,NA,4,"uniformity; dispersion; quantile_fitted; quantile_predictor",0.102075542462138,1449.31481737805,1072.64475610294,FALSE,TRUE,-376.670061275108
"Chance-floor accuracy","chance-corrected logit","standard logit",0.005159613714539,-0.141178791515973,0.655891146826937,0.896,0.923881538741933,0.922244377813968,NA,4,"uniformity; dispersion; quantile_fitted; quantile_predictor",0.331796239741445,1588.3366377955,1087.53831074843,FALSE,TRUE,-500.798327047071
"Chance-floor accuracy","chance-corrected logit","standard logit",0.0010225672101572,-0.174478490788898,0.812901888943727,0.824,0.861547101469183,0.540529790253253,NA,4,"uniformity; dispersion; quantile_fitted; quantile_predictor",0.0868693279772053,1524.42344557114,1087.28450052991,FALSE,TRUE,-437.13894504123
"Chance-floor accuracy","chance-corrected logit","standard logit",0.00400907508945549,-0.147287459435614,0.442123972569435,0.232,0.66417065889741,0.664480499061089,NA,4,"uniformity; dispersion; quantile_fitted; quantile_predictor",0.0560318732290088,1617.66444742909,1117.59808281578,FALSE,TRUE,-500.066364613307
"Binary repeated trials","probit","logit",0.696392259212947,-0.0427997465534252,0.93699056536233,0.912,0.813542066623123,NA,0.949661293196461,4,"uniformity; dispersion; quantile_fitted; categorical_design",1.39938728760668e-15,9568.11772184432,9578.86941056286,TRUE,FALSE,10.7516887185393
"Binary repeated trials","probit","logit",0.102794607187689,0.192176229791894,0.673861457262301,1,0.595608381297486,NA,0.735121810873155,4,"uniformity; dispersion; quantile_fitted; categorical_design",1.82800301920182e-10,9055.06929608195,9061.96877337925,TRUE,FALSE,6.89947729730739
"Binary repeated trials","probit","logit",0.826005711113658,0.0257037912184609,0.450648868896495,0.904,0.69088806904826,NA,0.833397899774171,4,"uniformity; dispersion; quantile_fitted; categorical_design",3.24449720123815e-13,9093.69817189321,9104.57239855662,TRUE,FALSE,10.8742266634017
"Binary repeated trials","probit","logit",0.511149211667256,-0.0760670822673475,0.423948279909904,0.88,0.662809750841816,NA,0.437887690898637,4,"uniformity; dispersion; quantile_fitted; categorical_design",1.82902417770022e-15,9135.62500043053,9139.99929224145,TRUE,FALSE,4.37429181091829
"Binary repeated trials","probit","logit",0.245691995037844,0.139045695119373,0.867618953553287,0.88,0.920024957026189,NA,0.890927769912729,4,"uniformity; dispersion; quantile_fitted; categorical_design",1.91017761467608e-08,8959.39716475588,8965.86883288715,TRUE,FALSE,6.47166813127296
"Binary repeated trials","probit","logit",0.542210173643204,0.0710961529373105,0.625343705462157,0.928,0.813201856203448,NA,0.824520714692182,4,"uniformity; dispersion; quantile_fitted; categorical_design",8.39870730737054e-13,9100.76979790908,9103.69199894856,TRUE,FALSE,2.92220103948239
"Binary repeated trials","probit","logit",0.209377263902523,0.147868104902345,0.730788210447209,0.88,0.943099773770491,NA,0.778200853144991,4,"uniformity; dispersion; quantile_fitted; categorical_design",1.20407911875884e-10,9097.67215482642,9105.6138119857,TRUE,FALSE,7.94165715928648
"Binary repeated trials","probit","logit",0.196839007184925,0.150236865632689,0.597556460683343,0.848,0.956928348505709,NA,0.989069206127003,4,"uniformity; dispersion; quantile_fitted; categorical_design",4.40204392148666e-10,9169.13773889657,9177.56489611679,TRUE,FALSE,8.42715722021603
"Binary repeated trials","probit","logit",0.114909080201178,0.186988364055646,0.872566056777358,0.944,0.996989282741268,NA,0.995705254541512,4,"uniformity; dispersion; quantile_fitted; categorical_design",5.9924418362279e-10,9036.15316591504,9040.05312419474,TRUE,FALSE,3.89995827970415
"Binary repeated trials","probit","logit",0.520410717203237,0.0759404558053343,0.934083264791956,0.872,0.975667440829509,NA,0.971319947115643,4,"uniformity; dispersion; quantile_fitted; categorical_design",8.90650292366662e-07,9016.56532620578,9021.97924337905,TRUE,FALSE,5.41391717327315
"Binary repeated trials","probit","logit",0.598877616941,0.0608035642215161,0.465198806259891,0.912,0.296850952242906,NA,0.29305621817588,4,"uniformity; dispersion; quantile_fitted; categorical_design",6.25967328474181e-08,9184.76511458446,9191.53009921114,TRUE,FALSE,6.76498462667405
"Binary repeated trials","probit","logit",0.0471324978174712,0.240060605671341,0.624419352565582,0.928,0.774262938655012,NA,0.921064925543089,4,"uniformity; dispersion; quantile_fitted; categorical_design",3.26473864511022e-08,8955.79960632773,8956.46367837798,TRUE,FALSE,0.664072050250979
"Binary repeated trials","probit","logit",0.837218800135897,0.0252820089074323,0.531872168914706,0.96,0.962328799564502,NA,0.979211179329362,4,"uniformity; dispersion; quantile_fitted; categorical_design",1.01214557987237e-08,8696.64579745754,8700.71729710271,TRUE,FALSE,4.07149964516429
"Binary repeated trials","probit","logit",0.309049432890008,-0.118456104587699,0.659004093005434,0.976,0.850454662014103,NA,0.424376542637852,4,"uniformity; dispersion; quantile_fitted; categorical_design",2.59673950682061e-11,9098.87012924653,9103.38686659115,TRUE,FALSE,4.51673734461838
"Binary repeated trials","probit","logit",0.163311470141222,0.163049009974315,0.475148377044698,0.96,0.675495979009471,NA,0.838602370348719,4,"uniformity; dispersion; quantile_fitted; categorical_design",9.0916966583348e-09,9112.86723832292,9116.89617148786,TRUE,FALSE,4.02893316493282
"Binary repeated trials","probit","logit",0.363363040184245,-0.101896051535868,0.83047938052045,0.928,0.960012822656001,NA,0.535320042958813,4,"uniformity; dispersion; quantile_fitted; categorical_design",3.00741136355461e-07,9385.02817366329,9390.77571265512,TRUE,FALSE,5.74753899183634
"Binary repeated trials","probit","logit",0.14052518447936,0.177688869994295,0.412368281301402,0.968,0.705556881311101,NA,0.763122243399951,4,"uniformity; dispersion; quantile_fitted; categorical_design",2.54459424553539e-08,8876.52295991172,8883.24347989259,TRUE,FALSE,6.72051998087409
"Binary repeated trials","probit","logit",0.305479637770674,0.122946262264887,0.699464843200735,1,0.996171977422077,NA,0.900628950238467,4,"uniformity; dispersion; quantile_fitted; categorical_design",3.28719831581762e-07,8884.95030446849,8890.19407758707,TRUE,FALSE,5.2437731185837
"Binary repeated trials","probit","logit",0.836770926562449,-0.023914597974738,0.487548498050656,0.832,0.976456851271082,NA,0.869236087865466,4,"uniformity; dispersion; quantile_fitted; categorical_design",2.42238685603042e-14,9124.07506271683,9134.66972619219,TRUE,FALSE,10.5946634753509
"Binary repeated trials","probit","logit",0.533249845586572,0.0711896142601839,0.46254155059318,0.92,0.978417557829145,NA,0.65897707640336,4,"uniformity; dispersion; quantile_fitted; categorical_design",1.65881433574084e-10,9198.78146719745,9205.22810736169,TRUE,FALSE,6.44664016423667
"Binary repeated trials","probit","logit",0.390812244707179,0.103670788391729,0.918331872584238,0.888,0.965916177556411,NA,0.970893420555175,4,"uniformity; dispersion; quantile_fitted; categorical_design",1.93871584773077e-12,8836.15182607131,8845.03429595085,TRUE,FALSE,8.88246987954517
"Binary repeated trials","probit","logit",0.0324752402017073,0.251742595394121,0.676985571936444,0.832,0.756899702444448,NA,0.687343569090883,4,"uniformity; dispersion; quantile_fitted; categorical_design",2.16859038598167e-06,9140.90166383932,9142.85306076781,TRUE,FALSE,1.95139692849261
"Binary repeated trials","probit","logit",0.0436933246813086,0.237037922386144,0.245679327405681,0.96,0.227613625068789,NA,0.825608595356931,4,"uniformity; dispersion; quantile_fitted; categorical_design",4.55767541348936e-12,9095.67892609275,9103.75263634524,TRUE,FALSE,8.07371025248904
"Binary repeated trials","probit","logit",0.629964902033076,0.0546146553462178,0.856745608266091,0.792,0.968666077863815,NA,0.48573789403142,4,"uniformity; dispersion; quantile_fitted; categorical_design",1.03922496662265e-11,9350.02644184678,9363.56481392232,TRUE,FALSE,13.5383720755344
"Binary repeated trials","probit","logit",0.932080780176479,-0.00978265526920136,0.619126726041618,0.968,0.92995395714798,NA,0.457303960595014,4,"uniformity; dispersion; quantile_fitted; categorical_design",4.53965503642659e-05,9184.84683764782,9190.93007984204,TRUE,FALSE,6.08324219421957
"Binary repeated trials","probit","logit",0.835256863781413,-0.0243436151466527,0.35975912643964,1,0.492683596255063,NA,0.329390796519934,4,"uniformity; dispersion; quantile_fitted; categorical_design",1.24293069456971e-13,9037.11129910099,9045.9225166978,TRUE,FALSE,8.811217596809
"Binary repeated trials","probit","logit",0.0829963565369348,0.20098270657609,0.94913142820084,0.92,0.9938456241921,NA,0.803483924725181,4,"uniformity; dispersion; quantile_fitted; categorical_design",0.00230828818227198,9219.30096331215,9215.21153554729,FALSE,TRUE,-4.08942776486765
"Binary repeated trials","probit","logit",0.10367723621928,0.189718279314856,0.989920894666246,0.992,0.960243446604808,NA,0.932171255876497,4,"uniformity; dispersion; quantile_fitted; categorical_design",9.92299603583392e-05,9147.59211176633,9153.69531257673,TRUE,FALSE,6.10320081039936
"Binary repeated trials","probit","logit",0.744778642876959,0.0380193774276498,0.369795982848721,0.968,0.438040078174812,NA,0.408845199837827,4,"uniformity; dispersion; quantile_fitted; categorical_design",6.98315495116559e-12,9070.8024948588,9077.5284072431,TRUE,FALSE,6.72591238429413
"Binary repeated trials","probit","logit",0.392418362813962,-0.0980823400781017,0.318872127164001,0.88,0.520670716315083,NA,0.934199616114774,4,"uniformity; dispersion; quantile_fitted; categorical_design",6.78731597541145e-09,9200.42914375994,9205.64137506623,TRUE,FALSE,5.21223130628823
"Binary repeated trials","probit","logit",0.136420403099625,-0.177232758687655,0.741333061667147,0.896,0.998942347555157,NA,0.769927472399912,4,"uniformity; dispersion; quantile_fitted; categorical_design",9.73591836567921e-11,8917.6111804606,8921.73419175382,TRUE,FALSE,4.12301129321531
"Binary repeated trials","probit","logit",0.952829307781641,0.00656848415993296,0.615926383853461,0.936,0.637379734928998,NA,0.628750454475863,4,"uniformity; dispersion; quantile_fitted; categorical_design",2.84586749334213e-11,9489.9178100753,9498.06272987825,TRUE,FALSE,8.14491980295315
"Binary repeated trials","probit","logit",0.223776444174012,0.138685532575838,0.448567300207701,0.984,0.561792483817152,NA,0.574992154737261,4,"uniformity; dispersion; quantile_fitted; categorical_design",1.08953752273671e-12,9328.47060228376,9335.97223398135,TRUE,FALSE,7.50163169758707
"Binary repeated trials","probit","logit",0.764303946940689,-0.0349677868856082,0.719647944591968,0.928,0.828383389241094,NA,0.936500965234397,4,"uniformity; dispersion; quantile_fitted; categorical_design",8.70973842437969e-11,9099.70032714703,9104.61168005503,TRUE,FALSE,4.91135290800776
"Binary repeated trials","probit","logit",0.162021086331833,-0.162877788528969,0.512954110924594,0.944,0.963201756991507,NA,0.986847901399704,4,"uniformity; dispersion; quantile_fitted; categorical_design",2.4803252614049e-08,9063.78388590601,9065.11299844131,TRUE,FALSE,1.32911253530074
"Binary repeated trials","probit","logit",0.234753425251752,0.137748149516137,0.687079593538334,0.856,0.904350930648546,NA,0.985449630161315,4,"uniformity; dispersion; quantile_fitted; categorical_design",2.17279428198411e-05,9168.22015151257,9170.63908256223,TRUE,FALSE,2.41893104966948
"Binary repeated trials","probit","logit",0.321714568409608,0.117707635973933,0.321882149015987,0.696,0.353367592293674,NA,0.940076633361196,4,"uniformity; dispersion; quantile_fitted; categorical_design",3.03680835704634e-15,8986.14397900391,8990.38701288261,TRUE,FALSE,4.2430338787035
"Binary repeated trials","probit","logit",0.602383706656124,0.0588400409636985,0.927546766079283,0.856,0.92178754376209,NA,0.935549687751701,4,"uniformity; dispersion; quantile_fitted; categorical_design",1.72287592400548e-10,9367.77059320204,9377.34695092063,TRUE,FALSE,9.57635771859168
"Binary repeated trials","probit","logit",0.577613716127671,0.0633161149502408,0.391023943212985,0.872,0.246511359139761,NA,0.367915773320608,4,"uniformity; dispersion; quantile_fitted; categorical_design",2.35921967830122e-11,9298.8531761929,9305.70922997656,TRUE,FALSE,6.85605378366199
"Binary repeated trials","probit","logit",0.31673864492748,0.116911908034627,0.783536651379028,0.992,0.921037661348594,NA,0.825007760582176,4,"uniformity; dispersion; quantile_fitted; categorical_design",1.80081660518425e-10,9151.74577854001,9161.95086503003,TRUE,FALSE,10.2050864900211
"Binary repeated trials","probit","logit",0.0620078754910156,0.221855911803738,0.841569757982027,0.992,0.989632445684741,NA,0.870613418681899,4,"uniformity; dispersion; quantile_fitted; categorical_design",0.000102113898813119,9043.46326003719,9041.71857184866,FALSE,TRUE,-1.74468818852802
"Binary repeated trials","probit","logit",0.046902832574116,0.228249151073511,0.739722340210942,0.968,0.820557660610058,NA,0.478819492739849,4,"uniformity; dispersion; quantile_fitted; categorical_design",3.34981357714106e-07,9259.52329755714,9260.18312838783,TRUE,FALSE,0.659830830691135
"Binary repeated trials","probit","logit",0.0291486949000726,0.258226270238032,0.124482765549288,0.976,0.73536967040466,NA,0.809118724908883,4,"uniformity; dispersion; quantile_fitted; categorical_design",1.30494091319656e-08,9051.11024533102,9054.64206743232,TRUE,FALSE,3.53182210130399
"Binary repeated trials","probit","logit",0.918607445667479,0.0114711452366586,0.839575494250737,0.88,0.993036227619917,NA,0.809006903722977,4,"uniformity; dispersion; quantile_fitted; categorical_design",6.03861419843318e-09,9439.42125022958,9444.09573964492,TRUE,FALSE,4.67448941533985
"Binary repeated trials","probit","logit",0.578149647907278,-0.0650486650487554,0.668998963056822,0.952,0.755506212531377,NA,0.790120881172292,4,"uniformity; dispersion; quantile_fitted; categorical_design",1.18571622900823e-17,9047.52059577117,9055.48049813884,TRUE,FALSE,7.9599023676692
"Binary repeated trials","probit","logit",0.568824523714964,-0.0647835296575883,0.150233818868266,0.92,0.486888824376347,NA,0.891165270323636,4,"uniformity; dispersion; quantile_fitted; categorical_design",4.51671080234956e-06,9264.82524609276,9270.70602311096,TRUE,FALSE,5.88077701820657
"Binary repeated trials","probit","logit",0.670665906991293,0.0497566428112467,0.49820490781148,0.992,0.821014900389294,NA,0.818541309408318,4,"uniformity; dispersion; quantile_fitted; categorical_design",8.6534888363818e-06,9080.00762866634,9081.4101043991,TRUE,FALSE,1.40247573275519
"Binary repeated trials","probit","logit",0.572797058613212,0.0652664607170715,0.263682110389649,0.968,0.405588147491064,NA,0.666227839888539,4,"uniformity; dispersion; quantile_fitted; categorical_design",5.46526441297352e-08,9172.46788524867,9176.44302417964,TRUE,FALSE,3.97513893096584
"Binary repeated trials","probit","logit",0.865403178807393,0.020000901659732,0.805438868185263,0.976,0.878647181481882,NA,0.65672563577823,4,"uniformity; dispersion; quantile_fitted; categorical_design",2.57355970193135e-06,9026.76203641348,9026.76481708913,TRUE,FALSE,0.00278067564977391
"Binary repeated trials","probit","logit",0.184476458441508,-0.152117521442217,0.48368245315772,0.952,0.809806212258901,NA,0.795730470127809,4,"uniformity; dispersion; quantile_fitted; categorical_design",3.83946757553894e-10,9115.21978523855,9120.72156715506,TRUE,FALSE,5.50178191650593
"Binary repeated trials","probit","logit",0.930288777881024,-0.0100680523153237,0.523406919767161,0.96,0.767900980607266,NA,0.902313365176902,4,"uniformity; dispersion; quantile_fitted; categorical_design",0.000710557875676814,9236.26315663584,9238.49447547486,TRUE,FALSE,2.23131883901806
"Binary repeated trials","probit","logit",0.747682192988843,0.0387011074291375,0.878064602799744,0.888,0.660211031044128,NA,0.183674086994789,4,"uniformity; dispersion; quantile_fitted; categorical_design",1.99206964649977e-16,8823.87901513884,8830.60894349301,TRUE,FALSE,6.72992835416517
"Binary repeated trials","probit","logit",0.0463288243093506,0.226659215622812,0.566204481637828,0.88,0.266809499366246,NA,0.760910582645419,4,"uniformity; dispersion; quantile_fitted; categorical_design",2.56049109116323e-09,9387.84973188036,9393.52762631829,TRUE,FALSE,5.67789443793481
"Binary repeated trials","probit","logit",0.373128987058533,0.103437933277098,0.538656384713392,0.96,0.901872976423226,NA,0.812704854028055,4,"uniformity; dispersion; quantile_fitted; categorical_design",3.32083895421602e-08,9203.11981539528,9202.6347176513,FALSE,TRUE,-0.485097743987353
"Binary repeated trials","probit","logit",0.0544639186635949,0.232161314624101,0.443975469618812,0.792,0.969037875381516,NA,0.812715851748026,4,"uniformity; dispersion; quantile_fitted; categorical_design",1.59903508403839e-10,8972.91386896093,8981.07105617501,TRUE,FALSE,8.15718721407393
"Binary repeated trials","probit","logit",0.186591885156769,-0.154614407978513,0.758642449126944,0.928,0.900566870632002,NA,0.945294271247895,4,"uniformity; dispersion; quantile_fitted; categorical_design",1.67844630746906e-10,8983.12221777681,8987.1399017207,TRUE,FALSE,4.01768394389001
"Binary repeated trials","probit","logit",0.963195845146901,-0.00523715010322123,0.841436606606779,0.984,0.975611464329595,NA,0.657698010127077,4,"uniformity; dispersion; quantile_fitted; categorical_design",0.000672024058765309,9309.99151603927,9320.83398782863,TRUE,FALSE,10.8424717893558
"Binary repeated trials","probit","logit",0.865492533715334,0.0195544719061703,0.617166606052362,0.984,0.889662573837913,NA,0.737630900657405,4,"uniformity; dispersion; quantile_fitted; categorical_design",5.05783565752854e-08,9154.68906224817,9161.3689118037,TRUE,FALSE,6.6798495555322
"Binary repeated trials","probit","logit",0.0222594541534963,0.26011722549038,0.097329387971308,0.912,0.463773123395579,NA,0.88926670605772,4,"uniformity; dispersion; quantile_fitted; categorical_design",2.37480961823101e-05,9311.89504289549,9324.57205834043,TRUE,FALSE,12.6770154449387
"Binary repeated trials","probit","logit",0.0849901137242211,0.197100931509011,0.876567562548142,0.928,0.984771616994234,NA,0.963423345370401,4,"uniformity; dispersion; quantile_fitted; categorical_design",3.79818386040401e-09,9239.51766058309,9245.11265853285,TRUE,FALSE,5.59499794975636
"Binary repeated trials","probit","logit",0.536071901637074,0.0730040729940509,0.424750293465296,0.864,0.48263614547188,NA,0.698984180755916,4,"uniformity; dispersion; quantile_fitted; categorical_design",1.58459757989786e-09,9041.07632703323,9048.22619799814,TRUE,FALSE,7.14987096491132
"Binary repeated trials","probit","logit",0.84518884073427,0.0226986595843023,0.662886574275681,0.872,0.933809520758089,NA,0.705203512480519,4,"uniformity; dispersion; quantile_fitted; categorical_design",7.78547285302521e-07,9097.05318004274,9105.55428590217,TRUE,FALSE,8.5011058594373
"Binary repeated trials","probit","logit",0.508408680995836,-0.0765594562166348,0.571471665922229,0.968,0.890568301912232,NA,0.828715014071112,4,"uniformity; dispersion; quantile_fitted; categorical_design",9.0134939483843e-13,9145.0375368752,9154.73240635932,TRUE,FALSE,9.69486948412305
"Binary repeated trials","probit","logit",0.561815432039095,0.0662694858918145,0.209417397892401,0.864,0.266679518407913,NA,0.546670026204664,4,"uniformity; dispersion; quantile_fitted; categorical_design",1.59482588926469e-11,9271.11412081392,9279.56479544949,TRUE,FALSE,8.4506746355637
"Binary repeated trials","probit","logit",0.465095175448341,-0.0837196887817083,0.418009161399196,0.856,0.956401211520387,NA,0.994110238480603,4,"uniformity; dispersion; quantile_fitted; categorical_design",6.49737268353387e-09,9182.25383065988,9194.74960229929,TRUE,FALSE,12.4957716394038
"Binary repeated trials","probit","logit",0.718076944386283,0.0426094450482729,0.985115781206639,0.88,0.362906666875053,NA,0.744536060265858,4,"uniformity; dispersion; quantile_fitted; categorical_design",7.15387979379598e-07,8989.85676583602,8991.94324446033,TRUE,FALSE,2.08647862431098
"Binary repeated trials","probit","logit",0.770659434459312,0.0336093266714456,0.351071579972172,0.856,0.0313918642833632,NA,0.0384352580408038,4,"uniformity; dispersion; quantile_fitted; categorical_design",3.55760525675791e-13,9182.62301905124,9190.8881466022,TRUE,FALSE,8.26512755096337
"Binary repeated trials","probit","logit",0.806616815443314,0.0284680242957722,0.63720907604302,0.872,0.738998124054995,NA,0.709798637116178,4,"uniformity; dispersion; quantile_fitted; categorical_design",5.90431328640539e-10,9143.03721561479,9148.4007658002,TRUE,FALSE,5.36355018540416
"Binary repeated trials","probit","logit",0.29569425142451,0.120281746292621,0.701967207281339,0.88,0.90198960312699,NA,0.637828534982179,4,"uniformity; dispersion; quantile_fitted; categorical_design",1.93719765410247e-09,9259.01354460995,9256.56872559849,FALSE,TRUE,-2.44481901146173
"Binary repeated trials","probit","logit",0.120470364159159,-0.176553096924413,0.299577415937345,0.848,0.895350136478705,NA,0.22386485860636,4,"uniformity; dispersion; quantile_fitted; categorical_design",7.32011648787328e-11,9228.12103132953,9233.00014398451,TRUE,FALSE,4.87911265498769
"Binary repeated trials","probit","logit",0.0405082917021068,0.24295720650842,0.4197130984885,0.872,0.709531193020129,NA,0.622796424479527,4,"uniformity; dispersion; quantile_fitted; categorical_design",7.38121273526784e-08,9020.32693707888,9026.97594847761,TRUE,FALSE,6.64901139872927
"Binary repeated trials","probit","logit",0.62901547705801,-0.0553330769018529,0.869542237717116,0.96,0.999175410660281,NA,0.763520699814151,4,"uniformity; dispersion; quantile_fitted; categorical_design",1.55120175789806e-08,9236.1812649875,9239.8644608627,TRUE,FALSE,3.68319587519727
"Binary repeated trials","probit","logit",0.741514625373013,0.0380636992031284,0.0337230725997865,0.952,0.127258282814362,NA,0.799928497314687,4,"uniformity; dispersion; quantile_fitted; categorical_design",1.67931918431991e-05,9210.37080095171,9215.19402394715,TRUE,FALSE,4.82322299543921
"Binary repeated trials","probit","logit",0.182504748315101,-0.154910506373535,0.995959977502577,0.944,0.638414722926772,NA,0.156433356688805,4,"uniformity; dispersion; quantile_fitted; categorical_design",3.08477926222334e-13,9073.08132946982,9087.36767508737,TRUE,FALSE,14.2863456175492
"Binary repeated trials","probit","logit",0.0919167361931672,0.197895033875334,0.402008923353901,0.968,0.532083440340212,NA,0.813316567695534,4,"uniformity; dispersion; quantile_fitted; categorical_design",3.26751763507952e-09,9110.92597250807,9114.8320916094,TRUE,FALSE,3.90611910133521
"Binary repeated trials","probit","logit",0.183466809447515,0.146477914849408,0.221603070319062,0.832,0.643271030599803,NA,0.877192046389301,4,"uniformity; dispersion; quantile_fitted; categorical_design",1.09142530298364e-14,9590.4474107426,9600.92620416642,TRUE,FALSE,10.4787934238211
"Binary repeated trials","probit","logit",0.861806519416198,-0.0199511500017212,0.963685718764072,0.744,0.908000038989335,NA,0.485701857877712,4,"uniformity; dispersion; quantile_fitted; categorical_design",8.09675409438399e-10,9212.24253073686,9220.1133482603,TRUE,FALSE,7.87081752343511
"Binary repeated trials","probit","logit",0.0681560515933356,0.2048757060399,0.471613432863601,0.856,0.881065550684937,NA,0.757715688410491,4,"uniformity; dispersion; quantile_fitted; categorical_design",1.77750393231828e-08,9471.6085155279,9480.17423509561,TRUE,FALSE,8.56571956770676
"Binary repeated trials","probit","logit",0.62990442453521,0.0555260507087957,0.255187721317311,0.928,0.70494428665701,NA,0.784960634098792,4,"uniformity; dispersion; quantile_fitted; categorical_design",3.51434514510266e-08,9190.17027622015,9190.47202044138,TRUE,FALSE,0.301744221234912
"Binary repeated trials","probit","logit",0.774830132274772,-0.0334682340898179,0.225274732180781,0.896,0.497133186138402,NA,0.981283888843476,4,"uniformity; dispersion; quantile_fitted; categorical_design",5.61029222797238e-18,9097.54376094596,9108.04675175403,TRUE,FALSE,10.5029908080742
"Binary repeated trials","probit","logit",0.305666923417886,0.124576401150571,0.412050265654194,0.928,0.702345607226529,NA,0.808335912122881,4,"uniformity; dispersion; quantile_fitted; categorical_design",3.35792964240648e-12,8810.84076282125,8820.10894331476,TRUE,FALSE,9.26818049350186
"Binary repeated trials","probit","logit",0.637142640815767,0.0568626920288434,0.106812259603053,0.904,0.737368904713593,NA,0.625911061220847,4,"uniformity; dispersion; quantile_fitted; categorical_design",4.61255698436598e-09,8856.82966624878,8863.34529782527,TRUE,FALSE,6.51563157648161
"Binary repeated trials","probit","logit",0.981410621879257,0.0028386840124947,0.93263776654046,0.904,0.992857913766021,NA,0.981529100409554,4,"uniformity; dispersion; quantile_fitted; categorical_design",1.71803449737584e-09,8796.10227484961,8800.71533131016,TRUE,FALSE,4.61305646054461
"Binary repeated trials","probit","logit",0.820826898494475,-0.0261713648929281,0.749279011545512,0.96,0.791870004327819,NA,0.90531960761776,4,"uniformity; dispersion; quantile_fitted; categorical_design",3.22413527524308e-12,9092.00041751671,9096.87061623754,TRUE,FALSE,4.87019872082965
"Binary repeated trials","probit","logit",0.577214249692926,0.0660349559767592,0.516191784469008,0.712,0.849413082785305,NA,0.783441574232749,4,"uniformity; dispersion; quantile_fitted; categorical_design",3.92782807405962e-08,9008.75569197933,9007.61660790372,FALSE,TRUE,-1.13908407560484
"Binary repeated trials","probit","logit",0.736219068226858,0.0397492695660671,0.439402365267303,0.928,0.925309057150935,NA,0.852629860622147,4,"uniformity; dispersion; quantile_fitted; categorical_design",1.1598634729092e-13,8988.04311930107,8993.12645611174,TRUE,FALSE,5.08333681066324
"Binary repeated trials","probit","logit",0.479264049175419,0.0823058527174498,0.407139511918241,0.84,0.862839463331335,NA,0.881904718784679,4,"uniformity; dispersion; quantile_fitted; categorical_design",7.34472312872743e-10,9170.50731974565,9176.60435473916,TRUE,FALSE,6.09703499351417
"Binary repeated trials","probit","logit",0.00576609707828956,0.333505661557675,0.0329686438759664,0.936,0.027387086426127,NA,0.484084167638231,4,"uniformity; dispersion; quantile_fitted; categorical_design",3.26042713279633e-06,8967.0188862367,8972.59671329872,TRUE,FALSE,5.57782706201942
"Binary repeated trials","probit","logit",0.522411836895546,0.0740437116688011,0.488668665575587,0.912,0.708629300447814,NA,0.636633944222227,4,"uniformity; dispersion; quantile_fitted; categorical_design",1.26623428153982e-15,9151.30390501931,9157.81903639381,TRUE,FALSE,6.51513137449547
"Binary repeated trials","probit","logit",0.219359660630928,0.145575209321052,0.0825169629985998,0.936,0.275950833709092,NA,0.616569732221277,4,"uniformity; dispersion; quantile_fitted; categorical_design",5.44628429501044e-09,9012.52448251429,9013.78596871521,TRUE,FALSE,1.26148620091408
"Binary repeated trials","probit","logit",0.935668264465994,0.00908467055276066,0.0734522324884211,0.968,0.283793812324474,NA,0.202438469150221,4,"uniformity; dispersion; quantile_fitted; categorical_design",0.000212837267195364,9324.38052994879,9333.52641408169,TRUE,FALSE,9.14588413290221
"Binary repeated trials","probit","logit",0.77490176547375,-0.0339304570605859,0.73857726017675,0.792,0.971221539020543,NA,0.970143178122519,4,"uniformity; dispersion; quantile_fitted; categorical_design",7.61468379401178e-08,8931.88255343681,8934.81051222793,TRUE,FALSE,2.92795879112055
"Binary repeated trials","probit","logit",0.544041350873768,0.0713228083544615,0.927131413097008,0.896,0.888997175663055,NA,0.586165473209429,4,"uniformity; dispersion; quantile_fitted; categorical_design",5.37020648334522e-13,8993.57022711813,9000.36992251602,TRUE,FALSE,6.79969539788726
"Binary repeated trials","probit","logit",0.160741316804639,0.165627271495312,0.810579229305101,0.984,0.966461221329389,NA,0.96585029327309,4,"uniformity; dispersion; quantile_fitted; categorical_design",0.000304416879476288,9097.32530416102,9087.33815473006,FALSE,TRUE,-9.98714943096093
"Binary repeated trials","probit","logit",0.612358065812948,-0.058637453628746,0.630875840035139,0.944,0.258239555093452,NA,0.911753502954395,4,"uniformity; dispersion; quantile_fitted; categorical_design",7.07677165590886e-17,9180.95925583051,9187.83275834013,TRUE,FALSE,6.87350250962663
"Binary repeated trials","probit","logit",0.751713829271826,0.0386685885876597,0.33620774661864,0.968,0.789169491975881,NA,0.93942076816335,4,"uniformity; dispersion; quantile_fitted; categorical_design",1.94315856872552e-11,8686.04707400881,8691.97014028491,TRUE,FALSE,5.92306627609105
"Binary repeated trials","probit","logit",0.00560621278043798,0.336647798904347,0.101332611882151,0.92,0.45507656519913,NA,0.887643720782221,4,"uniformity; dispersion; quantile_fitted; categorical_design",1.15158989153524e-08,8831.42591267469,8831.42953334745,TRUE,FALSE,0.00362067276364542
"Binary repeated trials","probit","logit",0.536564445250641,0.0732619404674596,0.111161849890574,0.888,0.118172041499956,NA,0.572261351264848,4,"uniformity; dispersion; quantile_fitted; categorical_design",4.92657489741685e-07,9008.34931948603,9008.24767148547,FALSE,TRUE,-0.10164800056009
"Binary repeated trials","probit","logit",0.149289201276835,0.165633451315251,0.298673464766295,0.928,0.799369441245349,NA,0.703414715615342,4,"uniformity; dispersion; quantile_fitted; categorical_design",1.27094216293233e-11,9251.42345829965,9257.62530402435,TRUE,FALSE,6.20184572470134
"Binary repeated trials","probit","logit",0.905835380850711,-0.0138724986570409,0.310397206367884,0.888,0.695638984259947,NA,0.885533746234276,4,"uniformity; dispersion; quantile_fitted; categorical_design",2.12396260902072e-06,8971.26368560343,8974.38230158474,TRUE,FALSE,3.11861598131145
"Binary repeated trials","probit","logit",0.748221345319877,0.0367660998303034,0.92729631630657,0.936,0.969834562475444,NA,0.953580840665498,4,"uniformity; dispersion; quantile_fitted; categorical_design",6.85435602702143e-12,9204.51262909298,9211.25716455177,TRUE,FALSE,6.7445354587926
"Binary repeated trials","probit","logit",0.968269333035287,0.00453118150357448,0.725588976477681,0.896,0.1462918115922,NA,0.055630286180474,4,"uniformity; dispersion; quantile_fitted; categorical_design",3.86805043700606e-08,9290.63623398838,9294.90766935696,TRUE,FALSE,4.27143536858785
"Binary repeated trials","probit","logit",0.216046791199368,-0.146637286844516,0.772231228833533,0.992,0.713233818220254,NA,0.774503556663139,4,"uniformity; dispersion; quantile_fitted; categorical_design",8.96480359317576e-11,8868.04342644139,8872.40934838362,TRUE,FALSE,4.36592194222976
"Binary repeated trials","probit","logit",0.206614048908834,0.148086948547885,0.472154554729447,0.92,0.570419210703536,NA,0.728332971670553,4,"uniformity; dispersion; quantile_fitted; categorical_design",1.57907771273395e-12,9096.47451571216,9102.47636330172,TRUE,FALSE,6.00184758956129
"Binary repeated trials","probit","logit",0.284737961028936,-0.12893931462754,0.788500344153489,0.888,0.669981090108869,NA,0.592376220593192,4,"uniformity; dispersion; quantile_fitted; categorical_design",3.59000513536274e-07,8777.41637774902,8783.26327879037,TRUE,FALSE,5.84690104134825
"Binary repeated trials","probit","logit",0.242594993099169,0.138401530912422,0.482035655404675,0.832,0.746473919596234,NA,0.978462126566043,4,"uniformity; dispersion; quantile_fitted; categorical_design",9.0656765906243e-14,9025.78029740723,9036.36145007347,TRUE,FALSE,10.5811526662346
"Binary repeated trials","probit","logit",0.132498428234016,0.175643356462395,0.406475694949075,0.888,0.459384708195929,NA,0.758007593972148,4,"uniformity; dispersion; quantile_fitted; categorical_design",5.83218292524128e-09,9186.55095031763,9186.93350925908,TRUE,FALSE,0.382558941448224
"Binary repeated trials","probit","logit",0.544916449987654,0.0707703258694095,0.385311602303947,0.92,0.717584412596015,NA,0.927876267362958,4,"uniformity; dispersion; quantile_fitted; categorical_design",9.4581475401366e-07,9110.85092005644,9110.96375567694,TRUE,FALSE,0.112835620506303
"Binary repeated trials","probit","logit",0.880216100292517,0.0184178878486153,0.468889449795537,0.96,0.83256731086853,NA,0.641487316228458,4,"uniformity; dispersion; quantile_fitted; categorical_design",2.04907338093186e-07,8776.92474842044,8776.83590179651,FALSE,TRUE,-0.0888466239339323
"Binary repeated trials","probit","logit",0.215224843620321,0.145821960006648,0.882674656755962,0.904,0.866870478768375,NA,0.989789117987471,4,"uniformity; dispersion; quantile_fitted; categorical_design",1.31549510249896e-11,9105.02541481544,9111.56916758261,TRUE,FALSE,6.54375276716382
"Binary repeated trials","probit","logit",0.212715414608266,0.148585934181479,0.0876453719819892,0.912,0.0990543228654535,NA,0.385464316054394,4,"uniformity; dispersion; quantile_fitted; categorical_design",3.12326276049536e-11,8977.3457621512,8979.71995664409,TRUE,FALSE,2.37419449288791
"Binary repeated trials","probit","logit",0.0189596956334765,0.276893374592433,0.76145503094131,0.776,0.904900254185646,NA,0.964603613689826,4,"uniformity; dispersion; quantile_fitted; categorical_design",1.22016159678689e-13,9124.48941638913,9129.59269960857,TRUE,FALSE,5.10328321943234
"Binary repeated trials","probit","logit",0.12682258120479,0.180022626089194,0.972074218438284,0.928,0.979259434635494,NA,0.903455557346961,4,"uniformity; dispersion; quantile_fitted; categorical_design",2.10578264233325e-08,9037.88841961005,9041.75220407528,TRUE,FALSE,3.86378446523304
"Binary repeated trials","probit","logit",0.0996850701818783,-0.184973338894703,0.200721994039311,0.872,0.290548295118802,NA,0.465678112514189,4,"uniformity; dispersion; quantile_fitted; categorical_design",1.06245282350202e-12,9353.52533533137,9361.23768876573,TRUE,FALSE,7.71235343436092
"Binary repeated trials","probit","logit",0.142381333416705,0.170858821850761,0.168779776847997,0.88,0.233061902305234,NA,0.805871954876123,4,"uniformity; dispersion; quantile_fitted; categorical_design",6.74628343121676e-10,9125.69245668434,9131.34154692135,TRUE,FALSE,5.64909023701148
"Binary repeated trials","probit","logit",0.877420137373846,-0.0177188848630466,0.747356378875514,0.88,0.95749776543395,NA,0.582266599367115,4,"uniformity; dispersion; quantile_fitted; categorical_design",1.60363903333094e-07,9158.06379853047,9171.07853551249,TRUE,FALSE,13.0147369820188
"Binary repeated trials","probit","logit",0.983797993995811,0.00227427867471259,0.93076076538078,0.928,0.883408362766665,NA,0.515901991919103,4,"uniformity; dispersion; quantile_fitted; categorical_design",8.2888700294071e-10,9396.40760191683,9401.23983783272,TRUE,FALSE,4.83223591589194
"Binary repeated trials","probit","logit",0.455327239905749,0.0873380562980184,0.522393207421448,0.984,0.518500485511783,NA,0.542351270711291,4,"uniformity; dispersion; quantile_fitted; categorical_design",1.58623295896462e-06,9142.78195687717,9141.76302260051,FALSE,TRUE,-1.01893427665709
"Binary repeated trials","probit","logit",0.418340855024375,-0.0903066290393469,0.210331290549036,0.904,0.321640644894123,NA,0.665159442251226,4,"uniformity; dispersion; quantile_fitted; categorical_design",1.76603070554967e-07,9434.53164804586,9432.5209554708,FALSE,TRUE,-2.0106925750606
"Binary repeated trials","probit","logit",0.260697922228748,0.131802880338783,0.0296181646741078,0.976,0.0927060049410379,NA,0.9912296675521,4,"uniformity; dispersion; quantile_fitted; categorical_design",7.53294214201645e-05,9116.29052336701,9119.54665230869,TRUE,FALSE,3.25612894167534
"Binary repeated trials","probit","logit",0.405828007150886,0.0984818286896809,0.886720296963344,0.872,0.650944770281856,NA,0.32828468360692,4,"uniformity; dispersion; quantile_fitted; categorical_design",4.19581894560749e-10,9003.61530813475,9012.54116368583,TRUE,FALSE,8.92585555108053
"Binary repeated trials","probit","logit",0.997991197162396,-0.000310014105738283,0.61701589992753,0.936,0.996977781550347,NA,0.914535053699509,4,"uniformity; dispersion; quantile_fitted; categorical_design",2.12939861076153e-06,8687.82431818812,8687.67682670658,FALSE,TRUE,-0.147491481542602
"Binary repeated trials","probit","logit",0.433625173488196,-0.0908478459924051,0.769495704702876,0.768,0.996930843375862,NA,0.92631927611183,4,"uniformity; dispersion; quantile_fitted; categorical_design",2.23087197095613e-11,9110.15963868496,9113.67944503742,TRUE,FALSE,3.51980635246764
"Binary repeated trials","probit","logit",0.0479786271835811,0.237098804652715,0.762925424436549,0.816,0.92314156321251,NA,0.979216933224604,4,"uniformity; dispersion; quantile_fitted; categorical_design",7.61107436095097e-11,9021.46767897389,9026.43849079614,TRUE,FALSE,4.97081182224247
"Binary repeated trials","probit","logit",0.665026912831253,-0.0503213481652401,0.580265466832076,0.808,0.77453710835646,NA,0.933348432507267,4,"uniformity; dispersion; quantile_fitted; categorical_design",1.13174543573401e-11,9101.10705712613,9104.85225841061,TRUE,FALSE,3.74520128447693
"Binary repeated trials","probit","logit",0.180853517391602,0.155168857635127,0.20716957849296,0.92,0.349736782333381,NA,0.858400815396702,4,"uniformity; dispersion; quantile_fitted; categorical_design",8.74124344935528e-08,9172.51922435333,9183.09628068049,TRUE,FALSE,10.5770563271617
"Binary repeated trials","probit","logit",0.868468237755779,0.0193325907380767,0.76784411658731,0.872,0.993431997765465,NA,0.64789247397385,4,"uniformity; dispersion; quantile_fitted; categorical_design",1.13511371445791e-07,9083.88561532776,9089.57779815949,TRUE,FALSE,5.69218283173723
"Binary repeated trials","probit","logit",0.418108194675594,-0.0946144301148759,0.828891637384506,1,0.843611690620016,NA,0.603030292327174,4,"uniformity; dispersion; quantile_fitted; categorical_design",1.04403268428392e-06,9058.66581488816,9062.06107403987,TRUE,FALSE,3.39525915170816
"Binary repeated trials","probit","logit",0.549245127508832,0.0672899323333865,0.592809451305748,0.968,0.244241172378281,NA,0.896107406066935,4,"uniformity; dispersion; quantile_fitted; categorical_design",0.000105867556578917,9429.57526211075,9438.51816805667,TRUE,FALSE,8.94290594591985
"Binary repeated trials","probit","logit",0.874342169599548,0.0185422319133834,0.385414752487388,0.864,0.461156888099044,NA,0.394371005985251,4,"uniformity; dispersion; quantile_fitted; categorical_design",4.13420375428744e-11,9051.85878203239,9057.82814776489,TRUE,FALSE,5.96936573250423
"Binary repeated trials","probit","logit",0.335140943163428,0.112507397521073,0.0357772165148372,0.912,0.0796901002245566,NA,0.843551984198846,4,"uniformity; dispersion; quantile_fitted; categorical_design",4.62333862803718e-07,9138.32052911682,9148.91498857274,TRUE,FALSE,10.5944594559169
"Binary repeated trials","probit","logit",0.0132354285959774,0.30030304400525,0.370993131158302,0.824,0.808030681831125,NA,0.887193127101121,4,"uniformity; dispersion; quantile_fitted; categorical_design",7.39756604969025e-13,8866.17211557265,8877.83225290852,TRUE,FALSE,11.6601373358644
"Binary repeated trials","probit","logit",0.0114901513561031,0.289294202395648,0.717805270277101,0.864,0.725598864955721,NA,0.56990359274957,4,"uniformity; dispersion; quantile_fitted; categorical_design",3.49824914699139e-11,9313.94196231009,9320.61439172682,TRUE,FALSE,6.67242941673067
"Binary repeated trials","probit","logit",0.847329508337658,0.0225169697055048,0.211122577840543,0.888,0.192140467137471,NA,0.938543103416926,4,"uniformity; dispersion; quantile_fitted; categorical_design",8.48874375210762e-08,9057.36893067063,9061.37819413102,TRUE,FALSE,4.00926346038796
"Binary repeated trials","probit","logit",0.100457717871632,0.187665170911203,0.755339241315892,0.896,0.833837633823017,NA,0.808549238595242,4,"uniformity; dispersion; quantile_fitted; categorical_design",9.19830990888028e-11,9280.85204096397,9290.91467047683,TRUE,FALSE,10.0626295128586
"Binary repeated trials","probit","logit",0.354576259011343,0.105143654440991,0.151250169243877,0.84,0.870109147710988,NA,0.493302499261385,4,"uniformity; dispersion; quantile_fitted; categorical_design",1.2648006783575e-12,9329.04135080563,9335.91030518131,TRUE,FALSE,6.86895437568091
"Binary repeated trials","probit","logit",0.15068984891,0.17100760788147,0.908670244109277,0.968,0.993095758911242,NA,0.95109196627494,4,"uniformity; dispersion; quantile_fitted; categorical_design",6.51850892236327e-11,8986.53764828705,8988.39965607485,TRUE,FALSE,1.86200778780767
"Binary repeated trials","probit","logit",0.436923146604908,0.0904058993483873,0.875005749835598,1,0.739817230435791,NA,0.700562498901662,4,"uniformity; dispersion; quantile_fitted; categorical_design",8.21620836873732e-12,9132.81314061457,9140.78648883507,TRUE,FALSE,7.97334822049197
"Binary repeated trials","probit","logit",0.212129783919034,0.147771517400963,0.924585667589603,0.904,0.990019155224466,NA,0.932516033701205,4,"uniformity; dispersion; quantile_fitted; categorical_design",2.62817431382665e-06,9021.19624830609,9024.52242258141,TRUE,FALSE,3.32617427531659
"Binary repeated trials","probit","logit",0.761943450950989,0.0355126475068527,0.399350545273478,0.952,0.662941733711192,NA,0.764661134679729,4,"uniformity; dispersion; quantile_fitted; categorical_design",2.00211041855965e-12,9082.11583736299,9087.2416037176,TRUE,FALSE,5.12576635461846
"Binary repeated trials","probit","logit",0.634227320872993,0.0556418497043949,0.707892164282804,0.968,0.770849590855206,NA,0.570324786570651,4,"uniformity; dispersion; quantile_fitted; categorical_design",1.24878606798672e-07,9100.839701306,9101.04823693237,TRUE,FALSE,0.208535626368757
"Binary repeated trials","probit","logit",0.578516850783393,-0.0641537572252115,0.20842609933364,0.984,0.254207564079747,NA,0.13583393328776,4,"uniformity; dispersion; quantile_fitted; categorical_design",1.71904993917279e-09,9137.19905183159,9148.90284207936,TRUE,FALSE,11.7037902477769
"Binary repeated trials","probit","logit",0.0491633169130969,0.231665460662729,0.620377962341634,0.872,0.768417810354468,NA,0.737016571444655,4,"uniformity; dispersion; quantile_fitted; categorical_design",6.01449521676318e-10,9099.44233840813,9105.01360536459,TRUE,FALSE,5.57126695646366
"Binary repeated trials","probit","logit",0.575602240314411,0.0649311187722987,0.956947694638148,0.96,0.981041324347066,NA,0.81270512605893,4,"uniformity; dispersion; quantile_fitted; categorical_design",5.99431784516036e-11,9151.50954267391,9159.75753683551,TRUE,FALSE,8.24799416159476
"Binary repeated trials","probit","logit",0.951343289899283,-0.00698132305761776,0.154007234740132,0.76,0.193882587211504,NA,0.329966652615133,4,"uniformity; dispersion; quantile_fitted; categorical_design",6.05411724700942e-11,9190.12641282135,9200.13558618932,TRUE,FALSE,10.009173367971
"Binary repeated trials","probit","logit",0.186164994452981,0.151222521913967,0.553181475829581,0.912,0.994601783710486,NA,0.95318749796135,4,"uniformity; dispersion; quantile_fitted; categorical_design",1.80672144512537e-08,9302.29787812773,9308.18707419225,TRUE,FALSE,5.88919606451236
"Binary repeated trials","probit","logit",0.923908434253697,-0.0107365574010041,0.938658022788902,0.984,0.975096333034269,NA,0.874162921860808,4,"uniformity; dispersion; quantile_fitted; categorical_design",2.6567623992779e-12,9397.23045502284,9401.60431845995,TRUE,FALSE,4.37386343711296
"Binary repeated trials","probit","logit",0.46792302820989,0.083158191041233,0.173269826983423,0.824,0.401542434860916,NA,0.796280250351381,4,"uniformity; dispersion; quantile_fitted; categorical_design",2.53876260719567e-06,9288.66651451393,9292.4172075587,TRUE,FALSE,3.75069304477256
"Binary repeated trials","probit","logit",0.149425719802317,-0.167777041664833,0.319475725125193,0.912,0.865466933862062,NA,0.646706148396796,4,"uniformity; dispersion; quantile_fitted; categorical_design",4.14059369247852e-13,9093.43385417692,9101.77363545862,TRUE,FALSE,8.33978128169474
"Binary repeated trials","probit","logit",0.199225442683583,0.148229678066416,0.988481603632037,0.856,0.899231775054796,NA,0.577069514283607,4,"uniformity; dispersion; quantile_fitted; categorical_design",3.11547315119996e-11,9247.5072830947,9251.97791882408,TRUE,FALSE,4.47063572937805
"Binary repeated trials","probit","logit",0.816134033167686,0.0262591812627741,0.748777736538558,0.96,0.998480575713708,NA,0.773367987882054,4,"uniformity; dispersion; quantile_fitted; categorical_design",5.79903766554764e-09,9355.67961814026,9358.06884211955,TRUE,FALSE,2.38922397928764
"Binary repeated trials","probit","logit",0.311543005834753,0.117634940159301,0.925677189951681,0.88,0.907705650825228,NA,0.959187394135976,4,"uniformity; dispersion; quantile_fitted; categorical_design",2.1657374483341e-11,9184.12683262965,9190.55660372089,TRUE,FALSE,6.42977109124331
"Binary repeated trials","probit","logit",0.336384272851415,-0.108173564686361,0.613041560328171,0.88,0.690863833554966,NA,0.753079926960593,4,"uniformity; dispersion; quantile_fitted; categorical_design",6.23926830510534e-11,9369.17049072065,9373.865419756,TRUE,FALSE,4.69492903534592
"Binary repeated trials","probit","logit",0.184824326020481,0.153892468806956,0.982234719223867,0.904,0.989813910818059,NA,0.729701061214135,4,"uniformity; dispersion; quantile_fitted; categorical_design",1.64017166874101e-12,9141.27225254707,9142.53561556557,TRUE,FALSE,1.26336301850279
"Binary repeated trials","probit","logit",0.532990125107342,0.0726172469600412,0.0855619207878175,0.92,0.176564422946143,NA,0.382150983395432,4,"uniformity; dispersion; quantile_fitted; categorical_design",0.000134759451435601,9145.33189918146,9145.03187617594,FALSE,TRUE,-0.300023005522235
"Binary repeated trials","probit","logit",0.0908218184302734,0.19296207248048,0.686511325378946,0.976,0.757287720832418,NA,0.901808027953319,4,"uniformity; dispersion; quantile_fitted; categorical_design",1.42190221679509e-09,9324.67122446251,9334.41946653084,TRUE,FALSE,9.74824206832454
"Binary repeated trials","probit","logit",0.148950576706309,0.165063746384519,0.684647639488398,0.992,0.834096096145371,NA,0.997133647766318,4,"uniformity; dispersion; quantile_fitted; categorical_design",1.44496139744437e-05,9310.48105511519,9313.82010940269,TRUE,FALSE,3.33905428750404
"Binary repeated trials","probit","logit",0.311721968765972,0.119309792539397,0.840695965986647,0.976,0.977609378376333,NA,0.757181683362334,4,"uniformity; dispersion; quantile_fitted; categorical_design",2.35328379876133e-08,9078.38796455052,9081.84484621821,TRUE,FALSE,3.45688166769469
"Binary repeated trials","probit","logit",0.0150479394271094,0.283491041611479,0.0958854694577503,0.904,0.407305889212649,NA,0.687991202918496,4,"uniformity; dispersion; quantile_fitted; categorical_design",9.38427366826181e-08,9209.94662184846,9220.49572233979,TRUE,FALSE,10.5491004913238
"Binary repeated trials","probit","logit",0.36111015310311,-0.107107048871885,0.869081597184759,0.904,0.135771532504423,NA,0.46154316868247,4,"uniformity; dispersion; quantile_fitted; categorical_design",2.04759324306758e-05,9003.36863709731,9008.31667136534,TRUE,FALSE,4.94803426802901
"Binary repeated trials","probit","logit",0.0178821457004313,0.281789496697212,0.630369873960988,0.944,0.981586319080007,NA,0.803237635111654,4,"uniformity; dispersion; quantile_fitted; categorical_design",4.41956614972856e-07,9057.56251482568,9065.38200454856,TRUE,FALSE,7.81948972287682
"Binary repeated trials","probit","logit",0.755989139993012,0.035747562943883,0.69194625218102,0.992,0.974535346279696,NA,0.712202974851295,4,"uniformity; dispersion; quantile_fitted; categorical_design",1.56298887370024e-10,9201.5259006763,9211.40800168314,TRUE,FALSE,9.88210100683864
"Binary repeated trials","probit","logit",0.0787497865095638,0.209404079435403,0.979120223687978,0.976,0.885875990283616,NA,0.947064127891568,4,"uniformity; dispersion; quantile_fitted; categorical_design",1.81996852395335e-07,9042.1477920187,9043.36047215125,TRUE,FALSE,1.21268013254303
"Binary repeated trials","probit","logit",0.0412996203495202,0.241436956095472,0.8127270016822,0.968,0.988500764096053,NA,0.875867393111438,4,"uniformity; dispersion; quantile_fitted; categorical_design",5.0034004803237e-15,9039.41324269248,9048.99509631314,TRUE,FALSE,9.58185362065524
"Binary repeated trials","probit","logit",0.235230071805397,0.136794023925788,0.10619347155781,0.96,0.171340509162822,NA,0.897541053749967,4,"uniformity; dispersion; quantile_fitted; categorical_design",1.65571354706943e-13,9221.95370670505,9227.71627454119,TRUE,FALSE,5.76256783613826
"Binary repeated trials","probit","logit",0.998119364543013,-0.000275899974418148,0.921446881840683,0.984,0.951459500733026,NA,0.83924334966871,4,"uniformity; dispersion; quantile_fitted; categorical_design",1.21868310632993e-09,9070.67870218217,9073.78857736056,TRUE,FALSE,3.10987517838657
"Binary repeated trials","probit","logit",0.379482881519543,0.101163086869998,0.780071098024844,0.984,0.465372977394005,NA,0.865212814319491,4,"uniformity; dispersion; quantile_fitted; categorical_design",4.12158124787323e-16,9216.5254257694,9228.12284391103,TRUE,FALSE,11.597418141635
"Binary repeated trials","probit","logit",0.750459204465597,0.0376378994117753,0.536170208291505,0.92,0.637981860487606,NA,0.472470457316722,4,"uniformity; dispersion; quantile_fitted; categorical_design",1.47256389100823e-10,9042.46530912159,9050.29096443504,TRUE,FALSE,7.82565531344699
"Binary repeated trials","probit","logit",0.0438583070342436,0.242385339712184,0.688053578140593,0.832,0.634489941141699,NA,0.56533110847299,4,"uniformity; dispersion; quantile_fitted; categorical_design",7.12405546716314e-10,8882.93383792603,8896.43198820621,TRUE,FALSE,13.4981502801857
"Binary repeated trials","probit","logit",0.841488967637888,-0.0227088668814414,0.994278387507016,1,0.978812928550584,NA,0.733462706575478,4,"uniformity; dispersion; quantile_fitted; categorical_design",5.27377746590188e-13,9299.75009771607,9303.92968881049,TRUE,FALSE,4.17959109442381
"Binary repeated trials","probit","logit",0.936575486261097,0.00912491735363959,0.95579547058138,0.936,0.957588064401609,NA,0.968936821658073,4,"uniformity; dispersion; quantile_fitted; categorical_design",7.47849816730898e-11,9111.11791002108,9122.07209663032,TRUE,FALSE,10.9541866092386
"Binary repeated trials","probit","logit",0.828305768451695,-0.0251663094532736,0.369494950071972,0.968,0.779243097587339,NA,0.476871031884047,4,"uniformity; dispersion; quantile_fitted; categorical_design",1.35434523259971e-10,9112.16705551864,9120.09583918359,TRUE,FALSE,7.92878366495097
"Binary repeated trials","probit","logit",0.215042527721018,0.1488596080252,0.525565833646322,0.992,0.969772461974788,NA,0.854152194650506,4,"uniformity; dispersion; quantile_fitted; categorical_design",8.98145628341613e-09,8985.26235717076,8987.7894593953,TRUE,FALSE,2.52710222454698
"Binary repeated trials","probit","logit",0.743042496062066,0.037197404614859,0.298765697640694,0.984,0.551935778091168,NA,0.29450621423021,4,"uniformity; dispersion; quantile_fitted; categorical_design",0.000437393215417951,9310.25506383781,9314.74504246312,TRUE,FALSE,4.48997862530996
"Binary repeated trials","probit","logit",0.870148645919374,0.0189827511627068,0.930680655525655,0.736,0.726228736622793,NA,0.806416556313257,4,"uniformity; dispersion; quantile_fitted; categorical_design",1.54854425901976e-10,9112.21629167265,9117.35837411487,TRUE,FALSE,5.14208244222209
"Binary repeated trials","probit","logit",0.891869608925351,-0.0159108041813406,0.949492460795298,0.96,0.812078112290371,NA,0.9613676895066,4,"uniformity; dispersion; quantile_fitted; categorical_design",2.33368827412955e-13,9014.35980038085,9017.34147729597,TRUE,FALSE,2.98167691512754
"Binary repeated trials","probit","logit",0.59731124075031,0.0623502728839797,0.484507565964714,0.976,0.443841772881943,NA,0.426853153332263,4,"uniformity; dispersion; quantile_fitted; categorical_design",6.68104397370078e-07,9024.53402752015,9024.32726469921,FALSE,TRUE,-0.206762820947915
"Binary repeated trials","probit","logit",0.305122796381897,0.117724614545033,0.781223611691518,0.872,0.772402957368624,NA,0.703779155814202,4,"uniformity; dispersion; quantile_fitted; categorical_design",0.00196118577502731,9262.67872249697,9264.00972391394,TRUE,FALSE,1.33100141697469
"Binary repeated trials","probit","logit",0.348398701078849,-0.106905495242602,0.518409551616764,0.976,0.830919065144884,NA,0.764808686066163,4,"uniformity; dispersion; quantile_fitted; categorical_design",0.000572488866632049,9194.7550394401,9201.40823508129,TRUE,FALSE,6.65319564119818
"Binary repeated trials","probit","logit",0.55679811332914,0.0681330369804572,0.461323579711295,0.896,0.946036048870164,NA,0.890905589532549,4,"uniformity; dispersion; quantile_fitted; categorical_design",6.52238208330463e-11,9151.55282594759,9153.24436376063,TRUE,FALSE,1.69153781303976
"Binary repeated trials","probit","logit",0.11249997189617,0.183894180113973,0.621711387424833,0.872,0.98501225768964,NA,0.814368163779735,4,"uniformity; dispersion; quantile_fitted; categorical_design",2.3675670516921e-07,9200.54463517633,9197.98244711568,FALSE,TRUE,-2.56218806065226
"Binary repeated trials","probit","logit",0.466432975167994,-0.0826136790283719,0.393248929823006,0.824,0.6334160806824,NA,0.826752895349336,4,"uniformity; dispersion; quantile_fitted; categorical_design",8.36881642984845e-07,9289.4092917993,9290.02738715273,TRUE,FALSE,0.618095353425815
"Binary repeated trials","probit","logit",0.0668369045431183,0.217881254042023,0.334272071065371,0.88,0.527144474142354,NA,0.656357435715388,4,"uniformity; dispersion; quantile_fitted; categorical_design",4.03232048366841e-09,9028.79374373757,9034.02774981541,TRUE,FALSE,5.23400607783697
"Binary repeated trials","probit","logit",0.972526592662744,0.00390342321016179,0.647022121897205,0.968,0.868708711251548,NA,0.952850212126284,4,"uniformity; dispersion; quantile_fitted; categorical_design",2.11280376534117e-06,9355.30886514894,9358.96973029539,TRUE,FALSE,3.66086514645031
"Binary repeated trials","probit","logit",0.809639167160402,-0.0292456055676664,0.660287134055096,0.928,0.574306137703257,NA,0.934520377918694,4,"uniformity; dispersion; quantile_fitted; categorical_design",4.9067503751543e-12,8775.41310518176,8780.5277992218,TRUE,FALSE,5.11469404003765
"Binary repeated trials","probit","logit",0.518774348409082,0.0737866760923933,0.541504409447723,0.936,0.955161959306358,NA,0.870814182160279,4,"uniformity; dispersion; quantile_fitted; categorical_design",1.79254087101605e-06,9296.30992858889,9296.07323495415,FALSE,TRUE,-0.236693634737094
"Binary repeated trials","probit","logit",0.246776912445556,0.135348522317668,0.0542241227815798,0.96,0.520366149127443,NA,0.852871953766897,4,"uniformity; dispersion; quantile_fitted; categorical_design",4.12117527809769e-08,9144.0691396239,9144.61854525405,TRUE,FALSE,0.549405630150432
"Binary repeated trials","probit","logit",0.737299830043942,-0.0397543808477723,0.564536097712026,0.984,0.697035074060334,NA,0.907669457689712,4,"uniformity; dispersion; quantile_fitted; categorical_design",2.69849762705561e-05,8957.4227570542,8959.6697143521,TRUE,FALSE,2.24695729789892
"Binary repeated trials","probit","logit",0.388286635184671,0.105054599235992,0.833405799278768,0.904,0.847243824931843,NA,0.87823735569919,4,"uniformity; dispersion; quantile_fitted; categorical_design",1.1012523575018e-05,8856.33717554787,8857.87806651697,TRUE,FALSE,1.54089096909047
"Binary repeated trials","probit","logit",0.614243647105964,-0.0570972023963659,0.224286123989784,0.808,0.333780485255674,NA,0.447569886056193,4,"uniformity; dispersion; quantile_fitted; categorical_design",2.77056980175007e-08,9329.55734335586,9330.5510312432,TRUE,FALSE,0.99368788733409
"Binary repeated trials","probit","logit",0.708472834090067,0.0435598806667996,0.467811203126118,0.856,0.973764425894923,NA,0.926849115412891,4,"uniformity; dispersion; quantile_fitted; categorical_design",8.11280325559934e-08,9123.64370135934,9131.77587626613,TRUE,FALSE,8.13217490679017
"Binary repeated trials","probit","logit",0.0886127442105186,0.193548683230031,0.694647040925231,0.968,0.685691619689119,NA,0.938916257008681,4,"uniformity; dispersion; quantile_fitted; categorical_design",5.07756537425748e-08,9342.51674575881,9350.97548659311,TRUE,FALSE,8.45874083429953
"Binary repeated trials","probit","logit",0.256572548557977,0.134536943228077,0.543726414927361,0.936,0.78818195941279,NA,0.76008989651302,4,"uniformity; dispersion; quantile_fitted; categorical_design",2.06106199033697e-07,8988.92454854792,8991.90433769898,TRUE,FALSE,2.97978915106069
"Binary repeated trials","probit","logit",0.980507600183525,0.00289584444720931,0.616692706923429,0.952,0.704225658069094,NA,0.768953908030783,4,"uniformity; dispersion; quantile_fitted; categorical_design",1.03213714741673e-09,8963.85826303251,8972.5834578993,TRUE,FALSE,8.72519486679266
"Binary repeated trials","probit","logit",0.146431186978181,0.174251037716765,0.345314877731018,0.88,0.707871226516737,NA,0.268666409495402,4,"uniformity; dispersion; quantile_fitted; categorical_design",1.01584323932289e-10,8948.87506400806,8957.24291188579,TRUE,FALSE,8.3678478777274
"Binary repeated trials","probit","logit",0.426528738419886,-0.0886112360866484,0.625579875526694,0.832,0.560920608635875,NA,0.714370260260418,4,"uniformity; dispersion; quantile_fitted; categorical_design",8.5582237273149e-14,9464.30212762142,9474.62359755956,TRUE,FALSE,10.3214699381351
"Binary repeated trials","probit","logit",0.440778991435606,-0.0870943637702106,0.969372438254888,0.848,0.983667494357679,NA,0.945958817236257,4,"uniformity; dispersion; quantile_fitted; categorical_design",1.71815591052254e-15,9291.14333375976,9303.81019899096,TRUE,FALSE,12.6668652312019
"Binary repeated trials","probit","logit",0.13476573285261,0.172303820596822,0.742972899367769,0.856,0.720595178248968,NA,0.576481378686951,4,"uniformity; dispersion; quantile_fitted; categorical_design",2.5864681584481e-13,9215.37566649755,9220.42561543801,TRUE,FALSE,5.04994894045922
"Binary repeated trials","probit","logit",0.871179283852892,0.0191241504046887,0.798726001820082,0.84,0.954220124567135,NA,0.484555599724539,4,"uniformity; dispersion; quantile_fitted; categorical_design",5.81880681902228e-10,9065.50519115737,9073.36550366577,TRUE,FALSE,7.86031250840097
"Binary repeated trials","probit","logit",0.266647727917145,0.13130944512554,0.883643893874492,0.904,0.670779229727068,NA,0.725765010085152,4,"uniformity; dispersion; quantile_fitted; categorical_design",2.49690322175528e-10,9052.80418571371,9055.23265043246,TRUE,FALSE,2.42846471874509
"Binary repeated trials","probit","logit",0.405529308033035,0.0938344007282726,0.367245477044227,0.848,0.469023684499427,NA,0.757403334886894,4,"uniformity; dispersion; quantile_fitted; categorical_design",8.22069099928324e-11,9410.66252240918,9417.13018198642,TRUE,FALSE,6.46765957724347
"Binary repeated trials","probit","logit",0.519005625933459,0.0763293447965263,0.545909921319102,0.968,0.857786924309141,NA,0.906573466534224,4,"uniformity; dispersion; quantile_fitted; categorical_design",2.93132517424604e-06,9008.8537614266,9013.01922891598,TRUE,FALSE,4.16546748937981
"Binary repeated trials","probit","logit",0.113517615045713,0.189979279497276,0.898528236162173,0.864,0.939695917940907,NA,0.932924156481761,4,"uniformity; dispersion; quantile_fitted; categorical_design",4.83308800860807e-08,8967.35329712195,8976.29896656204,TRUE,FALSE,8.94566944008329
"Binary repeated trials","probit","logit",0.941273887802274,0.00851028745632765,0.276786900629408,0.944,0.285706945136152,NA,0.680897690542904,4,"uniformity; dispersion; quantile_fitted; categorical_design",6.90778861590274e-08,9181.60438780718,9188.24086610879,TRUE,FALSE,6.63647830161426
"Binary repeated trials","probit","logit",0.561885953384489,0.0684132901080809,0.174123881777534,0.976,0.90244600821368,NA,0.977782402376775,4,"uniformity; dispersion; quantile_fitted; categorical_design",2.16616382734527e-07,9001.91830885667,9009.12639596398,TRUE,FALSE,7.20808710731399
"Binary repeated trials","probit","logit",0.154219647399582,0.167683144265244,0.665999488854254,0.968,0.728352596309325,NA,0.413705591845939,4,"uniformity; dispersion; quantile_fitted; categorical_design",3.27087608003941e-07,9126.28548990124,9125.89115999666,FALSE,TRUE,-0.394329904580445
"Binary repeated trials","probit","logit",0.872317573572534,0.0186263275674252,0.617036827749914,0.96,0.808089737946404,NA,0.535813087830694,4,"uniformity; dispersion; quantile_fitted; categorical_design",9.441992103894e-10,9173.05201845319,9179.28435096029,TRUE,FALSE,6.23233250709382
"Binary repeated trials","probit","logit",0.31547635866747,-0.118186632457328,0.105124519280557,0.848,0.200864266885599,NA,0.80252529760099,4,"uniformity; dispersion; quantile_fitted; categorical_design",2.22894941671354e-10,8964.77211619366,8963.46302516364,FALSE,TRUE,-1.30909103002159
"Binary repeated trials","probit","logit",0.0737780677702896,0.211672465864372,0.810218604981844,1,0.890711726924202,NA,0.980683358467133,4,"uniformity; dispersion; quantile_fitted; categorical_design",3.10332490152334e-11,9056.08687991575,9059.64972673084,TRUE,FALSE,3.56284681509169
"Binary repeated trials","probit","logit",0.00689792681320969,0.327133547311229,0.853865834260266,0.928,0.970967225933701,NA,0.596556012159409,4,"uniformity; dispersion; quantile_fitted; categorical_design",2.49053575059439e-10,8991.95666939861,8988.81115549137,FALSE,TRUE,-3.14551390724228
"Binary repeated trials","probit","logit",0.0545191416363556,-0.222447489280611,0.826485026305381,0.976,0.692902666029389,NA,0.743390415631082,4,"uniformity; dispersion; quantile_fitted; categorical_design",9.04950169161429e-14,9116.82562345549,9121.13540830395,TRUE,FALSE,4.30978484845764
"Binary repeated trials","probit","logit",0.81968222689964,0.0264922801547846,0.428329022568844,0.944,0.603452693703657,NA,0.973714349008935,4,"uniformity; dispersion; quantile_fitted; categorical_design",4.75605456965414e-09,9087.96110814406,9093.2299849019,TRUE,FALSE,5.26887675784383
"Binary repeated trials","probit","logit",0.0554312446913131,0.220491376635127,0.193610852002955,0.856,0.204687091227521,NA,0.776186468829162,4,"uniformity; dispersion; quantile_fitted; categorical_design",1.10932989676837e-07,9271.18026183327,9273.23909492762,TRUE,FALSE,2.05883309434648
"Binary repeated trials","probit","logit",0.737704638092756,-0.0389760413026676,0.773976114606265,0.888,0.645705221637496,NA,0.294230100074211,4,"uniformity; dispersion; quantile_fitted; categorical_design",7.0537613860784e-10,9054.40473441675,9061.92648788231,TRUE,FALSE,7.52175346556396
"Binary repeated trials","probit","logit",0.464973897027367,0.0863661720291308,0.938598729969662,0.992,0.69329107225793,NA,0.730462608934464,4,"uniformity; dispersion; quantile_fitted; categorical_design",1.7760256304402e-08,8980.45950805605,8987.52822032316,TRUE,FALSE,7.06871226710791
"Binary repeated trials","probit","logit",0.168384490431536,0.162018245049015,0.516878769979936,0.984,0.39671183367546,NA,0.542030418153668,4,"uniformity; dispersion; quantile_fitted; categorical_design",4.53839725937412e-13,9076.12119395586,9086.27595637959,TRUE,FALSE,10.1547624237246
"Binary repeated trials","probit","logit",0.738619284193585,0.0381560912532482,0.410801797527829,0.928,0.322762654486059,NA,0.449313463567287,4,"uniformity; dispersion; quantile_fitted; categorical_design",2.42966436721659e-07,9296.29633893109,9294.80633678807,FALSE,TRUE,-1.49000214301668
"Binary repeated trials","probit","logit",0.121025880147808,0.187236464262349,0.321379208677157,0.76,0.748776749422393,NA,0.698941674118601,4,"uniformity; dispersion; quantile_fitted; categorical_design",5.83952721907551e-14,8840.06865553403,8847.28191501181,TRUE,FALSE,7.2132594777795
"Binary repeated trials","probit","logit",0.401942194195807,0.09554253836434,0.028121602879292,0.896,0.160617033537377,NA,0.404922294311175,4,"uniformity; dispersion; quantile_fitted; categorical_design",5.97888778931543e-09,9255.09782993797,9265.0744711851,TRUE,FALSE,9.97664124712537
"Binary repeated trials","probit","logit",0.464463708799606,0.0847365642521608,0.630989652305653,0.768,0.85798290070025,NA,0.821954400730486,4,"uniformity; dispersion; quantile_fitted; categorical_design",6.02698941031076e-14,9156.54474355372,9164.11765481133,TRUE,FALSE,7.57291125760639
"Binary repeated trials","probit","logit",0.0355378344276006,0.242723134967248,0.323929647309502,0.936,0.790121285894094,NA,0.492026532763865,4,"uniformity; dispersion; quantile_fitted; categorical_design",1.59906477494264e-07,9238.23523654431,9245.50966658688,TRUE,FALSE,7.27443004256202
"Binary repeated trials","probit","logit",0.211723520866937,0.141070591862287,0.566706451347525,0.984,0.569433145770961,NA,0.125551937217167,4,"uniformity; dispersion; quantile_fitted; categorical_design",0.000456273545875983,9417.25889038689,9417.2317998713,FALSE,TRUE,-0.0270905155866785
"Binary repeated trials","probit","logit",0.707862164374716,-0.0429704737596653,0.700367685581529,0.856,0.738508685414106,NA,0.586011690597603,4,"uniformity; dispersion; quantile_fitted; categorical_design",8.90079040309718e-16,9212.89039828084,9220.74751166235,TRUE,FALSE,7.85711338151123
"Binary repeated trials","probit","logit",0.941832245118411,0.00854411381661242,0.0881028005832251,1,0.280395488864464,NA,0.522173111674877,4,"uniformity; dispersion; quantile_fitted; categorical_design",6.77231994723837e-10,8989.2369990037,8994.91948742991,TRUE,FALSE,5.6824884262187
"Binary repeated trials","probit","logit",0.640427426264338,0.0550586406124559,0.787462609712153,0.888,0.931703268639523,NA,0.639577481047433,4,"uniformity; dispersion; quantile_fitted; categorical_design",6.56007921422346e-08,9040.82341334335,9048.16426116067,TRUE,FALSE,7.34084781732054
"Binary repeated trials","probit","logit",0.426563286722237,0.0946952608198035,0.238136867527068,0.888,0.455043305746745,NA,0.980083880745992,4,"uniformity; dispersion; quantile_fitted; categorical_design",7.65496761188068e-12,8998.07287535514,9007.89489391441,TRUE,FALSE,9.82201855927087
"Binary repeated trials","probit","logit",0.143612922238368,0.169189754772173,0.972797188630639,0.96,0.947839376050792,NA,0.861612450979135,4,"uniformity; dispersion; quantile_fitted; categorical_design",2.09851850155059e-05,9229.57227094535,9238.69369123844,TRUE,FALSE,9.12142029309325
"Binary repeated trials","probit","logit",0.65922134235144,0.0502544959433305,0.0880621568453674,0.992,0.0898024317051788,NA,0.177188776932301,4,"uniformity; dispersion; quantile_fitted; categorical_design",2.42191981339053e-10,9282.25745282363,9288.7214720135,TRUE,FALSE,6.46401918986157
"Binary repeated trials","probit","logit",0.426907500284457,-0.0886434518702879,0.387767273137417,0.96,0.797849709159158,NA,0.987615304672704,4,"uniformity; dispersion; quantile_fitted; categorical_design",1.33575327106434e-10,9421.19468897875,9425.09854432624,TRUE,FALSE,3.9038553474893
"Binary repeated trials","probit","logit",0.271892350779656,0.129770783901225,0.424175363930735,0.84,0.376684124768209,NA,0.638524104888082,4,"uniformity; dispersion; quantile_fitted; categorical_design",5.34131683142573e-11,9042.55021431205,9051.56374719001,TRUE,FALSE,9.01353287796701
"Binary repeated trials","probit","logit",0.060543099206246,0.22715096569404,0.832377378335077,0.8,0.989411120623613,NA,0.715663796033066,4,"uniformity; dispersion; quantile_fitted; categorical_design",5.04589020230212e-10,8882.71172862713,8886.89678776113,TRUE,FALSE,4.18505913400622
"Binary repeated trials","probit","logit",0.337730554504575,-0.109948275340177,0.967760928901129,0.824,0.577210212503521,NA,0.244173977350842,4,"uniformity; dispersion; quantile_fitted; categorical_design",1.61911183319045e-11,9130.69811384593,9136.27316199959,TRUE,FALSE,5.57504815365792
"Binary repeated trials","probit","logit",0.375184696409028,0.1049488239959,0.998191855037379,0.808,0.998266157617102,NA,0.654037398987574,4,"uniformity; dispersion; quantile_fitted; categorical_design",9.34616962079434e-07,9009.02227208565,9013.96265130937,TRUE,FALSE,4.94037922372809
"Binary repeated trials","probit","logit",0.778782352224913,0.0327702779750015,0.708660696963871,0.872,0.967322468748629,NA,0.985888742377031,4,"uniformity; dispersion; quantile_fitted; categorical_design",1.48907292662647e-06,9082.25635800192,9088.33446394526,TRUE,FALSE,6.07810594334478
"Binary repeated trials","probit","logit",0.681563840404528,0.0486358968404904,0.714798126042372,0.84,0.878564746822445,NA,0.682306082866383,4,"uniformity; dispersion; quantile_fitted; categorical_design",6.62792737581655e-13,9002.00906496261,9008.49500653946,TRUE,FALSE,6.48594157685329
"Binary repeated trials","probit","logit",0.996218074055781,-0.000557488853590474,0.687158437032194,0.912,0.952316809974274,NA,0.415477255272351,4,"uniformity; dispersion; quantile_fitted; categorical_design",7.77380173299854e-09,8968.80248112767,8969.1915824729,TRUE,FALSE,0.389101345230301
"Binary repeated trials","probit","logit",0.139110888947014,0.170647167244909,0.790474830672362,0.936,0.069121368395657,NA,0.561512149517314,4,"uniformity; dispersion; quantile_fitted; categorical_design",4.78057000689275e-07,9209.30701376543,9212.1973633616,TRUE,FALSE,2.89034959617493
"Binary repeated trials","probit","logit",0.87520045029205,0.0182475456141666,0.129407695976217,0.928,0.126507887329164,NA,0.211042745872767,4,"uniformity; dispersion; quantile_fitted; categorical_design",2.03729950517032e-08,9148.52843098346,9153.43985425821,TRUE,FALSE,4.91142327474336
"Binary repeated trials","probit","logit",0.0593221363596036,0.218220267336884,0.621667861739045,0.856,0.792155574786491,NA,0.886120540308003,4,"uniformity; dispersion; quantile_fitted; categorical_design",6.93299346317579e-09,9257.05068192724,9260.57515918514,TRUE,FALSE,3.52447725789352
"Binary repeated trials","probit","logit",0.014454015940795,0.298314647845786,0.143674829881594,0.984,0.644309540938945,NA,0.714432253821766,4,"uniformity; dispersion; quantile_fitted; categorical_design",1.0076666388315e-11,8872.13752280363,8879.47321346905,TRUE,FALSE,7.33569066542077
"Binary repeated trials","probit","logit",0.341013305243271,-0.112248320761158,0.326950735122594,0.84,0.367275060896457,NA,0.764152859228769,4,"uniformity; dispersion; quantile_fitted; categorical_design",1.60547758573127e-12,8959.75834374731,8965.75455847644,TRUE,FALSE,5.99621472912804
"Binary repeated trials","probit","logit",0.678367723399952,-0.0468900331614027,0.448203041436031,1,0.520183755750643,NA,0.562205634995415,4,"uniformity; dispersion; quantile_fitted; categorical_design",3.89399438300162e-10,9322.85607178184,9327.54132864725,TRUE,FALSE,4.6852568654067
"Binary repeated trials","probit","logit",0.0946699858282598,0.198878516240121,0.222308640075446,0.88,0.214864653460362,NA,0.991356258050622,4,"uniformity; dispersion; quantile_fitted; categorical_design",4.53671683644887e-13,9010.8173628878,9018.99261289669,TRUE,FALSE,8.17525000888418
"Binary repeated trials","probit","logit",0.798152930199341,-0.0304527265617757,0.365675124763676,0.92,0.0451199633409973,NA,0.147204538349032,4,"uniformity; dispersion; quantile_fitted; categorical_design",1.05189295564865e-07,8970.87864040272,8970.06440891555,FALSE,TRUE,-0.814231487172947
"Binary repeated trials","probit","logit",0.191801949269738,0.157524276276721,0.783903075231848,0.768,0.719314980307718,NA,0.18277554300642,4,"uniformity; dispersion; quantile_fitted; categorical_design",1.60769718778562e-07,8888.60933215637,8893.33885473954,TRUE,FALSE,4.72952258317309
"Binary repeated trials","probit","logit",0.348409046206769,0.107405829021522,0.967799281669224,0.92,0.646411107027299,NA,0.307338250316381,4,"uniformity; dispersion; quantile_fitted; categorical_design",2.22542229432934e-14,9251.76858003247,9258.06348399362,TRUE,FALSE,6.29490396115216
"Binary repeated trials","probit","logit",0.372496475509389,-0.102961598300334,0.298524773372005,0.944,0.445821495037974,NA,0.400467852879384,4,"uniformity; dispersion; quantile_fitted; categorical_design",7.31182260805253e-08,9127.4074144755,9132.98566604804,TRUE,FALSE,5.57825157254229
"Binary repeated trials","probit","logit",0.974364005244825,0.00366713937814267,0.671555255749746,0.936,0.979444077757681,NA,0.811773324635389,4,"uniformity; dispersion; quantile_fitted; categorical_design",1.08706598596303e-14,9224.49429796641,9235.53316614676,TRUE,FALSE,11.0388681803561
"Binary repeated trials","probit","logit",0.00871213229832628,0.311732776316718,0.941129616314655,0.864,0.162500160497659,NA,0.323893410322954,4,"uniformity; dispersion; quantile_fitted; categorical_design",6.67788511782582e-15,9097.35446861764,9111.22401737559,TRUE,FALSE,13.869548757948
"Binary repeated trials","probit","logit",0.101277128330165,0.193485956399389,0.56900228682997,0.944,0.586248861639239,NA,0.87101680274788,4,"uniformity; dispersion; quantile_fitted; categorical_design",0.000377468658371809,9044.68727973751,9048.38017769835,TRUE,FALSE,3.69289796084195
"Binary repeated trials","probit","logit",0.775093274318769,0.0334906449719984,0.59185815938923,0.928,0.562165191211011,NA,0.107351650562958,4,"uniformity; dispersion; quantile_fitted; categorical_design",3.29282956169674e-10,9044.75885595345,9053.65332212589,TRUE,FALSE,8.89446617243993
"Binary repeated trials","probit","logit",0.842466442017488,-0.0226225438309628,0.339508745626108,0.832,0.948151501381033,NA,0.590957323090572,4,"uniformity; dispersion; quantile_fitted; categorical_design",2.33686093793277e-06,9284.43763047623,9290.37060073677,TRUE,FALSE,5.93297026053551
"Binary repeated trials","probit","logit",0.336420458493432,-0.108749559678328,0.204122737750652,0.92,0.756681885101061,NA,0.879292409365254,4,"uniformity; dispersion; quantile_fitted; categorical_design",1.02656813660825e-10,9297.16679964151,9302.84434933965,TRUE,FALSE,5.67754969814268
"Binary repeated trials","probit","logit",0.385222308435079,-0.101749749656744,0.956675711562494,0.904,0.0373323535979463,NA,0.762856181839839,4,"uniformity; dispersion; quantile_fitted; categorical_design",3.28552690635254e-08,9043.50250521707,9053.05371302035,TRUE,FALSE,9.5512078032807
"Binary repeated trials","probit","logit",0.278573268435025,0.124905490098749,0.723793651534511,0.768,0.678200015510501,NA,0.232336693424336,4,"uniformity; dispersion; quantile_fitted; categorical_design",5.04332684391404e-15,9182.66528050859,9189.25495356729,TRUE,FALSE,6.58967305870647
"Binary repeated trials","probit","logit",0.894953500554892,0.0152265637649527,0.165325462192601,0.888,0.581838077305352,NA,0.994891150075488,4,"uniformity; dispersion; quantile_fitted; categorical_design",3.53174801406529e-05,9220.68794493326,9222.58753637346,TRUE,FALSE,1.89959144020395
"Binary repeated trials","probit","logit",0.629561670993242,-0.055074313222449,0.722318965323096,0.808,0.856404927711572,NA,0.692242708959847,4,"uniformity; dispersion; quantile_fitted; categorical_design",2.03951291295031e-10,9228.18622670951,9233.79765284631,TRUE,FALSE,5.61142613679294
"Binary repeated trials","probit","logit",0.61948716117278,0.058725153467009,0.48587956072791,0.992,0.502277805568943,NA,0.717603580088528,4,"uniformity; dispersion; quantile_fitted; categorical_design",1.79288085952927e-09,9063.74306901239,9068.79310161611,TRUE,FALSE,5.05003260371996
"Binary repeated trials","probit","logit",0.405867931890956,0.0983894836094825,0.921283564157335,0.944,0.519121286922736,NA,0.921535047700526,4,"uniformity; dispersion; quantile_fitted; categorical_design",2.56872902977492e-06,8980.28984606061,8982.79291719281,TRUE,FALSE,2.50307113219787
"Binary repeated trials","probit","logit",0.557429381328837,-0.0678357780503135,0.407606137566009,0.8,0.527794526127729,NA,0.95266202646868,4,"uniformity; dispersion; quantile_fitted; categorical_design",2.91336269469254e-14,9151.87803795107,9162.67481000539,TRUE,FALSE,10.7967720543202
"Binary repeated trials","probit","logit",0.370708853699092,0.101782575970431,0.977859519622392,0.928,0.326387922402816,NA,0.413326251819433,4,"uniformity; dispersion; quantile_fitted; categorical_design",4.35154357004085e-09,9346.44017198074,9352.96372638263,TRUE,FALSE,6.52355440189058
"Binary repeated trials","probit","logit",0.456625079955052,0.0863041879031495,0.69001335353863,0.984,0.796905144171686,NA,0.967363435509237,4,"uniformity; dispersion; quantile_fitted; categorical_design",3.07661621980027e-06,9140.2542531246,9141.45680567326,TRUE,FALSE,1.20255254865879
"Binary repeated trials","probit","logit",0.105661970575982,0.190848263942301,0.551963046173354,0.984,0.80329214948721,NA,0.751800057282076,4,"uniformity; dispersion; quantile_fitted; categorical_design",6.13083650426022e-06,9042.32545687012,9049.02226859176,TRUE,FALSE,6.69681172164019
"Binary repeated trials","probit","logit",0.263861634598405,0.130802412170211,0.271971188375471,0.928,0.552953985138901,NA,0.677679014895452,4,"uniformity; dispersion; quantile_fitted; categorical_design",2.61434675148862e-11,9123.62004160205,9125.96071718032,TRUE,FALSE,2.34067557826893
"Binary repeated trials","probit","logit",0.0528937280106831,0.226933858011403,0.378391063726376,0.904,0.995320985374388,NA,0.662383450040119,4,"uniformity; dispersion; quantile_fitted; categorical_design",2.30823215666008e-14,9110.98451038931,9119.25078655591,TRUE,FALSE,8.26627616659789
"Binary repeated trials","probit","logit",0.238631486834449,0.135199026150859,0.954521056660143,0.896,0.932487406819621,NA,0.960804503681663,4,"uniformity; dispersion; quantile_fitted; categorical_design",1.33449684268986e-08,9248.72018221975,9257.62608485392,TRUE,FALSE,8.90590263417289
"Binary repeated trials","probit","logit",0.0979249110793389,0.195925965619347,0.803892602150047,0.84,0.828190342636555,NA,0.527606578243117,4,"uniformity; dispersion; quantile_fitted; categorical_design",5.27173355975978e-11,9027.9749351737,9032.45630875724,TRUE,FALSE,4.48137358353961
"Binary repeated trials","probit","logit",0.313333975279811,0.118819824011413,0.746075926515824,0.904,0.877878987970136,NA,0.737592779424468,4,"uniformity; dispersion; quantile_fitted; categorical_design",3.72970891184803e-10,9062.28892265744,9070.43572221668,TRUE,FALSE,8.14679955924294
"Binary repeated trials","probit","logit",0.349039029167265,0.111792790573339,0.721910235532086,0.936,0.994065664195039,NA,0.76696486129598,4,"uniformity; dispersion; quantile_fitted; categorical_design",0.000201301928685576,8980.48024596516,8978.23028692552,FALSE,TRUE,-2.24995903963827
"Binary repeated trials","probit","logit",0.314243137187314,0.120439859698694,0.495549788240534,0.984,0.522956304506813,NA,0.646957386457702,4,"uniformity; dispersion; quantile_fitted; categorical_design",2.64857230825413e-08,8916.96958722607,8925.437529886,TRUE,FALSE,8.46794265993412
"Binary repeated trials","probit","logit",0.511722682355164,0.0798180698242256,0.542897281762315,0.904,0.80769253948039,NA,0.959050978764781,4,"uniformity; dispersion; quantile_fitted; categorical_design",1.84404571408284e-11,8809.06393550531,8816.92247765586,TRUE,FALSE,7.85854215055042
"Binary repeated trials","probit","logit",0.177896551580209,0.154442226077727,0.355503633494481,0.912,0.379684713928129,NA,0.928639977420839,4,"uniformity; dispersion; quantile_fitted; categorical_design",2.05574384809487e-10,9292.38165853973,9298.78002509352,TRUE,FALSE,6.39836655378167
"Binary repeated trials","probit","logit",0.0192292485848442,0.273982578127183,0.768534919406478,0.848,0.912069423897033,NA,0.938927741819096,4,"uniformity; dispersion; quantile_fitted; categorical_design",4.51143866034198e-09,9193.66398815553,9201.54489453053,TRUE,FALSE,7.88090637499408
"Binary repeated trials","probit","logit",0.178089215465039,0.160400168913055,0.188453889722588,0.712,0.291988404349049,NA,0.483792677515525,4,"uniformity; dispersion; quantile_fitted; categorical_design",3.46114841755139e-19,8950.39355009447,8963.57321808156,TRUE,FALSE,13.1796679870895
"Binary repeated trials","probit","logit",0.685161447164307,0.048734828509319,0.112108724921803,0.904,0.810204949581458,NA,0.880072297353697,4,"uniformity; dispersion; quantile_fitted; categorical_design",7.22885269967092e-11,8893.90271415826,8908.87471816026,TRUE,FALSE,14.9720040020002
"Binary repeated trials","probit","logit",0.855204735422232,0.0216127738449871,0.360352909052751,0.984,0.845601671236953,NA,0.793602933320839,4,"uniformity; dispersion; quantile_fitted; categorical_design",4.0204427769277e-09,8928.6188475015,8937.83936105703,TRUE,FALSE,9.22051355553958
"Binary repeated trials","probit","logit",0.990660423171978,0.00132503876290983,0.255637013493353,0.904,0.817529087299055,NA,0.892180706709648,4,"uniformity; dispersion; quantile_fitted; categorical_design",3.7220857312103e-11,9349.8439964188,9357.46011159466,TRUE,FALSE,7.61611517586061
"Binary repeated trials","probit","logit",0.2990115360033,0.118722738356123,0.318778760216766,0.984,0.940145580821266,NA,0.782774968364066,4,"uniformity; dispersion; quantile_fitted; categorical_design",1.31825262923336e-10,9244.21683131021,9251.01336303474,TRUE,FALSE,6.7965317245289
"Binary repeated trials","probit","logit",0.374753669577671,0.103754660686805,0.666590252456481,0.848,0.738144011187947,NA,0.927085314038054,4,"uniformity; dispersion; quantile_fitted; categorical_design",5.48262956217038e-09,9121.13207897031,9126.88797873968,TRUE,FALSE,5.75589976937044
"Binary repeated trials","probit","logit",0.265315155866714,0.130409951609453,0.479195107194141,0.928,0.655312073944632,NA,0.650729116536336,4,"uniformity; dispersion; quantile_fitted; categorical_design",3.53631194744588e-10,9087.55910248743,9091.80928019678,TRUE,FALSE,4.25017770934573
"Binary repeated trials","probit","logit",0.467804546613818,-0.0866760335767186,0.780137004806289,0.96,0.804665094781308,NA,0.79159604743503,4,"uniformity; dispersion; quantile_fitted; categorical_design",3.86038829665337e-05,8873.79543946578,8869.7954646331,FALSE,TRUE,-3.99997483268089
"Binary repeated trials","probit","logit",0.724046942544759,0.0408456766939916,0.771037881873703,0.968,0.681899539191082,NA,0.557176846678482,4,"uniformity; dispersion; quantile_fitted; categorical_design",5.38983975233958e-08,9139.96786524497,9148.47485414035,TRUE,FALSE,8.50698889538216
"Binary repeated trials","probit","logit",0.307680648727454,0.119869077144669,0.392121513920039,0.728,0.543316229639086,NA,0.368215249847485,4,"uniformity; dispersion; quantile_fitted; categorical_design",0.000109875453271776,9069.04430416723,9072.18832469842,TRUE,FALSE,3.14402053118465
"Binary repeated trials","probit","logit",0.170617594823356,-0.157100526431034,0.945055058716399,0.784,0.942662076221188,NA,0.837427454040369,4,"uniformity; dispersion; quantile_fitted; categorical_design",1.40860164564595e-12,9131.36538390499,9135.52772031785,TRUE,FALSE,4.16233641286453
"Binary repeated trials","probit","logit",0.157782407835616,0.162590252891952,0.381166560455165,0.904,0.371549299322265,NA,0.737570249891383,4,"uniformity; dispersion; quantile_fitted; categorical_design",7.38765134198627e-09,9201.93297048574,9207.83337697689,TRUE,FALSE,5.90040649114781
"Binary repeated trials","probit","logit",0.877924764271072,0.0178752035307906,0.874334456050231,0.928,0.998424233699157,NA,0.991892078540848,4,"uniformity; dispersion; quantile_fitted; categorical_design",5.7608021478497e-12,9105.00317213868,9111.15492121777,TRUE,FALSE,6.15174907908658
"Binary repeated trials","probit","logit",0.279502847040536,-0.122508571600661,0.860129588846591,0.8,0.988830543030421,NA,0.925256962167995,4,"uniformity; dispersion; quantile_fitted; categorical_design",1.35505486584617e-11,9265.90572126283,9274.09283502051,TRUE,FALSE,8.18711375767998
"Binary repeated trials","probit","logit",0.690208252538055,0.0479154446025431,0.744441749330636,0.928,0.934654304518769,NA,0.873523024814682,4,"uniformity; dispersion; quantile_fitted; categorical_design",6.76365707231273e-12,8860.86442521913,8866.01973359447,TRUE,FALSE,5.15530837534243
"Binary repeated trials","probit","logit",0.34473103194718,0.109617896911616,0.925287645435565,0.928,0.956444802409464,NA,0.655932346436829,4,"uniformity; dispersion; quantile_fitted; categorical_design",1.0658799137874e-06,9140.27529459304,9142.70527735573,TRUE,FALSE,2.42998276268736
"Binary repeated trials","probit","logit",0.103060928626164,0.185754374855033,0.470985886047088,0.96,0.689528174512443,NA,0.567658868719462,4,"uniformity; dispersion; quantile_fitted; categorical_design",7.40937057309274e-15,9295.98451358931,9308.62932579552,TRUE,FALSE,12.6448122062102
"Binary repeated trials","probit","logit",0.375760636590949,0.102159296081515,0.0415356779727282,0.952,0.310278360516237,NA,0.720659708002945,4,"uniformity; dispersion; quantile_fitted; categorical_design",3.10643484735828e-08,9216.8434198157,9218.66008542491,TRUE,FALSE,1.81666560920894
"Binary repeated trials","probit","logit",0.882728130015098,0.0175935216057376,0.356570941713226,0.92,0.128242224721953,NA,0.0650680047304519,4,"uniformity; dispersion; quantile_fitted; categorical_design",7.02412414512251e-16,8946.55486245479,8956.69997251194,TRUE,FALSE,10.1451100571467
"Binary repeated trials","probit","logit",0.38584885169428,0.102653729348167,0.912375797920866,0.92,0.77813966466538,NA,0.868741414467929,4,"uniformity; dispersion; quantile_fitted; categorical_design",6.52446322667024e-13,8958.30753418505,8971.58808955831,TRUE,FALSE,13.2805553732578
"Binary repeated trials","probit","logit",0.497544054870945,0.0786037813726199,0.667243773002898,0.816,0.889602720799305,NA,0.531397241084413,4,"uniformity; dispersion; quantile_fitted; categorical_design",1.01730441768797e-15,9185.54376383512,9192.10255875893,TRUE,FALSE,6.55879492380518
"Binary repeated trials","probit","logit",0.136806670866181,0.176962131380009,0.461149012163144,0.968,0.67626512129347,NA,0.593272335139081,4,"uniformity; dispersion; quantile_fitted; categorical_design",4.48485077981404e-08,9036.7616467391,9046.83193039029,TRUE,FALSE,10.0702836511937
"Binary repeated trials","probit","logit",0.282609913390129,0.128041985242771,0.320148418734255,0.768,0.368062783415277,NA,0.968094896625856,4,"uniformity; dispersion; quantile_fitted; categorical_design",6.27686497863733e-07,8946.68115946383,8950.38540778952,TRUE,FALSE,3.70424832568824
"Binary repeated trials","probit","logit",0.218542417336512,0.147085640807306,0.639507412390428,0.76,0.889145286906988,NA,0.772844593559032,4,"uniformity; dispersion; quantile_fitted; categorical_design",1.09463890737054e-08,8904.0710507297,8909.45500607838,TRUE,FALSE,5.38395534868505
"Binary repeated trials","probit","logit",0.513090885083693,0.0769039195063156,0.532801201921791,0.872,0.946864245492564,NA,0.917728668929443,4,"uniformity; dispersion; quantile_fitted; categorical_design",1.31404135733693e-11,9061.52045673476,9072.81769874337,TRUE,FALSE,11.2972420086098
"Binary repeated trials","probit","logit",0.0528490661974248,0.229642199920299,0.807511985110349,0.928,0.536920276336718,NA,0.358850429010833,4,"uniformity; dispersion; quantile_fitted; categorical_design",6.07442279675071e-11,8993.36462153718,9000.03408722518,TRUE,FALSE,6.66946568799722
"Binary repeated trials","probit","logit",0.6013969935773,-0.0597602495694639,0.635571417043544,0.992,0.339537391414463,NA,0.607063416311781,4,"uniformity; dispersion; quantile_fitted; categorical_design",1.14082427946447e-07,9248.84412175588,9252.92524391587,TRUE,FALSE,4.08112215999063
"Binary continuous predictor","probit","logit",0.153038354325108,0.273420265198745,0.211807427035332,1,0.337440170420397,0.356816567238584,NA,4,"uniformity; dispersion; quantile_fitted; quantile_predictor",1.94428381062828e-14,9498.51012971418,9499.45639191777,TRUE,FALSE,0.946262203589868
"Binary continuous predictor","probit","logit",0.400546364255336,0.163749212636905,0.734618745773085,0.824,0.864478641025758,0.844768310887301,NA,4,"uniformity; dispersion; quantile_fitted; quantile_predictor",6.54299106149006e-20,9299.12016356066,9298.35849564549,FALSE,TRUE,-0.761667915172438
"Binary continuous predictor","probit","logit",0.688507189800723,0.0760865261140531,0.269411431573779,0.832,0.464020106541809,0.467745712182731,NA,4,"uniformity; dispersion; quantile_fitted; quantile_predictor",1.63270169566336e-23,9570.3855366433,9575.90813778131,TRUE,FALSE,5.52260113801094
"Binary continuous predictor","probit","logit",0.162356207345698,0.268003485464888,0.211396352199783,0.872,0.956644064953534,0.956797104879612,NA,4,"uniformity; dispersion; quantile_fitted; quantile_predictor",1.25405593395929e-15,9508.81532674111,9515.81511386322,TRUE,FALSE,6.99978712211487
"Binary continuous predictor","probit","logit",0.703262025105082,-0.0748230427897335,0.926093595600048,0.704,0.504408839023364,0.849040803711241,NA,4,"uniformity; dispersion; quantile_fitted; quantile_predictor",1.36078527721474e-17,9250.73911313643,9256.1619973083,TRUE,FALSE,5.42288417186319
"Binary continuous predictor","probit","logit",0.918296369262366,-0.0195613336938285,0.497694019424087,0.944,0.996505681677887,0.700582987070356,NA,4,"uniformity; dispersion; quantile_fitted; quantile_predictor",6.29609639859512e-15,9552.64240076716,9553.70759029964,TRUE,FALSE,1.06518953247723
"Binary continuous predictor","probit","logit",0.227808259541955,0.231787484048088,0.462180372892396,0.712,0.893773961639617,0.754383742969547,NA,4,"uniformity; dispersion; quantile_fitted; quantile_predictor",1.07799216842127e-14,9681.16612271105,9684.60669055191,TRUE,FALSE,3.4405678408657
"Binary continuous predictor","probit","logit",0.107308954099235,0.318754034586574,0.387342839315653,0.904,0.537238539167597,0.519797215969314,NA,4,"uniformity; dispersion; quantile_fitted; quantile_predictor",6.8719955105918e-16,9221.8569876616,9229.04260387828,TRUE,FALSE,7.18561621667504
"Binary continuous predictor","probit","logit",0.674568748223735,-0.0826795009077219,0.358049895194637,0.776,0.796252809945471,0.795785952994335,NA,4,"uniformity; dispersion; quantile_fitted; quantile_predictor",6.41821216239072e-34,9335.63567603357,9345.85971531183,TRUE,FALSE,10.2240392782642
"Binary continuous predictor","probit","logit",0.163355126482655,-0.264523544077638,0.723687686667527,0.888,0.790256484742871,0.789960044597121,NA,4,"uniformity; dispersion; quantile_fitted; quantile_predictor",8.89443834299563e-20,9537.3743062038,9540.63065846765,TRUE,FALSE,3.25635226385384
"Binary continuous predictor","probit","logit",0.582263411734824,-0.104862814018431,0.988701865424946,0.968,0.96353694481309,0.963769899165447,NA,4,"uniformity; dispersion; quantile_fitted; quantile_predictor",2.13163175818257e-20,9524.75867795232,9529.10055195671,TRUE,FALSE,4.34187400438714
"Binary continuous predictor","probit","logit",0.795717218541967,-0.0488945733369372,0.758624474277828,0.992,0.836375946107149,0.201076834861333,NA,4,"uniformity; dispersion; quantile_fitted; quantile_predictor",9.01243838491086e-19,9634.05917417783,9642.24105252752,TRUE,FALSE,8.18187834968194
"Binary continuous predictor","probit","logit",0.532836834200577,0.116753613594255,0.503511615648759,0.744,0.843792756468983,0.274688805161348,NA,4,"uniformity; dispersion; quantile_fitted; quantile_predictor",1.73217819961131e-33,9687.59561227309,9693.87560639722,TRUE,FALSE,6.27999412413374
"Binary continuous predictor","probit","logit",0.349426221330327,-0.184576160432069,0.679828209842392,0.864,0.815950829955222,0.830713578870814,NA,4,"uniformity; dispersion; quantile_fitted; quantile_predictor",5.94339613628865e-23,9361.7108718873,9363.61325450341,TRUE,FALSE,1.90238261610648
"Binary continuous predictor","probit","logit",0.566545889189313,0.111880735521553,0.890428870070343,0.872,0.737242274354488,0.891019210264121,NA,4,"uniformity; dispersion; quantile_fitted; quantile_predictor",8.2024906497573e-23,9299.49637254307,9305.83146509316,TRUE,FALSE,6.33509255008721
"Binary continuous predictor","probit","logit",0.293177605967796,-0.198881123609435,0.554176082903027,0.984,0.585794227877286,0.369478127899448,NA,4,"uniformity; dispersion; quantile_fitted; quantile_predictor",6.21613376095879e-31,9576.30836735986,9583.4068648553,TRUE,FALSE,7.09849749543901
"Binary continuous predictor","probit","logit",0.408590239534638,0.157148874921388,0.563669244080573,0.736,0.930785192160466,0.867083218524064,NA,4,"uniformity; dispersion; quantile_fitted; quantile_predictor",4.93309111969684e-15,9557.12120317413,9561.62461614567,TRUE,FALSE,4.50341297153682
"Binary continuous predictor","probit","logit",0.73556437602865,-0.0648707818417896,0.674807811740194,0.664,0.758012112105971,0.686711545904167,NA,4,"uniformity; dispersion; quantile_fitted; quantile_predictor",1.82952040765278e-25,9509.85511785329,9517.67020388976,TRUE,FALSE,7.8150860364749
"Binary continuous predictor","probit","logit",0.655582111238729,-0.0852199003830398,0.840126188031621,0.872,0.766099405060273,0.851826203860305,NA,4,"uniformity; dispersion; quantile_fitted; quantile_predictor",2.9228756787646e-16,9585.80062244357,9588.1464495986,TRUE,FALSE,2.3458271550262
"Binary continuous predictor","probit","logit",0.224189031103585,0.245391663839566,0.82234407526141,0.848,0.999611247889922,0.862897377495194,NA,4,"uniformity; dispersion; quantile_fitted; quantile_predictor",6.43571974493082e-21,9115.79613357404,9117.90606345057,TRUE,FALSE,2.10992987652935
"Binary continuous predictor","probit","logit",0.117291850062656,0.297965304488887,0.905650996985127,0.824,0.847299837185415,0.57173490053441,NA,4,"uniformity; dispersion; quantile_fitted; quantile_predictor",4.64186688859083e-27,9569.69248354447,9572.93418748681,TRUE,FALSE,3.2417039423417
"Binary continuous predictor","probit","logit",0.863393762548702,-0.032450728007832,0.95317137821297,0.856,0.724009912773717,0.857705747584199,NA,4,"uniformity; dispersion; quantile_fitted; quantile_predictor",6.2429999868002e-20,9552.84052831271,9556.14821584435,TRUE,FALSE,3.30768753164557
"Binary continuous predictor","probit","logit",0.815108651494178,0.0455801640556955,0.984877137467896,0.848,0.473627721574812,0.963067680040607,NA,4,"uniformity; dispersion; quantile_fitted; quantile_predictor",6.24561985248954e-27,9306.07047963809,9308.8723566889,TRUE,FALSE,2.80187705081153
"Binary continuous predictor","probit","logit",0.693181902664645,0.0762256211042992,0.377766402402433,0.728,0.68165416484041,0.350874583286225,NA,4,"uniformity; dispersion; quantile_fitted; quantile_predictor",9.8079813520111e-24,9510.67292559654,9517.33140918265,TRUE,FALSE,6.65848358611402
"Binary continuous predictor","probit","logit",0.65921338718516,-0.0844230881136103,0.687915580039649,0.848,0.828097810020574,0.758023113455874,NA,4,"uniformity; dispersion; quantile_fitted; quantile_predictor",3.15915870840018e-38,9570.04576935972,9577.24695225494,TRUE,FALSE,7.20118289521997
"Binary continuous predictor","probit","logit",0.704423500845589,0.0713600856440345,0.448311162165317,0.952,0.585255487015709,0.58548783301547,NA,4,"uniformity; dispersion; quantile_fitted; quantile_predictor",9.34743810761512e-26,9667.85499756598,9677.22476203503,TRUE,FALSE,9.36976446904737
"Binary continuous predictor","probit","logit",0.708603619274904,-0.0708374560890642,0.979819683579243,0.784,0.974221662589039,0.822013667979952,NA,4,"uniformity; dispersion; quantile_fitted; quantile_predictor",7.12001223492967e-17,9590.50173192422,9591.26017196142,TRUE,FALSE,0.7584400372034
"Binary continuous predictor","probit","logit",0.954936451159869,-0.0108447408887561,0.669606329501587,0.88,0.863696790255275,0.768043784098487,NA,4,"uniformity; dispersion; quantile_fitted; quantile_predictor",1.0357856344546e-17,9498.10249125685,9502.49596310159,TRUE,FALSE,4.39347184474173
"Binary continuous predictor","probit","logit",0.289237574195754,-0.205234559577456,0.612882000492931,0.744,0.496383038084378,0.467634291017184,NA,4,"uniformity; dispersion; quantile_fitted; quantile_predictor",2.35410219724505e-28,9470.85576968446,9474.08748323251,TRUE,FALSE,3.23171354805345
"Binary continuous predictor","probit","logit",0.0186567147296612,0.444158427108469,0.764393420537125,0.76,0.96219218892429,0.962351968172549,NA,4,"uniformity; dispersion; quantile_fitted; quantile_predictor",4.79079539890105e-09,9696.2351585498,9697.15683240631,TRUE,FALSE,0.921673856510097
"Binary continuous predictor","probit","logit",0.600522843761693,0.100708875426509,0.507844246832182,0.816,0.73690042562725,0.895323328325534,NA,4,"uniformity; dispersion; quantile_fitted; quantile_predictor",4.47878000291375e-28,9441.16880197991,9443.25586981823,TRUE,FALSE,2.08706783831622
"Binary continuous predictor","probit","logit",0.949412672373839,0.0124635620775924,0.677677800712465,0.84,0.694713336998391,0.865212926327152,NA,4,"uniformity; dispersion; quantile_fitted; quantile_predictor",2.16744120222595e-19,9182.59532888971,9180.96219852772,FALSE,TRUE,-1.63313036198997
"Binary continuous predictor","probit","logit",0.514027798327909,0.126090301328708,0.247182215985791,0.968,0.355333437604975,0.355433425902406,NA,4,"uniformity; dispersion; quantile_fitted; quantile_predictor",8.73620473803991e-23,9397.1292375723,9401.76122028913,TRUE,FALSE,4.6319827168245
"Binary continuous predictor","probit","logit",0.0927812429587738,0.325138386762468,0.720061606435697,0.624,0.493531048643885,0.744316220701066,NA,4,"uniformity; dispersion; quantile_fitted; quantile_predictor",7.69228311674358e-24,9475.08434701958,9484.96859843528,TRUE,FALSE,9.88425141570588
"Binary continuous predictor","probit","logit",0.0405870892321793,-0.391295119552981,0.342694204086038,0.768,0.523306190020686,0.49153862755206,NA,4,"uniformity; dispersion; quantile_fitted; quantile_predictor",6.40180900246275e-21,9593.1661791336,9594.23436197862,TRUE,FALSE,1.06818284502333
"Binary continuous predictor","probit","logit",0.121774067761568,0.29544159742763,0.951747165816034,0.632,0.98790349230599,0.973865232907723,NA,4,"uniformity; dispersion; quantile_fitted; quantile_predictor",8.34494161069662e-27,9638.15006570887,9645.60504784384,TRUE,FALSE,7.45498213497194
"Binary continuous predictor","probit","logit",0.346249639807226,-0.180916978125824,0.79318181991059,0.792,0.790229695347492,0.319708833676984,NA,4,"uniformity; dispersion; quantile_fitted; quantile_predictor",1.33958828230692e-21,9482.88029503411,9486.2090107112,TRUE,FALSE,3.32871567708753
"Binary continuous predictor","probit","logit",0.376650491881923,-0.166523503573276,0.790113269522645,0.936,0.935794651366112,0.787975793407768,NA,4,"uniformity; dispersion; quantile_fitted; quantile_predictor",2.99842010382369e-24,9733.59568014587,9736.40345756423,TRUE,FALSE,2.80777741836209
"Binary continuous predictor","probit","logit",0.777977625022199,-0.0548542136238543,0.237509923366303,0.864,0.533945738303887,0.533175267900693,NA,4,"uniformity; dispersion; quantile_fitted; quantile_predictor",3.11779452452337e-11,9372.64519499121,9379.96426405365,TRUE,FALSE,7.31906906244512
"Binary continuous predictor","probit","logit",0.0503058041285101,0.372537352115814,0.730147545280471,0.952,0.846565151857041,0.776435650389171,NA,4,"uniformity; dispersion; quantile_fitted; quantile_predictor",3.73842774704012e-15,9680.07392482655,9682.06924524101,TRUE,FALSE,1.99532041445309
"Binary continuous predictor","probit","logit",0.484007244959905,0.136682419236066,0.725790005636946,0.92,0.908942098541057,0.637842465920509,NA,4,"uniformity; dispersion; quantile_fitted; quantile_predictor",3.61383341053911e-14,9325.52555580759,9331.87125866883,TRUE,FALSE,6.34570286124108
"Binary continuous predictor","probit","logit",0.738661087416266,0.0645610518879551,0.1278065048823,0.872,0.63861434783521,0.634444397885624,NA,4,"uniformity; dispersion; quantile_fitted; quantile_predictor",6.6312373504402e-12,9513.39219704043,9520.36978158913,TRUE,FALSE,6.97758454870382
"Binary continuous predictor","probit","logit",0.64779964709434,0.0862873779847744,0.475399316717897,0.736,0.251147195534634,0.136153195949741,NA,4,"uniformity; dispersion; quantile_fitted; quantile_predictor",7.28325854851858e-23,9643.55215046942,9651.35268643818,TRUE,FALSE,7.80053596876314
"Binary continuous predictor","probit","logit",0.111956009323458,0.309544964813764,0.851365159987158,0.928,0.984065573521732,0.995946794206708,NA,4,"uniformity; dispersion; quantile_fitted; quantile_predictor",4.36681973535615e-16,9350.62424754087,9351.39294041707,TRUE,FALSE,0.768692876197747
"Binary continuous predictor","probit","logit",0.879057747683456,0.029868835277443,0.786967550046501,0.84,0.928986567362281,0.928551447287496,NA,4,"uniformity; dispersion; quantile_fitted; quantile_predictor",3.15789062372726e-36,9308.17666353889,9315.21588056112,TRUE,FALSE,7.03921702222942
"Binary continuous predictor","probit","logit",0.461312068769305,-0.143842224702947,0.338842241779323,0.768,0.605927748736609,0.605157713781141,NA,4,"uniformity; dispersion; quantile_fitted; quantile_predictor",1.62880056688743e-16,9284.618637421,9285.13687142725,TRUE,FALSE,0.518234006252897
"Binary continuous predictor","probit","logit",0.284157246066716,-0.205087752730394,0.945321752896973,0.704,0.780854591855662,0.953650918471501,NA,4,"uniformity; dispersion; quantile_fitted; quantile_predictor",1.28119251157938e-26,9543.06196877148,9549.24810665623,TRUE,FALSE,6.18613788474249
"Binary continuous predictor","probit","logit",0.299812542965821,0.194954312695947,0.672655656875385,0.984,0.511539322172232,0.927616601975945,NA,4,"uniformity; dispersion; quantile_fitted; quantile_predictor",1.44772889364709e-13,9660.06134041358,9663.71918140994,TRUE,FALSE,3.65784099636585
"Binary continuous predictor","probit","logit",0.839063199347765,-0.0396254643777422,0.507431242611321,0.744,0.569648739336001,0.155172628523046,NA,4,"uniformity; dispersion; quantile_fitted; quantile_predictor",8.1722700476749e-17,9290.84608304119,9291.04771265901,TRUE,FALSE,0.201629617817161
"Binary continuous predictor","probit","logit",0.699029770140015,0.0759600154855845,0.625967927310006,0.608,0.872656676452601,0.888013032588722,NA,4,"uniformity; dispersion; quantile_fitted; quantile_predictor",1.12341318700007e-35,9369.09726888522,9379.74995620026,TRUE,FALSE,10.6526873150433
"Binary continuous predictor","probit","logit",0.919876063614808,0.0193070477362558,0.576221002711742,0.864,0.586621836259105,0.848362951003648,NA,4,"uniformity; dispersion; quantile_fitted; quantile_predictor",1.10638621690961e-21,9574.35876999207,9578.14044712003,TRUE,FALSE,3.78167712796858
"Binary continuous predictor","probit","logit",0.904830925519778,0.0228469090744686,0.942071905919602,0.896,0.989367299478791,0.871760294059846,NA,4,"uniformity; dispersion; quantile_fitted; quantile_predictor",4.00549224175909e-20,9716.57303772672,9720.33791814277,TRUE,FALSE,3.76488041605626
"Binary continuous predictor","probit","logit",0.033263854352658,-0.41263166570684,0.229741693335953,0.824,0.39924606424452,0.598023703241228,NA,4,"uniformity; dispersion; quantile_fitted; quantile_predictor",4.93696187191087e-28,9288.27823801005,9292.70764133868,TRUE,FALSE,4.42940332863691
"Binary continuous predictor","probit","logit",0.504305634442207,0.12711098869831,0.597260867722864,0.96,0.952123052435447,0.679601978944029,NA,4,"uniformity; dispersion; quantile_fitted; quantile_predictor",2.01295012275152e-22,9650.01152840151,9654.17497783584,TRUE,FALSE,4.16344943432705
"Binary continuous predictor","probit","logit",0.035521954238015,0.403453623133668,0.99967462072392,0.792,0.983061230531844,0.965191704369773,NA,4,"uniformity; dispersion; quantile_fitted; quantile_predictor",3.0279195193539e-34,9443.19974461019,9449.8400846633,TRUE,FALSE,6.6403400531126
"Binary continuous predictor","probit","logit",0.0797403439020164,0.337894471511294,0.554317702963491,0.864,0.560202383776656,0.688786769373195,NA,4,"uniformity; dispersion; quantile_fitted; quantile_predictor",2.6792649373424e-15,9522.58271257263,9524.85920378389,TRUE,FALSE,2.27649121125796
"Binary continuous predictor","probit","logit",0.394856722676859,-0.160292864097852,0.152961422910363,1,0.550638300791347,0.5383686296167,NA,4,"uniformity; dispersion; quantile_fitted; quantile_predictor",5.18921026978322e-25,9664.75108847584,9668.6170350438,TRUE,FALSE,3.86594656795387
"Binary continuous predictor","probit","logit",0.377748804951304,0.164586673507628,0.95313317964186,0.904,0.993298732522662,0.909115486469978,NA,4,"uniformity; dispersion; quantile_fitted; quantile_predictor",1.67482904598623e-21,9708.94294315511,9718.08499890495,TRUE,FALSE,9.14205574983316
"Binary continuous predictor","probit","logit",0.090380758416739,0.323487314692244,0.608564857675594,0.936,0.687512250916097,0.949449987773482,NA,4,"uniformity; dispersion; quantile_fitted; quantile_predictor",1.15338996886034e-08,9590.19194346347,9592.91316795972,TRUE,FALSE,2.72122449625022
"Binary continuous predictor","probit","logit",0.486434533729625,0.134816701870453,0.905650539405908,0.896,0.486138415718205,0.297048347954191,NA,4,"uniformity; dispersion; quantile_fitted; quantile_predictor",8.4145375119112e-27,9467.59864791063,9474.58842613386,TRUE,FALSE,6.98977822323104
"Binary continuous predictor","probit","logit",0.267976488111344,0.223590120088642,0.859659714498728,0.912,0.937494039945434,0.822849763246049,NA,4,"uniformity; dispersion; quantile_fitted; quantile_predictor",1.6013250598709e-21,9098.05048727799,9097.27085706522,FALSE,TRUE,-0.779630212779011
"Binary continuous predictor","probit","logit",0.795279973665421,-0.049597190430105,0.821358673965206,0.912,0.795252850391773,0.68327706539017,NA,4,"uniformity; dispersion; quantile_fitted; quantile_predictor",5.63546219560295e-27,9532.58810728934,9540.50157122155,TRUE,FALSE,7.91346393221647
"Binary continuous predictor","probit","logit",0.606354881441069,-0.0976398079801564,0.414764163880308,0.816,0.975077161967879,0.601364761979485,NA,4,"uniformity; dispersion; quantile_fitted; quantile_predictor",1.84083844953587e-29,9542.55447510693,9547.71467403024,TRUE,FALSE,5.16019892330951
"Binary continuous predictor","probit","logit",0.72094702677536,0.0687788326977719,0.540586956648175,0.888,0.83378585977202,0.823875456135822,NA,4,"uniformity; dispersion; quantile_fitted; quantile_predictor",5.77891670906228e-14,9438.128874433,9443.59791130823,TRUE,FALSE,5.46903687522536
"Binary continuous predictor","probit","logit",0.419315357056917,0.151962284938208,0.519051536074374,0.696,0.695313259344582,0.540014345736505,NA,4,"uniformity; dispersion; quantile_fitted; quantile_predictor",1.15711152543688e-30,9654.49022153637,9662.79040115888,TRUE,FALSE,8.30017962251259
"Binary continuous predictor","probit","logit",0.453685462581404,0.14172108291683,0.965999595949264,0.568,0.209729912329101,0.587638155833212,NA,4,"uniformity; dispersion; quantile_fitted; quantile_predictor",2.20419221159355e-24,9639.50479808611,9648.52699488218,TRUE,FALSE,9.02219679606424
"Binary continuous predictor","probit","logit",0.683998908689327,0.0782230600245161,0.793400329546334,0.824,0.1210132111119,0.58101973650553,NA,4,"uniformity; dispersion; quantile_fitted; quantile_predictor",5.20089277590752e-18,9580.97738683195,9589.32448617498,TRUE,FALSE,8.34709934302737
"Binary continuous predictor","probit","logit",0.370212576301679,0.169346333311198,0.193809686527714,0.728,0.300893211487763,0.741711598319841,NA,4,"uniformity; dispersion; quantile_fitted; quantile_predictor",7.98916659636422e-27,9588.08742526915,9594.19678670244,TRUE,FALSE,6.10936143328763
"Binary continuous predictor","probit","logit",0.22716753880715,0.236343339014032,0.67985367475899,0.76,0.520059962129304,0.483738415360049,NA,4,"uniformity; dispersion; quantile_fitted; quantile_predictor",1.25790652822252e-21,9258.50684998124,9259.90745841175,TRUE,FALSE,1.40060843050378
"Binary continuous predictor","probit","logit",0.419463246811741,-0.158123834160129,0.938319253029902,0.808,0.884510310349961,0.770904819182225,NA,4,"uniformity; dispersion; quantile_fitted; quantile_predictor",8.68605102066961e-39,9362.5279170298,9370.50107780811,TRUE,FALSE,7.97316077831238
"Binary continuous predictor","probit","logit",0.0363538484549263,0.413467577544737,0.364348618330052,0.64,0.987383673493344,0.741502967624517,NA,4,"uniformity; dispersion; quantile_fitted; quantile_predictor",1.57235089812184e-25,9280.83662878763,9290.19189564064,TRUE,FALSE,9.35526685301011
"Binary continuous predictor","probit","logit",0.784311636567228,0.0535065687360585,0.967441122585439,0.744,0.859010058001751,0.825339942075787,NA,4,"uniformity; dispersion; quantile_fitted; quantile_predictor",6.86580178030238e-27,9359.24120419696,9368.88403235663,TRUE,FALSE,9.64282815966362
"Binary continuous predictor","probit","logit",0.942933845701551,0.0139736093557307,0.924988004841393,0.984,0.844591467914456,0.965725222280378,NA,4,"uniformity; dispersion; quantile_fitted; quantile_predictor",3.18898985250637e-17,9361.46506515974,9367.38666581883,TRUE,FALSE,5.92160065908683
"Binary continuous predictor","probit","logit",0.698268319371112,0.0759516918045079,0.706907166975271,0.688,0.561822529388542,0.64030771946733,NA,4,"uniformity; dispersion; quantile_fitted; quantile_predictor",3.71542534099725e-28,9214.72144685107,9219.82875848667,TRUE,FALSE,5.10731163560195
"Binary continuous predictor","probit","logit",0.225904741454441,0.233638799006513,0.603954810554317,0.888,0.591481575548682,0.356686285314692,NA,4,"uniformity; dispersion; quantile_fitted; quantile_predictor",3.23836819580448e-24,9511.34620198959,9522.75775354695,TRUE,FALSE,11.4115515573612
"Binary continuous predictor","probit","logit",0.0246721751917722,0.439232415168056,0.757021415761853,0.736,0.854464859510423,0.843616633181834,NA,4,"uniformity; dispersion; quantile_fitted; quantile_predictor",5.22863883861879e-12,9423.94584764291,9427.50909513488,TRUE,FALSE,3.56324749197665
"Binary continuous predictor","probit","logit",0.365638946117986,-0.176460816782439,0.843132331145108,0.664,0.879640968938685,0.721271055426461,NA,4,"uniformity; dispersion; quantile_fitted; quantile_predictor",5.972981692949e-20,9383.70847750682,9388.40499079135,TRUE,FALSE,4.69651328453256
"Binary continuous predictor","probit","logit",0.94285900749087,0.0136705304037753,0.297125665791374,0.832,0.79276012119701,0.495637479686136,NA,4,"uniformity; dispersion; quantile_fitted; quantile_predictor",8.80893557780408e-21,9569.50743635582,9573.31232467163,TRUE,FALSE,3.80488831580442
"Binary continuous predictor","probit","logit",0.272308382994958,-0.211468378502425,0.949936616477674,0.672,0.943203974891705,0.942031070390078,NA,4,"uniformity; dispersion; quantile_fitted; quantile_predictor",1.70589282368253e-23,9494.80472325572,9500.19206050016,TRUE,FALSE,5.38733724443773
"Binary continuous predictor","probit","logit",0.133898611584389,0.296982140134364,0.67903968268627,0.936,0.909286296158107,0.359855758078074,NA,4,"uniformity; dispersion; quantile_fitted; quantile_predictor",3.43172572410347e-22,9255.45736283284,9266.35225820249,TRUE,FALSE,10.8948953696581
"Binary continuous predictor","probit","logit",0.49052955325357,0.132608901042359,0.212798362221171,0.928,0.661646473323144,0.536688378517278,NA,4,"uniformity; dispersion; quantile_fitted; quantile_predictor",2.10883496504053e-22,9482.84407038441,9486.91119415636,TRUE,FALSE,4.06712377195436
"Binary continuous predictor","probit","logit",0.602077432450277,0.0991675911458225,0.204163227334581,0.936,0.610134746304234,0.630722666989948,NA,4,"uniformity; dispersion; quantile_fitted; quantile_predictor",7.62635495510465e-17,9661.21533209165,9663.93881569156,TRUE,FALSE,2.7234835999152
"Binary continuous predictor","probit","logit",0.408272638417541,0.1600110027883,0.501490529865285,0.768,0.384791127726497,0.772263826890182,NA,4,"uniformity; dispersion; quantile_fitted; quantile_predictor",2.37414599972954e-16,9427.94391579631,9434.05856438608,TRUE,FALSE,6.11464858976433
"Binary continuous predictor","probit","logit",0.0891523024101766,0.326576633300857,0.285096500291427,0.96,0.644626668358759,0.447312832043266,NA,4,"uniformity; dispersion; quantile_fitted; quantile_predictor",1.58350782412949e-20,9428.92050877668,9433.5765309224,TRUE,FALSE,4.65602214572209
"Binary continuous predictor","probit","logit",0.494983050055239,-0.131273222757439,0.604895533709072,0.976,0.604204728638697,0.508381511689166,NA,4,"uniformity; dispersion; quantile_fitted; quantile_predictor",2.43825351471912e-21,9358.86362579123,9361.46450565985,TRUE,FALSE,2.60087986861618
"Binary continuous predictor","probit","logit",0.661484358224809,-0.0873071289111783,0.88277673966771,0.824,0.722224159386354,0.662886462219703,NA,4,"uniformity; dispersion; quantile_fitted; quantile_predictor",7.0074898299302e-21,9161.05482829957,9164.33266088522,TRUE,FALSE,3.2778325856525
"Binary continuous predictor","probit","logit",0.817641802597482,0.0441704937580524,0.471258729821891,0.848,0.761436227219178,0.890420123438215,NA,4,"uniformity; dispersion; quantile_fitted; quantile_predictor",5.96302799924554e-24,9384.94609472112,9390.63391017099,TRUE,FALSE,5.68781544986996
"Binary continuous predictor","probit","logit",0.145390903823334,0.283945617580808,0.75314658586986,0.776,0.250333613645421,0.593494597933144,NA,4,"uniformity; dispersion; quantile_fitted; quantile_predictor",3.19209792079677e-16,9396.05012615933,9402.58002327689,TRUE,FALSE,6.52989711755617
"Binary continuous predictor","probit","logit",0.54842470924874,0.115751378326262,0.691419915624583,0.952,0.819189613457259,0.332349015576974,NA,4,"uniformity; dispersion; quantile_fitted; quantile_predictor",2.82575068501561e-20,9388.21301000435,9395.76399733782,TRUE,FALSE,7.55098733347222
"Binary continuous predictor","probit","logit",0.465834986350049,-0.144698486169213,0.481239638461533,0.784,0.724834256797679,0.479981231558685,NA,4,"uniformity; dispersion; quantile_fitted; quantile_predictor",2.88402417307463e-17,9269.8443235003,9275.43670796654,TRUE,FALSE,5.59238446623931
"Binary continuous predictor","probit","logit",0.473436707797468,0.133332717672139,0.945246316372646,0.84,0.969557375800053,0.947413627507071,NA,4,"uniformity; dispersion; quantile_fitted; quantile_predictor",5.93155534220728e-13,9717.87126532823,9722.32270099181,TRUE,FALSE,4.45143566357183
"Binary continuous predictor","probit","logit",0.729422903123546,-0.0668536320664951,0.184517725004742,0.976,0.365350426925799,0.564383277661442,NA,4,"uniformity; dispersion; quantile_fitted; quantile_predictor",2.49556714110288e-09,9492.04944881306,9494.14097744092,TRUE,FALSE,2.09152862785959
"Binary continuous predictor","probit","logit",0.808229883397969,-0.046345142778925,0.180690607068881,0.992,0.263566554791102,0.287011116253895,NA,4,"uniformity; dispersion; quantile_fitted; quantile_predictor",9.81211861816865e-14,9434.37841083772,9436.65634536006,TRUE,FALSE,2.27793452233527
"Binary continuous predictor","probit","logit",0.34537178823977,-0.179660287347606,0.357951472003069,0.856,0.54942843191581,0.58894997544593,NA,4,"uniformity; dispersion; quantile_fitted; quantile_predictor",3.09737580293357e-19,9504.95148110392,9513.55150834964,TRUE,FALSE,8.60002724572769
"Binary continuous predictor","probit","logit",0.54448147806295,0.116292259580174,0.145566270308149,0.904,0.759822545702424,0.709305723070024,NA,4,"uniformity; dispersion; quantile_fitted; quantile_predictor",3.08784257212042e-26,9430.43839973937,9435.27257859106,TRUE,FALSE,4.83417885168456
"Binary continuous predictor","probit","logit",0.555726833431528,0.115539555095721,0.791486185299835,0.824,0.998128989469078,0.652876588416048,NA,4,"uniformity; dispersion; quantile_fitted; quantile_predictor",2.08709010764924e-21,9300.12282275407,9300.99636361655,TRUE,FALSE,0.873540862487062
"Binary continuous predictor","probit","logit",0.614935537008188,0.0988369969978007,0.384835383506866,0.824,0.332368544392316,0.136695888532461,NA,4,"uniformity; dispersion; quantile_fitted; quantile_predictor",3.15631549549437e-22,9373.6016007028,9380.48848845076,TRUE,FALSE,6.88688774796719
"Binary continuous predictor","probit","logit",0.0379026984269413,0.40643266189794,0.202044985341502,0.84,0.447337647151446,0.448437680986408,NA,4,"uniformity; dispersion; quantile_fitted; quantile_predictor",3.45008394044737e-23,9505.73814195698,9512.45356299646,TRUE,FALSE,6.71542103947831
"Binary continuous predictor","probit","logit",0.999747840191599,6.07766663444554e-05,0.838819518314762,0.952,0.838051451378886,0.72181059489164,NA,4,"uniformity; dispersion; quantile_fitted; quantile_predictor",1.29563521866529e-11,9537.56319617197,9540.76606763678,TRUE,FALSE,3.20287146480587
"Binary continuous predictor","probit","logit",0.454959139233198,0.139495265687618,0.956686137451907,0.92,0.843718614994736,0.762241062508799,NA,4,"uniformity; dispersion; quantile_fitted; quantile_predictor",4.22977289528324e-10,9756.30324917646,9760.70090880921,TRUE,FALSE,4.39765963275022
"Binary continuous predictor","probit","logit",0.521594478984983,0.119842674670907,0.249236058224111,0.744,0.792803792382641,0.837427568644326,NA,4,"uniformity; dispersion; quantile_fitted; quantile_predictor",1.14706744134414e-30,9697.07158066303,9704.52153999868,TRUE,FALSE,7.44995933564678
"Binary continuous predictor","probit","logit",0.615395540192726,-0.0982150395392891,0.764701396584042,0.76,0.967187769919735,0.572502842976905,NA,4,"uniformity; dispersion; quantile_fitted; quantile_predictor",1.08368516437846e-15,9299.74534490617,9300.02287748635,TRUE,FALSE,0.277532580184925
"Binary continuous predictor","probit","logit",0.57203720578504,-0.105917877430623,0.827385975923003,0.76,0.756325140599532,0.817811228814669,NA,4,"uniformity; dispersion; quantile_fitted; quantile_predictor",2.27856303355971e-30,9664.40113421963,9671.62754977701,TRUE,FALSE,7.22641555737937
"Binary continuous predictor","probit","logit",0.00432812850062776,0.547608910259004,0.542253803820236,0.96,0.25994425482326,0.398144341098373,NA,4,"uniformity; dispersion; quantile_fitted; quantile_predictor",2.05243858472312e-23,9513.2780783868,9516.51092587503,TRUE,FALSE,3.23284748823062
"Binary continuous predictor","probit","logit",0.501338170995941,0.128928290859516,0.813551136638955,0.704,0.600268810119093,0.686295853151011,NA,4,"uniformity; dispersion; quantile_fitted; quantile_predictor",8.32646947965479e-20,9455.14423400276,9463.97944669883,TRUE,FALSE,8.83521269606717
"Binary continuous predictor","probit","logit",0.10297199071341,-0.3079699944944,0.93666167994843,0.976,0.976934460258056,0.105467529876857,NA,4,"uniformity; dispersion; quantile_fitted; quantile_predictor",3.14012289396193e-24,9584.93670939712,9585.97298349366,TRUE,FALSE,1.03627409653745
"Binary continuous predictor","probit","logit",0.137491254840875,0.291031923987691,0.789746944036847,0.792,0.964956608582302,0.945814692774332,NA,4,"uniformity; dispersion; quantile_fitted; quantile_predictor",4.4760841811187e-29,9387.09590845559,9393.20914268257,TRUE,FALSE,6.11323422697387
"Binary continuous predictor","probit","logit",0.87977186222394,0.0294521580623323,0.107741358987353,0.68,0.792305301901137,0.907432173976168,NA,4,"uniformity; dispersion; quantile_fitted; quantile_predictor",5.42468226655862e-23,9504.15516993625,9508.80075810282,TRUE,FALSE,4.6455881665679
"Binary continuous predictor","probit","logit",0.330635066493079,-0.18589434639235,0.862008747945126,0.896,0.795129022957465,0.922657347813258,NA,4,"uniformity; dispersion; quantile_fitted; quantile_predictor",1.43151209103555e-23,9430.96932313154,9435.85057206467,TRUE,FALSE,4.88124893312306
"Binary continuous predictor","probit","logit",0.724335356102873,0.0692138214583784,0.603582066470886,0.912,0.868035141900449,0.677452958172651,NA,4,"uniformity; dispersion; quantile_fitted; quantile_predictor",2.07424320657277e-23,9300.61624027635,9301.02869140491,TRUE,FALSE,0.41245112856268
"Binary continuous predictor","probit","logit",0.344275962277981,0.181647786655095,0.969476048714853,0.816,0.930117305580781,0.791953103704071,NA,4,"uniformity; dispersion; quantile_fitted; quantile_predictor",2.2076786000141e-23,9553.30357810489,9557.84690827222,TRUE,FALSE,4.54333016733108
"Binary continuous predictor","probit","logit",0.125386544473003,0.286423438082829,0.409901580778223,0.968,0.420789099239306,0.344666009893415,NA,4,"uniformity; dispersion; quantile_fitted; quantile_predictor",6.26572850771659e-25,9651.26217422286,9656.94344444945,TRUE,FALSE,5.681270226587
"Binary continuous predictor","probit","logit",0.10061980528819,0.312841460785648,0.628552255391586,0.744,0.845901586676189,0.919224334223458,NA,4,"uniformity; dispersion; quantile_fitted; quantile_predictor",1.45557430154336e-18,9595.00635896939,9597.99943347175,TRUE,FALSE,2.99307450236665
"Binary continuous predictor","probit","logit",0.644911721629976,0.0886020862751757,0.319555632612157,0.92,0.319835076124866,0.3750944639947,NA,4,"uniformity; dispersion; quantile_fitted; quantile_predictor",6.67414205936781e-07,9467.97792009242,9471.72228983314,TRUE,FALSE,3.74436974071978
"Binary continuous predictor","probit","logit",0.171705142872646,0.266722095529858,0.965404198840424,0.904,0.973751906445229,0.936931985010557,NA,4,"uniformity; dispersion; quantile_fitted; quantile_predictor",1.41124038195406e-34,9292.68426614766,9295.03886062581,TRUE,FALSE,2.35459447815265
"Binary continuous predictor","probit","logit",0.924186352043307,0.0179692517222654,0.610000342406427,0.752,0.630351123582156,0.830722430321322,NA,4,"uniformity; dispersion; quantile_fitted; quantile_predictor",1.49977280206276e-20,9721.20983819459,9727.62576081783,TRUE,FALSE,6.41592262324593
"Binary continuous predictor","probit","logit",0.432457869822702,-0.14969877526728,0.901811583237545,0.992,0.347182990705066,0.663597421032285,NA,4,"uniformity; dispersion; quantile_fitted; quantile_predictor",1.04194947776661e-26,9574.99256089028,9581.51519469497,TRUE,FALSE,6.52263380468685
"Binary continuous predictor","probit","logit",0.390136559485537,0.164940268136952,0.709797342203595,0.832,0.549857906677886,0.576774919246942,NA,4,"uniformity; dispersion; quantile_fitted; quantile_predictor",2.34316857669378e-26,9430.51974918904,9435.63367450257,TRUE,FALSE,5.11392531352612
"Binary continuous predictor","probit","logit",0.149851412282769,0.285300449320453,0.779160856794041,0.92,0.256139053417651,0.556512361883268,NA,4,"uniformity; dispersion; quantile_fitted; quantile_predictor",1.04851847905183e-16,9281.86862923096,9283.93352498233,TRUE,FALSE,2.06489575137675
"Binary continuous predictor","probit","logit",0.739398790751635,0.0635289928680845,0.225343608867626,0.856,0.273316630953082,0.241099426470242,NA,4,"uniformity; dispersion; quantile_fitted; quantile_predictor",1.47244829422533e-40,9482.43090053999,9491.16830472816,TRUE,FALSE,8.73740418817215
"Binary continuous predictor","probit","logit",0.461093424646905,-0.141041813811612,0.936533445609305,0.896,0.768001312191326,0.885585414167178,NA,4,"uniformity; dispersion; quantile_fitted; quantile_predictor",2.27028155560615e-28,9504.78413400336,9510.56040360551,TRUE,FALSE,5.77626960215275
"Binary continuous predictor","probit","logit",0.447663661378875,0.142780508216193,0.631311094538262,0.672,0.811720549134748,0.173703530903062,NA,4,"uniformity; dispersion; quantile_fitted; quantile_predictor",4.9081852230548e-26,9608.8371291041,9617.06896741228,TRUE,FALSE,8.23183830817652
"Binary continuous predictor","probit","logit",0.355379820757327,0.174905059794159,0.391686149996492,0.936,0.665090369111256,0.647540521873741,NA,4,"uniformity; dispersion; quantile_fitted; quantile_predictor",3.74106244936423e-30,9628.70854212435,9634.87425921311,TRUE,FALSE,6.16571708875745
"Binary continuous predictor","probit","logit",0.970936498050193,0.00710503080873059,0.282262139431862,0.912,0.328340500368053,0.311757802065567,NA,4,"uniformity; dispersion; quantile_fitted; quantile_predictor",1.20389480356795e-15,9406.63529841148,9413.47082190774,TRUE,FALSE,6.8355234962637
"Binary continuous predictor","probit","logit",0.320667251929615,0.194939574221915,0.847625919343711,0.736,0.951724371338953,0.986294393180003,NA,4,"uniformity; dispersion; quantile_fitted; quantile_predictor",4.265419415722e-32,9210.21445764832,9219.41652061817,TRUE,FALSE,9.20206296984907
"Binary continuous predictor","probit","logit",0.218443436462812,0.23325897987428,0.764849917737678,0.768,0.628752249017844,0.366994831782318,NA,4,"uniformity; dispersion; quantile_fitted; quantile_predictor",9.37534325715097e-34,9566.50504966535,9575.29817190302,TRUE,FALSE,8.79312223767192
"Binary continuous predictor","probit","logit",0.702125105857486,-0.0720657655850315,0.794000013713804,0.744,0.912259437668248,0.82463581690831,NA,4,"uniformity; dispersion; quantile_fitted; quantile_predictor",7.86152327934947e-34,9658.6999918339,9664.61400792299,TRUE,FALSE,5.91401608908745
"Binary continuous predictor","probit","logit",0.987797413593708,-0.00294208527062418,0.263137723127407,0.68,0.3096942719057,0.311750263698826,NA,4,"uniformity; dispersion; quantile_fitted; quantile_predictor",6.31576358322821e-19,9503.67594169746,9511.62457797488,TRUE,FALSE,7.94863627742416
"Binary continuous predictor","probit","logit",0.836905457325541,0.0400630296213217,0.611778395088688,0.768,0.590025360490906,0.817496388046267,NA,4,"uniformity; dispersion; quantile_fitted; quantile_predictor",7.42079949380775e-21,9334.20680189052,9340.25232428871,TRUE,FALSE,6.04552239818622
"Binary continuous predictor","probit","logit",0.163493729164736,0.259940788059627,0.62354576627456,0.768,0.595666680118978,0.854562583661193,NA,4,"uniformity; dispersion; quantile_fitted; quantile_predictor",5.7455601050624e-23,9771.85018078987,9781.64814293119,TRUE,FALSE,9.79796214132148
"Binary continuous predictor","probit","logit",0.868947705389265,0.0332639851280956,0.530448983269477,0.648,0.547987128147425,0.750112131531062,NA,4,"uniformity; dispersion; quantile_fitted; quantile_predictor",3.08464007119616e-30,9093.7323207724,9101.6173055803,TRUE,FALSE,7.8849848079044
"Binary continuous predictor","probit","logit",0.306095675028061,0.195159648714539,0.0305247375210762,0.888,0.136470334794521,0.153677812772323,NA,4,"uniformity; dispersion; quantile_fitted; quantile_predictor",4.76020123231276e-29,9612.7276616683,9617.9685703714,TRUE,FALSE,5.24090870309919
"Binary continuous predictor","probit","logit",0.625975219475052,0.0940068179259181,0.614275919181473,0.864,0.886700690836419,0.431019236150693,NA,4,"uniformity; dispersion; quantile_fitted; quantile_predictor",4.54250359020461e-24,9586.99955696324,9591.19597848425,TRUE,FALSE,4.19642152101005
"Binary continuous predictor","probit","logit",0.303786045535117,-0.198845222416091,0.997683067080678,0.752,0.999142623377604,0.557440418402505,NA,4,"uniformity; dispersion; quantile_fitted; quantile_predictor",8.95814069906949e-22,9434.62825077918,9442.84948999024,TRUE,FALSE,8.2212392110614
"Binary continuous predictor","probit","logit",0.145847151643458,-0.28011385473487,0.809007049509011,0.88,0.817371581560439,0.823722293791425,NA,4,"uniformity; dispersion; quantile_fitted; quantile_predictor",1.31089508187548e-18,9572.75103288646,9574.34062871363,TRUE,FALSE,1.58959582717216
"Binary continuous predictor","probit","logit",0.170592617137999,0.264690337195823,0.625908212990314,0.888,0.501615628028401,0.648868683354857,NA,4,"uniformity; dispersion; quantile_fitted; quantile_predictor",1.27282289359057e-18,9510.06747342596,9515.29167044528,TRUE,FALSE,5.22419701932267
"Binary continuous predictor","probit","logit",0.660833990094382,0.0834134114604221,0.58788227534675,0.984,0.726183849556262,0.581171446243078,NA,4,"uniformity; dispersion; quantile_fitted; quantile_predictor",4.25565375740173e-25,9623.01071758659,9624.57285226097,TRUE,FALSE,1.56213467437738
"Binary continuous predictor","probit","logit",0.370132962844689,-0.170576847158776,0.98839792643065,0.976,0.94135166632778,0.941387948074728,NA,4,"uniformity; dispersion; quantile_fitted; quantile_predictor",2.96206689444549e-16,9513.83667500528,9519.79735401501,TRUE,FALSE,5.96067900973867
"Binary continuous predictor","probit","logit",0.259889745536922,0.217328932335411,0.827615424293971,0.872,0.974927539980826,0.626446112724221,NA,4,"uniformity; dispersion; quantile_fitted; quantile_predictor",2.15699956942169e-19,9551.58354653936,9559.85684390873,TRUE,FALSE,8.27329736936554
"Binary continuous predictor","probit","logit",0.33978188074509,0.185257580185784,0.808060786722342,0.896,0.999930205003184,0.984618293616429,NA,4,"uniformity; dispersion; quantile_fitted; quantile_predictor",4.44913844144905e-24,9395.79105718677,9406.04648489838,TRUE,FALSE,10.2554277116178
"Binary continuous predictor","probit","logit",0.691374149934955,0.07566683250508,0.755770635424046,0.904,0.977850458745111,0.908346763647462,NA,4,"uniformity; dispersion; quantile_fitted; quantile_predictor",7.91352414801588e-16,9402.83574136858,9406.72961865906,TRUE,FALSE,3.89387729047667
"Binary continuous predictor","probit","logit",0.162132573334506,0.27301048391291,0.593009174302832,0.984,0.826299784006467,0.959741028177783,NA,4,"uniformity; dispersion; quantile_fitted; quantile_predictor",1.29663135362205e-12,9245.89778115349,9250.00403093017,TRUE,FALSE,4.1062497766834
"Binary continuous predictor","probit","logit",0.602260123061824,-0.0975070541916963,0.387879232323003,0.952,0.616894853538338,0.621139249949334,NA,4,"uniformity; dispersion; quantile_fitted; quantile_predictor",3.1080765187055e-22,9804.19472630765,9810.72213823836,TRUE,FALSE,6.52741193070324
"Binary continuous predictor","probit","logit",0.867339947460424,-0.0318341255976792,0.997043397937203,0.904,0.850317977126295,0.961244912416147,NA,4,"uniformity; dispersion; quantile_fitted; quantile_predictor",2.73554071492805e-21,9473.24520737186,9485.49815335545,TRUE,FALSE,12.2529459835896
"Binary continuous predictor","probit","logit",0.720761562413941,0.0665905327833671,0.548346239328189,0.936,0.647237071366947,0.646595913313846,NA,4,"uniformity; dispersion; quantile_fitted; quantile_predictor",2.47589751634526e-14,9719.23914352547,9721.0732954393,TRUE,FALSE,1.83415191382846
"Binary continuous predictor","probit","logit",0.701672712366298,0.0723450682978101,0.262827473460442,0.96,0.255316546321016,0.505914931884563,NA,4,"uniformity; dispersion; quantile_fitted; quantile_predictor",1.02725962244156e-16,9601.86627688389,9598.22232042424,FALSE,TRUE,-3.64395645965305
"Binary continuous predictor","probit","logit",0.176115650159353,0.250478560223853,0.438715318906176,0.752,0.548735825064659,0.788031590904319,NA,4,"uniformity; dispersion; quantile_fitted; quantile_predictor",2.43556628078431e-22,9951.69702281539,9953.97373065457,TRUE,FALSE,2.2767078391862
"Binary continuous predictor","probit","logit",0.761385041609816,-0.0576660971578696,0.871215514552003,0.816,0.839906855110528,0.653967444442555,NA,4,"uniformity; dispersion; quantile_fitted; quantile_predictor",6.67157197714666e-30,9560.2110961876,9565.17872103943,TRUE,FALSE,4.96762485183353
"Binary continuous predictor","probit","logit",0.118859109985081,0.281399560065093,0.696906148240161,0.984,0.88736621902937,0.531090528621742,NA,4,"uniformity; dispersion; quantile_fitted; quantile_predictor",2.83341797105638e-24,10136.4847263856,10140.254145711,TRUE,FALSE,3.76941932534646
"Binary continuous predictor","probit","logit",0.465064406517892,-0.140597003400859,0.4749683179353,0.584,0.858426434806972,0.167046855771367,NA,4,"uniformity; dispersion; quantile_fitted; quantile_predictor",8.132572845974e-36,9448.15584593146,9455.75529010191,TRUE,FALSE,7.59944417045335
"Binary continuous predictor","probit","logit",0.839409002227634,0.0382770411093467,0.634117456429462,0.832,0.65207634539664,0.721136141018807,NA,4,"uniformity; dispersion; quantile_fitted; quantile_predictor",2.31705991705395e-27,9634.20708154027,9638.02424729392,TRUE,FALSE,3.81716575365135
"Binary continuous predictor","probit","logit",0.0187646031983106,0.461276158223913,0.894561083498786,0.912,0.924102621705729,0.955358622957696,NA,4,"uniformity; dispersion; quantile_fitted; quantile_predictor",8.40554895170381e-21,9342.13595907627,9346.99693992238,TRUE,FALSE,4.86098084611149
"Binary continuous predictor","probit","logit",0.278780582431756,0.203648758162156,0.621500165948406,0.952,0.865677656535037,0.78142333779842,NA,4,"uniformity; dispersion; quantile_fitted; quantile_predictor",5.31838193179741e-25,9682.6588484572,9685.94967786832,TRUE,FALSE,3.29082941112756
"Binary continuous predictor","probit","logit",0.16833177643849,0.25960872431524,0.885062090401124,0.968,0.944593136866139,0.992264854922555,NA,4,"uniformity; dispersion; quantile_fitted; quantile_predictor",3.25210929926587e-24,9680.47679357967,9684.83412175635,TRUE,FALSE,4.35732817667849
"Binary continuous predictor","probit","logit",0.734042158738452,0.0660293501305237,0.956884428653233,0.888,0.505911203735018,0.922219319189715,NA,4,"uniformity; dispersion; quantile_fitted; quantile_predictor",2.43338534261379e-18,9442.04979625728,9447.57653240331,TRUE,FALSE,5.52673614602099
"Binary continuous predictor","probit","logit",0.620212247440139,0.0949369423335111,0.388234257186544,0.808,0.584468788991276,0.545259475923735,NA,4,"uniformity; dispersion; quantile_fitted; quantile_predictor",4.04926638438964e-17,9521.72827741856,9524.67372553046,TRUE,FALSE,2.94544811189735
"Binary continuous predictor","probit","logit",0.2832097119912,0.204020961781772,0.637780050082655,0.856,0.744728701690029,0.900700780113874,NA,4,"uniformity; dispersion; quantile_fitted; quantile_predictor",6.85362241079856e-17,9596.11203856685,9599.29248188378,TRUE,FALSE,3.1804433169309
"Binary continuous predictor","probit","logit",0.206680601966108,0.256808550801983,0.947521171676138,0.848,0.834733724233515,0.944046757253313,NA,4,"uniformity; dispersion; quantile_fitted; quantile_predictor",2.62931114096688e-16,8950.44578720694,8959.09858950437,TRUE,FALSE,8.65280229743257
"Binary continuous predictor","probit","logit",0.798999527961576,-0.0487320291523258,0.817300251559094,0.88,0.984015715301832,0.994575135108751,NA,4,"uniformity; dispersion; quantile_fitted; quantile_predictor",4.6882177220653e-30,9477.72740360354,9484.77839728484,TRUE,FALSE,7.05099368130323
"Binary continuous predictor","probit","logit",0.70494862635457,-0.0743355655308815,0.349083456516818,0.984,0.910248808236775,0.460890588680278,NA,4,"uniformity; dispersion; quantile_fitted; quantile_predictor",1.11234881478776e-21,9255.81185847779,9260.30341798682,TRUE,FALSE,4.49155950902605
"Binary continuous predictor","probit","logit",0.175737978955287,0.256253263700935,0.804230505867696,0.704,0.84885559815785,0.877651978721892,NA,4,"uniformity; dispersion; quantile_fitted; quantile_predictor",1.84418377715228e-18,9660.92000562247,9665.28179245929,TRUE,FALSE,4.36178683681828
"Binary continuous predictor","probit","logit",0.200010752502589,0.24820976060165,0.937530217402679,0.984,0.980863734144136,0.80989607299935,NA,4,"uniformity; dispersion; quantile_fitted; quantile_predictor",5.43695637176595e-26,9418.4242447773,9425.07298708396,TRUE,FALSE,6.64874230665009
"Binary continuous predictor","probit","logit",0.956398504255989,-0.0106097757147967,0.233510402080831,0.92,0.310437186023324,0.239777332914399,NA,4,"uniformity; dispersion; quantile_fitted; quantile_predictor",1.14173894283106e-20,9366.6861620235,9369.8146990611,TRUE,FALSE,3.12853703759356
"Binary continuous predictor","probit","logit",0.0842630778117466,0.341786284276901,0.376188294631724,0.728,0.734003398224476,0.689614406550669,NA,4,"uniformity; dispersion; quantile_fitted; quantile_predictor",2.53261936160845e-23,9310.58865669479,9320.93749570687,TRUE,FALSE,10.348839012082
"Binary continuous predictor","probit","logit",0.604636630706211,0.10026323116717,0.701166628501694,0.656,0.494317603156533,0.0479427016170094,NA,4,"uniformity; dispersion; quantile_fitted; quantile_predictor",8.40678627529104e-23,9471.69558365183,9475.84455863147,TRUE,FALSE,4.14897497964375
"Binary continuous predictor","probit","logit",0.063134816118599,0.362606662747107,0.887950659601842,0.96,0.824104606267091,0.738972078144086,NA,4,"uniformity; dispersion; quantile_fitted; quantile_predictor",1.91807913939723e-09,9472.09927865311,9475.19092574336,TRUE,FALSE,3.09164709024844
"Binary continuous predictor","probit","logit",0.435352042293514,0.150027255006343,0.435113173629121,0.944,0.939328924637833,0.685514603582496,NA,4,"uniformity; dispersion; quantile_fitted; quantile_predictor",5.90058130681499e-19,9512.30259366334,9513.50819891013,TRUE,FALSE,1.20560524678876
"Binary continuous predictor","probit","logit",0.668884930377836,0.0849794597879159,0.45260838168244,0.944,0.885507625169924,0.877925686189741,NA,4,"uniformity; dispersion; quantile_fitted; quantile_predictor",8.61317143235483e-15,9179.99595490079,9178.7538532411,FALSE,TRUE,-1.24210165968543
"Binary continuous predictor","probit","logit",0.982753005377082,-0.00425929321855707,0.946855374525905,0.904,0.992405458676535,0.872502574635714,NA,4,"uniformity; dispersion; quantile_fitted; quantile_predictor",5.07961393930244e-23,9335.84556986693,9344.37950910168,TRUE,FALSE,8.53393923474505
"Binary continuous predictor","probit","logit",0.839540483876839,0.038485133997904,0.97984855442031,0.856,0.972038597743107,0.921023058453178,NA,4,"uniformity; dispersion; quantile_fitted; quantile_predictor",1.8063085311958e-11,9548.002879915,9554.29474659246,TRUE,FALSE,6.29186667746217
"Binary continuous predictor","probit","logit",0.0765971730918867,-0.33659118225505,0.560434714646004,0.968,0.699587046316842,0.851295978405157,NA,4,"uniformity; dispersion; quantile_fitted; quantile_predictor",2.34962200445357e-18,9529.30178774585,9536.2110329965,TRUE,FALSE,6.90924525065384
"Binary continuous predictor","probit","logit",0.856498267364458,0.0334106761596502,0.188012616475956,0.904,0.987348689759699,0.994319373407884,NA,4,"uniformity; dispersion; quantile_fitted; quantile_predictor",4.84743753399281e-15,9778.32730748862,9785.96657748113,TRUE,FALSE,7.63926999251271
"Binary continuous predictor","probit","logit",0.0932277788135355,0.324406871496674,0.136602169349601,0.88,0.442352222061168,0.294756052086861,NA,4,"uniformity; dispersion; quantile_fitted; quantile_predictor",3.63004814957096e-26,9425.65206219736,9433.56521561216,TRUE,FALSE,7.91315341480731
"Binary continuous predictor","probit","logit",0.278787361253171,-0.201574314800882,0.38852996431465,0.84,0.990503618866309,0.976668772328271,NA,4,"uniformity; dispersion; quantile_fitted; quantile_predictor",1.09335124228683e-26,9750.32892953345,9757.29557880359,TRUE,FALSE,6.96664927014172
"Binary continuous predictor","probit","logit",0.411802710581896,-0.1561862181229,0.934528877143558,0.816,0.911523731112603,0.990188035243253,NA,4,"uniformity; dispersion; quantile_fitted; quantile_predictor",1.92992670998441e-20,9552.68388571119,9559.27038216882,TRUE,FALSE,6.58649645763762
"Binary continuous predictor","probit","logit",0.643788898734963,-0.0881840729085699,0.495976089536252,0.68,0.794733648669364,0.333510726478027,NA,4,"uniformity; dispersion; quantile_fitted; quantile_predictor",4.77889365171543e-22,9598.61786781363,9604.96904638116,TRUE,FALSE,6.35117856753277
"Binary continuous predictor","probit","logit",0.489631770980237,0.133790584158401,0.933081082171788,0.688,0.830706078018673,0.830577775724299,NA,4,"uniformity; dispersion; quantile_fitted; quantile_predictor",6.67745331329714e-20,9348.37157976145,9352.92939773231,TRUE,FALSE,4.55781797086638
"Binary continuous predictor","probit","logit",0.804618025497288,0.0490475782030264,0.626827320088867,0.848,0.842598662339369,0.920155450626496,NA,4,"uniformity; dispersion; quantile_fitted; quantile_predictor",5.63053011511936e-13,9078.28421078342,9080.14590608414,TRUE,FALSE,1.86169530071493
"Binary continuous predictor","probit","logit",0.859132350662292,-0.0347499479821042,0.788894987698961,0.968,0.494599385234602,0.994415854667288,NA,4,"uniformity; dispersion; quantile_fitted; quantile_predictor",8.28653628144238e-19,9307.01822082915,9307.32554055062,TRUE,FALSE,0.307319721470776
"Binary continuous predictor","probit","logit",0.666323026295258,-0.0838803403775009,0.901093634831935,0.768,0.552677011650676,0.936028153372361,NA,4,"uniformity; dispersion; quantile_fitted; quantile_predictor",2.24606034350052e-32,9316.34133699112,9324.78143107464,TRUE,FALSE,8.44009408352213
"Binary continuous predictor","probit","logit",0.599191192943086,-0.0979494976994182,0.701741506592896,0.944,0.968651554147455,0.968663483410332,NA,4,"uniformity; dispersion; quantile_fitted; quantile_predictor",1.30462356200443e-17,9911.29296715737,9915.01555211568,TRUE,FALSE,3.72258495830101
"Binary continuous predictor","probit","logit",0.538274951556552,-0.119514300004198,0.947809953165591,0.84,0.929615528281029,0.701849384964193,NA,4,"uniformity; dispersion; quantile_fitted; quantile_predictor",1.16147374390109e-13,9373.46616651625,9379.00075589976,TRUE,FALSE,5.53458938350923
"Binary continuous predictor","probit","logit",0.138865672865127,0.283509537708117,0.658758227757635,0.968,0.692086125382753,0.381236469168262,NA,4,"uniformity; dispersion; quantile_fitted; quantile_predictor",1.33424840247778e-26,9588.01745527181,9591.01697974783,TRUE,FALSE,2.99952447601754
"Binary continuous predictor","probit","logit",0.415544518967912,0.161754091527173,0.765995198324092,0.936,0.521456089554531,0.295017182653667,NA,4,"uniformity; dispersion; quantile_fitted; quantile_predictor",4.7029109930524e-21,9157.846411248,9166.38022617215,TRUE,FALSE,8.53381492414519
"Binary continuous predictor","probit","logit",0.722196413775537,-0.0697403223967053,0.229949793064022,0.856,0.789746243344053,0.39494766711684,NA,4,"uniformity; dispersion; quantile_fitted; quantile_predictor",2.214263844725e-10,9396.23872005985,9394.83192438226,FALSE,TRUE,-1.40679567758707
"Binary continuous predictor","probit","logit",0.0250371478394301,0.430212187291982,0.174867215071766,0.68,0.988271443828802,0.752600296316346,NA,4,"uniformity; dispersion; quantile_fitted; quantile_predictor",3.28343660841275e-22,9616.94366427054,9622.52915014995,TRUE,FALSE,5.58548587941914
"Binary continuous predictor","probit","logit",0.202614478311711,0.241164930637068,0.571032651764831,0.56,0.804757842792534,0.432397192303361,NA,4,"uniformity; dispersion; quantile_fitted; quantile_predictor",1.3814914620492e-13,9623.2997472269,9627.23880205818,TRUE,FALSE,3.93905483127674
"Binary continuous predictor","probit","logit",0.0538285717915245,0.364078487639659,0.623098284838002,0.84,0.365981992188946,0.732603633159016,NA,4,"uniformity; dispersion; quantile_fitted; quantile_predictor",8.02219470988655e-16,9680.62088021706,9681.63802379575,TRUE,FALSE,1.01714357869059
"Binary continuous predictor","probit","logit",0.591552337311372,0.106208224744485,0.731457055092231,0.736,0.748533512827671,0.638158761980687,NA,4,"uniformity; dispersion; quantile_fitted; quantile_predictor",2.12096683507421e-31,9219.17209835188,9227.30237922919,TRUE,FALSE,8.13028087731436
"Binary continuous predictor","probit","logit",0.159912520297701,0.271923648469573,0.865390090858176,0.888,0.756677008027218,0.160795730779565,NA,4,"uniformity; dispersion; quantile_fitted; quantile_predictor",2.50808798085557e-24,9461.17855382346,9462.64472481164,TRUE,FALSE,1.46617098818024
"Binary continuous predictor","probit","logit",0.0854246527791197,0.337244243916468,0.376513594538902,0.632,0.39448419723452,0.484649359332967,NA,4,"uniformity; dispersion; quantile_fitted; quantile_predictor",4.4172800281425e-30,9412.24373898763,9425.06515160362,TRUE,FALSE,12.8214126159946
"Binary continuous predictor","probit","logit",0.264948268880977,0.217769518540525,0.161750351306213,0.856,0.257349521107766,0.256205986206777,NA,4,"uniformity; dispersion; quantile_fitted; quantile_predictor",2.21708814244106e-22,9372.28158949296,9377.5731358408,TRUE,FALSE,5.29154634783845
"Binary continuous predictor","probit","logit",0.317144299118621,0.194166609240737,0.307174064876245,0.696,0.529889396048542,0.40486658405753,NA,4,"uniformity; dispersion; quantile_fitted; quantile_predictor",1.4113982009355e-24,9369.8632896869,9376.17438103006,TRUE,FALSE,6.31109134315921
"Binary continuous predictor","probit","logit",0.896735354610939,-0.0249531766385452,0.675878637428177,0.64,0.985189860904205,0.688837521471082,NA,4,"uniformity; dispersion; quantile_fitted; quantile_predictor",4.02952727091415e-39,9468.20473295821,9477.76838013308,TRUE,FALSE,9.56364717487486
"Binary continuous predictor","probit","logit",0.678246108606299,0.0788915489007499,0.495563406796962,0.728,0.987301613084388,0.987360238958755,NA,4,"uniformity; dispersion; quantile_fitted; quantile_predictor",2.39330167920654e-21,9572.52011485246,9576.2785902465,TRUE,FALSE,3.75847539403549
"Binary continuous predictor","probit","logit",0.373547740057373,0.174705596993732,0.338785065654849,0.752,0.71067571525809,0.307137422952676,NA,4,"uniformity; dispersion; quantile_fitted; quantile_predictor",8.0918836264975e-26,9341.3715200819,9351.21437399194,TRUE,FALSE,9.84285391004232
"Binary continuous predictor","probit","logit",0.975765612128023,-0.0057546878064065,0.80391395578357,0.864,0.997066910731877,0.888008831974393,NA,4,"uniformity; dispersion; quantile_fitted; quantile_predictor",1.59538690893738e-20,9561.78858561442,9571.26533745879,TRUE,FALSE,9.47675184437321
"Binary continuous predictor","probit","logit",0.176853368717991,0.260563125184566,0.697504078990621,0.984,0.779620703393193,0.784695315905498,NA,4,"uniformity; dispersion; quantile_fitted; quantile_predictor",2.52627256557624e-14,9526.62323015465,9532.67825197817,TRUE,FALSE,6.05502182351483
"Binary continuous predictor","probit","logit",0.210419759381726,0.243841600400572,0.232487651983132,0.92,0.545584882509564,0.502386524902065,NA,4,"uniformity; dispersion; quantile_fitted; quantile_predictor",1.43190608818863e-18,9394.82628368927,9395.23884628397,TRUE,FALSE,0.412562594692645
"Binary continuous predictor","probit","logit",0.0379601026635946,0.402207105569399,0.417252529450651,0.864,0.979188799901562,0.873066278136136,NA,4,"uniformity; dispersion; quantile_fitted; quantile_predictor",3.03330964233457e-15,9632.62367696084,9635.62038235248,TRUE,FALSE,2.99670539163162
"Binary continuous predictor","probit","logit",0.500814412547109,-0.128087029686115,0.95453853200665,0.984,0.709026473444667,0.496025221267862,NA,4,"uniformity; dispersion; quantile_fitted; quantile_predictor",5.21949702068488e-16,9565.27985999843,9567.87676563685,TRUE,FALSE,2.59690563842378
"Binary continuous predictor","probit","logit",0.816209892557802,0.0437716870720772,0.204615385651772,0.824,0.406060618010283,0.407515733875897,NA,4,"uniformity; dispersion; quantile_fitted; quantile_predictor",1.33165977124524e-29,9684.50143019997,9692.11187026767,TRUE,FALSE,7.61044006770135
"Binary continuous predictor","probit","logit",0.829983398336884,-0.0412697021743776,0.124992428299485,0.904,0.446512495470205,0.44149088347159,NA,4,"uniformity; dispersion; quantile_fitted; quantile_predictor",1.17957223554435e-25,9568.47651583828,9571.95184246141,TRUE,FALSE,3.47532662313461
"Binary continuous predictor","probit","logit",0.15833663105563,0.262174402077155,0.336400220916325,0.96,0.367270216596559,0.372538238992829,NA,4,"uniformity; dispersion; quantile_fitted; quantile_predictor",9.78660471353565e-16,9837.19534021771,9840.79452340564,TRUE,FALSE,3.59918318792552
"Binary continuous predictor","probit","logit",0.728683338584365,0.0686806407273514,0.966626390360967,0.72,0.994673258688998,0.91221690450321,NA,4,"uniformity; dispersion; quantile_fitted; quantile_predictor",8.7596885806416e-19,9194.72760705235,9201.19317279931,TRUE,FALSE,6.46556574696297
"Binary continuous predictor","probit","logit",0.242580205784418,-0.225539165867619,0.999452156437638,0.84,0.843455116358919,0.352498147717642,NA,4,"uniformity; dispersion; quantile_fitted; quantile_predictor",1.60852868959325e-15,9449.38132475681,9454.64254052521,TRUE,FALSE,5.26121576840524
"Binary continuous predictor","probit","logit",0.802492274826573,0.0478571138641461,0.939309666757974,0.816,0.842096458779861,0.661284476730287,NA,4,"uniformity; dispersion; quantile_fitted; quantile_predictor",2.92561048078256e-30,9555.96668919007,9560.05178209563,TRUE,FALSE,4.08509290555776
"Binary continuous predictor","probit","logit",0.0413521532892836,0.389068566719581,0.875661683778168,0.904,0.394921520046096,0.37083874985324,NA,4,"uniformity; dispersion; quantile_fitted; quantile_predictor",1.1412656385492e-12,9636.5273708497,9642.40314544338,TRUE,FALSE,5.87577459367822
"Binary continuous predictor","probit","logit",0.560534888079931,0.116542089029196,0.961687736022308,0.92,0.958598956731411,0.981583871938419,NA,4,"uniformity; dispersion; quantile_fitted; quantile_predictor",6.18676910744796e-22,9170.71707600979,9174.45714090501,TRUE,FALSE,3.74006489521344
"Binary continuous predictor","probit","logit",0.945238460067205,0.0129103463744494,0.509945307606156,0.944,0.990925959029242,0.818804016580305,NA,4,"uniformity; dispersion; quantile_fitted; quantile_predictor",2.15988667777315e-12,9706.09041335438,9707.14667071263,TRUE,FALSE,1.05625735825561
"Binary continuous predictor","probit","logit",0.591777534253597,-0.102432060644472,0.710644512525769,0.672,0.955597339056975,0.899510428687399,NA,4,"uniformity; dispersion; quantile_fitted; quantile_predictor",3.23959850345097e-27,9582.95967819891,9593.05191525503,TRUE,FALSE,10.0922370561202
"Binary continuous predictor","probit","logit",0.120905280855669,0.297942594398346,0.535291261256823,0.736,0.306523945719868,0.734087031793542,NA,4,"uniformity; dispersion; quantile_fitted; quantile_predictor",4.68149503904608e-14,9585.10789286776,9587.99879214962,TRUE,FALSE,2.89089928185604
"Binary continuous predictor","probit","logit",0.0334461515272133,-0.407852618439301,0.554076678362834,0.944,0.603873787757767,0.797445314912734,NA,4,"uniformity; dispersion; quantile_fitted; quantile_predictor",6.15904369079433e-21,9524.7073284522,9529.87449943933,TRUE,FALSE,5.16717098712797
"Binary continuous predictor","probit","logit",0.909378254348899,0.0218281011291569,0.700457314267444,0.712,0.923314726918907,0.883704450007468,NA,4,"uniformity; dispersion; quantile_fitted; quantile_predictor",1.64807366328754e-29,9530.10400603135,9542.68595301422,TRUE,FALSE,12.5819469828766
"Binary continuous predictor","probit","logit",0.897510339918825,0.0240397430437148,0.361535172962634,0.984,0.9139482811767,0.621255026079257,NA,4,"uniformity; dispersion; quantile_fitted; quantile_predictor",3.2244935602418e-19,9740.77086105131,9741.58860561147,TRUE,FALSE,0.817744560159554
"Binary continuous predictor","probit","logit",0.0166111916350616,0.479434057711945,0.156257820182061,0.816,0.957972091967419,0.623502535667137,NA,4,"uniformity; dispersion; quantile_fitted; quantile_predictor",2.04023640123136e-20,9241.82545941689,9243.37348087062,TRUE,FALSE,1.54802145372742
"Binary continuous predictor","probit","logit",0.47262132237787,0.137331753863127,0.202154541723404,0.608,0.249747906589012,0.163766663321026,NA,4,"uniformity; dispersion; quantile_fitted; quantile_predictor",1.0317247424815e-27,9631.15622535826,9639.18414365416,TRUE,FALSE,8.02791829589478
"Binary continuous predictor","probit","logit",0.0760816382319999,0.337970538053252,0.942927092118877,0.992,0.921452798147129,0.899480499947936,NA,4,"uniformity; dispersion; quantile_fitted; quantile_predictor",6.48297821059108e-17,9674.16409113038,9673.85425223389,FALSE,TRUE,-0.309838896489964
"Binary continuous predictor","probit","logit",0.226925428206254,0.24514774818741,0.376452676593708,0.768,0.99166629539319,0.502210921032602,NA,4,"uniformity; dispersion; quantile_fitted; quantile_predictor",9.13806367870969e-20,9085.55435972767,9088.87001534652,TRUE,FALSE,3.31565561884781
"Binary continuous predictor","probit","logit",0.113388694465279,0.310809062570457,0.73839982604226,0.8,0.224102283980781,0.0196130079920117,NA,4,"uniformity; dispersion; quantile_fitted; quantile_predictor",2.01537427336247e-22,9227.7242903936,9232.75716828806,TRUE,FALSE,5.03287789445676
"Binary continuous predictor","probit","logit",0.981954119222561,-0.00445869347081099,0.639577445217328,0.744,0.607433029832308,0.765002785590677,NA,4,"uniformity; dispersion; quantile_fitted; quantile_predictor",4.4594012053517e-20,9275.92210810568,9278.62355571873,TRUE,FALSE,2.70144761304982
"Binary continuous predictor","probit","logit",0.791365413260465,0.0508059752583792,0.670194966625503,0.76,0.826318184586548,0.962294493860569,NA,4,"uniformity; dispersion; quantile_fitted; quantile_predictor",4.62043076960019e-14,9526.34335613171,9530.23863467776,TRUE,FALSE,3.89527854605694
"Binary continuous predictor","probit","logit",0.439270368350611,-0.145579267283323,0.889116825876288,0.88,0.972497032015728,0.970866066192199,NA,4,"uniformity; dispersion; quantile_fitted; quantile_predictor",6.72690421224594e-22,9651.89704443134,9655.51269469679,TRUE,FALSE,3.61565026545759
"Binary continuous predictor","probit","logit",0.5430397085548,-0.118433182829798,0.2434252851556,0.864,0.672309707210758,0.997513603940602,NA,4,"uniformity; dispersion; quantile_fitted; quantile_predictor",3.25851705283903e-17,9244.21706220897,9253.29035695696,TRUE,FALSE,9.07329474799189
"Binary continuous predictor","probit","logit",0.896679236699324,0.0244292867643792,0.599797498365275,0.944,0.85326561935599,0.253125820474925,NA,4,"uniformity; dispersion; quantile_fitted; quantile_predictor",5.290074079661e-20,9651.54756236464,9655.6954920472,TRUE,FALSE,4.14792968256552
"Binary continuous predictor","probit","logit",0.20538467117884,-0.240104719636898,0.927946152883807,0.952,0.746178408676676,0.744145480458754,NA,4,"uniformity; dispersion; quantile_fitted; quantile_predictor",1.08634000547353e-28,9601.72340643782,9611.98346651955,TRUE,FALSE,10.2600600817314
"Binary continuous predictor","probit","logit",0.0740984053813279,0.345715923979738,0.887464738031014,0.872,0.214906079425842,0.856254099706456,NA,4,"uniformity; dispersion; quantile_fitted; quantile_predictor",1.2198724188177e-26,9312.82342242369,9320.60150224214,TRUE,FALSE,7.77807981844308
"Binary continuous predictor","probit","logit",0.00481849076887141,0.536957219827258,0.391134258844303,0.856,0.999719336325214,0.943539696877336,NA,4,"uniformity; dispersion; quantile_fitted; quantile_predictor",1.6931726659013e-28,9590.3786613322,9597.42478929711,TRUE,FALSE,7.04612796490801
"Binary continuous predictor","probit","logit",0.56068596657448,0.11058583197745,0.214350280771138,0.728,0.603723855816232,0.728772422602127,NA,4,"uniformity; dispersion; quantile_fitted; quantile_predictor",1.28638498373228e-19,9612.77202734128,9612.81052458656,TRUE,FALSE,0.0384972452775401
"Binary continuous predictor","probit","logit",0.694187216065057,-0.0755364260777197,0.166416655966359,0.752,0.160349443798816,0.159254808354678,NA,4,"uniformity; dispersion; quantile_fitted; quantile_predictor",1.30343801090786e-28,9538.33669991971,9543.7105193161,TRUE,FALSE,5.37381939639636
"Binary continuous predictor","probit","logit",0.121992322075509,0.295036830030813,0.635599120097289,0.896,0.710957952401592,0.682029528029617,NA,4,"uniformity; dispersion; quantile_fitted; quantile_predictor",3.27299440204732e-22,9549.90692272879,9551.7889809302,TRUE,FALSE,1.88205820141411
"Binary continuous predictor","probit","logit",0.360948801215651,0.178037138460422,0.750214378104196,0.68,0.872039874360722,0.870226981312706,NA,4,"uniformity; dispersion; quantile_fitted; quantile_predictor",5.08292198346697e-26,9326.16981742592,9333.87519199505,TRUE,FALSE,7.70537456912643
"Binary continuous predictor","probit","logit",0.78188830516417,-0.0527922242575169,0.109545294540086,0.896,0.0500459080758443,0.919178768535996,NA,4,"uniformity; dispersion; quantile_fitted; quantile_predictor",1.86713996138816e-09,9583.66075961683,9585.13044950234,TRUE,FALSE,1.46968988550725
"Binary continuous predictor","probit","logit",0.193545877892425,0.254953295750139,0.928677579560594,0.944,0.950951613298758,0.947673632807314,NA,4,"uniformity; dispersion; quantile_fitted; quantile_predictor",3.67823512791585e-29,9293.76128666143,9299.40368319436,TRUE,FALSE,5.64239653293225
"Binary continuous predictor","probit","logit",0.445056657224418,0.143674285781414,0.646172636671875,0.984,0.443184565919513,0.324871779607405,NA,4,"uniformity; dispersion; quantile_fitted; quantile_predictor",5.49815927185799e-11,9791.16538087934,9791.28230919652,TRUE,FALSE,0.116928317185739
"Binary continuous predictor","probit","logit",0.913879174938105,-0.0202389112568673,0.718117303054547,0.96,0.770347224308191,0.05428547532331,NA,4,"uniformity; dispersion; quantile_fitted; quantile_predictor",3.89820820735387e-26,9874.01921599445,9878.80459242222,TRUE,FALSE,4.78537642777155
"Binary continuous predictor","probit","logit",0.806465506384334,0.0469729260427453,0.914565663656206,0.864,0.91123781769984,0.911897644010663,NA,4,"uniformity; dispersion; quantile_fitted; quantile_predictor",2.46847452987015e-26,9562.88571481455,9570.98190465221,TRUE,FALSE,8.0961898376554
"Binary continuous predictor","probit","logit",0.406977547393892,0.158830869073585,0.816402250585723,0.992,0.953187467718217,0.489765425319043,NA,4,"uniformity; dispersion; quantile_fitted; quantile_predictor",1.64065106584547e-27,9541.12301171257,9546.5983201211,TRUE,FALSE,5.47530840852596
"Binary continuous predictor","probit","logit",0.0921367078086343,-0.321991093456214,0.785143057089953,0.8,0.973423341478546,0.194146671501618,NA,4,"uniformity; dispersion; quantile_fitted; quantile_predictor",6.8470936382155e-23,9492.13377711536,9498.09421604742,TRUE,FALSE,5.96043893206843
"Binary continuous predictor","probit","logit",0.786129099569585,0.0515918770284714,0.974843132120537,0.912,0.923173658211118,0.937906394253382,NA,4,"uniformity; dispersion; quantile_fitted; quantile_predictor",5.33042399198133e-23,9540.63223889593,9544.82916996609,TRUE,FALSE,4.19693107016064
"Binary continuous predictor","probit","logit",0.711413484310387,-0.0717536981967354,0.861874231950565,0.912,0.95355590117826,0.27038445720033,NA,4,"uniformity; dispersion; quantile_fitted; quantile_predictor",1.49624793765885e-12,9400.58366662379,9399.8373667916,FALSE,TRUE,-0.746299832189834
"Binary continuous predictor","probit","logit",0.446119241470644,0.14581014669284,0.986869502895775,0.912,0.701382969636516,0.702808749953304,NA,4,"uniformity; dispersion; quantile_fitted; quantile_predictor",2.55194264536885e-18,9558.66865069753,9567.614107741,TRUE,FALSE,8.9454570434682
"Binary continuous predictor","probit","logit",0.1683863303476,0.268353884823325,0.825136291661852,0.968,0.979570442900302,0.958260154399568,NA,4,"uniformity; dispersion; quantile_fitted; quantile_predictor",1.08911765871356e-18,9434.46098160088,9436.09642054478,TRUE,FALSE,1.63543894390568
"Binary continuous predictor","probit","logit",0.733933711742984,0.0658001923582739,0.955483582200806,0.808,0.889002156410274,0.879749204553421,NA,4,"uniformity; dispersion; quantile_fitted; quantile_predictor",1.34275377713169e-22,9366.35061968156,9369.25596076819,TRUE,FALSE,2.90534108662359
"Binary continuous predictor","probit","logit",0.849545466348989,-0.037124066034778,0.668739946517969,0.88,0.794251612128522,0.630197759705741,NA,4,"uniformity; dispersion; quantile_fitted; quantile_predictor",9.46108310082731e-22,9251.90828653173,9255.35287420575,TRUE,FALSE,3.44458767401375
"Binary continuous predictor","probit","logit",0.112226799547751,0.305109260146667,0.61961556774818,0.808,0.858974415486067,0.46997428029264,NA,4,"uniformity; dispersion; quantile_fitted; quantile_predictor",2.62233117799864e-21,9570.46579015921,9575.51283483689,TRUE,FALSE,5.04704467768897
"Binary continuous predictor","probit","logit",0.335277679980672,-0.184370135907643,0.298727720993039,0.992,0.295556630599142,0.344345475447715,NA,4,"uniformity; dispersion; quantile_fitted; quantile_predictor",8.7322996888574e-28,9508.40046671169,9508.06216761984,FALSE,TRUE,-0.338299091847148
"Binary continuous predictor","probit","logit",0.224291550027709,0.227722710557956,0.209681994499411,0.984,0.335674004630443,0.334409852112363,NA,4,"uniformity; dispersion; quantile_fitted; quantile_predictor",5.32433735676116e-18,9717.02355708351,9724.36840447927,TRUE,FALSE,7.34484739576146
"Binary continuous predictor","probit","logit",0.250219327141487,-0.22325087800057,0.326974271406686,0.728,0.355418174365532,0.869294550768616,NA,4,"uniformity; dispersion; quantile_fitted; quantile_predictor",3.18715919801198e-32,9503.62193019554,9510.50670328455,TRUE,FALSE,6.88477308901201
"Binary continuous predictor","probit","logit",0.440142362474313,0.148173214043503,0.13584087309488,0.944,0.0957657086824832,0.1457078367694,NA,4,"uniformity; dispersion; quantile_fitted; quantile_predictor",5.92678963392104e-26,9488.92545470154,9494.23791220614,TRUE,FALSE,5.31245750459493
"Binary continuous predictor","probit","logit",0.782527885330848,0.0539731270947608,0.553210733252522,0.76,0.937765156071248,0.771381671827584,NA,4,"uniformity; dispersion; quantile_fitted; quantile_predictor",7.16617644499317e-22,9264.30892146173,9272.69023924639,TRUE,FALSE,8.38131778465868
"Binary continuous predictor","probit","logit",0.916264694535272,-0.0196042846771473,0.454939598774838,0.976,0.992437466319772,0.999633272736386,NA,4,"uniformity; dispersion; quantile_fitted; quantile_predictor",1.40743163558065e-26,9750.49910450975,9752.32481340426,TRUE,FALSE,1.82570889451381
"Binary continuous predictor","probit","logit",0.0549097607949322,0.362929851840618,0.599685831013988,0.824,0.752076883698115,0.999585571020266,NA,4,"uniformity; dispersion; quantile_fitted; quantile_predictor",8.86462614567107e-20,9660.20142511283,9663.27097346402,TRUE,FALSE,3.06954835118995
"Binary continuous predictor","probit","logit",0.592042986749117,0.101745528102896,0.766092318216526,0.88,0.999665843569403,0.956233798418581,NA,4,"uniformity; dispersion; quantile_fitted; quantile_predictor",7.81334432068727e-20,9619.33943699013,9625.68568077678,TRUE,FALSE,6.34624378664557
"Binary continuous predictor","probit","logit",0.0805645825983861,0.337819164502057,0.713837330186435,0.992,0.686812354098109,0.496680154653731,NA,4,"uniformity; dispersion; quantile_fitted; quantile_predictor",3.9605763792654e-23,9461.34830623905,9465.53472259203,TRUE,FALSE,4.18641635297718
"Binary continuous predictor","probit","logit",0.841328653810907,0.0379031699454682,0.88406880925773,0.968,0.932001213449842,0.822025031306459,NA,4,"uniformity; dispersion; quantile_fitted; quantile_predictor",1.41882643955483e-25,9474.54085371473,9480.9593012417,TRUE,FALSE,6.41844752696488
"Binary continuous predictor","probit","logit",0.688972804144235,0.0772496115984298,0.261502756967346,0.976,0.493039959437619,0.445802042585451,NA,4,"uniformity; dispersion; quantile_fitted; quantile_predictor",1.32775154522023e-12,9439.19075027625,9443.89635922902,TRUE,FALSE,4.70560895277231
"Binary continuous predictor","probit","logit",0.0462851925356301,0.386405806901773,0.867997625794161,0.976,0.0806147982083542,0.558286326842997,NA,4,"uniformity; dispersion; quantile_fitted; quantile_predictor",6.72335997363195e-15,9438.5961228528,9439.57271548976,TRUE,FALSE,0.97659263695823
"Binary continuous predictor","probit","logit",0.892004920227986,-0.0259183077845423,0.185176431669261,0.8,0.294453458958155,0.30960285943833,NA,4,"uniformity; dispersion; quantile_fitted; quantile_predictor",9.43376845491968e-17,9480.40122739173,9477.58370227975,FALSE,TRUE,-2.81752511198829
"Binary continuous predictor","probit","logit",0.657512523277022,0.0838262368061532,0.980125050491575,0.976,0.976152993124226,0.501917497887745,NA,4,"uniformity; dispersion; quantile_fitted; quantile_predictor",1.95827265235753e-13,9665.60380978252,9668.22331956253,TRUE,FALSE,2.61950978001005
"Binary continuous predictor","probit","logit",0.401277544880356,-0.157885917717366,0.598902030308323,0.672,0.934625623194864,0.911452510893798,NA,4,"uniformity; dispersion; quantile_fitted; quantile_predictor",2.12841850384977e-20,9765.59644537459,9769.60404187223,TRUE,FALSE,4.00759649763495
"Binary continuous predictor","probit","logit",0.744388264136523,-0.0614549893580158,0.494737228921016,0.936,0.643401878585914,0.50543092274264,NA,4,"uniformity; dispersion; quantile_fitted; quantile_predictor",5.74973200287962e-19,9719.11750812301,9723.08278806213,TRUE,FALSE,3.96527993912787
"Binary continuous predictor","probit","logit",0.258277598548253,0.217935274782733,0.859067326051008,0.76,0.668397892912918,0.826059322402113,NA,4,"uniformity; dispersion; quantile_fitted; quantile_predictor",1.37887995455085e-22,9459.44762720819,9467.88227221531,TRUE,FALSE,8.43464500712071
"Binary continuous predictor","probit","logit",0.251937383320314,0.226502744271319,0.865517062563537,0.968,0.669566198548062,0.749981226086022,NA,4,"uniformity; dispersion; quantile_fitted; quantile_predictor",7.62782089331348e-21,9238.6354400436,9242.84498798824,TRUE,FALSE,4.2095479446416
"Binary continuous predictor","probit","logit",0.280645295332766,0.205495438201959,0.58980914706762,0.992,0.074624454986431,0.877867688701794,NA,4,"uniformity; dispersion; quantile_fitted; quantile_predictor",1.63513107291895e-17,9526.56789349123,9532.83626519126,TRUE,FALSE,6.26837170002909
"Binary continuous predictor","probit","logit",0.273774166439888,0.209227491865767,0.379413893205811,0.92,0.853018491763821,0.993836879629982,NA,4,"uniformity; dispersion; quantile_fitted; quantile_predictor",2.68354890700309e-27,9415.25868233266,9419.08636254599,TRUE,FALSE,3.82768021332231
"Binary continuous predictor","probit","logit",0.799885473843155,0.0482898167483772,0.71815640634692,0.864,0.920453100564947,0.882310008468442,NA,4,"uniformity; dispersion; quantile_fitted; quantile_predictor",7.29558922933755e-14,9522.56738849479,9522.49761008029,FALSE,TRUE,-0.069778414495886
"Binary continuous predictor","probit","logit",0.3200790020839,0.190156980059883,0.917172660407935,0.8,0.899382650054427,0.801552475301428,NA,4,"uniformity; dispersion; quantile_fitted; quantile_predictor",3.26348302371201e-16,9566.99287195238,9569.9093134251,TRUE,FALSE,2.91644147271836
"Binary continuous predictor","probit","logit",0.656427370283302,0.0824834848259436,0.85015068905284,0.936,0.978071082875895,0.638797535287695,NA,4,"uniformity; dispersion; quantile_fitted; quantile_predictor",9.55039923243544e-18,9772.62437320779,9779.05652482698,TRUE,FALSE,6.43215161919215
"Binary continuous predictor","probit","logit",0.600655775462126,0.0990307386510057,0.80179873416074,0.856,0.826205334080539,0.779116770446146,NA,4,"uniformity; dispersion; quantile_fitted; quantile_predictor",3.98372292409335e-27,9641.5455046316,9646.51493104131,TRUE,FALSE,4.96942640970883
"Binary continuous predictor","probit","logit",0.187619946956514,-0.251919011415378,0.319160038338578,0.656,0.501017436148816,0.791932285140443,NA,4,"uniformity; dispersion; quantile_fitted; quantile_predictor",1.1446617420896e-34,9461.4021267816,9471.50062768226,TRUE,FALSE,10.0985009006617
"Binary continuous predictor","probit","logit",0.169840526740366,0.265109482302844,0.743181534891956,0.84,0.912407698660274,0.710747890480962,NA,4,"uniformity; dispersion; quantile_fitted; quantile_predictor",3.60897465568685e-23,9357.53014556772,9359.71463334104,TRUE,FALSE,2.18448777332196
"Binary continuous predictor","probit","logit",0.946643302460894,0.0127666333083042,0.791553167792018,0.896,0.902423747235835,0.97788012725644,NA,4,"uniformity; dispersion; quantile_fitted; quantile_predictor",3.46651992620398e-11,9343.92702855457,9346.23569130004,TRUE,FALSE,2.30866274546679
"Binary continuous predictor","probit","logit",0.391948423300009,0.165551524901795,0.171365542175858,0.832,0.215935104903424,0.237317169234215,NA,4,"uniformity; dispersion; quantile_fitted; quantile_predictor",7.1124084899833e-24,9342.68882707183,9350.1433395065,TRUE,FALSE,7.45451243467141
"Binary continuous predictor","probit","logit",0.0902381248752258,0.32385656954645,0.520041186383145,0.888,0.999899066630446,0.1695850847226,NA,4,"uniformity; dispersion; quantile_fitted; quantile_predictor",3.73791082398626e-29,9538.90282563151,9546.70944160383,TRUE,FALSE,7.80661597232756
"Binary continuous predictor","probit","logit",0.413596387726521,-0.157033111264132,0.933366004650882,0.896,0.766812562524912,0.768688372158825,NA,4,"uniformity; dispersion; quantile_fitted; quantile_predictor",1.0587590096285e-21,9270.13689904244,9273.74704305842,TRUE,FALSE,3.61014401598004
"Binary continuous predictor","probit","logit",0.993227917766546,-0.00161868453004026,0.551150024477214,0.984,0.531827669140926,0.892506883771552,NA,4,"uniformity; dispersion; quantile_fitted; quantile_predictor",7.56726734529591e-21,9451.58942264293,9454.9245926434,TRUE,FALSE,3.33517000046777
"Binary continuous predictor","probit","logit",0.577587249046562,0.105182486973639,0.644568340949186,0.856,0.937627988066666,0.958443922622668,NA,4,"uniformity; dispersion; quantile_fitted; quantile_predictor",9.77955185441412e-22,9622.25157048857,9629.30120833692,TRUE,FALSE,7.04963784835127
"Binary continuous predictor","probit","logit",0.828905935602556,0.0413390496202309,0.34280169479187,0.752,0.750902397722296,0.896252520465818,NA,4,"uniformity; dispersion; quantile_fitted; quantile_predictor",2.73040961515179e-21,9542.44314047149,9549.04884211536,TRUE,FALSE,6.60570164387718
"Binary continuous predictor","probit","logit",0.697103544656773,-0.0710517262968749,0.677861682136026,0.84,0.753244323168995,0.876941904589467,NA,4,"uniformity; dispersion; quantile_fitted; quantile_predictor",1.04660056920871e-28,9995.60619365378,10003.7813777049,TRUE,FALSE,8.17518405113333
"Binary continuous predictor","probit","logit",0.23179737665649,0.229071841517253,0.991417233219263,0.72,0.958065904652442,0.985554818429478,NA,4,"uniformity; dispersion; quantile_fitted; quantile_predictor",1.34901813578485e-29,9561.51919332849,9568.20839893238,TRUE,FALSE,6.68920560389233
"Binary continuous predictor","probit","logit",0.250232339043604,0.215559945924808,0.391565335451054,0.52,0.674368819766043,0.572963317863996,NA,4,"uniformity; dispersion; quantile_fitted; quantile_predictor",6.49380777685027e-32,9802.36062713611,9809.72241776961,TRUE,FALSE,7.36179063350755
"Binary continuous predictor","probit","logit",0.0100188126429021,-0.48463586945248,0.587338625088109,0.8,0.732513950415471,0.312094478270397,NA,4,"uniformity; dispersion; quantile_fitted; quantile_predictor",2.51100219468498e-20,9679.24934325442,9684.44067705716,TRUE,FALSE,5.1913338027407
"Binary continuous predictor","probit","logit",0.344830121967889,0.185438676897227,0.429327956649786,0.8,0.578200886930669,0.739514416356276,NA,4,"uniformity; dispersion; quantile_fitted; quantile_predictor",3.6919066015885e-28,9416.25483645524,9421.28657948613,TRUE,FALSE,5.03174303088599
"Binary continuous predictor","probit","logit",0.233129896767485,-0.227758109977092,0.781666013577593,0.928,0.998790883378423,0.282070965115374,NA,4,"uniformity; dispersion; quantile_fitted; quantile_predictor",7.41277528287993e-19,9491.08059520324,9493.15288443602,TRUE,FALSE,2.07228923278126
"Binary continuous predictor","probit","logit",0.473778297118091,-0.13717200674655,0.264739298464976,0.872,0.549340105111342,0.607360754650199,NA,4,"uniformity; dispersion; quantile_fitted; quantile_predictor",7.90698658497054e-20,9468.4300385729,9476.3295107907,TRUE,FALSE,7.89947221779403
"Binary continuous predictor","probit","logit",0.903270359949801,0.0227260469944811,0.13062278104054,0.928,0.635224464203752,0.673960780140387,NA,4,"uniformity; dispersion; quantile_fitted; quantile_predictor",2.44031774450966e-17,9734.65125594498,9741.95219857283,TRUE,FALSE,7.30094262785315
"Binary continuous predictor","probit","logit",0.229064094968235,0.236521850580631,0.256216149462032,0.952,0.792933449372386,0.779803852995806,NA,4,"uniformity; dispersion; quantile_fitted; quantile_predictor",7.4089858996439e-16,9374.62654299923,9377.43299341145,TRUE,FALSE,2.8064504122267
"Binary continuous predictor","probit","logit",0.793073347047875,0.0506976758815811,0.468947594273873,0.912,0.65166163782428,0.755738404366618,NA,4,"uniformity; dispersion; quantile_fitted; quantile_predictor",1.82700575022011e-25,9301.18490561437,9307.11122024745,TRUE,FALSE,5.92631463308135
"Binary continuous predictor","probit","logit",0.264297223508056,-0.217201728679117,0.480464309500501,0.952,0.651517610423735,0.71207626223482,NA,4,"uniformity; dispersion; quantile_fitted; quantile_predictor",2.40982586604102e-16,9348.89772098419,9351.85966618272,TRUE,FALSE,2.96194519852543
"Binary continuous predictor","probit","logit",0.461325232300579,0.142554197894433,0.604078876667505,0.936,0.219938842782993,0.965156351183025,NA,4,"uniformity; dispersion; quantile_fitted; quantile_predictor",6.84398738423541e-22,9420.83474008416,9425.30753820137,TRUE,FALSE,4.47279811720728
"Binary continuous predictor","probit","logit",0.00701023371917902,0.506016142419409,0.57962937036177,0.856,0.689219075769038,0.59886964315785,NA,4,"uniformity; dispersion; quantile_fitted; quantile_predictor",2.59885175612316e-19,9709.5702816203,9713.06631759417,TRUE,FALSE,3.49603597387068
"Binary continuous predictor","probit","logit",0.569019296806503,0.107340654646227,0.778731700810829,0.824,0.818922868490515,0.557380189602638,NA,4,"uniformity; dispersion; quantile_fitted; quantile_predictor",1.18412674728369e-20,9644.06192095571,9649.43855267237,TRUE,FALSE,5.37663171665918
"Binary continuous predictor","probit","logit",0.432082224967708,-0.152712246126674,0.657965560083749,0.952,0.740877535799703,0.514283464070932,NA,4,"uniformity; dispersion; quantile_fitted; quantile_predictor",1.70168543848007e-19,9316.46159058377,9316.80132398441,TRUE,FALSE,0.33973340063676
"Binary continuous predictor","probit","logit",0.100944390799662,0.313793958225153,0.790378725067404,0.976,0.547328092020145,0.682048057380197,NA,4,"uniformity; dispersion; quantile_fitted; quantile_predictor",4.93683942056428e-27,9508.90504241735,9508.33652071094,FALSE,TRUE,-0.568521706416504
"Binary continuous predictor","probit","logit",0.365420468639636,0.173608902199066,0.829965060064424,0.744,0.74619467805611,0.880474449840452,NA,4,"uniformity; dispersion; quantile_fitted; quantile_predictor",4.2080281045584e-26,9530.25157725576,9534.65463697083,TRUE,FALSE,4.40305971506859
"Binary continuous predictor","probit","logit",0.530934004760127,-0.120109859734055,0.267901089284475,0.832,0.721223549397015,0.824857193354637,NA,4,"uniformity; dispersion; quantile_fitted; quantile_predictor",1.85397810904777e-23,9511.06148015834,9513.24345931497,TRUE,FALSE,2.18197915662859
"Binary continuous predictor","probit","logit",0.536523882385177,0.119676520142914,0.516944133560088,0.984,0.546108021193689,0.814091089071252,NA,4,"uniformity; dispersion; quantile_fitted; quantile_predictor",4.97040945468731e-22,9324.83246927307,9331.32178941847,TRUE,FALSE,6.48932014539969
"Binary continuous predictor","probit","logit",0.150619079932759,0.278398416820076,0.658607251493194,0.888,0.971558433474588,0.991326484201012,NA,4,"uniformity; dispersion; quantile_fitted; quantile_predictor",7.55973669050499e-24,9441.47747731921,9441.8425735616,TRUE,FALSE,0.365096242387153
"Binary continuous predictor","probit","logit",0.933738596534138,0.0162177206563413,0.723771263019645,0.744,0.792752889383982,0.987315163833538,NA,4,"uniformity; dispersion; quantile_fitted; quantile_predictor",1.19579242333247e-23,9374.30355970485,9384.66873359958,TRUE,FALSE,10.3651738947337
"Gamma mean response time","log","inverse",0.00795999656512629,0.000283254362260843,0.998842857082269,0.856,0.999349494947498,0.723265242385201,NA,4,"uniformity; dispersion; quantile_fitted; quantile_predictor",0.285392624183314,2859.76981596147,2861.25517269144,TRUE,FALSE,1.48535672996604
"Gamma mean response time","log","inverse",0.00920260122794406,0.000248855023857734,0.808619819237515,0.488,0.557655849150417,0.0815388289947294,NA,4,"uniformity; dispersion; quantile_fitted; quantile_predictor",0.00129202265718349,2859.29907072693,2866.34897365408,TRUE,FALSE,7.04990292714274
"Gamma mean response time","log","inverse",0.13492261542943,0.000144024471385744,0.975303222275026,0.984,0.946467562117843,0.799483814870932,NA,4,"uniformity; dispersion; quantile_fitted; quantile_predictor",0.239617944989778,2845.52711103704,2846.75799903093,TRUE,FALSE,1.23088799389006
"Gamma mean response time","log","inverse",0.235733736890831,0.000118651215639686,0.80453589770965,0.672,0.97812431806409,0.830822747537331,NA,4,"uniformity; dispersion; quantile_fitted; quantile_predictor",0.0655297295761433,2842.74488910798,2845.91767396501,TRUE,FALSE,3.17278485702946
"Gamma mean response time","log","inverse",0.434183275815316,7.61347601533526e-05,0.632196702424951,0.688,0.922925904435543,0.909920248540826,NA,4,"uniformity; dispersion; quantile_fitted; quantile_predictor",0.022089435025051,2834.24308171587,2838.77316737167,TRUE,FALSE,4.53008565579694
"Gamma mean response time","log","inverse",0.324982735406097,8.32890653667689e-05,0.525170505878372,0.128,0.970718879357167,0.893576477999783,NA,4,"uniformity; dispersion; quantile_fitted; quantile_predictor",0.148595356182838,2821.86786726761,2823.77084075934,TRUE,FALSE,1.90297349173807
"Gamma mean response time","log","inverse",0.43141044188967,6.57028503606626e-05,0.844001753437746,0.776,0.930911864004314,0.912045905426393,NA,4,"uniformity; dispersion; quantile_fitted; quantile_predictor",0.0975293117095192,2840.52903713011,2843.08935998581,TRUE,FALSE,2.56032285570336
"Gamma mean response time","log","inverse",0.0817449915600544,0.000148421116034459,0.609525961105439,0.896,4.55541574890534e-06,0.0234164402688216,NA,4,"uniformity; dispersion; quantile_fitted; quantile_predictor",0.00120646103753365,2798.02106762533,2807.6095423511,TRUE,FALSE,9.58847472576826
"Gamma mean response time","log","inverse",0.171029859413094,0.000131521696268285,0.73162853993351,0.816,0.0541611805086136,0.863339774799201,NA,4,"uniformity; dispersion; quantile_fitted; quantile_predictor",0.184922399718503,2870.87126888384,2872.8094559698,TRUE,FALSE,1.93818708595973
"Gamma mean response time","log","inverse",0.0269301153201744,0.00020855113942573,0.529507202537991,0.352,0.213606216989065,0.237086008524204,NA,4,"uniformity; dispersion; quantile_fitted; quantile_predictor",0.267280713686666,2843.74684656421,2845.02236946012,TRUE,FALSE,1.27552289591677
"Gamma mean response time","log","inverse",0.00537119801633312,0.000272068939086982,0.82466464584421,0.192,0.799968071817397,0.82827311350496,NA,4,"uniformity; dispersion; quantile_fitted; quantile_predictor",0.367767203379106,2835.00472810935,2835.61675519987,TRUE,FALSE,0.612027090519405
"Gamma mean response time","log","inverse",0.290414655328391,9.40123506089998e-05,0.995670622252717,0.68,0.962038446331861,0.961918960948424,NA,4,"uniformity; dispersion; quantile_fitted; quantile_predictor",0.264693527442934,2828.85205470663,2829.93731245658,TRUE,FALSE,1.08525774995815
"Gamma mean response time","log","inverse",0.354354226942387,9.15123616374381e-05,0.828598820461039,0.744,0.975297491252258,0.866197866267875,NA,4,"uniformity; dispersion; quantile_fitted; quantile_predictor",0.160231072439102,2848.95890293875,2851.06591914308,TRUE,FALSE,2.10701620432292
"Gamma mean response time","log","inverse",0.110574504669657,0.000133182783409983,0.914305398347253,0.984,0.930327147502691,0.792332825680204,NA,4,"uniformity; dispersion; quantile_fitted; quantile_predictor",0.0520915818029634,2835.25627951262,2839.07745520868,TRUE,FALSE,3.82117569606044
"Gamma mean response time","log","inverse",0.0832333983534996,0.000164030174162165,0.911416541227789,0.464,0.128487850695733,0.565281837051343,NA,4,"uniformity; dispersion; quantile_fitted; quantile_predictor",0.0362298886344249,2840.6330028779,2844.41621565477,TRUE,FALSE,3.78321277686928
"Gamma mean response time","log","inverse",0.00320868933192251,0.000276585989430057,0.441827946529039,0.76,0.982842061198347,0.943587504107528,NA,4,"uniformity; dispersion; quantile_fitted; quantile_predictor",0.184336271407088,2871.8573164285,2873.45307529669,TRUE,FALSE,1.59575886819539
"Gamma mean response time","log","inverse",0.907827142460522,1.23871503519927e-05,0.990378684911533,0.992,0.981165583704562,0.654477616723331,NA,4,"uniformity; dispersion; quantile_fitted; quantile_predictor",0.0280817042545738,2887.55718375207,2892.36906407156,TRUE,FALSE,4.81188031948932
"Gamma mean response time","log","inverse",0.129048509686447,0.0001496742925489,0.73162853993351,0.472,0.890166146942168,0.994810225973656,NA,4,"uniformity; dispersion; quantile_fitted; quantile_predictor",0.185088388442866,2898.01671664034,2900.48151068722,TRUE,FALSE,2.46479404687898
"Gamma mean response time","log","inverse",0.017295621532631,0.000216922181322507,0.876480392907015,0.432,0.916271759646288,0.900078556523881,NA,4,"uniformity; dispersion; quantile_fitted; quantile_predictor",0.159761760786537,2842.83268890538,2845.30238481965,TRUE,FALSE,2.46969591427069
"Gamma mean response time","log","inverse",0.0307913984352704,0.000218873313364156,0.573567780854469,0.336,0.396236498505388,0.264675825799735,NA,4,"uniformity; dispersion; quantile_fitted; quantile_predictor",0.00333505045590455,2885.36125936459,2892.49349733838,TRUE,FALSE,7.13223797378896
"Gamma mean response time","log","inverse",0.0105980166085498,0.000244166619106756,0.757998192122876,0.936,0.906941139697569,0.995969111127514,NA,4,"uniformity; dispersion; quantile_fitted; quantile_predictor",0.45335571069807,2841.51017972883,2842.4695405016,TRUE,FALSE,0.959360772777927
"Gamma mean response time","log","inverse",0.101021072054058,0.000164725695540322,0.917144055712937,0.888,0.96109114289541,0.96334323601265,NA,4,"uniformity; dispersion; quantile_fitted; quantile_predictor",0.595798169665469,2850.75883738531,2850.5535450175,FALSE,TRUE,-0.205292367814764
"Gamma mean response time","log","inverse",0.371017887477771,9.04329369817645e-05,0.994404077634103,0.504,0.967231070358224,0.788320459031623,NA,4,"uniformity; dispersion; quantile_fitted; quantile_predictor",0.587520391112713,2856.53673038584,2852.37199513868,FALSE,TRUE,-4.16473524715957
"Gamma mean response time","log","inverse",0.0015501887882084,0.000281610703594543,0.627654857454537,0.568,0.997476733541985,0.487932708730648,NA,4,"uniformity; dispersion; quantile_fitted; quantile_predictor",0.0357445582082207,2832.61091848566,2836.94674542408,TRUE,FALSE,4.33582693842254
"Gamma mean response time","log","inverse",0.249576666971771,0.000100694454983953,0.866013296137309,0.648,0.0747059732701078,0.739729365854821,NA,4,"uniformity; dispersion; quantile_fitted; quantile_predictor",0.0769158339006729,2838.80451704304,2841.92176082257,TRUE,FALSE,3.11724377953124
"Gamma mean response time","log","inverse",0.021961098227186,0.000236759147601941,0.873033311657456,0.712,0.485555527219065,0.136915943589028,NA,4,"uniformity; dispersion; quantile_fitted; quantile_predictor",0.00816112702023514,2891.3818821796,2898.06489353363,TRUE,FALSE,6.68301135403181
"Gamma mean response time","log","inverse",0.0495166518402284,0.000170581186621219,0.627654857454537,0.256,0.529485376291467,0.521574206314558,NA,4,"uniformity; dispersion; quantile_fitted; quantile_predictor",0.0800836719825448,2846.09916152603,2849.29940822877,TRUE,FALSE,3.20024670273915
"Gamma mean response time","log","inverse",0.00546746664483432,0.000277877388102419,0.94036827352682,0.576,0.505204812018306,0.999233774512704,NA,4,"uniformity; dispersion; quantile_fitted; quantile_predictor",0.0665474715254763,2853.73882336785,2856.81644562122,TRUE,FALSE,3.07762225336592
"Gamma mean response time","log","inverse",0.0721503702961713,0.000174642319508554,0.982522453478986,0.952,0.897201254202903,0.898422601495044,NA,4,"uniformity; dispersion; quantile_fitted; quantile_predictor",0.219614095374541,2851.46509426207,2853.08215453299,TRUE,FALSE,1.61706027091896
"Gamma mean response time","log","inverse",0.241690660052542,0.000117538314560257,0.600492554912742,0.6,0.953760863007662,0.714255449348142,NA,4,"uniformity; dispersion; quantile_fitted; quantile_predictor",0.297405944766392,2859.59583801362,2860.1127866947,TRUE,FALSE,0.516948681075064
"Gamma mean response time","log","inverse",0.0242016510306457,0.000215781969988576,0.457928393314781,0.992,0.977276084017388,0.177625704024879,NA,4,"uniformity; dispersion; quantile_fitted; quantile_predictor",0.838658547319961,2885.66825011673,2884.55510019081,FALSE,TRUE,-1.1131499259277
"Gamma mean response time","log","inverse",0.0619118975546947,0.000156845116358925,0.998701559272546,0.92,0.977808169153707,0.978205107801136,NA,4,"uniformity; dispersion; quantile_fitted; quantile_predictor",0.204084122529035,2857.92052864895,2860.26738097834,TRUE,FALSE,2.34685232939228
"Gamma mean response time","log","inverse",0.0196484783026512,0.000206142062695068,0.886561209179272,0.896,0.404609100729182,0.0419779541174654,NA,4,"uniformity; dispersion; quantile_fitted; quantile_predictor",0.0135721707838087,2819.39434914864,2823.59118822946,TRUE,FALSE,4.1968390808197
"Gamma mean response time","log","inverse",0.000986213785164445,0.000303035216713744,0.233803579265602,0.784,0.759574805234669,0.785268360642439,NA,4,"uniformity; dispersion; quantile_fitted; quantile_predictor",0.107996319631785,2862.88791185566,2865.12203975652,TRUE,FALSE,2.2341279008624
"Gamma mean response time","log","inverse",0.856937099831396,1.67104069451911e-05,0.700286311361828,0.912,0.914383475338105,0.969109514744111,NA,4,"uniformity; dispersion; quantile_fitted; quantile_predictor",0.56214648348235,2856.45265413505,2856.17440797746,FALSE,TRUE,-0.278246157588455
"Gamma mean response time","log","inverse",0.175079001183878,0.000135299312994854,0.966316882298975,0.6,0.527021254855658,0.262656815008932,NA,4,"uniformity; dispersion; quantile_fitted; quantile_predictor",0.000963201979710767,2884.36626440398,2891.58444984686,TRUE,FALSE,7.21818544287817
"Gamma mean response time","log","inverse",0.0904381056073902,0.0001547884690553,0.840202774809008,0.272,0.84921380837375,0.0185844456303617,NA,4,"uniformity; dispersion; quantile_fitted; quantile_predictor",0.000933040291494812,2860.29128915526,2868.42247651733,TRUE,FALSE,8.1311873620698
"Gamma mean response time","log","inverse",0.550599138830127,5.71849150862096e-05,0.695772774886247,0.984,0.216231262593692,0.0441113681413243,NA,4,"uniformity; dispersion; quantile_fitted; quantile_predictor",0.0111094115838679,2849.06203606976,2856.08313348172,TRUE,FALSE,7.02109741196546
"Gamma mean response time","log","inverse",0.0471203231273775,0.000193399924876983,0.824664645844212,0.92,0.864527619284186,0.189238559900289,NA,4,"uniformity; dispersion; quantile_fitted; quantile_predictor",0.0093749319168101,2822.54058788028,2829.38548604551,TRUE,FALSE,6.84489816523046
"Gamma mean response time","log","inverse",0.0820191900615449,0.000146568548472583,0.441827946529037,0.928,0.845245671756807,0.338154627031707,NA,4,"uniformity; dispersion; quantile_fitted; quantile_predictor",0.0494826342126059,2794.48842050597,2798.46211270702,TRUE,FALSE,3.97369220104474
"Gamma mean response time","log","inverse",0.0504898554981645,0.000187007057416703,0.57356778085447,0.824,0.86798852194261,0.583730934754377,NA,4,"uniformity; dispersion; quantile_fitted; quantile_predictor",0.021683587063546,2835.51065318639,2841.22354315734,TRUE,FALSE,5.71288997095417
"Gamma mean response time","log","inverse",0.00363776502319749,0.000268586268094604,0.695772774886247,0.936,0.963982054194725,0.926130601180823,NA,4,"uniformity; dispersion; quantile_fitted; quantile_predictor",0.18344058535286,2831.31922659619,2833.38927236943,TRUE,FALSE,2.07004577324096
"Gamma mean response time","log","inverse",0.00147723311659991,0.000277527951832955,0.284193276148918,0.392,0.0891340961769266,0.0747650129562833,NA,4,"uniformity; dispersion; quantile_fitted; quantile_predictor",0.0828795294418515,2854.13137255453,2858.1383368155,TRUE,FALSE,4.00696426097238
"Gamma mean response time","log","inverse",0.120307676419906,0.000162623730102946,0.573567780854469,0.752,0.950337044307504,0.982456942894083,NA,4,"uniformity; dispersion; quantile_fitted; quantile_predictor",0.958126520860546,2848.71116112372,2847.3661054645,FALSE,TRUE,-1.34505565922291
"Gamma mean response time","log","inverse",0.0158520957433534,0.000204687045339566,0.495229187135525,0.848,0.741206918794411,0.645059327516537,NA,4,"uniformity; dispersion; quantile_fitted; quantile_predictor",0.0287649057078084,2811.07864536687,2816.83069001882,TRUE,FALSE,5.75204465195247
"Gamma mean response time","log","inverse",0.0498194006197883,0.000196844790371352,0.899369075367947,0.896,0.642982160816549,0.498652567503713,NA,4,"uniformity; dispersion; quantile_fitted; quantile_predictor",0.229101509422091,2871.1603560621,2872.86322188569,TRUE,FALSE,1.7028658235854
"Gamma mean response time","log","inverse",0.279850989933955,0.000100393330544882,0.331717874876376,0.832,0.907278831369102,0.896130504929758,NA,4,"uniformity; dispersion; quantile_fitted; quantile_predictor",0.858921713898067,2801.06548430417,2798.60277727867,FALSE,TRUE,-2.462707025496
"Gamma mean response time","log","inverse",0.00255669378096892,0.000302808891688663,0.32180292583651,0.824,0.768251932349777,0.74939012646608,NA,4,"uniformity; dispersion; quantile_fitted; quantile_predictor",0.986955341513968,2882.63047770587,2881.42919400665,FALSE,TRUE,-1.20128369921304
"Gamma mean response time","log","inverse",0.0434015832180813,0.000168233747522195,0.61858155572287,0.944,0.993740661240334,0.994838020200577,NA,4,"uniformity; dispersion; quantile_fitted; quantile_predictor",0.178536178909005,2846.18535810939,2848.52687156103,TRUE,FALSE,2.34151345164037
"Gamma mean response time","log","inverse",0.114862920881547,0.000147757139670501,0.979125386787583,0.672,0.826802652184546,0.88149545314891,NA,4,"uniformity; dispersion; quantile_fitted; quantile_predictor",0.457157324560061,2817.16762227203,2817.41700934324,TRUE,FALSE,0.249387071219189
"Gamma mean response time","log","inverse",0.007702480669575,0.000238499984358519,0.949314353716357,0.424,0.938374991160747,0.698968589414776,NA,4,"uniformity; dispersion; quantile_fitted; quantile_predictor",0.0333070828308431,2823.93546183692,2828.23882446295,TRUE,FALSE,4.30336262603032
"Gamma mean response time","log","inverse",0.397673176134083,7.55568606727344e-05,0.981436134233125,0.928,0.733270806946148,0.179623245554424,NA,4,"uniformity; dispersion; quantile_fitted; quantile_predictor",0.00925990832694969,2825.87710179122,2831.74915933228,TRUE,FALSE,5.87205754105889
"Gamma mean response time","log","inverse",0.187283745970131,0.000129495971750386,0.58699344131048,0.744,0.509413877209788,0.11376516364538,NA,4,"uniformity; dispersion; quantile_fitted; quantile_predictor",0.00409710359664263,2819.56407959944,2826.91007818554,TRUE,FALSE,7.34599858610181
"Gamma mean response time","log","inverse",0.916838612558479,9.90514050619055e-06,0.388018687021085,0.936,0.915175640995842,0.999330660837025,NA,4,"uniformity; dispersion; quantile_fitted; quantile_predictor",0.320775249211433,2879.06853851134,2873.57599717447,FALSE,TRUE,-5.492541336876
"Gamma mean response time","log","inverse",0.560777260671112,5.26425432809956e-05,0.591485651609322,0.888,0.782617174065986,0.726252985117745,NA,4,"uniformity; dispersion; quantile_fitted; quantile_predictor",0.678877973615843,2823.10443664518,2823.16843504258,TRUE,FALSE,0.0639983974078859
"Gamma mean response time","log","inverse",0.00980260066845175,0.000245489362527211,0.533857689147151,0.936,0.841030580160569,0.407545846577412,NA,4,"uniformity; dispersion; quantile_fitted; quantile_predictor",0.0176496259460355,2852.22616606464,2857.4186099715,TRUE,FALSE,5.19244390686026
"Gamma mean response time","log","inverse",0.00251519370020046,0.000302236730435581,0.862441867242661,0.872,0.867967044098782,0.324561635450894,NA,4,"uniformity; dispersion; quantile_fitted; quantile_predictor",0.0357196847429175,2828.14477376571,2833.03756195608,TRUE,FALSE,4.89278819037008
"Gamma mean response time","log","inverse",0.0188857995598848,0.000231051967587,0.971038518317793,0.632,0.439099481329001,0.816230596593657,NA,4,"uniformity; dispersion; quantile_fitted; quantile_predictor",0.196607002570537,2866.71068564595,2868.44626443036,TRUE,FALSE,1.73557878441079
"Gamma mean response time","log","inverse",0.0103980400899127,0.000234591668910906,0.999375401266411,0.4,0.0387856783672087,0.934920058601788,NA,4,"uniformity; dispersion; quantile_fitted; quantile_predictor",0.203196259607701,2811.72269471934,2813.46305228556,TRUE,FALSE,1.74035756622106
"Gamma mean response time","log","inverse",0.733194916838422,3.5783060624195e-05,0.949314353716357,0.624,0.993472226740683,0.992274780251261,NA,4,"uniformity; dispersion; quantile_fitted; quantile_predictor",0.445573769899511,2884.01260320064,2884.45793737552,TRUE,FALSE,0.44533417488492
"Gamma mean response time","log","inverse",0.372733867999423,8.92039039501677e-05,0.787935377978095,0.896,0.553577959222983,0.155254659078515,NA,4,"uniformity; dispersion; quantile_fitted; quantile_predictor",0.116180909939657,2861.76801578819,2864.52669467316,TRUE,FALSE,2.75867888496987
"Gamma mean response time","log","inverse",0.0549129532251853,0.000186936548719276,0.520847963468876,0.752,0.0859717140726023,0.924782082636759,NA,4,"uniformity; dispersion; quantile_fitted; quantile_predictor",0.735938967371081,2884.48507564872,2882.21382961886,FALSE,TRUE,-2.27124602986396
"Gamma mean response time","log","inverse",0.00147043131228982,0.000284519125183371,0.997279681809044,0.888,0.950037730909117,0.949283911098321,NA,4,"uniformity; dispersion; quantile_fitted; quantile_predictor",0.145231930006895,2791.56959466474,2793.39397214923,TRUE,FALSE,1.82437748449092
"Gamma mean response time","log","inverse",0.384430333776642,7.95576565349888e-05,0.740478883267594,0.96,0.986899128236879,0.998508618127639,NA,4,"uniformity; dispersion; quantile_fitted; quantile_predictor",0.13538198490827,2852.87344368536,2854.80073201052,TRUE,FALSE,1.92728832515513
"Gamma mean response time","log","inverse",0.615088869743334,-4.97107767953594e-05,0.883245048548082,0.928,0.970585244483759,0.415769515058898,NA,4,"uniformity; dispersion; quantile_fitted; quantile_predictor",0.189011296421779,2885.86422623718,2888.08054834252,TRUE,FALSE,2.21632210533608
"Gamma mean response time","log","inverse",0.0361341042748306,0.000191583669842752,0.533857689147151,0.664,0.950779969414915,0.951589994297832,NA,4,"uniformity; dispersion; quantile_fitted; quantile_predictor",0.749117044984333,2835.02671337525,2833.79777439428,FALSE,TRUE,-1.22893898096572
"Gamma mean response time","log","inverse",0.0266826807069352,0.00018905480445318,0.555803557314924,0.28,0.928109288746619,0.136786295431468,NA,4,"uniformity; dispersion; quantile_fitted; quantile_predictor",0.018243492900341,2850.98620894527,2856.27581568644,TRUE,FALSE,5.28960674116388
"Gamma mean response time","log","inverse",0.0102605752712808,0.000233496814669719,0.967942289965626,0.656,0.92714387795653,0.661615315500409,NA,4,"uniformity; dispersion; quantile_fitted; quantile_predictor",0.0458375275208418,2846.09700777674,2849.23977856402,TRUE,FALSE,3.14277078727901
"Gamma mean response time","log","inverse",0.0792395527499404,0.000184106003847477,0.441827946529037,0.696,0.8317024190951,0.779916159223236,NA,4,"uniformity; dispersion; quantile_fitted; quantile_predictor",0.0762166363105614,2845.02146039769,2849.37218928322,TRUE,FALSE,4.35072888553623
"Gamma mean response time","log","inverse",0.290299568514906,0.000100064057848431,0.899369075367946,0.808,0.981087944372245,0.564613381918486,NA,4,"uniformity; dispersion; quantile_fitted; quantile_predictor",0.0327069550190704,2844.83470965419,2849.5174972551,TRUE,FALSE,4.68278760091016
"Gamma mean response time","log","inverse",0.877200795411293,-1.51779407738404e-05,0.753643103808368,0.528,0.985701013029553,0.983485041599365,NA,4,"uniformity; dispersion; quantile_fitted; quantile_predictor",0.579676798600428,2854.0653404013,2849.21258739705,FALSE,TRUE,-4.8527530042461
"Gamma mean response time","log","inverse",0.229585593006536,0.000121965031513506,0.925354459347454,0.464,0.949748805283603,0.739652328365685,NA,4,"uniformity; dispersion; quantile_fitted; quantile_predictor",0.0923320007311681,2855.95225442412,2858.83180481734,TRUE,FALSE,2.8795503932206
"Gamma mean response time","log","inverse",0.815918548764107,2.00561308031107e-05,0.917144055712937,0.872,0.335084257701294,0.151993109842288,NA,4,"uniformity; dispersion; quantile_fitted; quantile_predictor",0.00122608098839212,2848.34777727438,2855.07717399802,TRUE,FALSE,6.72939672364873
"Gamma mean response time","log","inverse",0.187168519720871,0.000121039435776381,0.889832344600795,0.656,0.816347396104962,0.260542896423484,NA,4,"uniformity; dispersion; quantile_fitted; quantile_predictor",0.014535079482348,2875.54072926694,2881.05337176876,TRUE,FALSE,5.51264250182294
"Gamma mean response time","log","inverse",0.809974064254475,-2.08217894096796e-05,0.499459668800393,0.744,0.997122778433915,0.74575540365507,NA,4,"uniformity; dispersion; quantile_fitted; quantile_predictor",0.0724963379001045,2802.27672192419,2805.62978886587,TRUE,FALSE,3.35306694168048
"Gamma mean response time","log","inverse",0.201985253124514,0.000110208882981747,0.988125079460774,0.56,0.995876316335093,0.968536218707732,NA,4,"uniformity; dispersion; quantile_fitted; quantile_predictor",0.153773117032256,2852.97359078374,2854.47148565731,TRUE,FALSE,1.49789487357384
"Gamma mean response time","log","inverse",0.0161494634190714,0.000239383111099808,0.627654857454536,0.456,0.992575822243086,0.999483463689414,NA,4,"uniformity; dispersion; quantile_fitted; quantile_predictor",0.711179379101083,2846.23456694829,2846.35132179939,TRUE,FALSE,0.116754851101177
"Gamma mean response time","log","inverse",0.000513356483193705,0.000328402617328695,0.749270967784933,0.688,0.360814163174759,0.932309448726561,NA,4,"uniformity; dispersion; quantile_fitted; quantile_predictor",0.0619782143342602,2846.31640350088,2849.46366108681,TRUE,FALSE,3.14725758593067
"Gamma mean response time","log","inverse",0.115211263059055,0.000155136826881515,0.855180029193927,0.96,0.757986811663587,0.757204636230909,NA,4,"uniformity; dispersion; quantile_fitted; quantile_predictor",0.383362008560103,2836.85964320341,2837.52321131387,TRUE,FALSE,0.663568110464439
"Gamma mean response time","log","inverse",0.278624156648137,0.000106653470113588,0.896236910162937,0.384,0.951235699117631,0.885013048207912,NA,4,"uniformity; dispersion; quantile_fitted; quantile_predictor",0.322539907494393,2843.57201687393,2844.99048025868,TRUE,FALSE,1.4184633847467
"Gamma mean response time","log","inverse",0.00119477799128652,0.00030793599202236,0.873033311657456,0.984,0.894815900604814,0.593882735536056,NA,4,"uniformity; dispersion; quantile_fitted; quantile_predictor",0.0191436652147614,2843.57852662306,2848.62888404277,TRUE,FALSE,5.05035741971687
"Gamma mean response time","log","inverse",0.122949732254342,0.000152908887616332,0.800424624181457,0.872,0.966406378371757,0.950036859790416,NA,4,"uniformity; dispersion; quantile_fitted; quantile_predictor",0.104219198994398,2876.34205427097,2878.63264892481,TRUE,FALSE,2.29059465384307
"Gamma mean response time","log","inverse",0.0107427632359377,0.000241700447031622,0.955461169784439,0.616,0.946860007909472,0.945602229153181,NA,4,"uniformity; dispersion; quantile_fitted; quantile_predictor",0.0703912129038042,2848.06852155778,2850.98456664532,TRUE,FALSE,2.91604508753653
"Gamma mean response time","log","inverse",0.396890374785393,8.15199740317947e-05,0.992302556345702,0.92,0.946817269548581,0.94629373624536,NA,4,"uniformity; dispersion; quantile_fitted; quantile_predictor",0.621583129941486,2837.35363165553,2836.12249948008,FALSE,TRUE,-1.23113217544733
"Gamma mean response time","log","inverse",0.00619542787575893,0.000272574363659476,0.828598820461038,0.856,0.975917393364216,0.416155311989839,NA,4,"uniformity; dispersion; quantile_fitted; quantile_predictor",0.0518927049801856,2859.54321192795,2863.87542240118,TRUE,FALSE,4.33221047322877
"Gamma mean response time","log","inverse",0.117114760098719,0.000147863712378321,0.591485651609323,0.728,0.970230044790405,0.689929235495519,NA,4,"uniformity; dispersion; quantile_fitted; quantile_predictor",0.0451287820968895,2845.46363796088,2850.08085334623,TRUE,FALSE,4.6172153853463
"Gamma mean response time","log","inverse",0.251955730611441,0.000120726124852889,0.99997827524793,0.392,0.382675608164933,0.0278952941499226,NA,4,"uniformity; dispersion; quantile_fitted; quantile_predictor",0.000358493159321138,2862.85962273477,2872.13727242517,TRUE,FALSE,9.27764969040118
"Gamma mean response time","log","inverse",0.0500075602002748,0.000189887622849143,0.804535897709649,0.688,0.525274006424073,0.889305995142165,NA,4,"uniformity; dispersion; quantile_fitted; quantile_predictor",0.589178410574071,2867.48303825355,2867.43721683466,FALSE,TRUE,-0.0458214188902275
"Gamma mean response time","log","inverse",0.0151909267611363,0.000235395369351483,0.466092175172615,0.68,0.89876787499486,0.636919084175312,NA,4,"uniformity; dispersion; quantile_fitted; quantile_predictor",0.480951620988693,2838.62226116561,2839.06400551959,TRUE,FALSE,0.441744353985086
"Gamma mean response time","log","inverse",0.181715933668462,0.000133299527475226,0.677658480003908,0.856,0.633875190779776,0.651857133901032,NA,4,"uniformity; dispersion; quantile_fitted; quantile_predictor",0.0719860056698168,2850.81325636833,2854.23151421276,TRUE,FALSE,3.41825784442517
"Gamma mean response time","log","inverse",0.648712432671166,4.56996277234552e-05,0.955461169784439,0.888,0.476004539021643,0.0222882560711994,NA,4,"uniformity; dispersion; quantile_fitted; quantile_predictor",0.00427851565977407,2897.75427948447,2904.87195994765,TRUE,FALSE,7.11768046318639
"Gamma mean response time","log","inverse",0.433292508832653,7.42497585022063e-05,0.641287797289095,0.064,0.688495130955551,0.0760925737063123,NA,4,"uniformity; dispersion; quantile_fitted; quantile_predictor",0.00855408674202052,2804.90400270479,2811.5134881427,TRUE,FALSE,6.60948543791483
"Gamma mean response time","log","inverse",0.243228529405735,0.000102827824601887,0.422145003415624,0.448,0.107969369380723,0.558470642974888,NA,4,"uniformity; dispersion; quantile_fitted; quantile_predictor",0.0114957190241443,2797.77744632562,2804.27466551674,TRUE,FALSE,6.49721919112199
"Gamma mean response time","log","inverse",0.361503060693561,7.5390357577439e-05,0.812675520669121,0.832,0.914783017745719,0.628211868152803,NA,4,"uniformity; dispersion; quantile_fitted; quantile_predictor",0.871963586602719,2818.26084195561,2816.54715355974,FALSE,TRUE,-1.71368839587831
"Gamma mean response time","log","inverse",0.590614436105476,4.93580226403675e-05,0.955461169784439,0.528,0.836621435669604,0.201217082243359,NA,4,"uniformity; dispersion; quantile_fitted; quantile_predictor",0.429938831976571,2845.81265736199,2846.65704684026,TRUE,FALSE,0.844389478268567
"Gamma mean response time","log","inverse",0.0353017337023417,0.000194927939267169,0.318543453669014,0.704,0.947001417709824,0.971881964476059,NA,4,"uniformity; dispersion; quantile_fitted; quantile_predictor",0.699307295283448,2838.67480462498,2835.02726261769,FALSE,TRUE,-3.64754200728248
"Gamma mean response time","log","inverse",0.0776022248060479,0.000168544855180445,0.961127094905875,0.984,0.225041411990612,0.317603775668212,NA,4,"uniformity; dispersion; quantile_fitted; quantile_predictor",0.000483899554357411,2848.36649437243,2857.08203481457,TRUE,FALSE,8.71554044213462
"Gamma mean response time","log","inverse",0.533261648498326,5.93667432999498e-05,0.718257972707759,0.904,0.910134840550132,0.913677892126727,NA,4,"uniformity; dispersion; quantile_fitted; quantile_predictor",0.0843758221621812,2844.01403207593,2847.1570062039,TRUE,FALSE,3.14297412797441
"Gamma mean response time","log","inverse",0.0677263812713613,0.000162277215793235,0.886561209179273,0.824,0.994498787357913,0.993619090580918,NA,4,"uniformity; dispersion; quantile_fitted; quantile_predictor",0.843108544711282,2829.26319458448,2828.01661385054,FALSE,TRUE,-1.24658073394585
"Gamma mean response time","log","inverse",0.123401045433206,0.000143590968297718,0.999375401266411,0.72,0.935007288609725,0.978823986416755,NA,4,"uniformity; dispersion; quantile_fitted; quantile_predictor",0.525939345067358,2820.69894414922,2820.70701158991,TRUE,FALSE,0.00806744069086562
"Gamma mean response time","log","inverse",0.157273267206096,0.000124472005559472,0.992302556345702,0.504,0.973637122891119,0.972779745623705,NA,4,"uniformity; dispersion; quantile_fitted; quantile_predictor",0.0796036500594181,2837.65977530923,2840.18668415358,TRUE,FALSE,2.52690884434469
"Gamma mean response time","log","inverse",0.604336933223191,-4.62371836866683e-05,0.889832344600794,0.792,0.946697990588341,0.932744614399695,NA,4,"uniformity; dispersion; quantile_fitted; quantile_predictor",0.12964677864721,2818.42010793611,2820.67139997648,TRUE,FALSE,2.25129204036966
"Gamma mean response time","log","inverse",0.249025272470833,0.000112510536126933,0.650384666626476,0.544,0.895599972549264,0.467248716563342,NA,4,"uniformity; dispersion; quantile_fitted; quantile_predictor",0.0210104504119227,2845.97729646232,2850.977391639,TRUE,FALSE,5.00009517668286
"Gamma mean response time","log","inverse",0.171506945772549,0.000107297699759301,0.889832344600795,0.288,0.950855479878194,0.554180765809237,NA,4,"uniformity; dispersion; quantile_fitted; quantile_predictor",0.0871720308386209,2799.95580234937,2803.8199881464,TRUE,FALSE,3.86418579702513
"Gamma mean response time","log","inverse",0.00421683988958723,0.000288099777255116,0.766653862563478,0.576,0.889136038535232,0.75840025723965,NA,4,"uniformity; dispersion; quantile_fitted; quantile_predictor",0.526547294023924,2874.97272939869,2869.17806282162,FALSE,TRUE,-5.79466657707417
"Gamma mean response time","log","inverse",0.129736351108253,0.000137880750100952,0.62311627980437,0.456,0.903650492009401,0.802106756834047,NA,4,"uniformity; dispersion; quantile_fitted; quantile_predictor",0.192853338785934,2802.8431694821,2804.06836587263,TRUE,FALSE,1.2251963905278
"Gamma mean response time","log","inverse",0.395527745558961,7.49833481794964e-05,0.516539930292455,0.752,0.76794592180652,0.359118736867613,NA,4,"uniformity; dispersion; quantile_fitted; quantile_predictor",0.0291143123562435,2854.8312105536,2859.92905373292,TRUE,FALSE,5.09784317931189
"Gamma mean response time","log","inverse",0.101761541199069,0.000154546328097515,0.766653862563478,0.944,0.186471746345012,0.00622896299107578,NA,4,"uniformity; dispersion; quantile_fitted; quantile_predictor",0.00168995987926475,2839.76693416933,2849.21637922284,TRUE,FALSE,9.44944505350713
"Gamma mean response time","log","inverse",0.0957724919331969,0.000156244415916356,0.935574836728434,0.992,0.926304919015952,0.939326867775049,NA,4,"uniformity; dispersion; quantile_fitted; quantile_predictor",0.119400634632541,2851.45559079419,2854.24353068854,TRUE,FALSE,2.78793989434917
"Gamma mean response time","log","inverse",0.11561591771737,0.000156594244273881,0.998701559272546,0.832,0.968835712912384,0.96853535554301,NA,4,"uniformity; dispersion; quantile_fitted; quantile_predictor",0.672419179804035,2868.4976925866,2868.14097187517,FALSE,TRUE,-0.356720711425169
"Gamma mean response time","log","inverse",0.0135608992675397,0.000222824866182856,0.40676652437107,0.4,0.910256679889008,0.938023586735059,NA,4,"uniformity; dispersion; quantile_fitted; quantile_predictor",0.186837986268036,2838.49536267024,2840.96273713683,TRUE,FALSE,2.46737446658562
"Gamma mean response time","log","inverse",0.129583587609714,0.000156189086566139,0.650384666626473,0.928,0.905357120346722,0.926074143596624,NA,4,"uniformity; dispersion; quantile_fitted; quantile_predictor",0.444568137034784,2889.85269378423,2889.34538259027,FALSE,TRUE,-0.507311193958685
"Gamma mean response time","log","inverse",0.0131011024086263,0.000234234949310497,0.673118477742602,0.44,0.958104714400527,0.955863000890601,NA,4,"uniformity; dispersion; quantile_fitted; quantile_predictor",0.146075839795253,2814.84064506867,2817.0528024055,TRUE,FALSE,2.21215733683175
"Gamma mean response time","log","inverse",0.237543209131066,0.000110621809906459,0.744882618161923,1,0.806951186529545,0.661115372417154,NA,4,"uniformity; dispersion; quantile_fitted; quantile_predictor",0.0182468882122202,2842.85899011414,2847.3481517063,TRUE,FALSE,4.48916159215696
"Gamma mean response time","log","inverse",0.0531575496366787,0.000174502199239516,0.188246718681455,0.64,0.844969677213187,0.978997280148991,NA,4,"uniformity; dispersion; quantile_fitted; quantile_predictor",0.177568755508625,2853.31954963373,2855.24312477623,TRUE,FALSE,1.92357514250125
"Gamma mean response time","log","inverse",0.311511839777937,8.89044172014333e-05,0.804535897709649,0.936,0.99808247632819,0.99873930889831,NA,4,"uniformity; dispersion; quantile_fitted; quantile_predictor",0.793069457290925,2860.39883471293,2859.26877490318,FALSE,TRUE,-1.13005980974958
"Gamma mean response time","log","inverse",0.174443202989431,0.000120870052032983,0.770952751050934,0.96,0.531647025841699,0.101360156666514,NA,4,"uniformity; dispersion; quantile_fitted; quantile_predictor",0.00348104130720259,2876.6367398283,2882.22833171962,TRUE,FALSE,5.59159189132288
"Gamma mean response time","log","inverse",0.0404269923772317,0.000175317882360922,0.796286867352827,1,0.94148171262551,0.276270296411548,NA,4,"uniformity; dispersion; quantile_fitted; quantile_predictor",0.0072370897598078,2805.49325000889,2811.75100464194,TRUE,FALSE,6.25775463305354
"Gamma mean response time","log","inverse",0.725218603770688,-3.28891418567996e-05,0.935574836728435,0.6,0.895725219824532,0.924416843979061,NA,4,"uniformity; dispersion; quantile_fitted; quantile_predictor",0.115362434907602,2856.64745486986,2859.49089021688,TRUE,FALSE,2.84343534701975
"Gamma mean response time","log","inverse",0.333254154813442,0.000101174152819356,0.582509399339961,0.512,0.926758440901647,0.796958432346997,NA,4,"uniformity; dispersion; quantile_fitted; quantile_predictor",0.346388965700713,2864.31626223617,2865.18500172247,TRUE,FALSE,0.868739486296818
"Gamma mean response time","log","inverse",0.0553975312745233,0.00016979512919088,0.855180029193928,0.704,0.99800066447894,0.998670765735946,NA,4,"uniformity; dispersion; quantile_fitted; quantile_predictor",0.348648514205547,2852.10352780906,2853.56586129407,TRUE,FALSE,1.46233348501391
"Gamma mean response time","log","inverse",0.0051146444615108,0.000284919041683072,0.499459668800393,0.864,0.904412912102965,0.289229041705815,NA,4,"uniformity; dispersion; quantile_fitted; quantile_predictor",0.772616201880043,2905.69103931333,2905.25131146186,FALSE,TRUE,-0.439727851467069
"Gamma mean response time","log","inverse",0.425973158840359,6.80356319010074e-05,0.832500466292244,0.704,0.873570073238351,0.906846874004597,NA,4,"uniformity; dispersion; quantile_fitted; quantile_predictor",0.186907197001544,2846.37268373131,2847.95483345637,TRUE,FALSE,1.5821497250563
"Gamma mean response time","log","inverse",0.492232793148011,7.10985862569682e-05,0.971038518317793,0.872,0.98889070264033,0.97235218037363,NA,4,"uniformity; dispersion; quantile_fitted; quantile_predictor",0.799222014052878,2885.56708646145,2882.88445005266,FALSE,TRUE,-2.68263640879786
"Gamma mean response time","log","inverse",0.864412760708367,1.5600608869413e-05,0.0933494363578846,0.976,0.6847875545729,0.650971462315775,NA,4,"uniformity; dispersion; quantile_fitted; quantile_predictor",0.596177524745758,2832.38239264876,2831.57555468719,FALSE,TRUE,-0.806837961566998
"Gamma mean response time","log","inverse",0.311451007903012,9.8240598023043e-05,0.659482247672299,0.896,0.589843883748447,0.702995439393267,NA,4,"uniformity; dispersion; quantile_fitted; quantile_predictor",0.0516549334654188,2859.95771353348,2863.78079228903,TRUE,FALSE,3.82307875554989
"Gamma mean response time","log","inverse",0.0234959996148751,0.000225011416681373,0.982522453478986,0.24,0.79559952642454,0.546163048187212,NA,4,"uniformity; dispersion; quantile_fitted; quantile_predictor",0.0439813616884801,2856.82208033809,2861.03288397662,TRUE,FALSE,4.21080363853389
"Gamma mean response time","log","inverse",0.137064738649543,0.000136761317179278,0.520847963468876,0.424,0.901061616117802,0.972605095374889,NA,4,"uniformity; dispersion; quantile_fitted; quantile_predictor",0.498171605036492,2846.74089897422,2846.70639883553,FALSE,TRUE,-0.0345001386940567
"Gamma mean response time","log","inverse",0.589429273932637,4.5731917189288e-05,0.847764836720127,0.912,0.987637693198082,0.971761455530258,NA,4,"uniformity; dispersion; quantile_fitted; quantile_predictor",0.277199149176272,2815.02489230988,2816.09635677365,TRUE,FALSE,1.07146446376601
"Gamma mean response time","log","inverse",0.0351018607874918,0.000193328623869882,0.979125386787583,0.912,0.899720677947354,0.154488830893113,NA,4,"uniformity; dispersion; quantile_fitted; quantile_predictor",0.144193869284966,2793.73152093044,2795.24947508944,TRUE,FALSE,1.51795415899596
"Gamma mean response time","log","inverse",0.331503724622968,9.62721620490603e-05,0.546988103988555,0.88,0.974168118318743,0.93173967871085,NA,4,"uniformity; dispersion; quantile_fitted; quantile_predictor",0.513196402446201,2886.54660768731,2884.34825224711,FALSE,TRUE,-2.19835544020543
"Gamma mean response time","log","inverse",0.0579952636008076,0.00018731290951556,0.911416541227789,0.936,0.805814102241441,0.842031970190159,NA,4,"uniformity; dispersion; quantile_fitted; quantile_predictor",0.100791858837166,2836.56672332022,2839.09270486173,TRUE,FALSE,2.52598154151156
"Gamma mean response time","log","inverse",0.00645126306359078,0.000261013181661572,0.153642764174594,0.104,0.422586476423961,0.377415577462667,NA,4,"uniformity; dispersion; quantile_fitted; quantile_predictor",0.517498610006313,2850.90261234215,2850.51201824218,FALSE,TRUE,-0.390594099968439
"Gamma mean response time","log","inverse",0.0539556694698059,0.000180100176118089,0.840202774809009,0.672,0.75746946327415,0.750203825663454,NA,4,"uniformity; dispersion; quantile_fitted; quantile_predictor",0.116443126618818,2859.66956273955,2862.60885362401,TRUE,FALSE,2.93929088445657
"Gamma mean response time","log","inverse",2.18134047502549e-05,0.000416065820013994,0.855180029193928,0.384,0.572266606296382,0.416625365258307,NA,4,"uniformity; dispersion; quantile_fitted; quantile_predictor",0.133169675305127,2815.99362174774,2818.37287656547,TRUE,FALSE,2.379254817733
"Gamma mean response time","log","inverse",0.170457860852543,0.000116404087816975,0.855180029193928,0.864,0.96582866442958,0.966219747965994,NA,4,"uniformity; dispersion; quantile_fitted; quantile_predictor",0.847157239076725,2851.1406758247,2850.05269387224,FALSE,TRUE,-1.08798195246163
"Gamma mean response time","log","inverse",0.152609700181126,0.000135129425369466,0.997535956094895,0.816,0.960032980190738,0.155905543355391,NA,4,"uniformity; dispersion; quantile_fitted; quantile_predictor",0.0198741077048564,2866.38479749205,2871.67115226146,TRUE,FALSE,5.28635476940644
"Gamma mean response time","log","inverse",0.44073101300481,6.20989497575299e-05,0.983563773548434,0.64,0.529308498997513,0.0878398788717465,NA,4,"uniformity; dispersion; quantile_fitted; quantile_predictor",0.00521160758812536,2817.84005083467,2823.43458143113,TRUE,FALSE,5.59453059645466
"Gamma mean response time","log","inverse",0.980529377615456,2.18822833634443e-06,0.925354459347454,0.632,0.659300217390042,0.349156746357336,NA,4,"uniformity; dispersion; quantile_fitted; quantile_predictor",0.0170883095882749,2857.38199535205,2862.56623900196,TRUE,FALSE,5.18424364991006
"Gamma mean response time","log","inverse",0.107357200865468,0.000151523409221653,0.905490168185594,0.952,0.910370908063417,0.908674511100341,NA,4,"uniformity; dispersion; quantile_fitted; quantile_predictor",0.163036550664892,2807.07372421494,2808.63885791085,TRUE,FALSE,1.56513369590994
"Gamma mean response time","log","inverse",0.0237387896831125,0.000232189848083257,0.828598820461039,0.76,0.969224626543106,0.80750959701819,NA,4,"uniformity; dispersion; quantile_fitted; quantile_predictor",0.637595495601825,2837.39656221084,2836.75459821647,FALSE,TRUE,-0.641963994372418
"Gamma mean response time","log","inverse",0.00588987424076709,0.000228196014559921,0.961127094905874,0.272,0.821853280691479,0.988071980886892,NA,4,"uniformity; dispersion; quantile_fitted; quantile_predictor",0.257836490006725,2821.00530369607,2822.75984935962,TRUE,FALSE,1.7545456635512
"Gamma mean response time","log","inverse",0.0551477957433679,0.000180399263616048,0.949314353716357,0.824,0.790326979516214,0.673937655862873,NA,4,"uniformity; dispersion; quantile_fitted; quantile_predictor",0.0982853898036569,2821.58896598356,2824.82874989081,TRUE,FALSE,3.23978390725097
"Gamma mean response time","log","inverse",0.256275376837608,0.000116487584354308,0.966316882298976,0.896,0.993035957236329,0.992275420540148,NA,4,"uniformity; dispersion; quantile_fitted; quantile_predictor",0.16040090475053,2900.69038750705,2902.79084431382,TRUE,FALSE,2.1004568067724
"Gamma mean response time","log","inverse",0.00450958211824264,0.000257892009260728,0.677658480003908,0.696,0.481864104085215,0.213065705908855,NA,4,"uniformity; dispersion; quantile_fitted; quantile_predictor",0.0600404138260539,2852.3959022747,2857.16495588165,TRUE,FALSE,4.76905360694764
"Gamma mean response time","log","inverse",0.0772219239943939,0.00017674106077229,0.512246752108743,0.92,0.968607545808226,0.529021024214784,NA,4,"uniformity; dispersion; quantile_fitted; quantile_predictor",0.0181193726240852,2860.96324355609,2865.83318526145,TRUE,FALSE,4.86994170536173
"Gamma mean response time","log","inverse",0.190894147606026,0.000119913835506385,0.796286867352825,0.576,0.878329702565486,0.988049700418398,NA,4,"uniformity; dispersion; quantile_fitted; quantile_predictor",0.286959180630196,2846.39765021834,2847.22982829192,TRUE,FALSE,0.832178073581872
"Gamma mean response time","log","inverse",0.406471562704225,-7.34569979812111e-05,0.988914620509739,0.84,0.969962517892974,0.916248504023534,NA,4,"uniformity; dispersion; quantile_fitted; quantile_predictor",0.165153222568991,2831.05313620462,2832.0918444902,TRUE,FALSE,1.0387082855782
"Gamma mean response time","log","inverse",0.563831911796528,5.41595459462588e-05,0.78372338046882,0.624,0.96943961619859,0.994430338238987,NA,4,"uniformity; dispersion; quantile_fitted; quantile_predictor",0.606914076122998,2873.8254021216,2873.80583181109,FALSE,TRUE,-0.0195703105182474
"Gamma mean response time","log","inverse",0.997250314281123,3.22315699066404e-07,0.840202774809008,0.864,0.857207092684843,0.477822058929923,NA,4,"uniformity; dispersion; quantile_fitted; quantile_predictor",0.0843735783357542,2863.55957172924,2866.77724959565,TRUE,FALSE,3.21767786640294
"Gamma mean response time","log","inverse",0.428737343178536,7.27040729502637e-05,0.757998192122875,0.68,0.92610055645348,0.930017110079905,NA,4,"uniformity; dispersion; quantile_fitted; quantile_predictor",0.0604510697122615,2833.80532249853,2836.85187458239,TRUE,FALSE,3.04655208385611
"Gamma mean response time","log","inverse",0.0174568701181292,0.000250662419376744,0.525170505878373,0.592,0.996925717242141,0.913946947373115,NA,4,"uniformity; dispersion; quantile_fitted; quantile_predictor",0.241156859698934,2859.14415573897,2861.16853292679,TRUE,FALSE,2.02437718782448
"Gamma mean response time","log","inverse",0.00057916647519193,0.000329949138646641,0.757998192122876,0.944,0.800402174180832,0.958966376088285,NA,4,"uniformity; dispersion; quantile_fitted; quantile_predictor",0.391626693789619,2850.13001407856,2849.29665977735,FALSE,TRUE,-0.833354301209056
"Gamma mean response time","log","inverse",0.144029072408968,0.00014504480054683,0.969516030047767,0.272,0.670666666980491,0.370261378682472,NA,4,"uniformity; dispersion; quantile_fitted; quantile_predictor",0.0245167417629492,2842.73180626404,2847.88216764964,TRUE,FALSE,5.15036138560163
"Gamma mean response time","log","inverse",0.432856781274172,7.32275324485334e-05,0.997772844313096,0.792,0.91886714402066,0.573463563670428,NA,4,"uniformity; dispersion; quantile_fitted; quantile_predictor",0.0204055182814801,2867.39382456236,2872.13890414177,TRUE,FALSE,4.74507957941205
"Gamma mean response time","log","inverse",0.690096902143399,-3.50175934400881e-05,0.990378684911534,0.728,0.955500493063389,0.43573068252949,NA,4,"uniformity; dispersion; quantile_fitted; quantile_predictor",0.515719524128473,2844.92954798449,2845.006050363,TRUE,FALSE,0.0765023785111225
"Gamma mean response time","log","inverse",0.0380752057973899,0.000194591918496931,0.787935377978094,0.768,0.963987284937222,0.830437631462907,NA,4,"uniformity; dispersion; quantile_fitted; quantile_predictor",0.211252350468665,2872.71071361679,2874.07893359656,TRUE,FALSE,1.36821997976676
"Gamma mean response time","log","inverse",0.00594865214099419,0.000237019045644307,0.949314353716356,0.768,0.0295873401384663,0.180131485271571,NA,4,"uniformity; dispersion; quantile_fitted; quantile_predictor",0.00837545203835314,2817.59879870346,2823.97074698253,TRUE,FALSE,6.37194827906796
"Gamma mean response time","log","inverse",0.979191067695181,-2.19904635056369e-06,0.99105523292668,0.984,0.850984814386981,0.255203166905831,NA,4,"uniformity; dispersion; quantile_fitted; quantile_predictor",0.0707583521573259,2846.49989457986,2849.40800882683,TRUE,FALSE,2.90811424697449
"Gamma mean response time","log","inverse",0.166699278246629,0.000137394983806391,0.855180029193927,0.68,0.775699875763804,0.879177512812178,NA,4,"uniformity; dispersion; quantile_fitted; quantile_predictor",0.709637612561445,2915.57285106478,2915.54169582432,FALSE,TRUE,-0.0311552404609756
"Gamma mean response time","log","inverse",0.29490182958319,9.81981394708824e-05,0.879884543610755,0.944,0.712152556697601,0.555112697242143,NA,4,"uniformity; dispersion; quantile_fitted; quantile_predictor",0.0233258130112228,2830.05609115664,2834.6121927082,TRUE,FALSE,4.55610155155637
"Gamma mean response time","log","inverse",0.437033413824336,7.16726850962105e-05,0.972510210171799,0.56,0.981176962861064,0.404337400608012,NA,4,"uniformity; dispersion; quantile_fitted; quantile_predictor",0.063364272319583,2851.33619993647,2854.1066342778,TRUE,FALSE,2.77043434132884
"Gamma mean response time","log","inverse",0.134543559516702,0.00013614130460652,0.971038518317793,0.344,0.749246237642816,0.97643378701482,NA,4,"uniformity; dispersion; quantile_fitted; quantile_predictor",0.860334397818757,2867.22169894568,2865.75876542828,FALSE,TRUE,-1.46293351740087
"Gamma mean response time","log","inverse",0.00125931594993059,0.000276401971350881,0.727183556097082,0.44,0.937201079332303,0.633699313467615,NA,4,"uniformity; dispersion; quantile_fitted; quantile_predictor",0.105222332547145,2792.48425733581,2795.40754001049,TRUE,FALSE,2.92328267467974
"Gamma mean response time","log","inverse",0.30282904099674,0.00010197526866355,0.591485651609322,0.776,0.940480491698338,0.940976257446329,NA,4,"uniformity; dispersion; quantile_fitted; quantile_predictor",0.674408058191996,2893.53877460059,2893.13769471685,FALSE,TRUE,-0.401079883738475
"Gamma mean response time","log","inverse",0.0963968566016119,0.000158348987236669,0.930569561857066,0.976,0.975461683701971,0.985042852528751,NA,4,"uniformity; dispersion; quantile_fitted; quantile_predictor",0.943603480405651,2834.79201606018,2834.0274122279,FALSE,TRUE,-0.764603832280045
"Gamma mean response time","log","inverse",0.561043317572985,4.95606223668667e-05,0.969516030047768,1,0.955502977566113,0.990752677024869,NA,4,"uniformity; dispersion; quantile_fitted; quantile_predictor",0.402780668555992,2813.43880622412,2813.1498960245,FALSE,TRUE,-0.288910199623842
"Gamma mean response time","log","inverse",0.00376309668481812,0.000254815656062779,0.779488368614679,0.76,0.990528914728303,0.991858828627411,NA,4,"uniformity; dispersion; quantile_fitted; quantile_predictor",0.687279606008803,2829.66118212455,2827.85785923308,FALSE,TRUE,-1.80332289147191
"Gamma mean response time","log","inverse",0.748252350008868,3.31442407389874e-05,0.740478883267595,0.48,0.284001287477648,0.248357377494739,NA,4,"uniformity; dispersion; quantile_fitted; quantile_predictor",0.0034460847090445,2822.55857314112,2830.16225223642,TRUE,FALSE,7.60367909529259
"Gamma mean response time","log","inverse",0.463287570153607,7.07182818514368e-05,0.704792357194267,0.528,0.674407584381829,0.653844282236549,NA,4,"uniformity; dispersion; quantile_fitted; quantile_predictor",0.261108984243098,2850.71157269633,2852.05971201793,TRUE,FALSE,1.34813932159523
"Gamma mean response time","log","inverse",0.237801286038709,0.000108178010355949,0.957403075247464,0.704,0.782677177853046,0.640554801711114,NA,4,"uniformity; dispersion; quantile_fitted; quantile_predictor",0.0156985512954241,2836.8669431168,2841.67826406369,TRUE,FALSE,4.81132094688201
"Gamma mean response time","log","inverse",0.441855326617938,6.81376949466952e-05,0.812675520669123,0.512,0.579663698558545,0.18334338487573,NA,4,"uniformity; dispersion; quantile_fitted; quantile_predictor",0.00323134153021425,2820.35120260841,2827.01404105523,TRUE,FALSE,6.66283844681857
"Gamma mean response time","log","inverse",0.162025947274099,0.000124641565022147,0.994853910310464,0.352,0.97015580986716,0.8438792577318,NA,4,"uniformity; dispersion; quantile_fitted; quantile_predictor",0.386639894639488,2847.07025029761,2846.88786579747,FALSE,TRUE,-0.182384500134503
"Gamma mean response time","log","inverse",0.149673026681479,0.000132392144208272,0.828598820461039,0.12,0.522384310093912,0.312264535639197,NA,4,"uniformity; dispersion; quantile_fitted; quantile_predictor",0.0224627369824791,2817.19932941226,2822.37158367306,TRUE,FALSE,5.1722542608054
"Gamma mean response time","log","inverse",0.00790723315197497,0.00025499803917035,0.973931600301168,0.976,0.231488989733086,0.0854988886163135,NA,4,"uniformity; dispersion; quantile_fitted; quantile_predictor",0.00759370274813537,2778.30446948022,2784.46321351384,TRUE,FALSE,6.15874403362704
"Gamma mean response time","log","inverse",0.0420649686733242,0.000177482132142984,0.525170505878372,0.744,0.712059009097625,0.0525854809388149,NA,4,"uniformity; dispersion; quantile_fitted; quantile_predictor",0.03053696880854,2831.12858730619,2836.07981573324,TRUE,FALSE,4.95122842705041
"Gamma mean response time","log","inverse",0.571725503630153,5.24934251395445e-05,0.82069879767601,0.624,0.500835638407274,0.595843982032419,NA,4,"uniformity; dispersion; quantile_fitted; quantile_predictor",0.0201767994294834,2823.00278500693,2828.63713682367,TRUE,FALSE,5.63435181673731
"Gamma mean response time","log","inverse",0.964540070911147,4.12689689366315e-06,0.700286311361829,0.552,0.184295957377275,0.195354088216624,NA,4,"uniformity; dispersion; quantile_fitted; quantile_predictor",0.00643763248477208,2846.39110838927,2853.28035633229,TRUE,FALSE,6.88924794301784
"Gamma mean response time","log","inverse",0.0593516528513855,0.00017943616769541,0.654933691009933,1,0.762318033300903,0.647643353287585,NA,4,"uniformity; dispersion; quantile_fitted; quantile_predictor",0.104529305778916,2842.28253641511,2845.65419290931,TRUE,FALSE,3.37165649419239
"Gamma mean response time","log","inverse",0.53584497376759,5.7220247510967e-05,0.749270967784932,0.56,0.948057481094617,0.700577377299905,NA,4,"uniformity; dispersion; quantile_fitted; quantile_predictor",0.030612762821946,2862.16393079707,2866.7632956036,TRUE,FALSE,4.59936480652959
"Gamma mean response time","log","inverse",0.101632883033244,0.000162063183435806,0.263722303334682,0.88,0.906976945434708,0.136995918618877,NA,4,"uniformity; dispersion; quantile_fitted; quantile_predictor",0.320583837887985,2828.42880968301,2828.74977161257,TRUE,FALSE,0.320961929559871
"Gamma mean response time","log","inverse",0.208919805071297,0.000127378612452066,0.529507202537991,0.736,0.941802040965592,0.995131530190976,NA,4,"uniformity; dispersion; quantile_fitted; quantile_predictor",0.629723640093016,2842.19842175809,2842.52016452793,TRUE,FALSE,0.321742769838693
"Gamma mean response time","log","inverse",0.0194237816219219,0.000224620877762311,0.495229187135525,0.744,0.976907632390032,0.895868477281392,NA,4,"uniformity; dispersion; quantile_fitted; quantile_predictor",0.567583582605407,2848.35513409673,2848.53250154931,TRUE,FALSE,0.177367452577982
"Gamma mean response time","log","inverse",0.648987486866002,3.82406722959608e-05,0.925354459347455,0.872,0.0752001580742137,0.046788013983714,NA,4,"uniformity; dispersion; quantile_fitted; quantile_predictor",0.00169516210364151,2797.89337846349,2805.17684716823,TRUE,FALSE,7.2834687047457
"Gamma mean response time","log","inverse",0.169170039583879,0.000127186536527726,0.840202774809006,0.736,0.849903278990055,0.837371360286551,NA,4,"uniformity; dispersion; quantile_fitted; quantile_predictor",0.0796223211309925,2822.16913655175,2825.08363070287,TRUE,FALSE,2.91449415112629
"Gamma mean response time","log","inverse",0.14311027699525,0.000155461603649993,0.686726199737238,0.768,0.961404046711794,0.981489947366333,NA,4,"uniformity; dispersion; quantile_fitted; quantile_predictor",0.0603478233413232,2840.65937992012,2843.63896379845,TRUE,FALSE,2.97958387832796
"Gamma mean response time","log","inverse",0.824422361080912,2.07200798282206e-05,0.426041260261154,0.456,0.995858104375944,0.386518397620268,NA,4,"uniformity; dispersion; quantile_fitted; quantile_predictor",0.00754107073202658,2867.95108610775,2872.9042588141,TRUE,FALSE,4.95317270635178
"Gamma mean response time","log","inverse",0.894411005591912,-1.23135239936074e-05,0.787935377978094,0.56,0.112686035121832,0.931610632342144,NA,4,"uniformity; dispersion; quantile_fitted; quantile_predictor",0.409188738274696,2840.75134588386,2841.47456158323,TRUE,FALSE,0.723215699366847
"Gamma mean response time","log","inverse",0.15256033183482,0.000143109445178524,0.955461169784439,0.264,0.885030604937628,0.896630730075446,NA,4,"uniformity; dispersion; quantile_fitted; quantile_predictor",0.0432293958975853,2851.43807515153,2855.08500699813,TRUE,FALSE,3.64693184659791
"Gamma mean response time","log","inverse",0.0225432016100548,0.000204997117778739,0.90847796287836,0.936,0.950384828511929,0.536287786575988,NA,4,"uniformity; dispersion; quantile_fitted; quantile_predictor",0.0069227045649233,2861.90238246643,2867.70493572196,TRUE,FALSE,5.80255325553253
"Gamma mean response time","log","inverse",0.300789339012163,0.00010105087071434,0.862441867242662,0.344,0.887539958226973,0.0944048888879947,NA,4,"uniformity; dispersion; quantile_fitted; quantile_predictor",0.00897149374458969,2850.10634447045,2856.73035850694,TRUE,FALSE,6.62401403649255
"Gamma mean response time","log","inverse",0.492071780997977,5.96728197831659e-05,0.847764836720127,0.584,0.927577640506976,0.946679362460697,NA,4,"uniformity; dispersion; quantile_fitted; quantile_predictor",0.324378836985084,2802.95923839777,2803.69102882751,TRUE,FALSE,0.731790429745161
"Gamma mean response time","log","inverse",0.0115349682528516,0.000224337493865714,0.673118477742602,0.808,0.944560892547923,0.901722038476244,NA,4,"uniformity; dispersion; quantile_fitted; quantile_predictor",0.0554170369497731,2843.29509099683,2847.13415291043,TRUE,FALSE,3.83906191359802
"Gamma mean response time","log","inverse",0.267581177505999,0.000106506181133203,0.546988103988555,0.28,0.975702150901835,0.97761250954523,NA,4,"uniformity; dispersion; quantile_fitted; quantile_predictor",0.986809034450833,2860.77179120449,2859.06205607587,FALSE,TRUE,-1.70973512862292
"Gamma mean response time","log","inverse",0.0452356480114006,0.000187556494454306,0.783723380468818,0.928,0.917867688595346,0.917922432733773,NA,4,"uniformity; dispersion; quantile_fitted; quantile_predictor",0.600878072533228,2884.73004768626,2884.4302102055,FALSE,TRUE,-0.299837480756651
"Gamma mean response time","log","inverse",0.839734516708222,1.67494343814589e-05,0.886561209179273,0.792,0.93064052578043,0.911195151488579,NA,4,"uniformity; dispersion; quantile_fitted; quantile_predictor",0.423209089165663,2808.22390613243,2807.15209228414,FALSE,TRUE,-1.07181384829619
"Gamma mean response time","log","inverse",4.20600535002691e-05,0.0003432059144901,0.538221591995689,0.928,0.300260021824551,0.973353627069397,NA,4,"uniformity; dispersion; quantile_fitted; quantile_predictor",0.427053505575718,2829.42867444518,2824.1681551887,FALSE,TRUE,-5.26051925647607
"Gamma mean response time","log","inverse",0.285491561991401,0.000103919254176098,0.988125079460774,0.616,0.843617282783108,0.218630898881967,NA,4,"uniformity; dispersion; quantile_fitted; quantile_predictor",0.00649295385180116,2862.61644045797,2868.983405127,TRUE,FALSE,6.36696466902413
"Gamma mean response time","log","inverse",0.223563233383081,-0.000120764060093091,0.206508756930466,0.912,0.935720383961018,0.720103968482901,NA,4,"uniformity; dispersion; quantile_fitted; quantile_predictor",0.11182376420497,2851.0476025553,2853.80871190063,TRUE,FALSE,2.76110934532835
"Gamma mean response time","log","inverse",0.341142557205327,8.34887463228405e-05,0.677658480003908,0.248,0.888115218673958,0.852768116139762,NA,4,"uniformity; dispersion; quantile_fitted; quantile_predictor",0.231910637256356,2784.22917776307,2784.75063440342,TRUE,FALSE,0.521456640349697
"Gamma mean response time","log","inverse",0.725228793425345,3.18416434775431e-05,0.832500466292245,0.688,0.0873048488341519,0.152659769708763,NA,4,"uniformity; dispersion; quantile_fitted; quantile_predictor",0.603469895142184,2820.83443853512,2819.96033448308,FALSE,TRUE,-0.874104052039002
"Gamma mean response time","log","inverse",0.439077779949095,7.73268097164701e-05,0.899369075367947,0.904,0.998709390059799,0.637300738156753,NA,4,"uniformity; dispersion; quantile_fitted; quantile_predictor",0.0436113295857201,2859.27953384321,2863.04828838628,TRUE,FALSE,3.76875454306992
"Gamma mean response time","log","inverse",0.083163771059429,0.000157962923141065,0.736060585289692,0.912,0.142707288164664,0.0189185979913904,NA,4,"uniformity; dispersion; quantile_fitted; quantile_predictor",0.0007759196341964,2823.47082656991,2831.9116385032,TRUE,FALSE,8.44081193328566
"Gamma mean response time","log","inverse",0.241141485521597,0.000103027659719161,0.736060585289695,0.352,0.726709508686711,0.0099861866566977,NA,4,"uniformity; dispersion; quantile_fitted; quantile_predictor",0.0183864031844954,2853.71262695129,2859.62241973408,TRUE,FALSE,5.90979278279883
"Gamma mean response time","log","inverse",0.643063598560462,3.93124102879254e-05,0.457928393314782,0.784,0.961393179815959,0.945617361776524,NA,4,"uniformity; dispersion; quantile_fitted; quantile_predictor",0.526298894237141,2793.32226379262,2792.44670259566,FALSE,TRUE,-0.875561196966828
"Gamma mean response time","log","inverse",0.0101139303301258,0.000232541114209066,0.949314353716357,0.52,0.999466546184437,0.999068351183669,NA,4,"uniformity; dispersion; quantile_fitted; quantile_predictor",0.912404496387341,2801.70244767864,2800.27587330381,FALSE,TRUE,-1.42657437482876
"Gamma mean response time","log","inverse",0.129354765550246,0.000141284337693251,0.645835822721984,0.568,0.978733328440579,0.803955218926991,NA,4,"uniformity; dispersion; quantile_fitted; quantile_predictor",0.0625481491388146,2828.21065908078,2831.21326006438,TRUE,FALSE,3.00260098359331
"Gamma mean response time","log","inverse",0.565686885075789,5.43790340413826e-05,0.231215218479564,0.976,0.837881550057998,0.617776358780369,NA,4,"uniformity; dispersion; quantile_fitted; quantile_predictor",0.0998820958976704,2801.48915171485,2804.43590981114,TRUE,FALSE,2.94675809629098
"Gamma mean response time","log","inverse",0.990555601759236,1.09546330754157e-06,0.832500466292243,0.616,0.934024641538894,0.946863408897193,NA,4,"uniformity; dispersion; quantile_fitted; quantile_predictor",0.279802850421585,2846.65544062038,2847.50566674409,TRUE,FALSE,0.85022612370858
"Gamma mean response time","log","inverse",0.0112091583117772,0.00026453530225201,0.67765848000391,0.856,0.938045618172171,0.814242480383343,NA,4,"uniformity; dispersion; quantile_fitted; quantile_predictor",0.0285138312515657,2869.63573437728,2873.98054380804,TRUE,FALSE,4.34480943075732
"Gamma mean response time","log","inverse",0.242089451486151,0.000107099537707541,0.470201666007072,0.84,0.406973010975312,0.332199003324808,NA,4,"uniformity; dispersion; quantile_fitted; quantile_predictor",0.672748488064635,2877.63975260902,2876.47202597253,FALSE,TRUE,-1.1677266364909
"Gamma mean response time","log","inverse",0.00214630125518232,0.000270672967518499,0.525170505878372,0.6,0.819857666613899,0.950628703474303,NA,4,"uniformity; dispersion; quantile_fitted; quantile_predictor",0.321023939364323,2829.69249973384,2829.64375786782,FALSE,TRUE,-0.0487418660190997
"Gamma mean response time","log","inverse",0.31249336110211,9.11365131119857e-05,0.840202774809008,0.936,0.930487844829096,0.0867861435206886,NA,4,"uniformity; dispersion; quantile_fitted; quantile_predictor",0.711451828715459,2823.08633762305,2821.68380011148,FALSE,TRUE,-1.40253751156888
"Gamma mean response time","log","inverse",0.379842811248719,8.17102864044108e-05,0.605006210895643,0.936,0.995486683721274,0.493711893520629,NA,4,"uniformity; dispersion; quantile_fitted; quantile_predictor",0.0791348384700188,2827.8344063248,2831.40204788977,TRUE,FALSE,3.56764156497002
"Gamma mean response time","log","inverse",0.293573930122991,9.6556822422798e-05,0.905490168185593,0.208,0.741769549073789,0.836075429395479,NA,4,"uniformity; dispersion; quantile_fitted; quantile_predictor",0.71113732645081,2867.31330742809,2866.59241640305,FALSE,TRUE,-0.720891025038782
"Gamma mean response time","log","inverse",0.548184912363358,5.85833428520054e-05,0.740478883267596,0.656,0.713071422063198,0.849583584903916,NA,4,"uniformity; dispersion; quantile_fitted; quantile_predictor",0.495632565486469,2868.82316619053,2867.8336255259,FALSE,TRUE,-0.989540664626475
"Gamma mean response time","log","inverse",0.739221939968481,2.84832113022132e-05,0.600492554912743,0.496,0.95179334491981,0.951182199539689,NA,4,"uniformity; dispersion; quantile_fitted; quantile_predictor",0.323777436705255,2808.27101791903,2808.99006465207,TRUE,FALSE,0.719046733037885
"Gamma mean response time","log","inverse",0.844069982815271,-1.84249394048629e-05,0.919932062113473,0.936,0.34982042854025,0.989139206929294,NA,4,"uniformity; dispersion; quantile_fitted; quantile_predictor",0.148891697518332,2840.90660773404,2843.02482011054,TRUE,FALSE,2.11821237649974
"Gamma mean response time","log","inverse",0.0749585946037194,0.000162667578425043,0.727183556097082,0.88,0.917384047987736,0.713414760036876,NA,4,"uniformity; dispersion; quantile_fitted; quantile_predictor",0.0136291493161446,2785.90847275623,2792.73023591148,TRUE,FALSE,6.82176315525157
"Gamma mean response time","log","inverse",0.112825518715468,0.000144489227207661,0.893057792507896,0.792,0.333682600968012,0.514180668351399,NA,4,"uniformity; dispersion; quantile_fitted; quantile_predictor",0.0278431761163703,2851.58763017113,2856.32162383699,TRUE,FALSE,4.73399366586
"Gamma mean response time","log","inverse",0.0496201426179304,0.000189849370201439,0.43389462112884,0.704,0.914494486542574,0.993508845887688,NA,4,"uniformity; dispersion; quantile_fitted; quantile_predictor",0.488446688877379,2836.51427374124,2833.22927749088,FALSE,TRUE,-3.28499625036466
"Gamma mean response time","log","inverse",0.00565047924248573,0.000263638553624377,0.595985527251685,0.632,0.926459633971295,0.819627093635688,NA,4,"uniformity; dispersion; quantile_fitted; quantile_predictor",0.332900073190237,2850.11582146896,2851.04278507425,TRUE,FALSE,0.926963605289984
"Gamma mean response time","log","inverse",0.0114145167359702,0.000222489748740304,0.410579862293027,0.584,0.717921877532672,0.88291392870396,NA,4,"uniformity; dispersion; quantile_fitted; quantile_predictor",0.0390250088184886,2825.19456981232,2828.06641782553,TRUE,FALSE,2.871848013217
"Gamma mean response time","log","inverse",0.0688070844474164,0.000184907215699563,0.573567780854469,0.768,0.774877787554168,0.742722129515159,NA,4,"uniformity; dispersion; quantile_fitted; quantile_predictor",0.451232634044052,2831.5920439303,2831.93482365725,TRUE,FALSE,0.342779726944627
"Gamma mean response time","log","inverse",0.0944520489406972,0.000155344855778913,0.9426850735453,0.816,0.875612861543988,0.357129965968284,NA,4,"uniformity; dispersion; quantile_fitted; quantile_predictor",0.0841128539319549,2849.10129232101,2852.25488926259,TRUE,FALSE,3.15359694158087
"Gamma mean response time","log","inverse",0.327588029097866,7.91248293892699e-05,0.951416886365571,0.856,0.853509483277199,0.853285022687599,NA,4,"uniformity; dispersion; quantile_fitted; quantile_predictor",0.0618990546875798,2848.93812739364,2852.02235802399,TRUE,FALSE,3.08423063034206
"Gamma mean response time","log","inverse",0.00933440292849581,0.000261902538222764,0.905490168185592,0.272,0.97553866829219,0.984616950255551,NA,4,"uniformity; dispersion; quantile_fitted; quantile_predictor",0.219989117441197,2838.1639335195,2839.68776256048,TRUE,FALSE,1.52382904097658
"Gamma mean response time","log","inverse",0.368535732121018,8.0417597838531e-05,0.727183556097081,0.68,0.630756979188517,0.00993515124220423,NA,4,"uniformity; dispersion; quantile_fitted; quantile_predictor",0.00216705751785601,2825.05563489393,2834.20433080482,TRUE,FALSE,9.14869591088654
"Gamma mean response time","log","inverse",0.413618484260057,8.4202351445246e-05,0.996384067387933,0.952,0.96059093537192,0.560425816073681,NA,4,"uniformity; dispersion; quantile_fitted; quantile_predictor",0.0357380055088711,2849.72656916523,2854.72053882697,TRUE,FALSE,4.99396966173799
"Gamma mean response time","log","inverse",0.994953706791669,5.73872485364369e-07,0.994404077634103,0.744,0.314881294397448,0.061642121293544,NA,4,"uniformity; dispersion; quantile_fitted; quantile_predictor",0.00347968795969668,2810.61535169001,2818.43251597129,TRUE,FALSE,7.81716428128448
"Gamma mean response time","log","inverse",0.204158729931216,0.000112679085866371,0.899369075367947,0.24,0.865638870011001,0.436716370318614,NA,4,"uniformity; dispersion; quantile_fitted; quantile_predictor",0.0145582274435086,2836.83661057683,2841.37338996244,TRUE,FALSE,4.53677938560668
"Gamma mean response time","log","inverse",0.513419580442353,-5.7899265361333e-05,0.942685073545301,0.16,0.0588562455815171,0.00286442776634616,NA,4,"uniformity; dispersion; quantile_fitted; quantile_predictor",0.00595589716608749,2858.88254844468,2865.78140128535,TRUE,FALSE,6.89885284067077
"Gamma mean response time","log","inverse",0.00480582559260604,0.000262641380538064,0.808619819237516,0.824,0.991297284959878,0.982217544480736,NA,4,"uniformity; dispersion; quantile_fitted; quantile_predictor",0.112486629105994,2823.29380447248,2826.18407451096,TRUE,FALSE,2.89027003848605
"Gamma mean response time","log","inverse",0.477179288167349,6.93259128830362e-05,0.981436134233125,0.536,0.852655711609769,0.731062906824673,NA,4,"uniformity; dispersion; quantile_fitted; quantile_predictor",0.0212560483805156,2852.06290108715,2856.3003197505,TRUE,FALSE,4.23741866334831
"Gamma mean response time","log","inverse",0.755466897539539,2.83501799400207e-05,0.512246752108743,0.976,0.937890827294929,0.99578631816868,NA,4,"uniformity; dispersion; quantile_fitted; quantile_predictor",0.646496400986121,2832.77297377666,2827.56146521932,FALSE,TRUE,-5.21150855733958
"Gamma mean response time","log","inverse",0.0119527348580626,0.000213116811322231,0.840202774809006,0.624,0.205099939776622,0.846611045805401,NA,4,"uniformity; dispersion; quantile_fitted; quantile_predictor",0.305838854634037,2832.30584467381,2833.37598529193,TRUE,FALSE,1.0701406181206
"Gamma mean response time","log","inverse",0.474030893312528,6.46096305339324e-05,0.955461169784439,0.592,0.894846341377536,0.809669293025236,NA,4,"uniformity; dispersion; quantile_fitted; quantile_predictor",0.302669829923735,2855.9744977508,2857.31052379687,TRUE,FALSE,1.33602604606358
"Gamma mean response time","log","inverse",0.231958081619193,0.000104281438402308,0.507968765550523,0.856,0.928337199717323,0.88194191630165,NA,4,"uniformity; dispersion; quantile_fitted; quantile_predictor",0.353434868689613,2812.10293086229,2812.79927144542,TRUE,FALSE,0.696340583129768
"Gamma mean response time","log","inverse",0.0915046007481173,0.000147613724350635,0.83636873278359,0.92,0.975427265494339,0.97729740445687,NA,4,"uniformity; dispersion; quantile_fitted; quantile_predictor",0.293729834900155,2845.27937080659,2846.90678800062,TRUE,FALSE,1.62741719403812
"Gamma mean response time","log","inverse",0.00242791175303312,0.000312659102025545,0.953465805771134,0.968,0.920929950692156,0.894465403329947,NA,4,"uniformity; dispersion; quantile_fitted; quantile_predictor",0.482326402977395,2844.04906468623,2844.61916652942,TRUE,FALSE,0.570101843190059
"Gamma mean response time","log","inverse",0.125498166727773,0.000136402174403362,0.775231205398217,0.608,0.966502554034468,0.280580186435421,NA,4,"uniformity; dispersion; quantile_fitted; quantile_predictor",0.269660028696586,2808.01743447825,2809.44144592524,TRUE,FALSE,1.42401144699306
"Gamma mean response time","log","inverse",0.188497714785218,0.000123982964881248,0.989665488124874,0.752,0.951996562318829,0.979656780077503,NA,4,"uniformity; dispersion; quantile_fitted; quantile_predictor",0.882363775329144,2873.40621084072,2869.40007748869,FALSE,TRUE,-4.00613335202979
"Gamma mean response time","log","inverse",0.472680588718791,6.72707929671209e-05,0.930569561857066,0.616,0.680976217154446,0.147205970205589,NA,4,"uniformity; dispersion; quantile_fitted; quantile_predictor",0.00642139003837588,2859.35816693143,2865.31104015126,TRUE,FALSE,5.95287321982914
"Gamma mean response time","log","inverse",0.00543800946162301,0.000243720913620528,0.959291658347114,0.232,0.867876020774834,0.86597991978379,NA,4,"uniformity; dispersion; quantile_fitted; quantile_predictor",0.0729614241463232,2847.47555743741,2851.15783364335,TRUE,FALSE,3.68227620593825
"Gamma mean response time","log","inverse",0.0468481047370142,0.000159644924272163,0.704792357194269,0.456,0.960432354123252,0.737724438603675,NA,4,"uniformity; dispersion; quantile_fitted; quantile_predictor",0.775419435342106,2797.60509604849,2794.96585048756,FALSE,TRUE,-2.63924556092934
"Gamma mean response time","log","inverse",0.186326465455542,0.000118270843319896,0.388018687021086,0.8,0.959097849667539,0.969151530324572,NA,4,"uniformity; dispersion; quantile_fitted; quantile_predictor",0.944705979746672,2840.33845144632,2838.3869852284,FALSE,TRUE,-1.95146621792173
"Gamma mean response time","log","inverse",0.112900771950358,0.000152896342818426,0.919932062113472,0.304,0.338553449071809,0.417438291970796,NA,4,"uniformity; dispersion; quantile_fitted; quantile_predictor",0.0230093135657215,2866.73705251411,2871.53379922314,TRUE,FALSE,4.79674670903432
"Gamma mean response time","log","inverse",0.0210430511379141,0.000196477907713751,0.749270967784933,0.128,0.418754657781389,0.176435160365172,NA,4,"uniformity; dispersion; quantile_fitted; quantile_predictor",0.0287015510721335,2813.71732046136,2819.21412145343,TRUE,FALSE,5.49680099207444
"Gamma mean response time","log","inverse",0.0707566295527932,0.000153994435547612,0.993415948056478,0.512,0.00371861941095914,0.417636972762442,NA,4,"uniformity; dispersion; quantile_fitted; quantile_predictor",0.013910046697672,2831.48867182381,2837.21023278387,TRUE,FALSE,5.72156096005619
"Gamma mean response time","log","inverse",0.0291056224612584,0.000236983984855328,0.971038518317793,0.68,0.951424875944532,0.917209135532419,NA,4,"uniformity; dispersion; quantile_fitted; quantile_predictor",0.0984941154986432,2837.64090278238,2840.18049247587,TRUE,FALSE,2.53958969349151
"Gamma mean response time","log","inverse",0.0440369633178509,0.000195618089146194,0.949314353716356,0.576,0.782531292233878,0.954272129920425,NA,4,"uniformity; dispersion; quantile_fitted; quantile_predictor",0.344558614051492,2846.28172323912,2847.29614956709,TRUE,FALSE,1.01442632797352
"Gamma mean response time","log","inverse",0.170773977325658,0.000135809536726592,0.753643103808368,0.4,0.957133269393609,0.648153955050238,NA,4,"uniformity; dispersion; quantile_fitted; quantile_predictor",0.0742946797076078,2876.9839699472,2879.80693183098,TRUE,FALSE,2.82296188377541
"Gamma mean response time","log","inverse",0.477447816132453,-6.94089358145307e-05,0.828598820461041,0.64,0.9740053061164,0.958922588113066,NA,4,"uniformity; dispersion; quantile_fitted; quantile_predictor",0.714062242914979,2890.68479482663,2887.34970265519,FALSE,TRUE,-3.33509217143774
"Gamma mean response time","log","inverse",0.481722969193649,5.90518232367803e-05,0.902453687439704,0.888,0.767083495114188,0.913111122647727,NA,4,"uniformity; dispersion; quantile_fitted; quantile_predictor",0.129999566656063,2802.84535689753,2804.29919179897,TRUE,FALSE,1.45383490143058
"Gamma mean response time","log","inverse",0.300775332501727,9.17273236278252e-05,0.700286311361827,0.496,0.946288111993979,0.989920645679398,NA,4,"uniformity; dispersion; quantile_fitted; quantile_predictor",0.829918813284631,2855.89330208849,2854.13748608281,FALSE,TRUE,-1.75581600567784
"Gamma mean response time","log","inverse",0.350680310528958,8.92151696567581e-05,0.800424624181457,0.92,0.926355162141997,0.305388423046493,NA,4,"uniformity; dispersion; quantile_fitted; quantile_predictor",0.00762988761390153,2845.43335144169,2850.51529578968,TRUE,FALSE,5.08194434798725
"Gamma mean response time","log","inverse",0.208129771992176,0.000136719327557815,0.840202774809008,0.568,0.913836387773106,0.835142174264272,NA,4,"uniformity; dispersion; quantile_fitted; quantile_predictor",0.0914431476027038,2873.95182294374,2877.00158721617,TRUE,FALSE,3.04976427243355
"Gamma mean response time","log","inverse",0.195014689270569,0.000129733105713921,0.847764836720127,0.8,0.504945590901345,0.133463943059286,NA,4,"uniformity; dispersion; quantile_fitted; quantile_predictor",0.010460292549442,2874.82120111079,2881.45650224067,TRUE,FALSE,6.63530112988474
"Gamma mean response time","log","inverse",0.206711968290734,0.000118120152959373,0.700286311361829,0.448,0.789974014298057,0.416354559535817,NA,4,"uniformity; dispersion; quantile_fitted; quantile_predictor",0.240753340396887,2856.7386362208,2858.45371205215,TRUE,FALSE,1.7150758313519
"Gamma mean response time","log","inverse",0.674304407221358,-4.40525173112672e-05,0.466092175172615,0.328,0.847794973003045,0.853680947749101,NA,4,"uniformity; dispersion; quantile_fitted; quantile_predictor",0.678292810392952,2848.06115388552,2847.28702054769,FALSE,TRUE,-0.774133337835337
"Gamma mean response time","log","inverse",2.80231052647576e-05,0.000370680808835735,0.937998139421219,0.344,0.897668376346036,0.863481017014011,NA,4,"uniformity; dispersion; quantile_fitted; quantile_predictor",0.410831148135595,2829.78121126762,2827.45425248901,FALSE,TRUE,-2.32695877861079
"Gamma mean response time","log","inverse",0.845751461753606,1.74808016044915e-05,0.418269248379617,0.416,0.921651641680278,0.838377385451982,NA,4,"uniformity; dispersion; quantile_fitted; quantile_predictor",0.202924709451328,2805.83126403971,2807.07723936928,TRUE,FALSE,1.24597532956841
"Gamma mean response time","log","inverse",0.0292056179469141,0.000204722773251286,0.851491200491508,0.64,0.993473181176241,0.765397116161848,NA,4,"uniformity; dispersion; quantile_fitted; quantile_predictor",0.0235390288076859,2788.87428739226,2792.56695574525,TRUE,FALSE,3.6926683529864
"Gamma mean response time","log","inverse",0.0457977655635722,0.000193930423085252,0.869544030816843,0.608,0.953664506337582,0.154586730917796,NA,4,"uniformity; dispersion; quantile_fitted; quantile_predictor",0.0848376185198409,2849.39288326349,2852.12375829617,TRUE,FALSE,2.73087503267516
"Gamma mean response time","log","inverse",0.634760313253324,4.31995046755371e-05,0.869544030816846,0.992,0.779352205653607,0.177530394858168,NA,4,"uniformity; dispersion; quantile_fitted; quantile_predictor",0.0163012958839475,2831.83115599422,2836.28701126154,TRUE,FALSE,4.45585526732202
"Gamma mean response time","log","inverse",0.136062254323741,0.000135699879501167,0.876480392907014,0.32,0.769358547893064,0.868107207920956,NA,4,"uniformity; dispersion; quantile_fitted; quantile_predictor",0.0421771252669484,2829.30241056575,2833.69039096654,TRUE,FALSE,4.387980400792
"Gamma mean response time","log","inverse",0.105060640997183,0.000155218708354053,0.997535956094895,0.992,0.220094695689653,0.776879593907605,NA,4,"uniformity; dispersion; quantile_fitted; quantile_predictor",0.10587459234342,2864.77331024546,2868.35367808356,TRUE,FALSE,3.5803678380953
"Gamma mean response time","log","inverse",0.124803461374376,0.000167521261917348,0.917144055712937,0.96,0.968887254985827,0.184530157491403,NA,4,"uniformity; dispersion; quantile_fitted; quantile_predictor",0.881681606125176,2865.33387731699,2864.23333666358,FALSE,TRUE,-1.10054065341637
"Gamma mean response time","log","inverse",0.277513744617404,8.99321512020588e-05,0.976625648031571,0.656,0.980783513271077,0.987669641701407,NA,4,"uniformity; dispersion; quantile_fitted; quantile_predictor",0.369440987582091,2844.59948193468,2844.45296678616,FALSE,TRUE,-0.146515148519484
"Gamma mean response time","log","inverse",0.024765232689937,0.000210818222122068,0.757998192122875,1,0.238632645964211,0.435561074258958,NA,4,"uniformity; dispersion; quantile_fitted; quantile_predictor",0.00628616388048841,2868.3407682613,2875.44808210301,TRUE,FALSE,7.10731384170731
"Gamma mean response time","log","inverse",0.355340055261625,9.37059619619005e-05,0.462001005867295,0.44,0.773729723420566,0.50120896479138,NA,4,"uniformity; dispersion; quantile_fitted; quantile_predictor",0.107513029624698,2839.47825008309,2842.55691161159,TRUE,FALSE,3.07866152850011
"Gamma mean response time","log","inverse",0.380223557512257,8.47029440448024e-05,0.990378684911533,0.952,0.937996047312286,0.937385038918789,NA,4,"uniformity; dispersion; quantile_fitted; quantile_predictor",0.221770354684074,2820.48113143167,2821.83737677406,TRUE,FALSE,1.35624534238923
"Gamma mean response time","log","inverse",0.309364770655234,9.31087221215268e-05,0.766653862563478,0.856,0.767944893106423,0.77275549666132,NA,4,"uniformity; dispersion; quantile_fitted; quantile_predictor",0.188494519565351,2875.00405458019,2876.64994263149,TRUE,FALSE,1.64588805129551
"Gamma mean response time","log","inverse",0.296293183242504,9.98262526274651e-05,0.328390155793799,0.792,0.966568652882064,0.555965090482193,NA,4,"uniformity; dispersion; quantile_fitted; quantile_predictor",0.0708468816057023,2852.79805425915,2855.83624099088,TRUE,FALSE,3.03818673172736
"Gamma mean response time","log","inverse",0.0553682015152216,0.000166421890127874,0.812675520669121,0.568,0.974981863024492,0.974927384486094,NA,4,"uniformity; dispersion; quantile_fitted; quantile_predictor",0.709115075368872,2818.58900775421,2818.16138075041,FALSE,TRUE,-0.427627003797625
"Gamma mean response time","log","inverse",0.0928891910208164,0.00014956473136315,0.935574836728434,0.616,0.987588420388377,0.965480027003986,NA,4,"uniformity; dispersion; quantile_fitted; quantile_predictor",0.288028368110837,2838.23023514754,2839.05016537667,TRUE,FALSE,0.819930229133206
"Gamma mean response time","log","inverse",0.0465119633369086,0.000184357449721628,0.641287797289096,0.408,0.886891661455378,0.730764223505568,NA,4,"uniformity; dispersion; quantile_fitted; quantile_predictor",0.104950994570514,2809.60932212726,2812.37768566075,TRUE,FALSE,2.76836353349199
"Gamma mean response time","log","inverse",0.5147720377486,5.41057125631157e-05,0.959291658347114,0.32,0.978904517464032,0.863385309460476,NA,4,"uniformity; dispersion; quantile_fitted; quantile_predictor",0.0241618535684625,2845.75253001963,2850.99884241685,TRUE,FALSE,5.24631239721612
"Gamma mean response time","log","inverse",0.251675091285664,0.000105434884481599,0.812675520669121,0.88,0.781446772285081,0.856973704083234,NA,4,"uniformity; dispersion; quantile_fitted; quantile_predictor",0.370736046443032,2846.30514836107,2846.00033058994,FALSE,TRUE,-0.304817771122543
"Gamma mean response time","log","inverse",0.10126318078049,0.000148575615662954,0.937998139421218,0.864,0.689251293628127,0.875964139636758,NA,4,"uniformity; dispersion; quantile_fitted; quantile_predictor",0.155691596057221,2766.49076070204,2770.21679264554,TRUE,FALSE,3.72603194349176
"Gamma mean response time","log","inverse",0.694514611662564,3.67020904559985e-05,0.893057792507897,0.568,0.181487652389323,0.711819885245138,NA,4,"uniformity; dispersion; quantile_fitted; quantile_predictor",0.113443093665028,2892.08079505747,2895.65510251052,TRUE,FALSE,3.574307453046
"Gamma mean response time","log","inverse",0.0630393558228658,0.000171385294190843,0.824664645844211,0.872,0.831638037464437,0.717208736748548,NA,4,"uniformity; dispersion; quantile_fitted; quantile_predictor",0.0951304926854417,2865.90523683396,2868.85081783974,TRUE,FALSE,2.94558100578342
"Gamma mean response time","log","inverse",0.985855050619426,1.90710572877157e-06,0.899369075367946,0.6,0.998975154724644,0.39485182252228,NA,4,"uniformity; dispersion; quantile_fitted; quantile_predictor",0.461332662817992,2861.1868263345,2861.13195722925,FALSE,TRUE,-0.0548691052449612
"Gamma mean response time","log","inverse",0.0153421516155823,0.000231092225557638,0.994853910310464,0.312,0.913895647228894,0.914840216518233,NA,4,"uniformity; dispersion; quantile_fitted; quantile_predictor",0.979428057414498,2855.36274941815,2854.02276817902,FALSE,TRUE,-1.33998123912806
"Gamma mean response time","log","inverse",0.00355525319221221,0.000265969773431542,0.740478883267594,0.672,0.959758463463175,0.978445098456758,NA,4,"uniformity; dispersion; quantile_fitted; quantile_predictor",0.259714461545448,2821.9982266845,2816.84736591453,FALSE,TRUE,-5.1508607699634
"Gamma mean response time","log","inverse",0.107644491328897,0.000144185943013505,0.757998192122874,0.344,0.98090705945413,0.978589212857995,NA,4,"uniformity; dispersion; quantile_fitted; quantile_predictor",0.210199412496969,2879.52494382492,2881.02439237285,TRUE,FALSE,1.49944854793466
"Gamma mean response time","log","inverse",0.175080893186434,0.000121069685046365,0.466092175172614,0.816,0.212109639564001,0.0329150201921757,NA,4,"uniformity; dispersion; quantile_fitted; quantile_predictor",0.00146716255513964,2802.84638733133,2811.64273751939,TRUE,FALSE,8.79635018806539
"Gamma mean response time","log","inverse",0.454405811272105,6.3905174920224e-05,0.609525961105438,0.608,0.919181610436477,0.10640037849881,NA,4,"uniformity; dispersion; quantile_fitted; quantile_predictor",0.00754841630566558,2827.1466397491,2832.38197244722,TRUE,FALSE,5.23533269812606
"Gamma mean response time","log","inverse",0.36006129279551,8.13048329445991e-05,0.355645674424908,0.512,0.18643000255202,0.81405442782118,NA,4,"uniformity; dispersion; quantile_fitted; quantile_predictor",0.100651871154065,2817.35151084035,2819.54740219752,TRUE,FALSE,2.19589135716251
"Gamma mean response time","log","inverse",0.938712498478374,-6.80738208718134e-06,0.700286311361827,0.696,0.614129619465795,0.339935050564176,NA,4,"uniformity; dispersion; quantile_fitted; quantile_predictor",0.0224652528585618,2803.20015818294,2808.18266560137,TRUE,FALSE,4.98250741842367
"Gamma mean response time","log","inverse",0.955942606335385,-5.57331283687747e-06,0.991696171726171,0.368,0.984346127714606,0.986627392508572,NA,4,"uniformity; dispersion; quantile_fitted; quantile_predictor",0.195044982627877,2842.33851912566,2843.834676138,TRUE,FALSE,1.49615701233415
"Gamma mean response time","log","inverse",0.380266079939769,7.96724836544168e-05,0.980304029622702,0.464,0.688886697136237,0.914681600804475,NA,4,"uniformity; dispersion; quantile_fitted; quantile_predictor",0.37632855766962,2828.52104482777,2828.6912468066,TRUE,FALSE,0.170201978827663
"Gamma mean response time","log","inverse",0.251338558390104,0.000105383829769033,0.73162853993351,0.584,0.19736882971301,0.191916037858177,NA,4,"uniformity; dispersion; quantile_fitted; quantile_predictor",0.0347440104180919,2822.92929109793,2827.10848395606,TRUE,FALSE,4.17919285812422
"Gamma mean response time","log","inverse",0.764982896133333,-2.94507799110434e-05,0.847764836720127,0.864,0.899381165620824,0.652856014813724,NA,4,"uniformity; dispersion; quantile_fitted; quantile_predictor",0.113891312303622,2863.9188022332,2866.22583452488,TRUE,FALSE,2.30703229167875
"Gamma mean response time","log","inverse",0.211635800900176,0.000120353669069748,0.942685073545301,0.016,0.79337410777046,0.942712854763922,NA,4,"uniformity; dispersion; quantile_fitted; quantile_predictor",0.873708369160223,2869.6939820403,2867.38672806658,FALSE,TRUE,-2.30725397371634
"Gamma mean response time","log","inverse",0.327124875950846,9.00106908137766e-05,0.876480392907016,0.512,0.891993514290149,0.926641756273557,NA,4,"uniformity; dispersion; quantile_fitted; quantile_predictor",0.430189797557209,2851.61338564168,2853.0954378474,TRUE,FALSE,1.48205220571981
"Gamma mean response time","log","inverse",0.0961662226507776,0.000154153635816467,0.980304029622702,0.792,0.991972672309941,0.98503635848869,NA,4,"uniformity; dispersion; quantile_fitted; quantile_predictor",0.84953714476416,2876.12777130107,2873.497349642,FALSE,TRUE,-2.63042165906927
"Gamma mean response time","log","inverse",0.0107583087081937,0.000218938947143402,0.969516030047767,0.632,0.953195466136263,0.441101678289329,NA,4,"uniformity; dispersion; quantile_fitted; quantile_predictor",0.0896178973296414,2823.29691851725,2827.31151846836,TRUE,FALSE,4.0145999511119
"Gamma mean response time","log","inverse",0.895550461104389,-1.34776937983554e-05,0.70929015886492,0.728,0.126329308086661,0.309930010713836,NA,4,"uniformity; dispersion; quantile_fitted; quantile_predictor",0.0513379094298831,2876.51887481826,2879.37280713401,TRUE,FALSE,2.8539323157429
"Gamma mean response time","log","inverse",0.18775354524113,0.000120242625360802,0.722726435563182,0.568,0.197083075603607,0.799025829235377,NA,4,"uniformity; dispersion; quantile_fitted; quantile_predictor",0.101373609154918,2862.20633983256,2864.25543333183,TRUE,FALSE,2.04909349926629
